species_code,country_code,abundance,abundance_mean_avg,abundance_mean_max,peak_season,range_occupied_percent,range_total_percent,total_pop_percent,range_days_occupation,occupancy,score,frequency,frequency_pct,rarity_cap,commonness_basis,debug_range_occupied_max
treswa,BZ,1.293301494270726,1.0298666666666667,2.6448,nonbreeding,0.3464,0.015,0.02,91.0,34.64,0.539348614988272,common,53.9348614988272,,peak_abundance_with_occupancy_days_modifiers,0.3464
easkin,BZ,1.001807659396918,0.97505,1.7232,postbreeding_migration,0.9576,0.0031,0.0155,77.0,95.76,0.4177862439454235,common,41.778624394542355,,peak_abundance_with_occupancy_days_modifiers,0.9576
categr1,BZ,0.8986160892277548,0.9896882316304846,1.4562015941568656,nonbreeding,0.3013962384038197,0.0007947717597259242,0.0010654847362159,140.0,30.13962384038197,0.3747520166629545,common,37.47520166629545,,peak_abundance_with_occupancy_days_modifiers,0.3013962384038197
blkvul,BZ,0.8900699522310727,1.4353,1.4353,resident,0.8893,0.0013,0.002,365.0,88.92999999999999,0.3711880007137888,common,37.118800071378885,,peak_abundance_with_occupancy_days_modifiers,0.8893
brnjay,BZ,0.8705818157805052,1.3883,1.3883,resident,0.8331,0.0421,0.0597,365.0,83.31,0.3630608165654067,common,36.30608165654067,,peak_abundance_with_occupancy_days_modifiers,0.8331
grtgra,BZ,0.8545429795827456,1.09455,1.3503,nonbreeding,0.4731,0.0115,0.0097,126.0,47.31,0.35637210235019323,common,35.637210235019325,,peak_abundance_with_occupancy_days_modifiers,0.4731
whcsee1,BZ,0.81110797819351,1.2504,1.2504,resident,0.8521,0.0375,0.0726,365.0,85.21,0.3382582998493249,common,33.82582998493249,,peak_abundance_with_occupancy_days_modifiers,0.8521
oltpar1,BZ,0.8027188169892362,1.2316,1.2316,resident,0.7148,0.042,0.0629,365.0,71.48,0.33475974789026314,common,33.47597478902632,,peak_abundance_with_occupancy_days_modifiers,0.7148
turvul,BZ,0.7709412079999655,0.9525,1.1618,postbreeding_migration,0.9017,0.0011,0.0019,126.0,90.16999999999999,0.3215074556197229,common,32.150745561972286,,peak_abundance_with_occupancy_days_modifiers,0.9017
buwtea,BZ,0.749669280884271,0.7288666666666668,1.1163,nonbreeding,0.1675,0.0056,0.0119,126.0,16.75,0.31263637298446245,common,31.263637298446245,,peak_abundance_with_occupancy_days_modifiers,0.1675
placha,BZ,0.7313577683236974,1.0779,1.0779,resident,0.8562,0.0503,0.0812,365.0,85.61999999999999,0.30499987911073145,common,30.499987911073145,,peak_abundance_with_occupancy_days_modifiers,0.8562
socfly1,BZ,0.7003213843079457,1.0144,1.0144,resident,0.8469,0.0032,0.0166,365.0,84.69,0.29205670166348124,common,29.205670166348124,,peak_abundance_with_occupancy_days_modifiers,0.8469
melbla1,BZ,0.6913455586133171,0.9964,0.9964,resident,0.8304,0.0284,0.0356,365.0,83.04,0.288313491609043,common,28.831349160904303,,peak_abundance_with_occupancy_days_modifiers,0.8304
purmar,BZ,0.6666491892537171,0.25525,0.9477,postbreeding_migration,0.4974,0.0053,0.0043,140.0,49.74,0.27801430563551255,fairly_common,27.801430563551254,,peak_abundance_with_occupancy_days_modifiers,0.4974
bbwduc,BZ,0.6508657883033392,0.7743499999999999,0.9172,postbreeding_migration,0.3641,0.0024,0.0043,161.0,36.41,0.2714321161923688,fairly_common,27.14321161923688,,peak_abundance_with_occupancy_days_modifiers,0.3641
spbwre1,BZ,0.6393243738624387,0.8952,0.8952,resident,0.817,0.0483,0.092,365.0,81.69999999999999,0.2666189725276617,common,26.66189725276617,,peak_abundance_with_occupancy_days_modifiers,0.817
magfri,BZ,0.6281819017075861,0.6913,0.8742,prebreeding_migration,0.1572,0.0149,0.0205,140.0,15.72,0.26197220071854554,fairly_common,26.197220071854556,,peak_abundance_with_occupancy_days_modifiers,0.1572
grycat,BZ,0.5967464062735909,0.4722,0.8162,nonbreeding,0.889,0.0147,0.0447,98.0,88.9,0.2488625808821005,fairly_common,24.88625808821005,,peak_abundance_with_occupancy_days_modifiers,0.889
whfpar1,BZ,0.587397700376336,0.7993,0.7993,resident,0.6305,0.0332,0.0429,365.0,63.05,0.2449638677050463,common,24.49638677050463,,peak_abundance_with_occupancy_days_modifiers,0.6305
barswa,BZ,0.5564679816446918,0.297025,0.7445,postbreeding_migration,0.5257,0.0002,0.0001,154.0,52.56999999999999,0.23206517313630937,fairly_common,23.206517313630936,,peak_abundance_with_occupancy_days_modifiers,0.5257
yegvir,BZ,0.5556077665378839,0.37986666666666663,0.743,breeding,0.7782,0.0217,0.0446,84.0,77.82,0.23170643557317802,fairly_common,23.170643557317803,,peak_abundance_with_occupancy_days_modifiers,0.7782
grekis,BZ,0.46555625431845554,0.5929,0.5929,resident,0.6818,0.0014,0.0014,365.0,68.17999999999999,0.19415203808094011,common,19.415203808094013,,peak_abundance_with_occupancy_days_modifiers,0.6818
blhsal1,BZ,0.45723495559291444,0.5797,0.5797,resident,0.7488,0.0352,0.0434,365.0,74.88,0.19068178697367213,common,19.068178697367212,,peak_abundance_with_occupancy_days_modifiers,0.7488
brnpel,BZ,0.45037473685677276,0.37305,0.5689,nonbreeding,0.1551,0.0165,0.0085,161.0,15.509999999999998,0.1878208535484456,fairly_common,18.78208535484456,,peak_abundance_with_occupancy_days_modifiers,0.1551
blbgra1,BZ,0.42402513362907446,0.5281,0.5281,resident,0.4585,0.0011,0.0018,365.0,45.85,0.17683221550131853,fairly_common,17.683221550131854,,peak_abundance_with_occupancy_days_modifiers,0.4585
whcpar,BZ,0.4148872466870692,0.5142,0.5142,resident,0.4621,0.0424,0.0612,365.0,46.21,0.17302142065732967,fairly_common,17.302142065732966,,peak_abundance_with_occupancy_days_modifiers,0.4621
grbani,BZ,0.41389613358601657,0.47135,0.5127,nonbreeding,0.6545,0.0111,0.0115,133.0,65.45,0.17260809439062583,fairly_common,17.260809439062584,,peak_abundance_with_occupancy_days_modifiers,0.6545
nrwswa,BZ,0.4130363736044824,0.263475,0.5114,nonbreeding,0.6602,0.0176,0.0146,140.0,66.02,0.17224954662947578,fairly_common,17.224954662947578,,peak_abundance_with_occupancy_days_modifiers,0.6602
magwar,BZ,0.40352990347365386,0.3013666666666666,0.4971,nonbreeding,0.9007,0.0261,0.0542,133.0,90.07,0.16828504065681318,fairly_common,16.82850406568132,,peak_abundance_with_occupancy_days_modifiers,0.9007
vauswi,BZ,0.3885901908833196,0.33404999999999996,0.4749,nonbreeding,0.637,0.0235,0.0303,140.0,63.7,0.1620546965880751,fairly_common,16.20546965880751,,peak_abundance_with_occupancy_days_modifiers,0.637
trokin,BZ,0.3828104175433582,0.43782499999999996,0.4664,postbreeding_migration,0.6833,0.0013,0.0017,119.0,68.33,0.15964434389022092,fairly_common,15.964434389022092,,peak_abundance_with_occupancy_days_modifiers,0.6833
gofwoo,BZ,0.3781624255801555,0.4596,0.4596,resident,0.8425,0.0173,0.015,365.0,84.25,0.15770598068648584,common,15.770598068648583,,peak_abundance_with_occupancy_days_modifiers,0.8425
rtlhum,BZ,0.37170147795535524,0.4502,0.4502,resident,0.7405,0.0282,0.0515,365.0,74.05000000000001,0.15501155624764856,common,15.501155624764856,,peak_abundance_with_occupancy_days_modifiers,0.7405
lesgre1,BZ,0.36942333676089883,0.4469,0.4469,resident,0.5613,0.0338,0.0633,365.0,56.13,0.15406149757732232,common,15.406149757732232,,peak_abundance_with_occupancy_days_modifiers,0.5613
kebtou1,BZ,0.3652679183567513,0.4409,0.4409,resident,0.5247,0.0375,0.0646,365.0,52.470000000000006,0.1523285535028724,common,15.232855350287238,,peak_abundance_with_occupancy_days_modifiers,0.5247
ducfly,BZ,0.3546629211777782,0.36829999999999996,0.4257,breeding,0.879,0.0034,0.017,133.0,87.9,0.1479059261682778,fairly_common,14.79059261682778,,peak_abundance_with_occupancy_days_modifiers,0.879
rewbla,BZ,0.3524158870183489,0.2932,0.4225,nonbreeding,0.1636,0.001,0.0002,126.0,16.36,0.146968840139159,fairly_common,14.6968840139159,,peak_abundance_with_occupancy_days_modifiers,0.1636
rugdov,BZ,0.34451126543782423,0.4113,0.4113,resident,0.462,0.0014,0.0014,365.0,46.2,0.14367235689812913,fairly_common,14.367235689812913,,peak_abundance_with_occupancy_days_modifiers,0.462
lessca,BZ,0.33889786383605125,0.16873333333333332,0.4034,nonbreeding,0.0307,0.003,0.0083,84.0,3.0700000000000003,0.14133138660411707,rare,14.133138660411706,rare,peak_abundance_with_occupancy_days_modifiers,0.0307
meapar,BZ,0.33059787342861263,0.3918,0.3918,resident,0.2753,0.0015,0.0045,365.0,27.529999999999998,0.1378700217557046,fairly_common,13.787002175570459,,peak_abundance_with_occupancy_days_modifiers,0.2753
bncfly,BZ,0.3298072175024281,0.194575,0.3907,breeding,0.851,0.0025,0.0057,140.0,85.1,0.13754029262401413,fairly_common,13.754029262401414,,peak_abundance_with_occupancy_days_modifiers,0.851
barant1,BZ,0.32750356663845254,0.3875,0.3875,resident,0.7575,0.0023,0.0055,365.0,75.75,0.13657959559520383,common,13.657959559520382,,peak_abundance_with_occupancy_days_modifiers,0.7575
indbun,BZ,0.325411289261788,0.23173333333333335,0.3846,prebreeding_migration,0.9266,0.0178,0.0185,98.0,92.66,0.13570704815729062,fairly_common,13.570704815729062,,peak_abundance_with_occupancy_days_modifiers,0.9266
whtdov,BZ,0.32425505268262117,0.383,0.383,resident,0.8093,0.0018,0.0018,365.0,80.93,0.13522486005162845,common,13.522486005162845,,peak_abundance_with_occupancy_days_modifiers,0.8093
clcrob,BZ,0.3232422478503318,0.3816,0.3816,resident,0.7985,0.0226,0.0134,365.0,79.85,0.13480248763037278,common,13.480248763037277,,peak_abundance_with_occupancy_days_modifiers,0.7985
subfly,BZ,0.32048802417695843,0.2036,0.3778,breeding,0.6713,0.0166,0.0269,77.0,67.13,0.13365388714534868,fairly_common,13.365388714534868,,peak_abundance_with_occupancy_days_modifiers,0.6713
greegr,BZ,0.31961669098212675,0.303375,0.3766,prebreeding_migration,0.4522,0.0004,0.0008,133.0,45.22,0.1332905129793807,fairly_common,13.329051297938069,,peak_abundance_with_occupancy_days_modifiers,0.4522
amered,BZ,0.31590503139552084,0.26263333333333333,0.3715,nonbreeding,0.9838,0.0172,0.0274,119.0,98.38,0.13174263070582565,fairly_common,13.174263070582565,,peak_abundance_with_occupancy_days_modifiers,0.9838
woosto,BZ,0.31239907498861774,0.286925,0.3667,prebreeding_migration,0.3425,0.0029,0.0045,161.0,34.25,0.13028053332122572,fairly_common,13.028053332122571,,peak_abundance_with_occupancy_days_modifiers,0.3425
blhtro1,BZ,0.31217954405216836,0.3664,0.3664,resident,0.6687,0.0528,0.0767,365.0,66.86999999999999,0.13018898180980665,common,13.018898180980665,,peak_abundance_with_occupancy_days_modifiers,0.6687
compau,BZ,0.3118867611485983,0.366,0.366,resident,0.7696,0.0015,0.0028,365.0,76.96,0.1300668818553627,common,13.00668818553627,,peak_abundance_with_occupancy_days_modifiers,0.7696
pavpig2,BZ,0.29631966084736644,0.3449,0.3449,resident,0.518,0.0016,0.0034,365.0,51.800000000000004,0.12357489678919882,common,12.357489678919881,,peak_abundance_with_occupancy_days_modifiers,0.518
comyel,BZ,0.29304267869387696,0.20976666666666666,0.3405,nonbreeding,0.9208,0.0128,0.0168,98.0,92.08,0.12220828908507453,fairly_common,12.220828908507453,,peak_abundance_with_occupancy_days_modifiers,0.9208
brratt1,BZ,0.28728199243044117,0.3328,0.3328,resident,0.7409,0.0032,0.0091,365.0,74.09,0.11980589631638912,common,11.980589631638912,,peak_abundance_with_occupancy_days_modifiers,0.7409
orcori,BZ,0.2866815721181974,0.258,0.332,nonbreeding,0.7133,0.03,0.0578,140.0,71.33,0.1195555015977144,fairly_common,11.95555015977144,,peak_abundance_with_occupancy_days_modifiers,0.7133
grbspa1,BZ,0.2800530452872898,0.3232,0.3232,resident,0.6801,0.1069,0.1106,365.0,68.01,0.11679119120180119,common,11.679119120180118,,peak_abundance_with_occupancy_days_modifiers,0.6801
rtatan1,BZ,0.2780104527550499,0.3205,0.3205,resident,0.5565,0.0523,0.0658,365.0,55.65,0.11593936395337588,common,11.593936395337588,,peak_abundance_with_occupancy_days_modifiers,0.5565
mastit1,BZ,0.2630563326253763,0.3009,0.3009,resident,0.6895,0.0039,0.0137,365.0,68.95,0.10970301147405265,common,10.970301147405264,,peak_abundance_with_occupancy_days_modifiers,0.6895
roahaw,BZ,0.2615947376884625,0.299,0.299,resident,0.6991,0.0013,0.0026,365.0,69.91000000000001,0.10909347904221789,common,10.90934790422179,,peak_abundance_with_occupancy_days_modifiers,0.6991
neocor,BZ,0.25402187095914575,0.2892,0.2892,resident,0.0917,0.0006,0.0012,365.0,9.17,0.10593534832015389,fairly_common,10.593534832015388,,peak_abundance_with_occupancy_days_modifiers,0.0917
ivbwoo1,BZ,0.2442786238441681,0.2767,0.2767,resident,0.6599,0.0376,0.0707,365.0,65.99000000000001,0.10187209867555731,common,10.187209867555731,,peak_abundance_with_occupancy_days_modifiers,0.6599
ivbwoo,BZ,0.2442786238441681,0.2767,0.2767,resident,0.6599,0.0376,0.0707,365.0,65.99000000000001,0.10187209867555731,common,10.187209867555731,,peak_abundance_with_occupancy_days_modifiers,0.6599
brwhaw,BZ,0.24286774416193949,0.10259999999999998,0.2749,postbreeding_migration,0.2738,0.0074,0.0058,84.0,27.38,0.10128371614766564,fairly_common,10.128371614766564,,peak_abundance_with_occupancy_days_modifiers,0.2738
vesowl,BZ,0.2425475921295799,0.2744919035038918,0.2744919035038918,resident,0.7992785061851058,0.0498789678104089,0.1283483095009859,365.0,79.92785061851058,0.1011502023799914,common,10.11502023799914,,peak_abundance_with_occupancy_days_modifiers,0.7992785061851058
yeteup1,BZ,0.24129776189425178,0.2729,0.2729,resident,0.6471,0.0421,0.0492,365.0,64.71000000000001,0.10062898268807817,common,10.062898268807817,,peak_abundance_with_occupancy_days_modifiers,0.6471
woothr,BZ,0.24129776189425178,0.14336666666666664,0.2729,nonbreeding,0.6934,0.0451,0.0887,112.0,69.34,0.10062898268807817,fairly_common,10.062898268807817,,peak_abundance_with_occupancy_days_modifiers,0.6934
whcswi,BZ,0.23885940775421247,0.2698,0.2698,resident,0.2057,0.0016,0.0022,365.0,20.57,0.0996121100299184,fairly_common,9.96121100299184,,peak_abundance_with_occupancy_days_modifiers,0.2057
snoegr,BZ,0.23285623016800208,0.1844,0.2622,prebreeding_migration,0.3127,0.0014,0.0016,119.0,31.269999999999996,0.09710859052499664,fairly_common,9.710859052499664,,peak_abundance_with_occupancy_days_modifiers,0.3127
balori,BZ,0.23150846764583746,0.1757,0.2605,nonbreeding,0.8172,0.0209,0.0315,119.0,81.72,0.09654652989730633,fairly_common,9.654652989730634,,peak_abundance_with_occupancy_days_modifiers,0.8172
bucmot2,BZ,0.22298353851284425,0.2498,0.2498,resident,0.4626,0.0286,0.0444,365.0,46.26,0.09299135831425197,fairly_common,9.299135831425197,,peak_abundance_with_occupancy_days_modifiers,0.4626
sumtan,BZ,0.22154226994723591,0.15863333333333335,0.248,nonbreeding,0.8394,0.008,0.0205,98.0,83.94,0.09239030263765173,fairly_common,9.239030263765173,,peak_abundance_with_occupancy_days_modifiers,0.8394
norwat,BZ,0.22082085594456438,0.1666,0.2471,nonbreeding,0.9671,0.0127,0.0401,147.0,96.71,0.09208944963091072,fairly_common,9.208944963091072,,peak_abundance_with_occupancy_days_modifiers,0.9671
comnig,BZ,0.2193764647449657,0.1255,0.2453,postbreeding_migration,0.7092,0.0018,0.0034,112.0,70.92,0.09148709171478993,fairly_common,9.148709171478993,,peak_abundance_with_occupancy_days_modifiers,0.7092
whwdov,BZ,0.21462739154587007,0.21597500000000003,0.2394,prebreeding_migration,0.2645,0.0032,0.0017,119.0,26.450000000000003,0.08950657436152226,fairly_common,8.950657436152227,,peak_abundance_with_occupancy_days_modifiers,0.2645
yebela1,BZ,0.20969350358980537,0.2333,0.2333,resident,0.6663,0.003,0.0038,365.0,66.63,0.08744898326818533,common,8.744898326818532,,peak_abundance_with_occupancy_days_modifiers,0.6663
bkfant2,BZ,0.20807052181668875,0.2313,0.2313,resident,0.4164,0.1151,0.1828,365.0,41.64,0.08677214729810453,fairly_common,8.677214729810453,,peak_abundance_with_occupancy_days_modifiers,0.4164
whevir,BZ,0.20807052181668875,0.17533333333333334,0.2313,nonbreeding,0.7993,0.0172,0.0219,91.0,79.93,0.08677214729810453,fairly_common,8.677214729810453,,peak_abundance_with_occupancy_days_modifiers,0.7993
brhpar1,BZ,0.20668891324224906,0.2296,0.2296,resident,0.296,0.0634,0.0795,365.0,29.599999999999998,0.08619597177029369,fairly_common,8.619597177029368,,peak_abundance_with_occupancy_days_modifiers,0.296
hoowar,BZ,0.20506104376344406,0.16623333333333334,0.2276,nonbreeding,0.8238,0.037,0.0745,119.0,82.38,0.0855170974686211,fairly_common,8.55170974686211,,peak_abundance_with_occupancy_days_modifiers,0.8238
relhon1,BZ,0.20277756536133695,0.2248,0.2248,resident,0.462,0.0028,0.0112,365.0,46.2,0.0845648130098248,fairly_common,8.45648130098248,,peak_abundance_with_occupancy_days_modifiers,0.462
rebpig1,BZ,0.2018790560094854,0.2237,0.2237,resident,0.6366,0.0215,0.0179,365.0,63.660000000000004,0.08419010550610506,common,8.419010550610507,,peak_abundance_with_occupancy_days_modifiers,0.6366
laugul,BZ,0.20130685670503531,0.171575,0.223,nonbreeding,0.1045,0.0107,0.003,161.0,10.45,0.08395147986179896,fairly_common,8.395147986179897,,peak_abundance_with_occupancy_days_modifiers,0.1045
wbwwre1,BZ,0.1995063815480555,0.2208,0.2208,resident,0.4198,0.0071,0.0373,365.0,41.980000000000004,0.08320062340138375,fairly_common,8.320062340138374,,peak_abundance_with_occupancy_days_modifiers,0.4198
tromoc,BZ,0.19876888817255486,0.2199,0.2199,resident,0.3861,0.0079,0.0092,365.0,38.61,0.08289306477533913,fairly_common,8.289306477533913,,peak_abundance_with_occupancy_days_modifiers,0.3861
gybmar,BZ,0.1977847168473196,0.13255,0.2187,nonbreeding,0.4447,0.0013,0.002,112.0,44.47,0.08248263345400515,fairly_common,8.248263345400515,,peak_abundance_with_occupancy_days_modifiers,0.4447
whiibi,BZ,0.19770265883225693,0.1802,0.2186,prebreeding_migration,0.1146,0.0058,0.0043,105.0,11.459999999999999,0.08244841260374797,fairly_common,8.244841260374796,,peak_abundance_with_occupancy_days_modifiers,0.1146
dickci,BZ,0.19671743707768702,0.07743333333333334,0.2174,prebreeding_migration,0.5738,0.0062,0.0044,70.0,57.379999999999995,0.08203754321935652,fairly_common,8.203754321935651,,peak_abundance_with_occupancy_days_modifiers,0.5738
norben1,BZ,0.19210685752875162,0.2118,0.2118,resident,0.5823,0.0508,0.0749,365.0,58.230000000000004,0.08011478220421227,common,8.011478220421226,,peak_abundance_with_occupancy_days_modifiers,0.5823
olbeup1,BZ,0.18971085522580916,0.2089,0.2089,resident,0.345,0.0647,0.0903,365.0,34.5,0.0791155716339582,fairly_common,7.91155716339582,,peak_abundance_with_occupancy_days_modifiers,0.345
blfgro1,BZ,0.1885521065445907,0.2075,0.2075,resident,0.3035,0.0983,0.1206,365.0,30.349999999999998,0.07863233590036994,fairly_common,7.8632335900369945,,peak_abundance_with_occupancy_days_modifiers,0.3035
gartro1,BZ,0.1873920136070602,0.2061,0.2061,resident,0.4976,0.0299,0.0552,365.0,49.76,0.0781485395683572,fairly_common,7.814853956835719,,peak_abundance_with_occupancy_days_modifiers,0.4976
monoro1,BZ,0.18373722093511702,0.2017,0.2017,resident,0.4368,0.0364,0.0192,365.0,43.68,0.07662437264021695,fairly_common,7.662437264021695,,peak_abundance_with_occupancy_days_modifiers,0.4368
squcuc1,BZ,0.18257152554916198,0.2003,0.2003,resident,0.7422,0.0014,0.0026,365.0,74.22,0.07613823990573988,common,7.613823990573988,,peak_abundance_with_occupancy_days_modifiers,0.7422
yebcac1,BZ,0.1824882095732754,0.2002,0.2002,resident,0.7414,0.0427,0.0754,365.0,74.14,0.07610349444507206,common,7.6103494445072055,,peak_abundance_with_occupancy_days_modifiers,0.7414
shbpig,BZ,0.1816546678062509,0.1992,0.1992,resident,0.3507,0.0627,0.0937,365.0,35.07,0.07575588052861787,uncommon,7.575588052861787,,peak_abundance_with_occupancy_days_modifiers,0.3507
doccor,BZ,0.17487724990471817,0.14425,0.1911,postbreeding_migration,0.132,0.006,0.0012,147.0,13.200000000000001,0.07292947773346019,uncommon,7.292947773346019,,peak_abundance_with_occupancy_days_modifiers,0.132
grefla2,BZ,0.17370117450034328,0.1897,0.1897,resident,0.0255,0.0083,0.0056,365.0,2.55,0.07243901619507846,rare,7.243901619507846,rare,peak_abundance_with_occupancy_days_modifiers,0.0255
pabwoo1,BZ,0.17193446390746767,0.1876,0.1876,resident,0.5152,0.0442,0.0826,365.0,51.519999999999996,0.071702240651577,fairly_common,7.1702240651577,,peak_abundance_with_occupancy_days_modifiers,0.5152
leasan,BZ,0.16991153671727313,0.14126666666666668,0.1852,nonbreeding,0.1198,0.0031,0.0034,147.0,11.98,0.07085861448777306,uncommon,7.0858614487773055,,peak_abundance_with_occupancy_days_modifiers,0.1198
greela,BZ,0.16957398397145196,0.146,0.1848,postbreeding_migration,0.6655,0.0024,0.0134,154.0,66.55,0.07071784405895146,uncommon,7.071784405895146,,peak_abundance_with_occupancy_days_modifiers,0.6655
coukin,BZ,0.16923631724529917,0.1844,0.1844,resident,0.6116,0.0359,0.0481,365.0,61.160000000000004,0.07057702609663956,fairly_common,7.057702609663956,,peak_abundance_with_occupancy_days_modifiers,0.6116
eawpew,BZ,0.1690674411155387,0.08713333333333333,0.1842,postbreeding_migration,0.9738,0.004,0.0042,105.0,97.38,0.070506599280391,uncommon,7.0506599280391,,peak_abundance_with_occupancy_days_modifiers,0.9738
yebcha,BZ,0.16898299235477407,0.12623333333333334,0.1841,nonbreeding,0.8015,0.0259,0.0724,133.0,80.15,0.07047138141173653,uncommon,7.047138141173654,,peak_abundance_with_occupancy_days_modifiers,0.8015
whcman1,BZ,0.16712331303605787,0.1819,0.1819,resident,0.43,0.0609,0.0613,365.0,43.0,0.0696958348981701,uncommon,6.96958348981701,,peak_abundance_with_occupancy_days_modifiers,0.43
yehpar,BZ,0.1639701138261694,0.1781791033010671,0.1781791033010671,resident,0.2033723293872903,0.047172393671672,0.2634079233015232,365.0,20.33723293872903,0.06838084869103331,uncommon,6.838084869103331,,peak_abundance_with_occupancy_days_modifiers,0.2033723293872903
yeofly1,BZ,0.16101279584770323,0.1747,0.1747,resident,0.67,0.0022,0.0055,365.0,67.0,0.06714755130227167,fairly_common,6.714755130227166,,peak_abundance_with_occupancy_days_modifiers,0.67
fotfly,BZ,0.15700374880966475,0.12515,0.17,breeding,0.1863,0.005,0.0012,133.0,18.63,0.06547564882866613,uncommon,6.547564882866613,,peak_abundance_with_occupancy_days_modifiers,0.1863
libher,BZ,0.15674730567452427,0.11895,0.1697,nonbreeding,0.6058,0.0079,0.0067,133.0,60.58,0.06536870373475417,uncommon,6.536870373475417,,peak_abundance_with_occupancy_days_modifiers,0.6058
killde,BZ,0.15117482779711788,0.08026666666666667,0.1632,nonbreeding,0.2637,0.0031,0.0015,91.0,26.369999999999997,0.06304479995938068,uncommon,6.304479995938069,,peak_abundance_with_occupancy_days_modifiers,0.2637
brocow,BZ,0.1493678316508234,0.1611,0.1611,resident,0.6981,0.0086,0.0046,365.0,69.81,0.062291224035197115,fairly_common,6.229122403519711,,peak_abundance_with_occupancy_days_modifiers,0.6981
y00475,BZ,0.14902327139243993,0.091025,0.1607,nonbreeding,0.0344,0.0016,0.0006,112.0,3.44,0.0621475312466537,rare,6.21475312466537,rare,peak_abundance_with_occupancy_days_modifiers,0.0344
bkcori,BZ,0.14816135098052052,0.1597,0.1597,resident,0.5237,0.0801,0.1272,365.0,52.370000000000005,0.06178808251605355,fairly_common,6.178808251605354,,peak_abundance_with_occupancy_days_modifiers,0.5237
manswa1,BZ,0.1479888777134493,0.1595,0.1595,resident,0.3186,0.0473,0.0296,365.0,31.86,0.06171615557703009,uncommon,6.171615557703009,,peak_abundance_with_occupancy_days_modifiers,0.3186
bubgro1,BZ,0.14781637469421868,0.1593,0.1593,resident,0.4411,0.0409,0.0971,365.0,44.11,0.06164421623039247,uncommon,6.164421623039247,,peak_abundance_with_occupancy_days_modifiers,0.4411
lobgna5,BZ,0.14548466674198082,0.1566,0.1566,resident,0.546,0.0032,0.0068,365.0,54.6,0.0606718184869678,fairly_common,6.06718184869678,,peak_abundance_with_occupancy_days_modifiers,0.546
manvir1,BZ,0.14539820268935683,0.1565,0.1565,resident,0.4388,0.0751,0.091,365.0,43.88,0.06063576017632978,uncommon,6.063576017632978,,peak_abundance_with_occupancy_days_modifiers,0.4388
bawwar,BZ,0.14531173116005394,0.1158,0.1564,nonbreeding,0.8332,0.0107,0.0151,112.0,83.32000000000001,0.0605996987476745,uncommon,6.05996987476745,,peak_abundance_with_occupancy_days_modifiers,0.8332
rudtur,BZ,0.14384056997567307,0.10155,0.1547,nonbreeding,0.1031,0.0039,0.0063,119.0,10.31,0.0599861768807816,uncommon,5.99861768807816,,peak_abundance_with_occupancy_days_modifiers,0.1031
linwoo1,BZ,0.1432341680859078,0.154,0.154,resident,0.7812,0.0018,0.0034,365.0,78.12,0.059733287650528565,fairly_common,5.973328765052856,,peak_abundance_with_occupancy_days_modifiers,0.7812
blugrb1,BZ,0.1414995622736995,0.10113333333333334,0.152,prebreeding_migration,0.8256,0.0177,0.0157,91.0,82.56,0.05900990084048493,uncommon,5.900990084048493,,peak_abundance_with_occupancy_days_modifiers,0.8256
leafly,BZ,0.14097859325957218,0.0933,0.1514,nonbreeding,0.808,0.0155,0.0239,140.0,80.80000000000001,0.058792639886665506,uncommon,5.87926398866655,,peak_abundance_with_occupancy_days_modifiers,0.808
bobfly1,BZ,0.13749851318563364,0.1474,0.1474,resident,0.7763,0.0019,0.0025,365.0,77.63,0.057341333771083046,fairly_common,5.7341333771083045,,peak_abundance_with_occupancy_days_modifiers,0.7763
grasal2,BZ,0.13688825206212166,0.1467,0.1467,resident,0.4361,0.0226,0.0284,365.0,43.61,0.057086835115351627,uncommon,5.708683511535162,,peak_abundance_with_occupancy_days_modifiers,0.4361
tropew4,BZ,0.13527290607478515,0.1448491780177048,0.1448491780177048,resident,0.5957383717584935,0.0233938210090427,0.035669237339236,365.0,59.573837175849356,0.056413183515275106,fairly_common,5.64131835152751,,peak_abundance_with_occupancy_days_modifiers,0.5957383717584935
rcatan1,BZ,0.13076506987955253,0.1397,0.1397,resident,0.2968,0.0031,0.0204,365.0,29.68,0.05453326980662845,uncommon,5.453326980662845,,peak_abundance_with_occupancy_days_modifiers,0.2968
yebfly,BZ,0.13050180806415815,0.09176666666666666,0.1394,nonbreeding,0.4873,0.0233,0.0512,168.0,48.730000000000004,0.05442348110218385,uncommon,5.442348110218385,,peak_abundance_with_occupancy_days_modifiers,0.4873
grnher,BZ,0.12804134988088406,0.12000000000000001,0.1366,prebreeding_migration,0.5785,0.0188,0.021,119.0,57.85,0.05339739034201374,uncommon,5.339739034201374,,peak_abundance_with_occupancy_days_modifiers,0.5785
varsee3,BZ,0.1265445413249562,0.1349,0.1349,resident,0.4207,0.0212,0.0103,365.0,42.07,0.05277317269043085,uncommon,5.277317269043085,,peak_abundance_with_occupancy_days_modifiers,0.4207
whbeme1,BZ,0.12433927425560748,0.1324,0.1324,resident,0.5312,0.0606,0.0754,365.0,53.12,0.05185350489077124,fairly_common,5.185350489077124,,peak_abundance_with_occupancy_days_modifiers,0.5312
yetvir,BZ,0.1241626426204225,0.09466666666666668,0.1322,nonbreeding,0.6694,0.021,0.0339,98.0,66.94,0.051779843777548865,uncommon,5.177984377754886,,peak_abundance_with_occupancy_days_modifiers,0.6694
reevir1,BZ,0.12345580392691827,0.08333333333333333,0.1314,postbreeding_migration,0.939,0.0021,0.0021,140.0,93.89999999999999,0.05148506914684557,uncommon,5.148506914684557,,peak_abundance_with_occupancy_days_modifiers,0.939
cotfly1,BZ,0.12106652797944359,0.1287,0.1287,resident,0.4415,0.002,0.0018,365.0,44.15,0.050488663684697795,uncommon,5.048866368469779,,peak_abundance_with_occupancy_days_modifiers,0.4415
blgdov1,BZ,0.11911548089016208,0.1265,0.1265,resident,0.4963,0.0022,0.0077,365.0,49.63,0.04967501385127342,uncommon,4.967501385127342,,peak_abundance_with_occupancy_days_modifiers,0.4963
scamac1,BZ,0.11689375147149933,0.124,0.124,resident,0.1434,0.0008,0.0028,365.0,14.34,0.048748480718710914,uncommon,4.874848071871091,,peak_abundance_with_occupancy_days_modifiers,0.1434
yebtyr1,BZ,0.11466547557733457,0.1214982062734469,0.1214982062734469,resident,0.4548102597265521,0.1129598058147807,0.2957413063063512,365.0,45.48102597265521,0.047819217493814334,uncommon,4.781921749381433,,peak_abundance_with_occupancy_days_modifiers,0.4548102597265521
gryhaw2,BZ,0.11297147865916139,0.093875,0.1196,prebreeding_migration,0.7344,0.0212,0.0248,154.0,73.44000000000001,0.047112765907963254,uncommon,4.711276590796325,,peak_abundance_with_occupancy_days_modifiers,0.7344
buggna,BZ,0.11109404750558684,0.08635000000000001,0.1175,postbreeding_migration,0.7899,0.0067,0.0015,112.0,78.99000000000001,0.04632981630425369,uncommon,4.632981630425369,,peak_abundance_with_occupancy_days_modifiers,0.7899
whbwre1,BZ,0.11100455804291134,0.1174,0.1174,resident,0.4836,0.0628,0.0507,365.0,48.36,0.04629249629962685,uncommon,4.629249629962684,,peak_abundance_with_occupancy_days_modifiers,0.4836
rotbec,BZ,0.11091506057115519,0.10565,0.1173,breeding,0.7767,0.0169,0.0179,210.0,77.66999999999999,0.04625517295495396,fairly_common,4.625517295495396,,peak_abundance_with_occupancy_days_modifiers,0.7767
bknsti,BZ,0.11010922268003005,0.0947,0.1164,nonbreeding,0.1094,0.0008,0.0006,140.0,10.94,0.04591911245211781,uncommon,4.591911245211781,,peak_abundance_with_occupancy_days_modifiers,0.1094
lesnig,BZ,0.10804690408313378,0.0682,0.1141,prebreeding_migration,0.668,0.0078,0.0051,140.0,66.8,0.04505905879577548,uncommon,4.505905879577548,,peak_abundance_with_occupancy_days_modifiers,0.668
laufal1,BZ,0.10490040982536977,0.1106,0.1106,resident,0.7014,0.0017,0.003,365.0,70.14,0.04374686877085747,fairly_common,4.374686877085747,,peak_abundance_with_occupancy_days_modifiers,0.7014
thlsch2,BZ,0.10210522293715366,0.1075,0.1075,resident,0.3243,0.0936,0.1412,365.0,32.43,0.04258118529838697,uncommon,4.258118529838697,,peak_abundance_with_occupancy_days_modifiers,0.3243
tawwoo1,BZ,0.10190063739108668,0.1072734446834926,0.1072734446834926,resident,0.4863588475581094,0.0768891874344133,0.1157755835077137,365.0,48.635884755810935,0.04249586649885986,uncommon,4.249586649885987,,peak_abundance_with_occupancy_days_modifiers,0.4863588475581094
swtkit,BZ,0.09966432311294532,0.056075,0.1048,postbreeding_migration,0.6361,0.0018,0.0024,98.0,63.61,0.04156325100747037,uncommon,4.156325100747036,,peak_abundance_with_occupancy_days_modifiers,0.6361
plukit1,BZ,0.09803374027136541,0.0598,0.103,breeding,0.4275,0.0016,0.0037,98.0,42.75,0.04088324514563095,uncommon,4.088324514563095,,peak_abundance_with_occupancy_days_modifiers,0.4275
dusant1,BZ,0.09803374027136541,0.103,0.103,resident,0.2826,0.0044,0.008,365.0,28.26,0.04088324514563095,uncommon,4.088324514563095,,peak_abundance_with_occupancy_days_modifiers,0.2826
bugtan,BZ,0.09748962127725708,0.1024,0.1024,resident,0.324,0.0013,0.001,365.0,32.4,0.04065632990029862,uncommon,4.065632990029862,,peak_abundance_with_occupancy_days_modifiers,0.324
cregua1,BZ,0.09739890598713272,0.1023,0.1023,resident,0.2342,0.0305,0.0651,365.0,23.419999999999998,0.04061849868591932,uncommon,4.061849868591931,,peak_abundance_with_occupancy_days_modifiers,0.2342
robgro,BZ,0.09567375006828242,0.0633,0.1004,nonbreeding,0.7565,0.0201,0.0267,98.0,75.64999999999999,0.039899052787501485,uncommon,3.9899052787501486,,peak_abundance_with_occupancy_days_modifiers,0.7565
kenwar,BZ,0.09476457644442293,0.06996666666666666,0.0994,postbreeding_migration,0.542,0.0355,0.0834,126.0,54.2,0.03951989793692347,uncommon,3.9519897936923467,,peak_abundance_with_occupancy_days_modifiers,0.542
slttro1,BZ,0.09458264248594783,0.0992,0.0992,resident,0.2786,0.0492,0.0869,365.0,27.860000000000003,0.039444025583139336,uncommon,3.9444025583139335,,peak_abundance_with_occupancy_days_modifiers,0.2786
stther2,BZ,0.09440067542148431,0.099,0.099,resident,0.4113,0.0299,0.0435,365.0,41.13,0.03936813942308566,uncommon,3.936813942308566,,peak_abundance_with_occupancy_days_modifiers,0.4113
yetori1,BZ,0.09385457547162425,0.0984,0.0984,resident,0.4466,0.0457,0.0721,365.0,44.66,0.03914039805503888,uncommon,3.9140398055038883,,peak_abundance_with_occupancy_days_modifiers,0.4466
royter1,BZ,0.09267033484130818,0.06285,0.0971,nonbreeding,0.1379,0.0167,0.0095,126.0,13.79,0.038646531352956384,uncommon,3.8646531352956384,,peak_abundance_with_occupancy_days_modifiers,0.1379
leater1,BZ,0.09194087369835728,0.06926666666666667,0.0963,breeding,0.0958,0.0169,0.0099,84.0,9.58,0.03834232242806055,uncommon,3.834232242806055,,peak_abundance_with_occupancy_days_modifiers,0.0958
grsvir1,BZ,0.0916671885258238,0.096,0.096,resident,0.2586,0.0931,0.173,365.0,25.86,0.03822818684606156,uncommon,3.822818684606156,,peak_abundance_with_occupancy_days_modifiers,0.2586
grbher3,BZ,0.09139342842921055,0.06695,0.0957,nonbreeding,0.3875,0.0045,0.0036,175.0,38.75,0.03811402001829434,uncommon,3.8114020018294337,,peak_abundance_with_occupancy_days_modifiers,0.3875
santer1,BZ,0.09121088005338417,0.077175,0.0955,breeding,0.1079,0.0072,0.005,133.0,10.79,0.03803789143257285,uncommon,3.803789143257285,,peak_abundance_with_occupancy_days_modifiers,0.1079
yewtan1,BZ,0.09084568329957642,0.0951,0.0951,resident,0.4614,0.0339,0.0242,365.0,46.14,0.03788559255699205,uncommon,3.788559255699205,,peak_abundance_with_occupancy_days_modifiers,0.4614
easmea,BZ,0.09020626788614897,0.078975,0.0944,prebreeding_migration,0.2165,0.0016,0.0014,119.0,21.65,0.03761893561801691,uncommon,3.7618935618016907,,peak_abundance_with_occupancy_days_modifiers,0.2165
btnwar,BZ,0.08901769631765273,0.056966666666666665,0.0931,nonbreeding,0.6303,0.0195,0.013,98.0,63.029999999999994,0.037123262774428026,uncommon,3.7123262774428025,,peak_abundance_with_occupancy_days_modifiers,0.6303
yetwar,BZ,0.08874320983438856,0.06313333333333333,0.0928,nonbreeding,0.8246,0.0422,0.0442,105.0,82.46,0.037008793019898754,uncommon,3.7008793019898754,,peak_abundance_with_occupancy_days_modifiers,0.8246
verfly,BZ,0.08846864798760816,0.0775,0.0925,nonbreeding,0.2614,0.0016,0.0021,112.0,26.14,0.036894291836342075,uncommon,3.6894291836342075,,peak_abundance_with_occupancy_days_modifiers,0.2614
recman1,BZ,0.08773611430408679,0.0917,0.0917,resident,0.3278,0.0679,0.0787,365.0,32.78,0.03658880156250429,uncommon,3.658880156250429,,peak_abundance_with_occupancy_days_modifiers,0.3278
kinvul1,BZ,0.08746127576999452,0.0914,0.0914,resident,0.3576,0.0015,0.0044,365.0,35.76,0.03647418499137627,uncommon,3.6474184991376273,,peak_abundance_with_occupancy_days_modifiers,0.3576
scapig2,BZ,0.08498432390499729,0.0887,0.0887,resident,0.3487,0.002,0.0039,365.0,34.870000000000005,0.03544121583167376,uncommon,3.5441215831673762,,peak_abundance_with_occupancy_days_modifiers,0.3487
houwre,BZ,0.08231704248921366,0.066475,0.0858,nonbreeding,0.5193,0.0008,0.0004,126.0,51.93,0.034328873084248104,uncommon,3.4328873084248106,,peak_abundance_with_occupancy_days_modifiers,0.5193
yerwar,BZ,0.0820407103362095,0.03456666666666667,0.0855,nonbreeding,0.5104,0.0027,0.0004,91.0,51.04,0.034213633625653286,uncommon,3.421363362565329,,peak_abundance_with_occupancy_days_modifiers,0.5104
ycnher,BZ,0.0816721486440249,0.041150000000000006,0.0851,nonbreeding,0.5041,0.0226,0.0254,147.0,50.41,0.034059931461774204,uncommon,3.4059931461774204,,peak_abundance_with_occupancy_days_modifiers,0.5041
gnbman,BZ,0.08010424424166145,0.04225,0.0834,breeding,0.645,0.0441,0.0758,280.0,64.5,0.033406064539331946,fairly_common,3.3406064539331948,,peak_abundance_with_occupancy_days_modifiers,0.645
gcrwar,BZ,0.07899600622649784,0.0822,0.0822,resident,0.2355,0.0021,0.0023,365.0,23.549999999999997,0.03294389338960106,uncommon,3.294389338960106,,peak_abundance_with_occupancy_days_modifiers,0.2355
lobher,BZ,0.07871875471139067,0.0819,0.0819,resident,0.2948,0.0423,0.0613,365.0,29.48,0.03282827052722994,uncommon,3.282827052722994,,peak_abundance_with_occupancy_days_modifiers,0.2948
gretin1,BZ,0.07862632045518954,0.0818,0.0818,resident,0.329,0.0022,0.0045,365.0,32.9,0.032789722448316856,uncommon,3.2789722448316856,,peak_abundance_with_occupancy_days_modifiers,0.329
triher,BZ,0.07760897932698288,0.052224999999999994,0.0807,prebreeding_migration,0.1141,0.0111,0.0164,196.0,11.41,0.032365458244726565,uncommon,3.2365458244726564,,peak_abundance_with_occupancy_days_modifiers,0.1141
bltbob1,BZ,0.0761273603875509,0.0791,0.0791,resident,0.1728,0.0717,0.0822,365.0,17.28,0.03174757515523577,uncommon,3.1747575155235768,,peak_abundance_with_occupancy_days_modifiers,0.1728
grcfly,BZ,0.07510747248680541,0.051333333333333335,0.078,nonbreeding,0.6618,0.0173,0.0253,133.0,66.18,0.031322248865003274,uncommon,3.1322248865003273,,peak_abundance_with_occupancy_days_modifiers,0.6618
grhtan1,BZ,0.07440603103752465,0.0772441112545166,0.0772441112545166,resident,0.3400870797938201,0.0049526203968591,0.0114801350157122,365.0,34.00870797938201,0.031029725059965586,uncommon,3.1029725059965587,,peak_abundance_with_occupancy_days_modifiers,0.3400870797938201
osprey,BZ,0.0729716124558227,0.051824999999999996,0.0757,nonbreeding,0.3486,0.0014,0.0041,147.0,34.86,0.0304315260485351,uncommon,3.04315260485351,,peak_abundance_with_occupancy_days_modifiers,0.3486
chswar,BZ,0.07287864541257255,0.05773333333333333,0.0756,nonbreeding,0.4612,0.0218,0.0203,133.0,46.12,0.030392755780164853,uncommon,3.0392755780164853,,peak_abundance_with_occupancy_days_modifiers,0.4612
hooori,BZ,0.07278566972564769,0.057499999999999996,0.0755,prebreeding_migration,0.2526,0.0108,0.0204,119.0,25.259999999999998,0.030353981907102184,uncommon,3.0353981907102185,,peak_abundance_with_occupancy_days_modifiers,0.2526
goowoo1,BZ,0.07269268539344065,0.0754,0.0754,resident,0.4404,0.0148,0.0156,365.0,44.04,0.0303152044286769,uncommon,3.03152044286769,,peak_abundance_with_occupancy_days_modifiers,0.4404
norpar,BZ,0.07148310162186426,0.044000000000000004,0.0741,nonbreeding,0.7717,0.0304,0.0101,105.0,77.17,0.029810768815788494,uncommon,2.9810768815788493,,peak_abundance_with_occupancy_days_modifiers,0.7717
nobtyr,BZ,0.07120375900633207,0.06505,0.0738,breeding,0.7914,0.0149,0.0158,210.0,79.14,0.02969427389680641,fairly_common,2.969427389680641,,peak_abundance_with_occupancy_days_modifiers,0.7914
littin1,BZ,0.0710174872352803,0.0736,0.0736,resident,0.3439,0.0017,0.0028,365.0,34.39,0.02961659253466978,uncommon,2.961659253466978,,peak_abundance_with_occupancy_days_modifiers,0.3439
yelpar1,BZ,0.07008560756668776,0.0726,0.0726,resident,0.1484,0.0512,0.0691,365.0,14.84,0.02922796852795705,uncommon,2.922796852795705,,peak_abundance_with_occupancy_days_modifiers,0.1484
sander,BZ,0.06943277471533675,0.043500000000000004,0.0719,nonbreeding,0.08,0.005,0.0016,77.0,8.0,0.028955716082757856,uncommon,2.8955716082757856,,peak_abundance_with_occupancy_days_modifiers,0.08
rudcra1,BZ,0.0684994164246923,0.0709,0.0709,resident,0.3632,0.1144,0.1578,365.0,36.32,0.02856647544275471,uncommon,2.856647544275471,,peak_abundance_with_occupancy_days_modifiers,0.3632
oliwoo1,BZ,0.06821923897714385,0.0706,0.0706,resident,0.3617,0.0012,0.0021,365.0,36.17,0.028449632371780456,uncommon,2.8449632371780456,,peak_abundance_with_occupancy_days_modifiers,0.3617
tenwar,BZ,0.06709774353249415,0.053799999999999994,0.0694,prebreeding_migration,0.6476,0.0166,0.0045,98.0,64.75999999999999,0.02798193244452675,uncommon,2.798193244452675,,peak_abundance_with_occupancy_days_modifiers,0.6476
todmot1,BZ,0.0656004570839488,0.0678,0.0678,resident,0.2512,0.1316,0.2302,365.0,25.119999999999997,0.027357515496242837,uncommon,2.735751549624284,,peak_abundance_with_occupancy_days_modifiers,0.2512
ovenbi1,BZ,0.06297479916138844,0.04883333333333334,0.065,nonbreeding,0.6645,0.0165,0.0227,112.0,66.45,0.026262531093735417,uncommon,2.626253109373542,,peak_abundance_with_occupancy_days_modifiers,0.6645
coltro1,BZ,0.06288089803920102,0.0649,0.0649,resident,0.2527,0.0019,0.0068,365.0,25.27,0.02622337128419219,uncommon,2.6223371284192187,,peak_abundance_with_occupancy_days_modifiers,0.2527
rutjac1,BZ,0.062317306064861556,0.0643,0.0643,resident,0.1923,0.0009,0.0015,365.0,19.23,0.025988335175345916,uncommon,2.5988335175345916,,peak_abundance_with_occupancy_days_modifiers,0.1923
trogna2,BZ,0.06222334318013186,0.0642,0.0642,resident,0.4243,0.0221,0.0097,365.0,42.43,0.025949149608821977,uncommon,2.5949149608821975,,peak_abundance_with_occupancy_days_modifiers,0.4243
coffal1,BZ,0.06175339627548214,0.0637,0.0637,resident,0.5581,0.0023,0.0084,365.0,55.81,0.025753166527333494,fairly_common,2.5753166527333495,,peak_abundance_with_occupancy_days_modifiers,0.5581
yucjay1,BZ,0.06043636880383069,0.0623,0.0623,resident,0.0769,0.0177,0.0136,365.0,7.6899999999999995,0.025203923411259235,uncommon,2.5203923411259233,,peak_abundance_with_occupancy_days_modifiers,0.0769
lyhvul1,BZ,0.06034222900616173,0.0622,0.0622,resident,0.2301,0.0011,0.0014,365.0,23.01,0.02516466406630916,uncommon,2.516466406630916,,peak_abundance_with_occupancy_days_modifiers,0.2301
pirfly1,BZ,0.05996558116743406,0.031933333333333334,0.0618,breeding,0.4086,0.0015,0.0034,91.0,40.86,0.025007589717399803,uncommon,2.5007589717399803,,peak_abundance_with_occupancy_days_modifiers,0.4086
sposan,BZ,0.05921185963184608,0.05723333333333334,0.061,nonbreeding,0.2294,0.0019,0.0043,140.0,22.939999999999998,0.02469326342294554,uncommon,2.469326342294554,,peak_abundance_with_occupancy_days_modifiers,0.2294
rosspo1,BZ,0.05902334044946101,0.053025,0.0608,prebreeding_migration,0.0758,0.0012,0.0016,189.0,7.580000000000001,0.02461464481748616,uncommon,2.461464481748616,,peak_abundance_with_occupancy_days_modifiers,0.0758
butsal1,BZ,0.05883478572089257,0.0606,0.0606,resident,0.2243,0.0008,0.0015,365.0,22.43,0.02453601138811692,uncommon,2.453601138811692,,peak_abundance_with_occupancy_days_modifiers,0.2243
gyhdov1,BZ,0.05789147841577759,0.0596,0.0596,resident,0.2991,0.087,0.1339,365.0,29.909999999999997,0.0241426216868169,uncommon,2.4142621686816903,,peak_abundance_with_occupancy_days_modifiers,0.2991
ocbfly1,BZ,0.0577970987262167,0.0595,0.0595,resident,0.3464,0.0018,0.0037,365.0,34.64,0.02410326229917737,uncommon,2.4103262299177373,,peak_abundance_with_occupancy_days_modifiers,0.3464
dowant1,BZ,0.05747706803261815,0.0591609817311517,0.0591609817311517,resident,0.3959858315696896,0.006121468105279,0.0923348512020332,365.0,39.59858315696896,0.02396979913369689,uncommon,2.396979913369689,,peak_abundance_with_occupancy_days_modifiers,0.3959858315696896
pecsan,BZ,0.0568528115927828,0.03105,0.0585,prebreeding_migration,0.121,0.0007,0.0007,112.0,12.1,0.02370946397773032,uncommon,2.370946397773032,,peak_abundance_with_occupancy_days_modifiers,0.121
smbwoo1,BZ,0.0568528115927828,0.0585,0.0585,resident,0.364,0.0231,0.049,365.0,36.4,0.02370946397773032,uncommon,2.370946397773032,,peak_abundance_with_occupancy_days_modifiers,0.364
norjac,BZ,0.056474846927978946,0.0581,0.0581,resident,0.0788,0.0113,0.0083,365.0,7.88,0.023551840469693323,uncommon,2.3551840469693324,,peak_abundance_with_occupancy_days_modifiers,0.0788
batfal1,BZ,0.056474846927978946,0.0581,0.0581,resident,0.5302,0.0025,0.0045,365.0,53.02,0.023551840469693323,fairly_common,2.3551840469693324,,peak_abundance_with_occupancy_days_modifiers,0.5302
anhing,BZ,0.05467756129069573,0.0458,0.0562,prebreeding_migration,0.3934,0.0018,0.0026,105.0,39.34,0.02280231414230465,uncommon,2.280231414230465,,peak_abundance_with_occupancy_days_modifiers,0.3934
rinkin1,BZ,0.05420405401351211,0.0557,0.0557,resident,0.3156,0.0012,0.0016,365.0,31.56,0.022604846270144002,uncommon,2.2604846270144003,,peak_abundance_with_occupancy_days_modifiers,0.3156
slbtin1,BZ,0.05391984198943043,0.0554,0.0554,resident,0.2745,0.1333,0.2091,365.0,27.450000000000003,0.022486320650069624,uncommon,2.248632065006962,,peak_abundance_with_occupancy_days_modifiers,0.2745
btther1,BZ,0.05373032242096779,0.0552,0.0552,resident,0.5305,0.058,0.0384,365.0,53.05,0.02240728485121196,fairly_common,2.2407284851211964,,peak_abundance_with_occupancy_days_modifiers,0.5305
gycyel,BZ,0.05344597570562602,0.0549,0.0549,resident,0.2635,0.0155,0.0223,365.0,26.35,0.02228870306051937,uncommon,2.2288703060519373,,peak_abundance_with_occupancy_days_modifiers,0.2635
rthhum,BZ,0.05335117549699457,0.0323,0.0548,nonbreeding,0.7897,0.018,0.009,91.0,78.97,0.02224916830280628,uncommon,2.224916830280628,,peak_abundance_with_occupancy_days_modifiers,0.7897
belkin1,BZ,0.05297188476610572,0.034866666666666664,0.0544,nonbreeding,0.3777,0.0034,0.0055,126.0,37.769999999999996,0.022090991782258672,uncommon,2.209099178225867,,peak_abundance_with_occupancy_days_modifiers,0.3777
ocetur1,BZ,0.05297188476610572,0.0544,0.0544,resident,0.0397,0.0409,0.0793,365.0,3.9699999999999998,0.022090991782258672,rare,2.209099178225867,rare,peak_abundance_with_occupancy_days_modifiers,0.0397
cliswa,BZ,0.05249756895775399,0.028700000000000003,0.0539,postbreeding_migration,0.2611,0.0007,0.0002,112.0,26.11,0.021893186726411443,uncommon,2.189318672641144,,peak_abundance_with_occupancy_days_modifiers,0.2611
blcwoo1,BZ,0.05249756895775399,0.0539,0.0539,resident,0.1748,0.0226,0.0225,365.0,17.48,0.021893186726411443,uncommon,2.189318672641144,,peak_abundance_with_occupancy_days_modifiers,0.1748
btstan1,BZ,0.05211795426210667,0.0535,0.0535,resident,0.2157,0.1955,0.2303,365.0,21.57,0.021734875102065877,uncommon,2.173487510206588,,peak_abundance_with_occupancy_days_modifiers,0.2157
yefgra1,BZ,0.05126329393754153,0.0526,0.0526,resident,0.1775,0.0076,0.0028,365.0,17.75,0.021378454063057006,uncommon,2.1378454063057006,,peak_abundance_with_occupancy_days_modifiers,0.1775
sttspa1,BZ,0.050693114315518116,0.052,0.052,resident,0.2861,0.083,0.0795,365.0,28.610000000000003,0.021140670691743236,uncommon,2.1140670691743235,,peak_abundance_with_occupancy_days_modifiers,0.2861
whrsan,BZ,0.050693114315518116,0.026,0.052,prebreeding_migration,0.0812,0.0013,0.0011,63.0,8.12,0.021140670691743236,uncommon,2.1140670691743235,,peak_abundance_with_occupancy_days_modifiers,0.0812
norpot1,BZ,0.05056270699596501,0.0518628204446336,0.0518628204446336,resident,0.7384686006953761,0.0688422283041319,0.2146035173431213,365.0,73.84686006953761,0.021086286615410774,fairly_common,2.1086286615410774,,peak_abundance_with_occupancy_days_modifiers,0.7384686006953761
crctan1,BZ,0.050407902543845695,0.0517,0.0517,resident,0.1626,0.0995,0.1422,365.0,16.259999999999998,0.02102172814454035,uncommon,2.102172814454035,,peak_abundance_with_occupancy_days_modifiers,0.1626
whihaw1,BZ,0.04983723484717165,0.0511,0.0511,resident,0.2455,0.0036,0.0149,365.0,24.55,0.020783741230287745,uncommon,2.0783741230287744,,peak_abundance_with_occupancy_days_modifiers,0.2455
semplo,BZ,0.047646653467353035,0.030625,0.0488,postbreeding_migration,0.0762,0.0068,0.0018,161.0,7.62,0.019870197838852573,rare,1.9870197838852572,,peak_abundance_with_occupancy_days_modifiers,0.0762
grnjay,BZ,0.04745594115629535,0.0486,0.0486,resident,0.1696,0.0075,0.0048,365.0,16.96,0.019790664627698153,rare,1.9790664627698153,,peak_abundance_with_occupancy_days_modifiers,0.1696
btfgle1,BZ,0.04669272799198229,0.0478,0.0478,resident,0.2086,0.0014,0.0046,365.0,20.86,0.019472380016618246,rare,1.9472380016618245,,peak_abundance_with_occupancy_days_modifiers,0.2086
prowar,BZ,0.045928931888399804,0.0238,0.047,postbreeding_migration,0.7906,0.0189,0.0137,112.0,79.06,0.019153852300980666,rare,1.9153852300980667,,peak_abundance_with_occupancy_days_modifiers,0.7906
spwqua1,BZ,0.0453557017207972,0.0464,0.0464,resident,0.1791,0.1362,0.1848,365.0,17.91,0.018914796753348857,rare,1.8914796753348857,,peak_abundance_with_occupancy_days_modifiers,0.1791
motowl,BZ,0.04516455195437364,0.0462,0.0462,resident,0.3128,0.0052,0.0348,365.0,31.28,0.018835081109137064,rare,1.8835081109137064,,peak_abundance_with_occupancy_days_modifiers,0.3128
whwpuf1,BZ,0.04485291515185888,0.0458740163740947,0.0458740163740947,resident,0.3158971086285065,0.057996848455499,0.0971281706891153,365.0,31.58971086285065,0.018705118468128522,rare,1.870511846812852,,peak_abundance_with_occupancy_days_modifiers,0.3158971086285065
miskit,BZ,0.04411257461832096,0.026000000000000002,0.0451,postbreeding_migration,0.1005,0.0024,0.0014,63.0,10.05,0.018396372484958862,rare,1.8396372484958863,,peak_abundance_with_occupancy_days_modifiers,0.1005
swathr,BZ,0.04411257461832096,0.03596666666666667,0.0451,prebreeding_migration,0.3869,0.007,0.003,91.0,38.690000000000005,0.018396372484958862,rare,1.8396372484958863,,peak_abundance_with_occupancy_days_modifiers,0.3869
blkter,BZ,0.04353830201448342,0.013725,0.0445,postbreeding_migration,0.1424,0.0009,0.0007,133.0,14.24,0.018156882207651097,rare,1.8156882207651097,,peak_abundance_with_occupancy_days_modifiers,0.1424
grnkin,BZ,0.04334680450336586,0.0443,0.0443,resident,0.4061,0.0016,0.0024,365.0,40.61,0.018077021542637954,rare,1.8077021542637954,,peak_abundance_with_occupancy_days_modifiers,0.4061
gohtan1,BZ,0.04325104199431494,0.0442,0.0442,resident,0.1374,0.0137,0.0111,365.0,13.74,0.01803708547447967,rare,1.8037085474479668,,peak_abundance_with_occupancy_days_modifiers,0.1374
chcwoo1,BZ,0.04305948946044697,0.044,0.044,resident,0.2352,0.0691,0.0834,365.0,23.52,0.017957201863197346,rare,1.7957201863197345,,peak_abundance_with_occupancy_days_modifiers,0.2352
lobdow,BZ,0.042867900227175806,0.0287,0.0438,nonbreeding,0.0797,0.0058,0.0016,112.0,7.969999999999999,0.01787730294707514,rare,1.7877302947075142,,peak_abundance_with_occupancy_days_modifiers,0.0797
nobwoo1,BZ,0.04267627428043631,0.0436,0.0436,resident,0.2868,0.0507,0.0711,365.0,28.68,0.017797388720247442,rare,1.7797388720247442,,peak_abundance_with_occupancy_days_modifiers,0.2868
grcdov1,BZ,0.04152574682849831,0.0424,0.0424,resident,0.2252,0.0621,0.113,365.0,22.52,0.01731758150556646,rare,1.731758150556646,,peak_abundance_with_occupancy_days_modifiers,0.2252
grecur1,BZ,0.04114194333117518,0.042,0.042,resident,0.1714,0.0402,0.0927,365.0,17.14,0.01715752301524082,rare,1.715752301524082,,peak_abundance_with_occupancy_days_modifiers,0.1714
orbspa1,BZ,0.04104596943600097,0.0419,0.0419,resident,0.1565,0.0215,0.0331,365.0,15.65,0.017117498792222026,rare,1.7117498792222026,,peak_abundance_with_occupancy_days_modifiers,0.1565
woewar1,BZ,0.040661981718889635,0.02916666666666667,0.0415,nonbreeding,0.5172,0.0278,0.0611,133.0,51.72,0.016957363476277566,rare,1.6957363476277565,,peak_abundance_with_occupancy_days_modifiers,0.5172
louwat,BZ,0.04037389413827326,0.03203333333333334,0.0412,postbreeding_migration,0.5332,0.0097,0.0151,119.0,53.32,0.01683722162359342,rare,1.683722162359342,,peak_abundance_with_occupancy_days_modifiers,0.5332
sora,BZ,0.039893563661676665,0.014499999999999999,0.0407,nonbreeding,0.2409,0.0095,0.0301,105.0,24.09,0.016636908256264415,rare,1.6636908256264415,,peak_abundance_with_occupancy_days_modifiers,0.2409
sctlea1,BZ,0.0397212738551211,0.0405207134433842,0.0405207134433842,resident,0.373906506471187,0.0954785438076379,0.2108378221140165,365.0,37.3906506471187,0.01656505782621857,rare,1.656505782621857,,peak_abundance_with_occupancy_days_modifiers,0.373906506471187
rubspi2,BZ,0.03835495387646399,0.0391,0.0391,resident,0.2054,0.0812,0.1012,365.0,20.54,0.01599525813806841,rare,1.599525813806841,,peak_abundance_with_occupancy_days_modifiers,0.2054
tbsfin1,BZ,0.03816246109434891,0.0389,0.0389,resident,0.2712,0.022,0.0191,365.0,27.12,0.015914982412811064,rare,1.5914982412811065,,peak_abundance_with_occupancy_days_modifiers,0.2712
chispa,BZ,0.03806620080645633,0.026675,0.0388,prebreeding_migration,0.1339,0.0007,0.0002,147.0,13.389999999999999,0.015874838754752034,rare,1.5874838754752034,,peak_abundance_with_occupancy_days_modifiers,0.1339
olispa,BZ,0.036910354020097076,0.0376,0.0376,resident,0.1736,0.0116,0.0071,365.0,17.36,0.015392813205316656,rare,1.5392813205316656,,peak_abundance_with_occupancy_days_modifiers,0.1736
rubpep1,BZ,0.03681397312271631,0.0375,0.0375,resident,0.1896,0.0004,0.0004,365.0,18.96,0.015352619249194347,rare,1.5352619249194348,,peak_abundance_with_occupancy_days_modifiers,0.1896
eyrfla1,BZ,0.036524774682372266,0.0372,0.0372,resident,0.2794,0.0653,0.0795,365.0,27.939999999999998,0.015232014132021432,rare,1.5232014132021432,,peak_abundance_with_occupancy_days_modifiers,0.2794
wlswar,BZ,0.036524774682372266,0.02186666666666667,0.0372,nonbreeding,0.2507,0.0043,0.0017,105.0,25.069999999999997,0.015232014132021432,rare,1.5232014132021432,,peak_abundance_with_occupancy_days_modifiers,0.2507
lstswi1,BZ,0.036524774682372266,0.0372,0.0372,resident,0.1114,0.0007,0.0058,365.0,11.14,0.015232014132021432,rare,1.5232014132021432,,peak_abundance_with_occupancy_days_modifiers,0.1114
rudwoo1,BZ,0.03642835661355149,0.0371,0.0371,resident,0.2899,0.0702,0.0867,365.0,28.99,0.0151918046742046,rare,1.51918046742046,,peak_abundance_with_occupancy_days_modifiers,0.2899
pbgdov1,BZ,0.03488440185350179,0.0355,0.0355,resident,0.1264,0.001,0.001,365.0,12.64,0.0145479255283703,rare,1.45479255283703,,peak_abundance_with_occupancy_days_modifiers,0.1264
webwoo1,BZ,0.03469123978993036,0.0353,0.0353,resident,0.2562,0.0012,0.001,365.0,25.619999999999997,0.014467370691066583,rare,1.4467370691066583,,peak_abundance_with_occupancy_days_modifiers,0.2562
baffal1,BZ,0.0343048036919903,0.0349,0.0349,resident,0.2474,0.0015,0.0044,365.0,24.740000000000002,0.014306214321010001,rare,1.430621432101,,peak_abundance_with_occupancy_days_modifiers,0.2474
greyel,BZ,0.034111529628767866,0.016825,0.0347,nonbreeding,0.1036,0.0013,0.0011,182.0,10.36,0.014225612776224075,rare,1.4225612776224075,,peak_abundance_with_occupancy_days_modifiers,0.1036
paibun,BZ,0.03401487858727765,0.0163,0.0346,prebreeding_migration,0.7035,0.0207,0.0034,133.0,70.35,0.014185306161257773,rare,1.4185306161257774,,peak_abundance_with_occupancy_days_modifiers,0.7035
lesyel,BZ,0.03391821820346067,0.021766666666666667,0.0345,prebreeding_migration,0.1471,0.0008,0.0003,140.0,14.71,0.014144995650238594,rare,1.4144995650238594,,peak_abundance_with_occupancy_days_modifiers,0.1471
yucwoo,BZ,0.03362818097998405,0.0342,0.0342,resident,0.203,0.044,0.0445,365.0,20.3,0.014024040733330106,rare,1.4024040733330105,,peak_abundance_with_occupancy_days_modifiers,0.203
wessan,BZ,0.033531483208792325,0.018574999999999998,0.0341,nonbreeding,0.0662,0.0056,0.0003,147.0,6.619999999999999,0.013983714630564631,rare,1.3983714630564632,,peak_abundance_with_occupancy_days_modifiers,0.0662
blubun,BZ,0.03324133377980188,0.0338,0.0338,resident,0.1373,0.0182,0.0207,365.0,13.73,0.013862712920322382,rare,1.3862712920322382,,peak_abundance_with_occupancy_days_modifiers,0.1373
banswa,BZ,0.033144598592302024,0.014233333333333334,0.0337,postbreeding_migration,0.3694,,,,36.94,0.013822371213744447,rare,1.3822371213744447,,peak_abundance_with_occupancy_days_modifiers,0.3694
secfly1,BZ,0.0329511001396859,0.0335,0.0335,resident,0.234,0.0017,0.0033,365.0,23.400000000000002,0.01374167609131306,rare,1.374167609131306,,peak_abundance_with_occupancy_days_modifiers,0.234
grehon1,BZ,0.03256399087326267,0.0331,0.0331,resident,0.2299,0.0014,0.0018,365.0,22.99,0.013580238988194026,rare,1.3580238988194027,,peak_abundance_with_occupancy_days_modifiers,0.2299
limpki,BZ,0.032467190137501496,0.033,0.033,resident,0.0345,0.0004,0.0011,365.0,3.45,0.01353986994586792,rare,1.353986994586792,rare,peak_abundance_with_occupancy_days_modifiers,0.0345
screup1,BZ,0.03207989346341168,0.0326,0.0326,resident,0.188,0.0099,0.0077,365.0,18.8,0.013378354687681606,rare,1.3378354687681606,,peak_abundance_with_occupancy_days_modifiers,0.188
norcar,BZ,0.03198304585305077,0.0325,0.0325,resident,0.16,0.001,0.0001,365.0,16.0,0.013337966097129075,rare,1.3337966097129075,,peak_abundance_with_occupancy_days_modifiers,0.16
grbhaw1,BZ,0.03101405352916946,0.0315,0.0315,resident,0.4548,0.0025,0.0024,365.0,45.48,0.01293386491102916,rare,1.293386491102916,,peak_abundance_with_occupancy_days_modifiers,0.4548
buwwar,BZ,0.030529205034822874,0.0199,0.031,nonbreeding,0.6477,0.0329,0.0516,119.0,64.77000000000001,0.01273166738395329,rare,1.273166738395329,,peak_abundance_with_occupancy_days_modifiers,0.6477
shthaw,BZ,0.030529205034822874,0.031,0.031,resident,0.7649,0.004,0.006,365.0,76.49000000000001,0.01273166738395329,uncommon,1.273166738395329,,peak_abundance_with_occupancy_days_modifiers,0.7649
ruqdov,BZ,0.030432207120201987,0.0309,0.0309,resident,0.2784,0.0014,0.003,365.0,27.839999999999996,0.01269121611165578,rare,1.269121611165578,,peak_abundance_with_occupancy_days_modifiers,0.2784
thitin1,BZ,0.030238183060609998,0.0307,0.0307,resident,0.2567,0.0251,0.0151,365.0,25.669999999999998,0.012610301794090301,rare,1.2610301794090302,,peak_abundance_with_occupancy_days_modifiers,0.2567
blheag1,BZ,0.030141156911986842,0.0306,0.0306,resident,0.2714,0.0014,0.0045,365.0,27.139999999999997,0.012569838747299309,rare,1.256983874729931,,peak_abundance_with_occupancy_days_modifiers,0.2714
surfly1,BZ,0.029655884907510657,0.0301,0.0301,resident,0.1955,0.0616,0.1397,365.0,19.55,0.012367464602781389,rare,1.2367464602781388,,peak_abundance_with_occupancy_days_modifiers,0.1955
whnpuf2,BZ,0.029210292638870736,0.0296410976533359,0.0296410976533359,resident,0.4595060862355001,0.0041114753447481,0.0073787189700054,365.0,45.95060862355001,0.012181638193390317,rare,1.2181638193390318,,peak_abundance_with_occupancy_days_modifiers,0.4595060862355001
royfly1,BZ,0.029170377299779858,0.0296,0.0296,resident,0.2298,0.0016,0.0118,365.0,22.98,0.01216499220407477,rare,1.216499220407477,,peak_abundance_with_occupancy_days_modifiers,0.2298
comblh1,BZ,0.028684633859908954,0.022025,0.0291,nonbreeding,0.3265,0.0055,0.0158,98.0,32.65,0.0119624214557267,rare,1.19624214557267,,peak_abundance_with_occupancy_days_modifiers,0.3265
chhoro1,BZ,0.028587456851912555,0.029,0.029,resident,0.0751,0.0125,0.0078,365.0,7.51,0.011921895495690513,rare,1.1921895495690513,,peak_abundance_with_occupancy_days_modifiers,0.0751
pucfai1,BZ,0.0273445356768235,0.0277218286085262,0.0277218286085262,resident,0.3109020397673674,0.0400103739494324,0.0333414036509112,365.0,31.090203976736742,0.011403557105691294,rare,1.1403557105691293,,peak_abundance_with_occupancy_days_modifiers,0.3109020397673674
whtrob1,BZ,0.027225986253591457,0.0276,0.0276,resident,0.1669,0.0202,0.0137,365.0,16.689999999999998,0.01135411815621893,rare,1.135411815621893,,peak_abundance_with_occupancy_days_modifiers,0.1669
runwor1,BZ,0.02712866738825262,0.0275,0.0275,resident,0.172,0.0448,0.0506,365.0,17.2,0.011313533037075985,rare,1.1313533037075985,,peak_abundance_with_occupancy_days_modifiers,0.172
rufmou1,BZ,0.02712866738825262,0.0275,0.0275,resident,0.2498,0.0601,0.0746,365.0,24.98,0.011313533037075985,rare,1.1313533037075985,,peak_abundance_with_occupancy_days_modifiers,0.2498
strowl1,BZ,0.025711653458397727,0.0260450492732507,0.0260450492732507,resident,0.4994935208129938,0.0020306666578789,0.0047173062101715,365.0,49.94935208129938,0.010722592329227091,rare,1.0722592329227092,,peak_abundance_with_occupancy_days_modifiers,0.4994935208129938
yucfly1,BZ,0.025375306331228243,0.0257,0.0257,resident,0.2522,0.0501,0.0399,365.0,25.22,0.010582324682434953,rare,1.0582324682434954,,peak_abundance_with_occupancy_days_modifiers,0.2522
bkbplo,BZ,0.025277807184268544,0.016450000000000003,0.0256,nonbreeding,0.0786,0.0031,0.0006,140.0,7.86,0.010541664380016531,rare,1.054166438001653,,peak_abundance_with_occupancy_days_modifiers,0.0786
sthwoo1,BZ,0.025180298530298247,0.0255,0.0255,resident,0.3081,0.0118,0.0056,365.0,30.81,0.010501000112866745,rare,1.0501000112866745,,peak_abundance_with_occupancy_days_modifiers,0.3081
babwar,BZ,0.025082780367463153,0.009933333333333334,0.0254,prebreeding_migration,0.571,0.0045,0.0065,70.0,57.099999999999994,0.01046033188021233,rare,1.046033188021233,,peak_abundance_with_occupancy_days_modifiers,0.571
orheag1,BZ,0.024887715507778994,0.0252,0.0252,resident,0.2211,0.0019,0.0086,365.0,22.11,0.010378983515295329,rare,1.0378983515295328,,peak_abundance_with_occupancy_days_modifiers,0.2211
whcpig2,BZ,0.024595046855380207,0.0249,0.0249,resident,0.0197,0.0077,0.0066,365.0,1.97,0.010256931207290565,rare,1.0256931207290565,rare,peak_abundance_with_occupancy_days_modifiers,0.0197
bcnher,BZ,0.023814178099254877,0.0192,0.0241,nonbreeding,0.209,0.0006,0.0002,112.0,20.9,0.009931283642535179,rare,0.9931283642535179,,peak_abundance_with_occupancy_days_modifiers,0.209
blctit1,BZ,0.023521195041345824,0.0238,0.0238,resident,0.2044,0.001,0.0027,365.0,20.44,0.00980910021724859,rare,0.980910021724859,,peak_abundance_with_occupancy_days_modifiers,0.2044
shtfly1,BZ,0.023521195041345824,0.0238,0.0238,resident,0.1606,0.0031,0.0045,365.0,16.06,0.00980910021724859,rare,0.980910021724859,,peak_abundance_with_occupancy_days_modifiers,0.1606
bawowl1,BZ,0.021663639636026324,0.0219,0.0219,resident,0.2947,0.0876,0.1317,365.0,29.470000000000002,0.00903443944436516,rare,0.9034439444365159,,peak_abundance_with_occupancy_days_modifiers,0.2947
grawar,BZ,0.021174235231406484,0.0182,0.0214,prebreeding_migration,0.0737,0.0068,0.0117,140.0,7.37,0.00883034195513301,rare,0.883034195513301,,peak_abundance_with_occupancy_days_modifiers,0.0737
butfog9,BZ,0.02079985261667531,0.0210176771692897,0.0210176771692897,resident,0.3050046654708942,0.0974427123338782,0.5396099840865719,365.0,30.500466547089424,0.008674212278003928,rare,0.8674212278003928,,peak_abundance_with_occupancy_days_modifiers,0.3050046654708942
altori,BZ,0.020782539182528505,0.021,0.021,resident,0.0793,0.0051,0.0031,365.0,7.93,0.008666992015157925,rare,0.8666992015157925,,peak_abundance_with_occupancy_days_modifiers,0.0793
gloibi,BZ,0.020782539182528505,0.0143,0.021,prebreeding_migration,0.0507,,,,5.07,0.008666992015157925,rare,0.8666992015157925,,peak_abundance_with_occupancy_days_modifiers,0.0507
heptan,BZ,0.020194707285519278,0.017425,0.0204,postbreeding_migration,0.0473,0.0008,0.0018,140.0,4.73,0.008421847073392743,rare,0.8421847073392743,rare,peak_abundance_with_occupancy_days_modifiers,0.0473
amwpel,BZ,0.019998686506689126,0.014499999999999999,0.0202,nonbreeding,0.0503,0.0044,0.0004,84.0,5.029999999999999,0.008340100059228372,rare,0.8340100059228371,,peak_abundance_with_occupancy_days_modifiers,0.0503
caneme1,BZ,0.019410393519823325,0.0196,0.0196,resident,0.2181,0.0209,0.0136,365.0,21.81,0.00809476282805764,rare,0.809476282805764,,peak_abundance_with_occupancy_days_modifiers,0.2181
blacat1,BZ,0.019410393519823325,0.0196,0.0196,resident,0.0403,0.0192,0.0407,365.0,4.03,0.00809476282805764,rare,0.809476282805764,rare,peak_abundance_with_occupancy_days_modifiers,0.0403
bkbwar,BZ,0.019410393519823325,0.0169,0.0196,prebreeding_migration,0.4412,0.0054,0.0021,98.0,44.12,0.00809476282805764,rare,0.809476282805764,,peak_abundance_with_occupancy_days_modifiers,0.4412
rufpih1,BZ,0.019214218923804288,0.0194,0.0194,resident,0.2515,0.0507,0.0509,365.0,25.15,0.008012951667143145,rare,0.8012951667143146,,peak_abundance_with_occupancy_days_modifiers,0.2515
eucdov,BZ,0.019018005835761846,0.0192,0.0192,resident,0.0221,0.0,0.0,365.0,2.21,0.007931124453808077,rare,0.7931124453808077,rare,peak_abundance_with_occupancy_days_modifiers,0.0221
rottan1,BZ,0.01882175424058776,0.019,0.019,resident,0.0936,0.0336,0.0276,365.0,9.36,0.007849281181751724,rare,0.7849281181751724,,peak_abundance_with_occupancy_days_modifiers,0.0936
wilplo,BZ,0.01882175424058776,0.01425,0.019,postbreeding_migration,0.0424,0.0096,0.0092,119.0,4.24,0.007849281181751724,rare,0.7849281181751724,rare,peak_abundance_with_occupancy_days_modifiers,0.0424
rocpig,BZ,0.018330956684723457,0.0185,0.0185,resident,0.0048,0.0,0.0,365.0,0.48,0.007644602703324481,very_rare,0.764460270332448,very_rare,peak_abundance_with_occupancy_days_modifiers,0.0048
dotkit1,BZ,0.018232768261059712,0.0184,0.0184,resident,0.1749,0.001,0.0023,365.0,17.49,0.0076036549501938165,rare,0.7603654950193817,,peak_abundance_with_occupancy_days_modifiers,0.1749
musduc,BZ,0.017938145131012995,0.0181,0.0181,resident,0.1442,0.0007,0.0004,365.0,14.42,0.007480787561701551,rare,0.7480787561701551,,peak_abundance_with_occupancy_days_modifiers,0.1442
shbdow,BZ,0.017938145131012995,0.00775,0.0181,nonbreeding,0.0576,0.0079,0.0011,147.0,5.76,0.007480787561701551,rare,0.7480787561701551,,peak_abundance_with_occupancy_days_modifiers,0.0576
whnjac1,BZ,0.017741681476157102,0.0179,0.0179,resident,0.0886,0.0005,0.0014,365.0,8.86,0.0073988558538890595,rare,0.7398855853889059,,peak_abundance_with_occupancy_days_modifiers,0.0886
palwar,BZ,0.017643435172595243,0.0119,0.0178,nonbreeding,0.0886,0.0031,0.0008,84.0,8.86,0.00735788396296607,rare,0.735788396296607,,peak_abundance_with_occupancy_days_modifiers,0.0886
wetsab1,BZ,0.017446913603720648,0.0176,0.0176,resident,0.1266,0.0338,0.0236,365.0,12.659999999999998,0.007275928103131861,rare,0.7275928103131861,,peak_abundance_with_occupancy_days_modifiers,0.1266
acafly,BZ,0.017446913603720648,0.0084,0.0176,postbreeding_migration,0.6094,0.0072,0.0033,84.0,60.940000000000005,0.007275928103131861,rare,0.7275928103131861,,peak_abundance_with_occupancy_days_modifiers,0.6094
yebsap,BZ,0.016758783814954704,0.006866666666666667,0.0169,nonbreeding,0.581,0.0046,0.0011,112.0,58.099999999999994,0.0069889556917124805,rare,0.6988955691712481,,peak_abundance_with_occupancy_days_modifiers,0.581
plaant1,BZ,0.01625995027857992,0.016392862675929,0.016392862675929,resident,0.1448945370236122,0.003968350804248,0.0025609300941044,365.0,14.48945370236122,0.006780925949115564,rare,0.6780925949115564,,peak_abundance_with_occupancy_days_modifiers,0.1448945370236122
rinduc,BZ,0.015971769509698662,0.006733333333333333,0.0161,nonbreeding,0.0485,0.0015,0.0004,49.0,4.8500000000000005,0.006660745233906497,rare,0.6660745233906497,rare,peak_abundance_with_occupancy_days_modifiers,0.0485
gowwar,BZ,0.015971769509698662,0.0098,0.0161,nonbreeding,0.3713,0.0242,0.02,140.0,37.13,0.006660745233906497,rare,0.6660745233906497,,peak_abundance_with_occupancy_days_modifiers,0.3713
bobher1,BZ,0.015578029963318415,0.0157,0.0157,resident,0.0696,0.0007,0.0037,365.0,6.959999999999999,0.006496543089281262,rare,0.6496543089281261,,peak_abundance_with_occupancy_days_modifiers,0.0696
amekes,BZ,0.015282623531156904,0.0085,0.0154,nonbreeding,0.1366,0.0002,0.0002,105.0,13.66,0.0063733490384348555,rare,0.6373349038434856,,peak_abundance_with_occupancy_days_modifiers,0.1366
scbhum1,BZ,0.015024735359704076,0.0151381741130575,0.0151381741130575,resident,0.2098408598797446,0.0446709215392478,0.0284429552894484,365.0,20.98408598797446,0.006265801317573784,rare,0.6265801317573784,,peak_abundance_with_occupancy_days_modifiers,0.2098408598797446
kebmot1,BZ,0.014987129808248345,0.0151,0.0151,resident,0.1517,0.2343,0.2033,365.0,15.17,0.0062501185845193685,rare,0.6250118584519369,,peak_abundance_with_occupancy_days_modifiers,0.1517
olsfly,BZ,0.014888612493750654,0.010533333333333334,0.015,nonbreeding,0.2884,0.003,0.0072,98.0,28.84,0.006209033673257707,rare,0.6209033673257707,,peak_abundance_with_occupancy_days_modifiers,0.2884
viosab1,BZ,0.014888612493750654,0.015,0.015,resident,0.0779,0.0322,0.036,365.0,7.79,0.006209033673257707,rare,0.6209033673257707,,peak_abundance_with_occupancy_days_modifiers,0.0779
purgal2,BZ,0.014691548742989757,0.0111,0.0148,prebreeding_migration,0.1311,0.0009,0.0008,112.0,13.11,0.006126851706014866,rare,0.6126851706014866,,peak_abundance_with_occupancy_days_modifiers,0.1311
caster1,BZ,0.014494446150452563,0.007975,0.0146,prebreeding_migration,0.052,0.0018,0.0006,105.0,5.2,0.006044653540493171,rare,0.6044653540493171,,peak_abundance_with_occupancy_days_modifiers,0.052
willet1,BZ,0.014395880283732383,0.007475000000000001,0.0145,postbreeding_migration,0.0548,0.0074,0.0009,147.0,5.48,0.006003548381382055,rare,0.6003548381382056,,peak_abundance_with_occupancy_days_modifiers,0.0548
graspa,BZ,0.014100124378781637,0.0064,0.0142,prebreeding_migration,0.1709,0.0041,0.0013,105.0,17.09,0.005880208589062617,rare,0.5880208589062617,,peak_abundance_with_occupancy_days_modifiers,0.1709
cogdov,BZ,0.014100124378781637,0.0142,0.0142,resident,0.0494,0.0005,0.0003,365.0,4.9399999999999995,0.005880208589062617,rare,0.5880208589062617,rare,peak_abundance_with_occupancy_days_modifiers,0.0494
acowoo,BZ,0.014100124378781637,0.0142,0.0142,resident,0.0242,0.001,0.0007,365.0,2.42,0.005880208589062617,rare,0.5880208589062617,rare,peak_abundance_with_occupancy_days_modifiers,0.0242
y00599,BZ,0.013902905168991422,0.014,0.014,resident,0.0845,0.0107,0.0022,365.0,8.450000000000001,0.005797961790369012,rare,0.5797961790369013,,peak_abundance_with_occupancy_days_modifiers,0.0845
yucpoo1,BZ,0.013705647056111932,0.0138,0.0138,resident,0.1677,0.0549,0.0411,365.0,16.77,0.0057156987678270545,rare,0.5715698767827054,,peak_abundance_with_occupancy_days_modifiers,0.1677
roster,BZ,0.013607003406216902,0.01295,0.0137,breeding,0.0524,,,,5.24,0.005674561170612519,rare,0.5674561170612519,,peak_abundance_with_occupancy_days_modifiers,0.0524
ampkin1,BZ,0.013409686909917675,0.0135,0.0135,resident,0.2138,0.0019,0.0033,365.0,21.38,0.005592273800293407,rare,0.5592273800293407,,peak_abundance_with_occupancy_days_modifiers,0.2138
sctfly,BZ,0.013212331472134811,0.009300000000000001,0.0133,nonbreeding,0.0645,0.0094,0.0024,91.0,6.45,0.005509970190114249,rare,0.550997019011425,,peak_abundance_with_occupancy_days_modifiers,0.0645
labwoo,BZ,0.013113639145383105,0.0132,0.0132,resident,0.1271,0.0014,0.0006,365.0,12.709999999999999,0.005468812293073767,rare,0.5468812293073767,,peak_abundance_with_occupancy_days_modifiers,0.1271
stthum1,BZ,0.013014937077494654,0.0131,0.0131,resident,0.0995,0.0763,0.0906,365.0,9.950000000000001,0.005427650333663732,rare,0.5427650333663732,,peak_abundance_with_occupancy_days_modifiers,0.0995
redegr,BZ,0.012916225266546328,0.013,0.013,resident,0.0234,0.0131,0.0087,365.0,2.34,0.005386484311082047,rare,0.5386484311082047,rare,peak_abundance_with_occupancy_days_modifiers,0.0234
bubhum,BZ,0.012620031356102263,0.0127,0.0127,resident,0.1362,0.0206,0.0115,365.0,13.62,0.0052629618562842735,rare,0.5262961856284274,,peak_abundance_with_occupancy_days_modifiers,0.1362
greant1,BZ,0.012422519998557154,0.0125,0.0125,resident,0.0873,0.0002,0.0002,365.0,8.73,0.005180593222513795,rare,0.5180593222513795,,peak_abundance_with_occupancy_days_modifiers,0.0873
russpa1,BZ,0.012027380212718455,0.0121,0.0121,resident,0.0167,0.0017,0.0059,365.0,1.67,0.005015807132678637,rare,0.5015807132678637,rare,peak_abundance_with_occupancy_days_modifiers,0.0167
slcsol1,BZ,0.011632084229707653,0.0117,0.0117,resident,0.0703,0.0501,0.0197,365.0,7.03,0.004850955903563262,rare,0.4850955903563262,,peak_abundance_with_occupancy_days_modifiers,0.0703
grhkit1,BZ,0.011632084229707653,0.0117,0.0117,resident,0.2878,0.0012,0.0022,365.0,28.78,0.004850955903563262,rare,0.4850955903563262,,peak_abundance_with_occupancy_days_modifiers,0.2878
cinbec1,BZ,0.01153323581367303,0.0116,0.0116,resident,0.0573,0.0063,0.0067,365.0,5.7299999999999995,0.00480973291223585,rare,0.480973291223585,,peak_abundance_with_occupancy_days_modifiers,0.0573
aplfal,BZ,0.011335509663745602,0.0114,0.0114,resident,0.1082,0.0004,0.0006,365.0,10.82,0.004727274703084514,rare,0.4727274703084514,,peak_abundance_with_occupancy_days_modifiers,0.1082
cinhum1,BZ,0.011137744410455924,0.0112,0.0112,resident,0.0381,0.0037,0.0041,365.0,3.81,0.004644800186564507,rare,0.4644800186564507,rare,peak_abundance_with_occupancy_days_modifiers,0.0381
phecuc1,BZ,0.01106505156080179,0.011126495662082,0.011126495662082,resident,0.2905697821057884,0.0029529063330354,0.0061747890003369,365.0,29.056978210578837,0.004614484913633765,rare,0.4614484913633765,,peak_abundance_with_occupancy_days_modifiers,0.2905697821057884
blkpho,BZ,0.011038847115216341,0.0083,0.0111,nonbreeding,0.1219,0.0013,0.0006,112.0,12.19,0.004603556811025358,rare,0.4603556811025358,,peak_abundance_with_occupancy_days_modifiers,0.1219
phivir,BZ,0.010939940038334364,0.009300000000000001,0.011,nonbreeding,0.3061,0.0183,0.008,112.0,30.61,0.004562309356224399,rare,0.4562309356224399,,peak_abundance_with_occupancy_days_modifiers,0.3061
nigwre1,BZ,0.010939940038334364,0.011,0.011,resident,0.1289,0.1216,0.1022,365.0,12.889999999999999,0.004562309356224399,rare,0.4562309356224399,,peak_abundance_with_occupancy_days_modifiers,0.1289
solsan,BZ,0.010841023177874857,0.009733333333333332,0.0109,prebreeding_migration,0.2747,0.0007,0.0005,126.0,27.47,0.004521057821354797,rare,0.4521057821354797,,peak_abundance_with_occupancy_days_modifiers,0.2747
grtcha1,BZ,0.010544213875671154,0.0106,0.0106,resident,0.105,0.0345,0.0241,365.0,10.5,0.004397278728259838,rare,0.4397278728259838,,peak_abundance_with_occupancy_days_modifiers,0.105
semsan,BZ,0.01014833105181515,0.006066666666666667,0.0102,postbreeding_migration,0.0428,0.0056,0.0,119.0,4.279999999999999,0.004232182767503403,rare,0.4232182767503403,rare,peak_abundance_with_occupancy_days_modifiers,0.0428
gubter2,BZ,0.010127402816826808,0.008355005114392425,0.0101788585182425,prebreeding_migration,0.1121021885318478,0.0060771257531532,0.00022298772935930988,140.0,11.210218853184779,0.00422345501561794,rare,0.422345501561794,,peak_abundance_with_occupancy_days_modifiers,0.1121021885318478
strcuc1,BZ,0.01004933585300144,0.0101,0.0101,resident,0.1756,0.0006,0.0003,365.0,17.560000000000002,0.004190898563002608,rare,0.41908985630026085,,peak_abundance_with_occupancy_days_modifiers,0.1756
crahaw,BZ,0.009950330853168083,0.01,0.01,resident,0.3872,0.0012,0.0008,365.0,38.72,0.0041496102711591504,very_rare,0.41496102711591504,,peak_abundance_with_occupancy_days_modifiers,0.3872
fuwduc,BZ,0.009653257028138304,0.00755,0.0097,breeding,0.0705,,,,7.049999999999999,0.0040257208634774475,very_rare,0.4025720863477448,,peak_abundance_with_occupancy_days_modifiers,0.0705
fepowl,BZ,0.009653257028138304,0.0097,0.0097,resident,0.092,0.0003,0.0003,365.0,9.2,0.0040257208634774475,very_rare,0.4025720863477448,,peak_abundance_with_occupancy_days_modifiers,0.092
yebcuc,BZ,0.009554212804811658,0.004299999999999999,0.0096,prebreeding_migration,0.6657,0.0024,0.0005,105.0,66.57,0.0039844162141667834,very_rare,0.3984416214166783,,peak_abundance_with_occupancy_days_modifiers,0.6657
camwar,BZ,0.009455158770755135,0.005533333333333334,0.0095,nonbreeding,0.0862,0.0093,0.0036,119.0,8.62,0.003943107473463978,very_rare,0.39431074734639776,,peak_abundance_with_occupancy_days_modifiers,0.0862
strfly1,BZ,0.009455158770755135,0.004900000000000001,0.0095,nonbreeding,0.1817,0.0004,0.0004,63.0,18.17,0.003943107473463978,very_rare,0.39431074734639776,,peak_abundance_with_occupancy_days_modifiers,0.1817
scatan,BZ,0.009356094924024954,0.009049999999999999,0.0094,prebreeding_migration,0.6104,0.0038,0.0014,91.0,61.040000000000006,0.00390179464055841,very_rare,0.390179464055841,,peak_abundance_with_occupancy_days_modifiers,0.6104
whwbec1,BZ,0.009257021262676763,0.0086,0.0093,nonbreeding,0.2075,0.0005,0.0003,287.0,20.75,0.003860477714639222,very_rare,0.3860477714639222,,peak_abundance_with_occupancy_days_modifiers,0.2075
norsho,BZ,0.009058844488346039,0.0061,0.0091,nonbreeding,0.0553,0.0004,0.0,84.0,5.53,0.0037778315805153456,very_rare,0.37778315805153456,,peak_abundance_with_occupancy_days_modifiers,0.0553
hobkit,BZ,0.008959741371471904,0.009,0.009,resident,0.1278,0.0006,0.0044,365.0,12.78,0.003736502370687642,very_rare,0.3736502370687642,,peak_abundance_with_occupancy_days_modifiers,0.1278
capowl1,BZ,0.00876150566857275,0.0088,0.0088,resident,0.1806,0.083,0.1254,365.0,18.060000000000002,0.0036538316614419504,very_rare,0.365383166144195,,peak_abundance_with_occupancy_days_modifiers,0.1806
whwtan1,BZ,0.008662373078652657,0.0087,0.0087,resident,0.1141,0.0185,0.0121,365.0,11.41,0.003612490160399499,very_rare,0.3612490160399499,,peak_abundance_with_occupancy_days_modifiers,0.1141
whtkit,BZ,0.008662373078652657,0.0087,0.0087,resident,0.0689,0.0009,0.0021,365.0,6.890000000000001,0.003612490160399499,very_rare,0.3612490160399499,,peak_abundance_with_occupancy_days_modifiers,0.0689
whthaw,BZ,0.008662373078652657,0.0087,0.0087,resident,0.103,0.0005,0.0007,365.0,10.299999999999999,0.003612490160399499,very_rare,0.3612490160399499,,peak_abundance_with_occupancy_days_modifiers,0.103
wilsni1,BZ,0.008662373078652657,0.004433333333333333,0.0087,nonbreeding,0.1122,0.0029,0.001,84.0,11.219999999999999,0.003612490160399499,very_rare,0.3612490160399499,,peak_abundance_with_occupancy_days_modifiers,0.1122
rucwar,BZ,0.008563230660487873,0.0086,0.0086,resident,0.0144,0.001,0.0018,365.0,1.44,0.003571144560660661,very_rare,0.3571144560660661,rare,peak_abundance_with_occupancy_days_modifiers,0.0144
crowoo1,BZ,0.008464078412129412,0.0085,0.0085,resident,0.1218,0.0187,0.0065,365.0,12.18,0.003529794861412646,very_rare,0.35297948614126456,,peak_abundance_with_occupancy_days_modifiers,0.1218
lesgol,BZ,0.008067371077758796,0.004425,0.0081,nonbreeding,0.0385,0.0005,0.0002,105.0,3.85,0.0033643550530645483,very_rare,0.33643550530645483,rare,peak_abundance_with_occupancy_days_modifiers,0.0385
noremt1,BZ,0.008067371077758796,0.0081,0.0081,resident,0.0554,0.0179,0.0079,365.0,5.54,0.0033643550530645483,very_rare,0.33643550530645483,,peak_abundance_with_occupancy_days_modifiers,0.0554
carwre,BZ,0.007968169649176874,0.008,0.008,resident,0.071,0.0007,0.0001,365.0,7.1,0.003322984844070332,very_rare,0.3322984844070332,,peak_abundance_with_occupancy_days_modifiers,0.071
cobtan1,BZ,0.007968169649176874,0.008,0.008,resident,0.0417,0.0042,0.001,365.0,4.17,0.003322984844070332,very_rare,0.3322984844070332,rare,peak_abundance_with_occupancy_days_modifiers,0.0417
perfal,BZ,0.00786895837869518,0.00585,0.0079,prebreeding_migration,0.3119,,,,31.19,0.0032816105306851177,very_rare,0.3281610530685118,,peak_abundance_with_occupancy_days_modifiers,0.3119
plsvir,BZ,0.007670506304219701,0.00605,0.0077,prebreeding_migration,0.1663,0.004,0.0038,112.0,16.63,0.0031988495874835155,very_rare,0.31988495874835154,,peak_abundance_with_occupancy_days_modifiers,0.1663
blhsis1,BZ,0.007670506304219701,0.0077,0.0077,resident,0.0115,0.0021,0.0051,365.0,1.15,0.0031988495874835155,very_rare,0.31988495874835154,rare,peak_abundance_with_occupancy_days_modifiers,0.0115
blkski,BZ,0.007472014838700995,0.00345,0.0075,postbreeding_migration,0.0545,0.0006,0.0002,119.0,5.45,0.0031160722169409553,very_rare,0.31160722169409555,,peak_abundance_with_occupancy_days_modifiers,0.0545
snakit,BZ,0.007472014838700995,0.0075,0.0075,resident,0.0156,0.0002,0.0002,365.0,1.5599999999999998,0.0031160722169409553,very_rare,0.31160722169409555,rare,peak_abundance_with_occupancy_days_modifiers,0.0156
amewig,BZ,0.007372754329413085,0.002933333333333333,0.0074,nonbreeding,0.0707,0.0019,0.0001,42.0,7.07,0.003074677369378634,very_rare,0.3074677369378634,,peak_abundance_with_occupancy_days_modifiers,0.0707
norhar2,BZ,0.007372754329413085,0.003866666666666667,0.0074,nonbreeding,0.065,0.0004,0.0002,77.0,6.5,0.003074677369378634,very_rare,0.3074677369378634,,peak_abundance_with_occupancy_days_modifiers,0.065
botspa,BZ,0.007372754329413085,0.0074,0.0074,resident,0.055,0.0059,0.0132,365.0,5.5,0.003074677369378634,very_rare,0.3074677369378634,,peak_abundance_with_occupancy_days_modifiers,0.055
banana,BZ,0.007273483966498386,0.0073,0.0073,resident,0.0411,0.0001,0.0001,365.0,4.109999999999999,0.0030332784125347693,very_rare,0.30332784125347695,rare,peak_abundance_with_occupancy_days_modifiers,0.0411
rutfly2,BZ,0.006975613736425242,0.007,0.007,resident,0.1638,0.0009,0.0007,365.0,16.38,0.0029090568781531974,very_rare,0.2909056878153197,,peak_abundance_with_occupancy_days_modifiers,0.1638
leabit,BZ,0.006776984279023751,0.00415,0.0068,nonbreeding,0.1185,0.0031,0.0028,49.0,11.85,0.0028262219605257625,very_rare,0.28262219605257627,,peak_abundance_with_occupancy_days_modifiers,0.1185
yucnig1,BZ,0.006280237957150483,0.00605,0.0063,nonbreeding,0.3515,0.0633,0.0915,98.0,35.15,0.002619062653983778,very_rare,0.2619062653983778,,peak_abundance_with_occupancy_days_modifiers,0.3515
giacow,BZ,0.006180859075081115,0.0062,0.0062,resident,0.1217,0.0007,0.0004,365.0,12.17,0.0025776184411373257,very_rare,0.2577618441137326,,peak_abundance_with_occupancy_days_modifiers,0.1217
sungre1,BZ,0.006110935310440855,0.006129645167785,0.006129645167785,resident,0.2638891351407889,0.0016374457691262,0.0018695691075314,365.0,26.388913514078887,0.002548457966352029,very_rare,0.2548457966352029,,peak_abundance_with_occupancy_days_modifiers,0.2638891351407889
yucvir,BZ,0.005882663158155495,0.0059,0.0059,resident,0.0186,0.1061,0.058,365.0,1.8599999999999999,0.002453261084788902,very_rare,0.2453261084788902,rare,peak_abundance_with_occupancy_days_modifiers,0.0186
norpin,BZ,0.005683816468297671,0.0019666666666666665,0.0057,nonbreeding,0.0315,0.0002,0.0,35.0,3.15,0.002370335574190707,very_rare,0.2370335574190707,rare,peak_abundance_with_occupancy_days_modifiers,0.0315
stisan,BZ,0.005683816468297671,0.004233333333333333,0.0057,prebreeding_migration,0.0958,0.0019,0.0003,98.0,9.58,0.002370335574190707,very_rare,0.2370335574190707,,peak_abundance_with_occupancy_days_modifiers,0.0958
merlin,BZ,0.005584378293900615,0.004166666666666667,0.0056,nonbreeding,0.2873,,,,28.73,0.0023288666345230463,very_rare,0.23288666345230463,,peak_abundance_with_occupancy_days_modifiers,0.2873
amakin1,BZ,0.005484930230569685,0.0055,0.0055,resident,0.0566,0.0002,0.0002,365.0,5.66,0.0022873935708496436,very_rare,0.22873935708496435,,peak_abundance_with_occupancy_days_modifiers,0.0566
spemou1,BZ,0.005392880687117276,0.0054074484437882,0.0054074484437882,resident,0.3173320973061803,0.0883473088224731,0.0572407758260121,365.0,31.73320973061803,0.0022490059296141774,very_rare,0.22490059296141773,,peak_abundance_with_occupancy_days_modifiers,0.3173320973061803
jabiru,BZ,0.005385472276337817,0.0054,0.0054,resident,0.021,0.0004,0.0003,365.0,2.1,0.0022459163823501686,very_rare,0.22459163823501685,rare,peak_abundance_with_occupancy_days_modifiers,0.021
pibgre,BZ,0.005385472276337817,0.0023,0.0054,nonbreeding,0.0189,0.0002,0.0003,133.0,1.8900000000000001,0.0022459163823501686,very_rare,0.22459163823501685,rare,peak_abundance_with_occupancy_days_modifiers,0.0189
plawre1,BZ,0.004888034072775962,0.0049,0.0049,resident,0.0136,0.0019,0.0018,365.0,1.3599999999999999,0.002038468538732918,very_rare,0.2038468538732918,rare,peak_abundance_with_occupancy_days_modifiers,0.0136
y00678,BZ,0.004888034072775962,0.0049,0.0049,resident,0.0449,0.0001,0.0,365.0,4.49,0.002038468538732918,very_rare,0.2038468538732918,rare,peak_abundance_with_occupancy_days_modifiers,0.0449
cardov1,BZ,0.004788516731797177,0.0048,0.0048,resident,0.0443,0.0185,0.0123,365.0,4.43,0.001996966584036358,very_rare,0.19969665840363582,rare,peak_abundance_with_occupancy_days_modifiers,0.0443
bawhae1,BZ,0.004688989486131542,0.0047,0.0047,resident,0.1631,0.0022,0.0078,365.0,16.31,0.0019554604987645544,very_rare,0.19554604987645544,,peak_abundance_with_occupancy_days_modifiers,0.1631
soleag1,BZ,0.004686420700417465,0.0046974191443079,0.0046974191443079,resident,0.2273099547712063,0.0095006411061572,0.0214066297604007,365.0,22.73099547712063,0.001954389231915178,very_rare,0.1954389231915178,,peak_abundance_with_occupancy_days_modifiers,0.2273099547712063
veery,BZ,0.0045894523338072864,0.00355,0.0046,postbreeding_migration,0.5033,0.0044,0.0015,63.0,50.33,0.0019139502820952148,very_rare,0.19139502820952148,,peak_abundance_with_occupancy_days_modifiers,0.5033
shihon1,BZ,0.004390348301292895,0.0044,0.0044,resident,0.0868,0.0335,0.0087,365.0,8.68,0.0018309174512735364,very_rare,0.18309174512735363,,peak_abundance_with_occupancy_days_modifiers,0.0868
fragul,BZ,0.004390348301292895,0.0033,0.0044,prebreeding_migration,0.0383,0.0006,0.0,49.0,3.83,0.0018309174512735364,very_rare,0.18309174512735363,rare,peak_abundance_with_occupancy_days_modifiers,0.0383
trimun,BZ,0.004191204618468071,0.0042,0.0042,resident,0.0141,0.0003,0.0002,365.0,1.41,0.0017478680849880779,very_rare,0.1747868084988078,rare,peak_abundance_with_occupancy_days_modifiers,0.0141
amgplo,BZ,0.003992021269537453,0.004,0.004,prebreeding_migration,0.0915,0.0008,0.0001,84.0,9.15,0.0016648021766516613,very_rare,0.16648021766516613,,peak_abundance_with_occupancy_days_modifiers,0.0915
babwre1,BZ,0.003910768258774983,0.0039184252913347,0.0039184252913347,resident,0.1081500212977851,0.0101191017082017,0.0028006654814478,365.0,10.81500212977851,0.001630917039262959,very_rare,0.1630917039262959,,peak_abundance_with_occupancy_days_modifiers,0.1081500212977851
azchum1,BZ,0.003792798238696237,0.0038,0.0038,resident,0.0132,0.0053,0.0059,365.0,1.32,0.0015817197196731716,very_rare,0.15817197196731717,rare,peak_abundance_with_occupancy_days_modifiers,0.0132
clarai11,BZ,0.0036931718376175702,0.0026249999999999997,0.0037,prebreeding_migration,0.0352,0.0203,0.0062,119.0,3.52,0.0015401722833823486,very_rare,0.15401722833823486,rare,peak_abundance_with_occupancy_days_modifiers,0.0352
gycthr,BZ,0.0035935355101301704,0.0022,0.0036,postbreeding_migration,0.2632,0.0025,0.001,63.0,26.32,0.0014986207074575537,very_rare,0.14986207074575536,,peak_abundance_with_occupancy_days_modifiers,0.2632
mouwar,BZ,0.0035935355101301704,0.0018,0.0036,prebreeding_migration,0.4893,0.0042,0.0016,42.0,48.93,0.0014986207074575537,very_rare,0.14986207074575536,,peak_abundance_with_occupancy_days_modifiers,0.4893
chiswi,BZ,0.0035935355101301704,0.0036,0.0036,postbreeding_migration,0.029,0.0004,0.0001,56.0,2.9000000000000004,0.0014986207074575537,very_rare,0.14986207074575536,rare,peak_abundance_with_occupancy_days_modifiers,0.029
tropar,BZ,0.00349388925425578,0.0028,0.0035,breeding,0.1739,0.0009,0.0001,147.0,17.39,0.0014570649910737887,very_rare,0.14570649910737887,,peak_abundance_with_occupancy_days_modifiers,0.1739
cedwax,BZ,0.003294566949430031,0.00185,0.0033,nonbreeding,0.1462,0.001,0.0,98.0,14.62,0.0013739411336281234,very_rare,0.13739411336281235,,peak_abundance_with_occupancy_days_modifiers,0.1462
prawar,BZ,0.003294566949430031,0.002333333333333333,0.0033,nonbreeding,0.0579,0.0042,0.0014,112.0,5.79,0.0013739411336281234,very_rare,0.13739411336281235,,peak_abundance_with_occupancy_days_modifiers,0.0579
canwar,BZ,0.002995508979798479,0.00185,0.003,postbreeding_migration,0.2515,0.0018,0.0008,49.0,25.15,0.001249224273378119,very_rare,0.12492242733781189,,peak_abundance_with_occupancy_days_modifiers,0.2515
rusant1,BZ,0.002995508979798479,0.003,0.003,resident,0.1813,0.072,0.0215,365.0,18.13,0.001249224273378119,very_rare,0.12492242733781189,,peak_abundance_with_occupancy_days_modifiers,0.1813
spowoo1,BZ,0.002895803112025565,0.0029,0.0029,resident,0.0386,0.016,0.0105,365.0,3.8600000000000003,0.0012076436969017555,very_rare,0.12076436969017555,rare,peak_abundance_with_occupancy_days_modifiers,0.0386
zothaw,BZ,0.002796087302001274,0.00085,0.0028,nonbreeding,0.382,0.0027,0.0014,126.0,38.2,0.001166058974184524,very_rare,0.1166058974184524,,peak_abundance_with_occupancy_days_modifiers,0.382
brvear1,BZ,0.002796087302001274,0.0028,0.0028,resident,0.091,0.0709,0.0667,365.0,9.1,0.001166058974184524,very_rare,0.1166058974184524,,peak_abundance_with_occupancy_days_modifiers,0.091
whcswi1,BZ,0.0027178793425164374,0.0027215761249542,0.0027215761249542,resident,0.2188832287376149,0.0161721692805729,0.0014595408251728,365.0,21.88832287376149,0.001133443721812172,very_rare,0.11334437218121719,,peak_abundance_with_occupancy_days_modifiers,0.2188832287376149
wesant1,BZ,0.0026963615477426086,0.0027,0.0027,resident,0.0236,0.0033,0.0014,365.0,2.36,0.0011244701043994507,very_rare,0.11244701043994507,rare,peak_abundance_with_occupancy_days_modifiers,0.0236
yebori1,BZ,0.0026963615477426086,0.0027,0.0027,resident,0.0172,0.0017,0.0009,365.0,1.72,0.0011244701043994507,very_rare,0.11244701043994507,rare,peak_abundance_with_occupancy_days_modifiers,0.0172
comgal1,BZ,0.002596625847265978,0.001025,0.0026,nonbreeding,0.0377,0.0002,0.0,98.0,3.7699999999999996,0.001082877086719314,very_rare,0.1082877086719314,rare,peak_abundance_with_occupancy_days_modifiers,0.0377
swawar,BZ,0.002496880198587199,0.0017000000000000001,0.0025,postbreeding_migration,0.1801,0.0933,0.073,133.0,18.01,0.0010412799203166443,very_rare,0.10412799203166442,,peak_abundance_with_occupancy_days_modifiers,0.1801
uplsan,BZ,0.0023971245997214934,0.0013,0.0024,prebreeding_migration,0.1681,0.001,0.0001,49.0,16.81,0.000999678604363726,very_rare,0.09996786043637261,,peak_abundance_with_occupancy_days_modifiers,0.1681
wilpha,BZ,0.0023971245997214934,0.00145,0.0024,prebreeding_migration,0.0828,0.0011,0.0,49.0,8.28,0.000999678604363726,very_rare,0.09996786043637261,,peak_abundance_with_occupancy_days_modifiers,0.0828
amhgul1,BZ,0.0023675950736350556,0.0014138680736550246,0.0023704000400895,nonbreeding,0.1854383135112235,0.0078920506337389,1.519218611159767e-05,63.0,18.54383135112235,0.0009873638354822845,very_rare,0.09873638354822845,,peak_abundance_with_occupancy_days_modifiers,0.1854383135112235
boboli,BZ,0.0021975835434872217,0.0011,0.0022,postbreeding_migration,0.0655,0.0005,0.0001,56.0,6.550000000000001,0.0009164635204950369,very_rare,0.0916463520495037,,peak_abundance_with_occupancy_days_modifiers,0.0655
oraori1,BZ,0.0021975835434872217,0.0022,0.0022,resident,0.0182,0.0058,0.0032,365.0,1.82,0.0009164635204950369,very_rare,0.0916463520495037,rare,peak_abundance_with_occupancy_days_modifiers,0.0182
snoplo5,BZ,0.002097798082146129,0.0013333333333333333,0.0021,nonbreeding,0.0245,0.0112,0.0014,112.0,2.45,0.0008748497509225938,very_rare,0.08748497509225937,rare,peak_abundance_with_occupancy_days_modifiers,0.0245
grcbec1,BZ,0.002097798082146129,0.0021,0.0021,resident,0.1872,0.0171,0.005,365.0,18.72,0.0008748497509225938,very_rare,0.08748497509225937,,peak_abundance_with_occupancy_days_modifiers,0.1872
brnowl,BZ,0.002097798082146129,0.0021,0.0021,resident,0.0203,,,,2.03,0.0008748497509225938,very_rare,0.08748497509225937,rare,peak_abundance_with_occupancy_days_modifiers,0.0203
moudov,BZ,0.002097798082146129,0.001,0.0021,postbreeding_migration,0.1914,0.0006,0.0,105.0,19.139999999999997,0.0008748497509225938,very_rare,0.08748497509225937,,peak_abundance_with_occupancy_days_modifiers,0.1914
blchaw1,BZ,0.002085992992976367,0.0020881701899691,0.0020881701899691,resident,0.123232492709662,0.0009226895917293208,0.0003316722795394238,365.0,12.3232492709662,0.0008699266463551537,very_rare,0.08699266463551537,,peak_abundance_with_occupancy_days_modifiers,0.123232492709662
agaher1,BZ,0.0018981972830802527,0.0019,0.0019,resident,0.0374,0.0017,0.0049,365.0,3.74,0.0007916097523579702,very_rare,0.07916097523579702,rare,peak_abundance_with_occupancy_days_modifiers,0.0374
yebcra1,BZ,0.0017307630829530754,0.001732261717847,0.001732261717847,resident,0.0712613590386686,0.0056586567362536,0.0302444361604525,365.0,7.126135903866861,0.0007217842674727291,very_rare,0.07217842674727291,,peak_abundance_with_occupancy_days_modifiers,0.0712613590386686
ameavo,BZ,0.0016985566355814774,0.0007666666666666667,0.0017,nonbreeding,0.0117,0.0018,0.0001,56.0,1.17,0.00070835313570608,very_rare,0.070835313570608,rare,peak_abundance_with_occupancy_days_modifiers,0.0117
bubsan,BZ,0.0016985566355814774,0.0017,0.0017,prebreeding_migration,0.029,0.0079,0.0013,35.0,2.9000000000000004,0.00070835313570608,very_rare,0.070835313570608,rare,peak_abundance_with_occupancy_days_modifiers,0.029
gryfin1,BZ,0.0015987213636970278,0.0014,0.0016,breeding,0.0038,0.0001,0.0,42.0,0.38,0.0006667185935236227,very_rare,0.06667185935236226,very_rare,peak_abundance_with_occupancy_days_modifiers,0.0038
styowl1,BZ,0.0015351847732540714,0.0015363637726482,0.0015363637726482,resident,0.1720975121621318,0.0070299650286835,0.0129957721836044,365.0,17.209751216213178,0.0006402217772682381,very_rare,0.06402217772682381,,peak_abundance_with_occupancy_days_modifiers,0.1720975121621318
buhvir,BZ,0.0014988761237358919,0.0006666666666666666,0.0015,nonbreeding,0.0226,0.0005,0.0002,56.0,2.26,0.0006250798943303071,very_rare,0.06250798943303071,rare,peak_abundance_with_occupancy_days_modifiers,0.0226
pinbit1,BZ,0.0014224222162304554,0.0014234343385426,0.0014234343385426,resident,0.0859726785326803,0.0055455358286387,0.0060208542555568,365.0,8.59726785326803,0.0005931961384495796,very_rare,0.059319613844957965,,peak_abundance_with_occupancy_days_modifiers,0.0859726785326803
whtfly1,BZ,0.0013624669239231703,0.0011155012149065035,0.0013633955036544,nonbreeding,0.0553537945276545,0.0603514690071946,0.1272107647769143,112.0,5.53537945276545,0.0005681928395201564,very_rare,0.056819283952015645,,peak_abundance_with_occupancy_days_modifiers,0.0553537945276545
mancuc,BZ,0.00129915573162005,0.0013,0.0013,resident,0.0393,0.005,0.0033,365.0,3.93,0.0005417900215900586,very_rare,0.05417900215900586,rare,peak_abundance_with_occupancy_days_modifiers,0.0393
leagre,BZ,0.00129915573162005,0.0013,0.0013,resident,0.0045,0.0001,0.0002,365.0,0.44999999999999996,0.0005417900215900586,very_rare,0.05417900215900586,very_rare,peak_abundance_with_occupancy_days_modifiers,0.0045
aldfly,BZ,0.00129915573162005,0.00075,0.0013,postbreeding_migration,0.0987,0.0004,0.0,70.0,9.87,0.0005417900215900586,very_rare,0.05417900215900586,,peak_abundance_with_occupancy_days_modifiers,0.0987
bichaw1,BZ,0.0011992805754820971,0.0012,0.0012,resident,0.065,0.0008,0.0019,365.0,6.5,0.0005001388463819827,very_rare,0.050013884638198274,,peak_abundance_with_occupancy_days_modifiers,0.065
btbwar,BZ,0.0011992805754820971,0.0008999999999999999,0.0012,nonbreeding,0.1813,0.0145,0.0004,126.0,18.13,0.0005001388463819827,very_rare,0.050013884638198274,,peak_abundance_with_occupancy_days_modifiers,0.1813
speowl1,BZ,0.0011992805754820971,0.0012,0.0012,resident,0.0399,0.0002,0.0001,365.0,3.9899999999999998,0.0005001388463819827,very_rare,0.050013884638198274,rare,peak_abundance_with_occupancy_days_modifiers,0.0399
chcswi1,BZ,0.000979588485007395,0.0009800684385135564,0.0009800684385135564,resident,0.2589425332164116,0.0053758607482109,0.000510374763505528,365.0,25.89425332164116,0.0004085201285142665,very_rare,0.04085201285142665,,peak_abundance_with_occupancy_days_modifiers,0.2589425332164116
stbwoo1,BZ,0.000899595242836093,0.0009,0.0009,resident,0.0123,0.0001,0.0003,365.0,1.23,0.0003751603554337701,very_rare,0.03751603554337701,rare,peak_abundance_with_occupancy_days_modifiers,0.0123
whveup1,BZ,0.000854900687916978,0.0008552662196671054,0.0008552662196671054,resident,0.2008403774426717,0.0014933128757961,0.0003717221911945353,365.0,20.08403774426717,0.0003565212783122184,very_rare,0.03565212783122184,,peak_abundance_with_occupancy_days_modifiers,0.2008403774426717
creowl1,BZ,0.0008429588314204656,0.0008433142210687995,0.0008433142210687995,resident,0.2890461724130103,0.0013044303424261,0.00010012037942939784,365.0,28.90461724130103,0.0003515411373394939,very_rare,0.035154113733949395,,peak_abundance_with_occupancy_days_modifiers,0.2890461724130103
cerwar,BZ,0.0007996801705643322,0.00065,0.0008,postbreeding_migration,0.1714,0.0074,0.0025,70.0,17.14,0.0003334925339049559,very_rare,0.03334925339049559,,peak_abundance_with_occupancy_days_modifiers,0.1714
unicra1,BZ,0.0007996801705643322,0.0008,0.0008,resident,0.0821,0.0025,0.0005,365.0,8.21,0.0003334925339049559,very_rare,0.03334925339049559,,peak_abundance_with_occupancy_days_modifiers,0.0821
margod,BZ,0.0007996801705643322,0.0008,0.0008,postbreeding_migration,0.0172,0.0004,0.0,98.0,1.72,0.0003334925339049559,very_rare,0.03334925339049559,rare,peak_abundance_with_occupancy_days_modifiers,0.0172
tatlea1,BZ,0.0007383698666143977,0.0007386425287487315,0.0007386425287487315,resident,0.0693505616246644,0.0126943005181347,0.0048735872196239,365.0,6.93505616246644,0.0003079241512298236,very_rare,0.030792415122982357,,peak_abundance_with_occupancy_days_modifiers,0.0693505616246644
rethaw,BZ,0.0005998200719676155,0.00039999999999999996,0.0006,nonbreeding,0.0297,0.0001,0.0,84.0,2.97,0.0002501443990368907,very_rare,0.02501443990368907,rare,peak_abundance_with_occupancy_days_modifiers,0.0297
slcsee1,BZ,0.0005355427512694498,0.0005356861798915787,0.0005356861798915787,resident,0.2912770526288485,0.0106049849951063,0.0013303157665866,365.0,29.127705262884852,0.0002233386742717969,very_rare,0.02233386742717969,,peak_abundance_with_occupancy_days_modifiers,0.2912770526288485
wilfly,BZ,0.000499875041651048,0.00023333333333333333,0.0005,nonbreeding,0.0682,0.0017,0.0014,105.0,6.819999999999999,0.00020846408403300828,very_rare,0.020846408403300827,,peak_abundance_with_occupancy_days_modifiers,0.0682
shshaw,BZ,0.000499875041651048,0.000225,0.0005,nonbreeding,0.0451,0.0002,0.0001,77.0,4.51,0.00020846408403300828,very_rare,0.020846408403300827,rare,peak_abundance_with_occupancy_days_modifiers,0.0451
comter,BZ,0.000499875041651048,0.000375,0.0005,breeding,0.0562,0.0001,0.0,126.0,5.62,0.00020846408403300828,very_rare,0.020846408403300827,,peak_abundance_with_occupancy_days_modifiers,0.0562
sporai,BZ,0.0004853451856673465,0.00048546298469893186,0.00048546298469893186,resident,0.0787903638945652,0.0027111888109792,0.001054044325839,365.0,7.8790363894565205,0.00020240466344507256,very_rare,0.020240466344507255,,peak_abundance_with_occupancy_days_modifiers,0.0787903638945652
colplo1,BZ,0.0003999200213269354,0.0004,0.0004,resident,0.0035,0.0002,0.0001,365.0,0.35000000000000003,0.00016677960287238907,very_rare,0.016677960287238905,very_rare,peak_abundance_with_occupancy_days_modifiers,0.0035
ameoys,BZ,0.0003999200213269354,0.000275,0.0004,postbreeding_migration,0.0241,0.004,0.0001,98.0,2.41,0.00016677960287238907,very_rare,0.016677960287238905,rare,peak_abundance_with_occupancy_days_modifiers,0.0241
grykin,BZ,0.0003999200213269354,0.00023333333333333333,0.0004,prebreeding_migration,0.0038,0.0002,0.0,56.0,0.38,0.00016677960287238907,very_rare,0.016677960287238905,very_rare,peak_abundance_with_occupancy_days_modifiers,0.0038
savspa,BZ,0.0003999200213269354,0.0002,0.0004,nonbreeding,0.05,0.0004,0.0,56.0,5.0,0.00016677960287238907,very_rare,0.016677960287238905,,peak_abundance_with_occupancy_days_modifiers,0.05
shtnig1,BZ,0.00036112825593542086,0.00032499142860103574,0.0003611934705940874,nonbreeding,0.1227300835200534,0.0007196704821908318,1.5272983075161524e-05,161.0,12.273008352005341,0.0001506021801835984,very_rare,0.015060218018359842,,peak_abundance_with_occupancy_days_modifiers,0.1227300835200534
grepot1,BZ,0.00030939005538310174,0.00030943792142258496,0.00030943792142258496,resident,0.1612434321293307,0.0003794107910563692,3.9275362840465456e-05,365.0,16.12434321293307,0.00012902567467928987,very_rare,0.012902567467928987,,peak_abundance_with_occupancy_days_modifiers,0.1612434321293307
linspa,BZ,0.00029995500899797546,0.00019999999999999998,0.0003,postbreeding_migration,0.039,0.0001,0.0,42.0,3.9,0.00012509095472209328,very_rare,0.012509095472209329,rare,peak_abundance_with_occupancy_days_modifiers,0.039
tubmot1,BZ,0.00029995500899797546,0.0003,0.0003,resident,0.0038,0.0005,0.0001,365.0,0.38,0.00012509095472209328,very_rare,0.012509095472209329,very_rare,peak_abundance_with_occupancy_days_modifiers,0.0038
redcro,BZ,0.00029995500899797546,9.999999999999999e-05,0.0003,nonbreeding,0.0103,,,,1.03,0.00012509095472209328,very_rare,0.012509095472209329,rare,peak_abundance_with_occupancy_days_modifiers,0.0103
chwwid,BZ,0.00029995500899797546,0.0003,0.0003,postbreeding_migration,0.1174,0.0043,0.0012,28.0,11.74,0.00012509095472209328,very_rare,0.012509095472209329,rare,peak_abundance_with_occupancy_days_modifiers,0.1174
coohaw,BZ,0.00029995500899797546,9.999999999999999e-05,0.0003,nonbreeding,0.0389,0.0003,0.0001,98.0,3.8899999999999997,0.00012509095472209328,very_rare,0.012509095472209329,rare,peak_abundance_with_occupancy_days_modifiers,0.0389
eleeup1,BZ,0.00029995500899797546,0.0003,0.0003,resident,0.0197,0.0018,0.0002,365.0,1.97,0.00012509095472209328,very_rare,0.012509095472209329,rare,peak_abundance_with_occupancy_days_modifiers,0.0197
rnwrai1,BZ,0.00022059911328548237,0.00022062344705917696,0.00022062344705917696,resident,0.0320506570181901,0.0137225635800523,0.0319299568813429,365.0,3.20506570181901,9.199697575952185e-05,very_rare,0.009199697575952185,rare,peak_abundance_with_occupancy_days_modifiers,0.0320506570181901
naswar,BZ,0.00019998000266626675,0.0002,0.0002,postbreeding_migration,0.0555,0.0002,0.0,42.0,5.55,8.339813874893117e-05,very_rare,0.008339813874893118,,peak_abundance_with_occupancy_days_modifiers,0.0555
redkno,BZ,0.00019998000266626675,0.00015000000000000001,0.0002,postbreeding_migration,0.0272,,,,2.7199999999999998,8.339813874893117e-05,very_rare,0.008339813874893118,rare,peak_abundance_with_occupancy_days_modifiers,0.0272
cavswa,BZ,0.00019998000266626675,0.0001,0.0002,postbreeding_migration,0.0452,0.0011,0.0,14.0,4.52,8.339813874893117e-05,very_rare,0.008339813874893118,rare,peak_abundance_with_occupancy_days_modifiers,0.0452
paltyr3,BZ,0.00019998000266626675,0.0002,0.0002,resident,0.0139,0.0024,0.0002,365.0,1.39,8.339813874893117e-05,very_rare,0.008339813874893118,rare,peak_abundance_with_occupancy_days_modifiers,0.0139
snogoo,BZ,0.00019998000266626675,0.0002,0.0002,postbreeding_migration,0.0114,0.0001,0.0,21.0,1.1400000000000001,8.339813874893117e-05,very_rare,0.008339813874893118,rare,peak_abundance_with_occupancy_days_modifiers,0.0114
amebit,BZ,9.999500033330834e-05,5e-05,0.0001,prebreeding_migration,0.0444,0.0012,0.0,35.0,4.44,4.170115411946329e-05,very_rare,0.004170115411946329,rare,peak_abundance_with_occupancy_days_modifiers,0.0444
bacant1,BZ,9.999500033330834e-05,0.0001,0.0001,resident,0.0092,0.0065,0.0019,365.0,0.9199999999999999,4.170115411946329e-05,very_rare,0.004170115411946329,very_rare,peak_abundance_with_occupancy_days_modifiers,0.0092
clcspa,BZ,9.999500033330834e-05,0.0001,0.0001,postbreeding_migration,0.0155,0.0001,0.0,28.0,1.55,4.170115411946329e-05,very_rare,0.004170115411946329,rare,peak_abundance_with_occupancy_days_modifiers,0.0155
forter,BZ,9.999500033330834e-05,5e-05,0.0001,nonbreeding,0.0059,0.0013,0.0,63.0,0.59,4.170115411946329e-05,very_rare,0.004170115411946329,very_rare,peak_abundance_with_occupancy_days_modifiers,0.0059
sinqua1,BZ,9.999500033330834e-05,0.0001,0.0001,resident,0.0007,0.0003,0.0002,0.0,0.06999999999999999,4.170115411946329e-05,very_rare,0.004170115411946329,very_rare,peak_abundance_with_occupancy_days_modifiers,0.0007
grepew,BZ,9.999500033330834e-05,5e-05,0.0001,nonbreeding,0.0066,0.0003,0.0,35.0,0.66,4.170115411946329e-05,very_rare,0.004170115411946329,very_rare,peak_abundance_with_occupancy_days_modifiers,0.0066
eleter1,BZ,9.999500033330834e-05,0.0001,0.0001,postbreeding_migration,0.0024,0.0009,0.0,35.0,0.24,4.170115411946329e-05,very_rare,0.004170115411946329,very_rare,peak_abundance_with_occupancy_days_modifiers,0.0024
bkwvir,BZ,9.999500033330834e-05,0.0001,0.0001,postbreeding_migration,0.0541,0.0032,0.0,28.0,5.41,4.170115411946329e-05,very_rare,0.004170115411946329,rare,peak_abundance_with_occupancy_days_modifiers,0.0541
wewpew,BZ,9.999500033330834e-05,5e-05,0.0001,postbreeding_migration,0.0106,0.0,0.0,63.0,1.06,4.170115411946329e-05,very_rare,0.004170115411946329,rare,peak_abundance_with_occupancy_days_modifiers,0.0106
weskin,BZ,9.999500033330834e-05,5e-05,0.0001,nonbreeding,0.0013,0.0001,0.0,35.0,0.13,4.170115411946329e-05,very_rare,0.004170115411946329,very_rare,peak_abundance_with_occupancy_days_modifiers,0.0013
grhowl,BZ,9.999500033330834e-05,0.0001,0.0001,resident,0.0021,0.0,0.0,365.0,0.21,4.170115411946329e-05,very_rare,0.004170115411946329,very_rare,peak_abundance_with_occupancy_days_modifiers,0.0021
bkbcuc,BZ,9.999500033330834e-05,5e-05,0.0001,postbreeding_migration,0.0898,0.0009,0.0001,49.0,8.98,4.170115411946329e-05,very_rare,0.004170115411946329,,peak_abundance_with_occupancy_days_modifiers,0.0898
blccoq1,BZ,5.7991071557602035e-05,5.799275307229636e-05,5.799275307229636e-05,resident,0.3160828354639519,0.1356212601365158,0.0505532248921309,365.0,31.60828354639519,2.4184155252959974e-05,very_rare,0.0024184155252959974,,peak_abundance_with_occupancy_days_modifiers,0.3160828354639519
grbcra1,BZ,2.847625218241818e-05,2.8476657634735937e-05,2.8476657634735937e-05,resident,0.0819032120083557,0.0010088210462597,0.00024134849767579685,365.0,8.19032120083557,1.1875519546475068e-05,very_rare,0.001187551954647507,,peak_abundance_with_occupancy_days_modifiers,0.0819032120083557
lovcot1,BZ,2.1420798789136017e-05,2.1421028216084566e-05,2.1421028216084566e-05,resident,0.2803117853748755,0.178483932726553,0.0459509380197052,365.0,28.03117853748755,8.933166945264759e-06,very_rare,0.000893316694526476,,peak_abundance_with_occupancy_days_modifiers,0.2803117853748755
blusee1,BZ,1.4683279545804404e-05,1.4683387345681132e-05,1.4683387345681132e-05,resident,0.0819267442210657,0.0382588774341351,0.0151539940244351,365.0,8.19267442210657,6.1234031829795525e-06,very_rare,0.0006123403182979552,,peak_abundance_with_occupancy_days_modifiers,0.0819267442210657
rebmer,BZ,0.0,0.0,0.0,nonbreeding,0.0003,0.0,0.0,0.0,0.03,0.0,very_rare,0.0,very_rare,peak_abundance_with_occupancy_days_modifiers,0.0003
pipplo,BZ,0.0,0.0,0.0,nonbreeding,0.0003,0.0003,0.0001,0.0,0.03,0.0,very_rare,0.0,very_rare,peak_abundance_with_occupancy_days_modifiers,0.0003
incdov,BZ,0.0,0.0,0.0,resident,0.0014,0.0,0.0,365.0,0.13999999999999999,0.0,very_rare,0.0,very_rare,peak_abundance_with_occupancy_days_modifiers,0.0014
dunlin,BZ,0.0,0.0,0.0,nonbreeding,0.0117,0.0002,0.0,14.0,1.17,0.0,very_rare,0.0,rare,peak_abundance_with_occupancy_days_modifiers,0.0117
grnvie1,BZ,0.0,0.0,0.0,breeding,0.001,0.0002,0.0,0.0,0.1,0.0,very_rare,0.0,very_rare,peak_abundance_with_occupancy_days_modifiers,0.001
houspa,BZ,0.0,0.0,0.0,resident,0.0003,0.0,0.0,0.0,0.03,0.0,very_rare,0.0,very_rare,peak_abundance_with_occupancy_days_modifiers,0.0003
hudgod,BZ,0.0,0.0,0.0,prebreeding_migration,0.0062,0.0002,0.0,28.0,0.62,0.0,very_rare,0.0,rare,peak_abundance_with_occupancy_days_modifiers,0.0062
ribgul,BZ,0.0,0.0,0.0,nonbreeding,0.001,0.0001,0.0,0.0,0.1,0.0,very_rare,0.0,very_rare,peak_abundance_with_occupancy_days_modifiers,0.001
renpha,BZ,0.0,0.0,0.0,postbreeding_migration,0.0148,,,,1.48,0.0,very_rare,0.0,rare,peak_abundance_with_occupancy_days_modifiers,0.0148
lbbgul,BZ,0.0,0.0,0.0,nonbreeding,0.0021,0.0,0.0,21.0,0.21,0.0,very_rare,0.0,rare,peak_abundance_with_occupancy_days_modifiers,0.0021
soulap1,BZ,0.0,0.0,0.0,breeding,0.0003,0.0,0.0,0.0,0.03,0.0,very_rare,0.0,very_rare,peak_abundance_with_occupancy_days_modifiers,0.0003
westan,BZ,0.0,0.0,0.0,nonbreeding,0.0012,0.0,0.0,7.0,0.12,0.0,very_rare,0.0,very_rare,peak_abundance_with_occupancy_days_modifiers,0.0012
arcter,BZ,0.0,0.0,0.0,breeding,0.0003,0.0,0.0,0.0,0.03,0.0,very_rare,0.0,very_rare,peak_abundance_with_occupancy_days_modifiers,0.0003
nisfin1,BZ,0.0,0.0,0.0,resident,0.0003,0.0028,0.0,0.0,0.03,0.0,very_rare,0.0,very_rare,peak_abundance_with_occupancy_days_modifiers,0.0003
lobsta1,BZ,0.0,0.0,0.0,resident,0.0034,0.0,0.0,365.0,0.33999999999999997,0.0,very_rare,0.0,very_rare,peak_abundance_with_occupancy_days_modifiers,0.0034
baisan,BZ,0.0,0.0,0.0,prebreeding_migration,0.0048,0.0001,0.0,7.0,0.48,0.0,very_rare,0.0,very_rare,peak_abundance_with_occupancy_days_modifiers,0.0048
bkpwar,BZ,0.0,0.0,0.0,prebreeding_migration,0.0428,0.0001,0.0,7.0,4.279999999999999,0.0,very_rare,0.0,very_rare,peak_abundance_with_occupancy_days_modifiers,0.0428
batbar1,BZ,0.0,0.0,0.0,resident,0.0028,0.0012,0.0003,365.0,0.27999999999999997,0.0,very_rare,0.0,very_rare,peak_abundance_with_occupancy_days_modifiers,0.0028
swahaw,BZ,0.0,0.0,0.0,nonbreeding,0.0014,0.0,0.0,0.0,0.13999999999999999,0.0,very_rare,0.0,very_rare,peak_abundance_with_occupancy_days_modifiers,0.0014
