species_code,country_code,abundance,abundance_mean_avg,abundance_mean_max,peak_season,range_occupied_percent,range_total_percent,total_pop_percent,range_days_occupation,occupancy,score,frequency,frequency_pct,rarity_cap,commonness_basis,debug_range_occupied_max
turvul,GT,1.554030905162362,1.8827500000000001,3.7305,postbreeding_migration,0.9982,0.0055,0.0173,126.0,99.82,0.6480812247270459,common,64.80812247270458,,peak_abundance_with_occupancy_days_modifiers,0.9982
blkvul,GT,1.3014714966796124,2.6747,2.6747,resident,0.9934,0.0064,0.016,365.0,99.33999999999999,0.5427557706307917,common,54.27557706307917,,peak_abundance_with_occupancy_days_modifiers,0.9934
categr1,GT,1.1476766915611187,1.269311910462687,2.1508639704409283,nonbreeding,0.4680083212837952,0.0051918784065544,0.0067263482211972,140.0,46.80083212837952,0.4786183552636004,common,47.86183552636004,,peak_abundance_with_occupancy_days_modifiers,0.4680083212837952
brwhaw,GT,0.806565147595502,0.4791,1.2402,postbreeding_migration,0.5505,0.0346,0.0525,91.0,55.05,0.33636379234120234,common,33.636379234120234,,peak_abundance_with_occupancy_days_modifiers,0.5505
grtgra,GT,0.7607590989699651,0.9899,1.1399,nonbreeding,0.5363,0.0561,0.038,126.0,53.63,0.3172611863411994,common,31.72611863411994,,peak_abundance_with_occupancy_days_modifiers,0.5363
melbla1,GT,0.7434124467074954,1.1031,1.1031,resident,0.9207,0.1357,0.1703,365.0,92.07,0.31002707046497685,common,31.002707046497687,,peak_abundance_with_occupancy_days_modifiers,0.9207
swahaw,GT,0.6472079486185002,0.3860333333333333,0.9102,postbreeding_migration,0.1619,0.0096,0.0515,105.0,16.189999999999998,0.26990667856115386,fairly_common,26.990667856115387,,peak_abundance_with_occupancy_days_modifiers,0.1619
brnjay,GT,0.6163741217540315,0.8522,0.8522,resident,0.5029,0.1098,0.1583,365.0,50.29,0.2570479740071033,common,25.704797400710326,,peak_abundance_with_occupancy_days_modifiers,0.5029
clcrob,GT,0.6110690695243384,0.8424,0.8424,resident,0.922,0.1126,0.1281,365.0,92.2,0.25483559538912387,common,25.483559538912388,,peak_abundance_with_occupancy_days_modifiers,0.922
whcsee1,GT,0.5875644179848801,0.7996,0.7996,resident,0.7846,0.149,0.2006,365.0,78.46,0.24503339434802995,common,24.503339434802996,,peak_abundance_with_occupancy_days_modifiers,0.7846
grbani,GT,0.587008584498278,0.751775,0.7986,postbreeding_migration,0.6709,0.0484,0.0733,133.0,67.09,0.24480159377987865,fairly_common,24.480159377987864,,peak_abundance_with_occupancy_days_modifiers,0.6709
buwtea,GT,0.5382462193419828,0.3992,0.713,nonbreeding,0.0935,0.0135,0.0328,119.0,9.35,0.22446610802724654,fairly_common,22.446610802724653,,peak_abundance_with_occupancy_days_modifiers,0.0935
gofwoo,GT,0.5355572599851744,0.7084,0.7084,resident,0.8741,0.0777,0.0999,365.0,87.41,0.2233447248762341,common,22.33447248762341,,peak_abundance_with_occupancy_days_modifiers,0.8741
oltpar1,GT,0.523603636125206,0.6881,0.6881,resident,0.4448,0.1129,0.1517,365.0,44.48,0.21835967653172547,fairly_common,21.835967653172546,,peak_abundance_with_occupancy_days_modifiers,0.4448
socfly1,GT,0.5141999244049401,0.6723,0.6723,resident,0.7485,0.0123,0.0476,365.0,74.85000000000001,0.21443802414475882,common,21.443802414475883,,peak_abundance_with_occupancy_days_modifiers,0.7485
whcswi,GT,0.5092844367471615,0.6641,0.6641,resident,0.2798,0.0094,0.0231,365.0,27.98,0.21238810657181903,fairly_common,21.238810657181904,,peak_abundance_with_occupancy_days_modifiers,0.2798
blhsal1,GT,0.4783437535207369,0.6134,0.6134,resident,0.7205,0.1464,0.1982,365.0,72.05,0.19948483945360315,common,19.948483945360316,,peak_abundance_with_occupancy_days_modifiers,0.7205
bbwduc,GT,0.4699411272925292,0.5352,0.5999,prebreeding_migration,0.2385,0.0071,0.0112,161.0,23.849999999999998,0.19598067214340953,fairly_common,19.598067214340954,,peak_abundance_with_occupancy_days_modifiers,0.2385
whfpar1,GT,0.46900312891215207,0.5984,0.5984,resident,0.5228,0.1187,0.1387,365.0,52.28,0.19558949643568885,common,19.558949643568884,,peak_abundance_with_occupancy_days_modifiers,0.5228
vauswi,GT,0.43935110410730127,0.34182499999999993,0.5517,nonbreeding,0.663,0.1055,0.152,140.0,66.3,0.1832236416207508,fairly_common,18.32236416207508,,peak_abundance_with_occupancy_days_modifiers,0.663
blbgra1,GT,0.4285303810391605,0.535,0.535,resident,0.5546,0.0058,0.0077,365.0,55.46,0.17871104960270462,common,17.87110496027046,,peak_abundance_with_occupancy_days_modifiers,0.5546
nrwswa,GT,0.42794388986859067,0.264025,0.5341,nonbreeding,0.6467,0.0746,0.0658,140.0,64.67,0.17846646378729264,fairly_common,17.846646378729265,,peak_abundance_with_occupancy_days_modifiers,0.6467
placha,GT,0.41383002443979205,0.5126,0.5126,resident,0.5235,0.1329,0.1668,365.0,52.349999999999994,0.1725805247352808,common,17.25805247352808,,peak_abundance_with_occupancy_days_modifiers,0.5235
rugdov,GT,0.40779572344644666,0.5035,0.5035,resident,0.4223,0.0054,0.0073,365.0,42.230000000000004,0.17006402576145221,fairly_common,17.00640257614522,,peak_abundance_with_occupancy_days_modifiers,0.4223
spbwre1,GT,0.38723324651336033,0.4729,0.4729,resident,0.5393,0.1378,0.2099,365.0,53.93,0.16148880683244135,common,16.148880683244133,,peak_abundance_with_occupancy_days_modifiers,0.5393
whwdov,GT,0.37576162873472174,0.38989999999999997,0.4561,postbreeding_migration,0.2501,0.0172,0.0146,119.0,25.009999999999998,0.1567047706367108,fairly_common,15.670477063671079,,peak_abundance_with_occupancy_days_modifiers,0.2501
grycat,GT,0.36318371585155823,0.2565,0.4379,nonbreeding,0.6369,0.0453,0.1034,98.0,63.690000000000005,0.15145937354791927,fairly_common,15.145937354791927,,peak_abundance_with_occupancy_days_modifiers,0.6369
whtdov,GT,0.35627486391739266,0.428,0.428,resident,0.9331,0.009,0.0088,365.0,93.31,0.14857815850381814,common,14.857815850381813,,peak_abundance_with_occupancy_days_modifiers,0.9331
grekis,GT,0.3426672932841241,0.4087,0.4087,resident,0.6016,0.0052,0.0041,365.0,60.160000000000004,0.14290336078115187,common,14.290336078115187,,peak_abundance_with_occupancy_days_modifiers,0.6016
magwar,GT,0.31590503139552084,0.23159999999999994,0.3715,nonbreeding,0.7635,0.0957,0.1751,133.0,76.35,0.13174263070582565,fairly_common,13.174263070582565,,peak_abundance_with_occupancy_days_modifiers,0.7635
fragul,GT,0.3057184349378795,0.1205,0.3576,prebreeding_migration,0.0204,0.003,0.0091,105.0,2.04,0.1274944900246217,rare,12.749449002462171,rare,peak_abundance_with_occupancy_days_modifiers,0.0204
vigswa,GT,0.3026199448159881,0.15743333333333334,0.3534,nonbreeding,0.3285,0.038,0.0624,98.0,32.85,0.12620231927928494,fairly_common,12.620231927928494,,peak_abundance_with_occupancy_days_modifiers,0.3285
lessca,GT,0.2993635772256188,0.16016666666666665,0.349,nonbreeding,0.0077,0.0032,0.0309,70.0,0.77,0.12484430851571685,very_rare,12.484430851571684,very_rare,peak_abundance_with_occupancy_days_modifiers,0.0077
incdov,GT,0.2925203490920301,0.3398,0.3398,resident,0.319,0.0378,0.0422,365.0,31.900000000000002,0.12199046072210465,fairly_common,12.199046072210464,,peak_abundance_with_occupancy_days_modifiers,0.319
trokin,GT,0.28457725749830215,0.294575,0.3292,postbreeding_migration,0.534,0.0042,0.005,119.0,53.400000000000006,0.11867793423947046,fairly_common,11.867793423947045,,peak_abundance_with_occupancy_days_modifiers,0.534
indbun,GT,0.281110527068742,0.22740000000000002,0.3246,nonbreeding,0.97,0.0812,0.106,98.0,97.0,0.1172321953580078,fairly_common,11.72321953580078,,peak_abundance_with_occupancy_days_modifiers,0.97
whcpar,GT,0.27505265605163925,0.3166,0.3166,resident,0.3117,0.1234,0.1628,365.0,31.169999999999998,0.11470586692080582,fairly_common,11.470586692080582,,peak_abundance_with_occupancy_days_modifiers,0.3117
ducfly,GT,0.2729998136656394,0.2559,0.3139,breeding,0.9201,0.0151,0.0536,133.0,92.01,0.11384976515135525,fairly_common,11.384976515135525,,peak_abundance_with_occupancy_days_modifiers,0.9201
yegvir,GT,0.269569017024854,0.15396666666666667,0.3094,breeding,0.6071,0.0733,0.0762,98.0,60.709999999999994,0.11241901182375824,fairly_common,11.241901182375823,,peak_abundance_with_occupancy_days_modifiers,0.6071
barswa,GT,0.25997680135955875,0.18875,0.2969,prebreeding_migration,0.2995,0.0004,0.0003,140.0,29.95,0.10841874718580301,fairly_common,10.8418747185803,,peak_abundance_with_occupancy_days_modifiers,0.2995
rebpig1,GT,0.2595140526238601,0.2963,0.2963,resident,0.7899,0.115,0.1026,365.0,78.99000000000001,0.1082257659739261,common,10.82257659739261,,peak_abundance_with_occupancy_days_modifiers,0.7899
miskit,GT,0.2588195277666796,0.1857,0.2954,postbreeding_migration,0.1491,0.0248,0.0402,70.0,14.91,0.10793612661183248,fairly_common,10.793612661183248,,peak_abundance_with_occupancy_days_modifiers,0.1491
subfly,GT,0.252391625673195,0.1645,0.2871,breeding,0.7265,0.0774,0.1038,91.0,72.65,0.10525548322994575,fairly_common,10.525548322994576,,peak_abundance_with_occupancy_days_modifiers,0.7265
wlswar,GT,0.2513810927254493,0.17733333333333334,0.2858,nonbreeding,0.5454,0.0407,0.0568,105.0,54.54,0.10483405825813433,fairly_common,10.483405825813433,,peak_abundance_with_occupancy_days_modifiers,0.5454
bknsti,GT,0.2415334164258007,0.11937500000000001,0.2732,nonbreeding,0.0618,0.0018,0.0058,140.0,6.18,0.10072725826092004,fairly_common,10.072725826092004,,peak_abundance_with_occupancy_days_modifiers,0.0618
balori,GT,0.24137631957526948,0.2076,0.273,nonbreeding,0.939,0.1039,0.1427,119.0,93.89999999999999,0.10066174378565777,fairly_common,10.066174378565778,,peak_abundance_with_occupancy_days_modifiers,0.939
brocow,GT,0.2410620518165547,0.2726,0.2726,resident,0.8842,0.0471,0.0337,365.0,88.42,0.10053068395069337,common,10.053068395069337,,peak_abundance_with_occupancy_days_modifiers,0.8842
houwre,GT,0.23917436838673742,0.22785,0.2702,breeding,0.6696,0.0046,0.0039,126.0,66.96,0.09974345881570476,fairly_common,9.974345881570477,,peak_abundance_with_occupancy_days_modifiers,0.6696
grbspa1,GT,0.23594130954407044,0.2661,0.2661,resident,0.4236,0.2875,0.3931,365.0,42.36,0.09839516855493205,fairly_common,9.839516855493205,,peak_abundance_with_occupancy_days_modifiers,0.4236
lesnig,GT,0.23325228546249757,0.134375,0.2627,nonbreeding,0.6848,0.0351,0.0618,140.0,68.47999999999999,0.09727375841159631,fairly_common,9.727375841159631,,peak_abundance_with_occupancy_days_modifiers,0.6848
rewbla,GT,0.2284096609867096,0.20332499999999998,0.2566,prebreeding_migration,0.1696,0.0025,0.0007,126.0,16.96,0.09525422714568885,fairly_common,9.525422714568885,,peak_abundance_with_occupancy_days_modifiers,0.1696
barant1,GT,0.22681679668050583,0.2546,0.2546,resident,0.5559,0.0073,0.0155,365.0,55.589999999999996,0.09458995113485838,common,9.458995113485837,,peak_abundance_with_occupancy_days_modifiers,0.5559
easkin,GT,0.21857312279944846,0.1898,0.2443,postbreeding_migration,0.4764,0.0086,0.0095,56.0,47.64,0.09115207210211944,fairly_common,9.115207210211944,,peak_abundance_with_occupancy_days_modifiers,0.4764
orcori,GT,0.2139009699472772,0.15746666666666667,0.2385,nonbreeding,0.5935,0.1077,0.1795,140.0,59.35,0.08920363302507882,fairly_common,8.920363302507882,,peak_abundance_with_occupancy_days_modifiers,0.5935
tenwar,GT,0.19999774180689733,0.13560000000000003,0.2214,nonbreeding,0.6318,0.0841,0.116,98.0,63.18,0.08340553654517938,fairly_common,8.340553654517938,,peak_abundance_with_occupancy_days_modifiers,0.6318
rtlhum,GT,0.19745644437822474,0.2183,0.2183,resident,0.431,0.0709,0.1079,365.0,43.1,0.08234573320117973,fairly_common,8.234573320117972,,peak_abundance_with_occupancy_days_modifiers,0.431
neocor,GT,0.19490867229942604,0.2152,0.2152,resident,0.044,0.0013,0.0038,365.0,4.3999999999999995,0.0812832297183544,rare,8.12832297183544,rare,peak_abundance_with_occupancy_days_modifiers,0.044
bucmot2,GT,0.19350874618451902,0.2135,0.2135,resident,0.4988,0.1334,0.1638,365.0,49.88,0.08069941518283746,fairly_common,8.069941518283747,,peak_abundance_with_occupancy_days_modifiers,0.4988
kebtou1,GT,0.19152903754486778,0.2111,0.2111,resident,0.2708,0.0835,0.1336,365.0,27.08,0.07987381255452047,fairly_common,7.987381255452047,,peak_abundance_with_occupancy_days_modifiers,0.2708
btnwar,GT,0.18838646135620468,0.1289,0.2073,nonbreeding,0.7612,0.1017,0.1249,98.0,76.12,0.0785632564913294,fairly_common,7.85632564913294,,peak_abundance_with_occupancy_days_modifiers,0.7612
gybmar,GT,0.1863965759470937,0.1273,0.2049,prebreeding_migration,0.429,0.0043,0.0063,112.0,42.9,0.07773340982050765,fairly_common,7.773340982050765,,peak_abundance_with_occupancy_days_modifiers,0.429
amered,GT,0.18515088380411432,0.14693333333333333,0.2034,nonbreeding,0.5878,0.0443,0.0647,119.0,58.78,0.07721391584714256,fairly_common,7.721391584714256,,peak_abundance_with_occupancy_days_modifiers,0.5878
greegr,GT,0.18431955945662767,0.18059999999999998,0.2024,nonbreeding,0.2474,0.0009,0.0016,133.0,24.740000000000002,0.07686722666646097,fairly_common,7.686722666646097,,peak_abundance_with_occupancy_days_modifiers,0.2474
bncfly,GT,0.183487543433924,0.12402500000000001,0.2014,breeding,0.574,0.008,0.0129,140.0,57.4,0.0765202490348096,fairly_common,7.65202490348096,,peak_abundance_with_occupancy_days_modifiers,0.574
bobfly1,GT,0.1799854969964068,0.1972,0.1972,resident,0.8551,0.0091,0.0144,365.0,85.50999999999999,0.07505978223409304,fairly_common,7.505978223409304,,peak_abundance_with_occupancy_days_modifiers,0.8551
yeteup1,GT,0.17990196527518712,0.1971,0.1971,resident,0.4737,0.1329,0.1535,365.0,47.370000000000005,0.07502494680063301,uncommon,7.502494680063301,,peak_abundance_with_occupancy_days_modifiers,0.4737
roahaw,GT,0.1793170477736559,0.1964,0.1964,resident,0.5288,0.0041,0.0075,365.0,52.88,0.07478101725618351,fairly_common,7.478101725618351,,peak_abundance_with_occupancy_days_modifiers,0.5288
mastit1,GT,0.17864815142764573,0.1956,0.1956,resident,0.5472,0.0135,0.0386,365.0,54.72,0.07450206581339197,fairly_common,7.450206581339197,,peak_abundance_with_occupancy_days_modifiers,0.5472
lesgre1,GT,0.17647114311577908,0.193,0.193,resident,0.2758,0.0718,0.118,365.0,27.58,0.07359418283094378,uncommon,7.359418283094378,,peak_abundance_with_occupancy_days_modifiers,0.2758
compau,GT,0.17210285659962277,0.1878,0.1878,resident,0.6287,0.0054,0.0061,365.0,62.870000000000005,0.0717724658586848,fairly_common,7.177246585868479,,peak_abundance_with_occupancy_days_modifiers,0.6287
sumtan,GT,0.17041765229113026,0.12,0.1858,nonbreeding,0.9226,0.0379,0.0663,98.0,92.25999999999999,0.07106968107587573,uncommon,7.106968107587573,,peak_abundance_with_occupancy_days_modifiers,0.9226
blhtro1,GT,0.1690674411155387,0.1842,0.1842,resident,0.3816,0.13,0.1665,365.0,38.16,0.070506599280391,uncommon,7.0506599280391,,peak_abundance_with_occupancy_days_modifiers,0.3816
bucjay1,GT,0.156661810013377,0.1696,0.1696,resident,0.183,0.3635,0.2859,365.0,18.3,0.06533304927472953,uncommon,6.533304927472954,,peak_abundance_with_occupancy_days_modifiers,0.183
bawwar,GT,0.15529288440603534,0.11800000000000001,0.168,nonbreeding,0.8979,0.05,0.0699,98.0,89.79,0.06476216295501792,uncommon,6.476216295501793,,peak_abundance_with_occupancy_days_modifiers,0.8979
squcuc1,GT,0.1528927461031425,0.1652,0.1652,resident,0.8331,0.007,0.0094,365.0,83.31,0.06376122753881364,fairly_common,6.376122753881363,,peak_abundance_with_occupancy_days_modifiers,0.8331
yeofly1,GT,0.15229181034225864,0.1645,0.1645,resident,0.5649,0.008,0.0222,365.0,56.489999999999995,0.06351061786135992,fairly_common,6.3510617861359915,,peak_abundance_with_occupancy_days_modifiers,0.5649
rthhum,GT,0.1493678316508234,0.08426666666666666,0.1611,nonbreeding,0.9385,0.0926,0.1136,91.0,93.85,0.062291224035197115,uncommon,6.229122403519711,,peak_abundance_with_occupancy_days_modifiers,0.9385
rtatan1,GT,0.1424539677949335,0.1531,0.1531,resident,0.2968,0.1205,0.1358,365.0,29.68,0.05940791885739368,uncommon,5.940791885739368,,peak_abundance_with_occupancy_days_modifiers,0.2968
woothr,GT,0.14236724128692196,0.0812,0.153,nonbreeding,0.5085,0.1428,0.2147,112.0,50.849999999999994,0.05937175109435777,uncommon,5.937175109435778,,peak_abundance_with_occupancy_days_modifiers,0.5085
meapar,GT,0.13984889511639867,0.1501,0.1501,resident,0.1269,0.0029,0.0074,365.0,12.690000000000001,0.05832151916843037,uncommon,5.832151916843037,,peak_abundance_with_occupancy_days_modifiers,0.1269
towwar,GT,0.13897902728145098,0.09023333333333335,0.1491,nonbreeding,0.2675,0.0534,0.11,112.0,26.75,0.05795875610499907,uncommon,5.795875610499907,,peak_abundance_with_occupancy_days_modifiers,0.2675
ivbwoo,GT,0.13836966926477184,0.1484,0.1484,resident,0.4141,0.1018,0.1638,365.0,41.410000000000004,0.05770463407406986,uncommon,5.770463407406986,,peak_abundance_with_occupancy_days_modifiers,0.4141
ivbwoo1,GT,0.13836966926477184,0.1484,0.1484,resident,0.4141,0.1018,0.1638,365.0,41.410000000000004,0.05770463407406986,uncommon,5.770463407406986,,peak_abundance_with_occupancy_days_modifiers,0.4141
comyel,GT,0.13732419086321887,0.09496666666666666,0.1472,nonbreeding,0.5722,0.0343,0.0314,98.0,57.220000000000006,0.05726863571608779,uncommon,5.726863571608779,,peak_abundance_with_occupancy_days_modifiers,0.5722
brratt1,GT,0.13505523099286484,0.1446,0.1446,resident,0.3749,0.0071,0.0171,365.0,37.49,0.05632240595530843,uncommon,5.632240595530843,,peak_abundance_with_occupancy_days_modifiers,0.3749
weskin,GT,0.13365638481267358,0.07043333333333333,0.143,nonbreeding,0.2907,0.0844,0.1142,105.0,29.07,0.05573904178754859,uncommon,5.5739041787548596,,peak_abundance_with_occupancy_days_modifiers,0.2907
grasal2,GT,0.1335688919214152,0.1429,0.1429,resident,0.5928,0.1324,0.1194,365.0,59.28,0.055702554417874486,fairly_common,5.570255441787449,,peak_abundance_with_occupancy_days_modifiers,0.5928
cedwax,GT,0.13164210905171514,0.11804999999999999,0.1407,nonbreeding,0.295,0.0085,0.0029,98.0,29.5,0.0548990235499682,uncommon,5.48990235499682,,peak_abundance_with_occupancy_days_modifiers,0.295
robgro,GT,0.12883287184296843,0.08356666666666668,0.1375,nonbreeding,0.8942,0.1026,0.1581,98.0,89.42,0.05372748063872655,uncommon,5.372748063872655,,peak_abundance_with_occupancy_days_modifiers,0.8942
snoegr,GT,0.12830526015292384,0.11879999999999999,0.1369,prebreeding_migration,0.1411,0.0027,0.0037,119.0,14.11,0.053507449473883896,uncommon,5.35074494738839,,peak_abundance_with_occupancy_days_modifiers,0.1411
yewtan1,GT,0.12768936114088944,0.1362,0.1362,resident,0.5361,0.17,0.1495,365.0,53.61,0.05325059963601939,fairly_common,5.325059963601939,,peak_abundance_with_occupancy_days_modifiers,0.5361
norben1,GT,0.12760134459372177,0.1361,0.1361,resident,0.34,0.1281,0.2077,365.0,34.0,0.05321389388486907,uncommon,5.3213893884869075,,peak_abundance_with_occupancy_days_modifiers,0.34
leafly,GT,0.12742528825523886,0.09243333333333333,0.1359,nonbreeding,0.9113,0.0753,0.0925,140.0,91.13,0.05314047268900615,uncommon,5.314047268900615,,peak_abundance_with_occupancy_days_modifiers,0.9113
goowoo1,GT,0.12672075277915665,0.1351,0.1351,resident,0.636,0.0921,0.1202,365.0,63.6,0.0528466585745724,fairly_common,5.28466585745724,,peak_abundance_with_occupancy_days_modifiers,0.636
gartro1,GT,0.12257155238818063,0.1304,0.1304,resident,0.3878,0.1007,0.1509,365.0,38.78,0.05111630761302528,uncommon,5.1116307613025285,,peak_abundance_with_occupancy_days_modifiers,0.3878
orfpar,GT,0.12239460821360591,0.1302,0.1302,resident,0.0983,0.0583,0.0511,365.0,9.83,0.0510425161607538,uncommon,5.104251616075381,,peak_abundance_with_occupancy_days_modifiers,0.0983
yefgra1,GT,0.11849389404778915,0.1258,0.1258,resident,0.3424,0.0632,0.0292,365.0,34.239999999999995,0.04941579200392074,uncommon,4.9415792003920735,,peak_abundance_with_occupancy_days_modifiers,0.3424
plawre1,GT,0.11662681193171963,0.1237,0.1237,resident,0.333,0.198,0.193,365.0,33.300000000000004,0.04863715828407083,uncommon,4.8637158284070825,,peak_abundance_with_occupancy_days_modifiers,0.333
rotbec,GT,0.11618175428940962,0.11085,0.1232,breeding,0.9602,0.0899,0.0809,210.0,96.02000000000001,0.04845155483117667,fairly_common,4.845155483117667,,peak_abundance_with_occupancy_days_modifiers,0.9602
hoowar,GT,0.11315009793265586,0.0796,0.1198,nonbreeding,0.5259,0.1021,0.1692,119.0,52.59,0.047187255930743105,uncommon,4.718725593074311,,peak_abundance_with_occupancy_days_modifiers,0.5259
woosto,GT,0.11261414436913436,0.0957,0.1192,nonbreeding,0.2367,0.0065,0.0069,161.0,23.669999999999998,0.04696374593445541,uncommon,4.696374593445541,,peak_abundance_with_occupancy_days_modifiers,0.2367
vesowl,GT,0.11162144862081183,0.1180895261909844,0.1180895261909844,resident,0.6703299849397101,0.1425320031340318,0.188137952328505,365.0,67.03299849397101,0.04654975965257582,fairly_common,4.654975965257583,,peak_abundance_with_occupancy_days_modifiers,0.6703299849397101
whevir,GT,0.11145192529414301,0.09173333333333333,0.1179,nonbreeding,0.4396,0.041,0.0483,91.0,43.96,0.04647906293425295,uncommon,4.647906293425295,,peak_abundance_with_occupancy_days_modifiers,0.4396
yebcha,GT,0.10831614348345889,0.0831,0.1144,postbreeding_migration,0.6254,0.0862,0.1884,133.0,62.53999999999999,0.045171340346758675,uncommon,4.517134034675867,,peak_abundance_with_occupancy_days_modifiers,0.6254
buggna,GT,0.10813665860457805,0.07675,0.1142,nonbreeding,0.7439,0.0279,0.0071,112.0,74.39,0.045096489338494514,uncommon,4.509648933849451,,peak_abundance_with_occupancy_days_modifiers,0.7439
yebcac1,GT,0.10768780541691743,0.1137,0.1137,resident,0.4724,0.1176,0.1848,365.0,47.24,0.04490930302024595,uncommon,4.490930302024595,,peak_abundance_with_occupancy_days_modifiers,0.4724
batpig1,GT,0.10634003577132656,0.093275,0.1122,prebreeding_migration,0.1639,0.0184,0.0211,112.0,16.39,0.044347239421856234,uncommon,4.434723942185624,,peak_abundance_with_occupancy_days_modifiers,0.1639
monoro1,GT,0.10309795800356726,0.1086,0.1086,resident,0.2309,0.0832,0.0446,365.0,23.09,0.04299518797718418,uncommon,4.2995187977184175,,peak_abundance_with_occupancy_days_modifiers,0.2309
wtmjay1,GT,0.10174398388328407,0.1071,0.1071,resident,0.1823,0.0896,0.0647,365.0,18.23,0.04243053691187592,uncommon,4.243053691187592,,peak_abundance_with_occupancy_days_modifiers,0.1823
yetvir,GT,0.10147296893063379,0.07283333333333333,0.1068,nonbreeding,0.7096,0.0962,0.1183,98.0,70.96000000000001,0.04231751489806045,uncommon,4.2317514898060455,,peak_abundance_with_occupancy_days_modifiers,0.7096
y00475,GT,0.10120188050896729,0.057749999999999996,0.1065,nonbreeding,0.0136,0.0027,0.0018,112.0,1.3599999999999999,0.042204462245285464,rare,4.220446224528547,rare,peak_abundance_with_occupancy_days_modifiers,0.0136
brnpel,GT,0.10084031492607147,0.07322500000000001,0.1061,nonbreeding,0.0197,0.0081,0.0068,161.0,1.97,0.04205367768559374,rare,4.205367768559374,rare,peak_abundance_with_occupancy_days_modifiers,0.0197
relhon1,GT,0.10056905492169556,0.1058,0.1058,resident,0.2616,0.0068,0.0228,365.0,26.16,0.04194055347727103,uncommon,4.194055347727103,,peak_abundance_with_occupancy_days_modifiers,0.2616
blugrb1,GT,0.10002631406712442,0.05827500000000001,0.1052,nonbreeding,0.6571,0.0731,0.0595,105.0,65.71000000000001,0.04171421296076561,uncommon,4.171421296076561,,peak_abundance_with_occupancy_days_modifiers,0.6571
lobgna5,GT,0.09993582861259949,0.1051,0.1051,resident,0.3108,0.0078,0.0197,365.0,31.080000000000002,0.04167647759527597,uncommon,4.167647759527597,,peak_abundance_with_occupancy_days_modifiers,0.3108
laugul,GT,0.09884936404216896,0.05777499999999999,0.1039,nonbreeding,0.0213,0.0094,0.006,161.0,2.13,0.041223386677271656,rare,4.122338667727165,rare,peak_abundance_with_occupancy_days_modifiers,0.0213
linwoo1,GT,0.0972174507153592,0.1021,0.1021,resident,0.5643,0.0057,0.0097,365.0,56.43,0.04054282595999509,fairly_common,4.054282595999509,,peak_abundance_with_occupancy_days_modifiers,0.5643
altori,GT,0.09630968013740838,0.1011,0.1011,resident,0.2447,0.0685,0.0645,365.0,24.47,0.04016425622500764,uncommon,4.016425622500764,,peak_abundance_with_occupancy_days_modifiers,0.2447
dickci,GT,0.09576462198437931,0.07773333333333333,0.1005,postbreeding_migration,0.1334,0.0145,0.0088,126.0,13.34,0.03993694931998467,uncommon,3.993694931998467,,peak_abundance_with_occupancy_days_modifiers,0.1334
gryhaw2,GT,0.09430967947074133,0.090025,0.0989,breeding,0.6264,0.0763,0.0871,154.0,62.63999999999999,0.0393301911641374,uncommon,3.93301911641374,,peak_abundance_with_occupancy_days_modifiers,0.6264
amwpel,GT,0.09339926425854966,0.0515,0.0979,nonbreeding,0.0329,0.0125,0.0088,77.0,3.29,0.03895051853100814,rare,3.8950518531008136,rare,peak_abundance_with_occupancy_days_modifiers,0.0329
blcswa1,GT,0.0927614800813111,0.0972,0.0972,resident,0.0927,0.7029,0.8237,365.0,9.27,0.038684541870361744,uncommon,3.8684541870361744,,peak_abundance_with_occupancy_days_modifiers,0.0927
norfli1,GT,0.09268043974009399,0.09711108614047,0.09711108614047,resident,0.2873791161722507,0.5197660012590121,0.7473905315535915,365.0,28.73791161722507,0.03865074542306216,uncommon,3.8650745423062163,,peak_abundance_with_occupancy_days_modifiers,0.2873791161722507
whbeme1,GT,0.09203208544649367,0.0964,0.0964,resident,0.3607,0.1778,0.2371,365.0,36.07,0.03838036068151184,uncommon,3.838036068151184,,peak_abundance_with_occupancy_days_modifiers,0.3607
yebfly,GT,0.09194087369835728,0.07193333333333334,0.0963,nonbreeding,0.5452,0.1127,0.1528,168.0,54.52,0.03834232242806055,uncommon,3.834232242806055,,peak_abundance_with_occupancy_days_modifiers,0.5452
sctfly,GT,0.09184965362987897,0.08516666666666667,0.0962,nonbreeding,0.1049,0.0659,0.0742,91.0,10.489999999999998,0.03830428070475716,uncommon,3.830428070475716,,peak_abundance_with_occupancy_days_modifiers,0.1049
wbwwre1,GT,0.09121088005338417,0.0955,0.0955,resident,0.2486,0.0181,0.0697,365.0,24.86,0.03803789143257285,uncommon,3.803789143257285,,peak_abundance_with_occupancy_days_modifiers,0.2486
norfli,GT,0.08947500642760275,0.073125,0.0936,breeding,0.2199,0.0029,0.0032,112.0,21.990000000000002,0.03731397590320295,uncommon,3.7313975903202947,,peak_abundance_with_occupancy_days_modifiers,0.2199
swathr,GT,0.0883771106174129,0.056333333333333326,0.0924,prebreeding_migration,0.6617,0.0405,0.0211,98.0,66.17,0.03685611778794486,uncommon,3.6856117787944864,,peak_abundance_with_occupancy_days_modifiers,0.6617
whbwre1,GT,0.08791929803788351,0.0919,0.0919,resident,0.2416,0.1355,0.1716,365.0,24.16,0.03666519511307964,uncommon,3.666519511307964,,peak_abundance_with_occupancy_days_modifiers,0.2416
leasan,GT,0.08773611430408679,0.059166666666666666,0.0917,nonbreeding,0.0374,0.0042,0.0073,154.0,3.74,0.03658880156250429,rare,3.658880156250429,rare,peak_abundance_with_occupancy_days_modifiers,0.0374
bkfant2,GT,0.08736964613690709,0.0913,0.0913,resident,0.1719,0.2051,0.3116,365.0,17.19,0.03643597246636451,uncommon,3.6435972466364506,,peak_abundance_with_occupancy_days_modifiers,0.1719
pabwoo1,GT,0.08636116564804346,0.0902,0.0902,resident,0.2297,0.085,0.1716,365.0,22.97,0.03601540343638905,uncommon,3.6015403436389053,,peak_abundance_with_occupancy_days_modifiers,0.2297
grhtan1,GT,0.08590686368673901,0.0897048324880883,0.0897048324880883,resident,0.2508614454455058,0.0087010144747022,0.0317532744077499,365.0,25.08614454455058,0.035825944803037496,uncommon,3.5825944803037495,,peak_abundance_with_occupancy_days_modifiers,0.2508614454455058
greela,GT,0.08498432390499729,0.0696,0.0887,postbreeding_migration,0.3902,0.0068,0.0303,154.0,39.019999999999996,0.03544121583167376,uncommon,3.5441215831673762,,peak_abundance_with_occupancy_days_modifiers,0.3902
babwre1,GT,0.08288615110603666,0.0864181140064669,0.0864181140064669,resident,0.1628089944465751,0.0724399923383056,0.2937237753468789,365.0,16.28089944465751,0.03456620981170187,uncommon,3.4566209811701873,,peak_abundance_with_occupancy_days_modifiers,0.1628089944465751
norjac,GT,0.08268536661860784,0.0862,0.0862,resident,0.0853,0.0527,0.0529,365.0,8.53,0.0344824761767486,uncommon,3.44824761767486,,peak_abundance_with_occupancy_days_modifiers,0.0853
easmea,GT,0.080750149685109,0.06624999999999999,0.0841,breeding,0.2678,0.0074,0.0058,119.0,26.779999999999998,0.03367542803104689,uncommon,3.367542803104689,,peak_abundance_with_occupancy_days_modifiers,0.2678
lesgol,GT,0.08056564783956718,0.062450000000000006,0.0839,nonbreeding,0.2727,0.0154,0.0088,105.0,27.27,0.03359848478517839,uncommon,3.359848478517839,,peak_abundance_with_occupancy_days_modifiers,0.2727
screup1,GT,0.07918079787444124,0.0824,0.0824,resident,0.4337,0.0991,0.0838,365.0,43.37,0.03302095749245811,uncommon,3.302095749245811,,peak_abundance_with_occupancy_days_modifiers,0.4337
brbsol1,GT,0.07733134293632346,0.0804,0.0804,resident,0.158,0.062,0.0596,365.0,15.8,0.03224967487678348,uncommon,3.224967487678348,,peak_abundance_with_occupancy_days_modifiers,0.158
blgdov1,GT,0.07659060216171254,0.0796,0.0796,resident,0.2788,0.0053,0.0209,365.0,27.88,0.03194076198012207,uncommon,3.194076198012207,,peak_abundance_with_occupancy_days_modifiers,0.2788
westan,GT,0.0756639039209896,0.0375,0.0786,nonbreeding,0.4349,0.0437,0.0563,140.0,43.49,0.031554298796664694,uncommon,3.1554298796664693,,peak_abundance_with_occupancy_days_modifiers,0.4349
wessan,GT,0.07315752061772643,0.0274,0.0759,nonbreeding,0.0107,0.0039,0.0028,140.0,1.0699999999999998,0.03050905577387909,rare,3.050905577387909,rare,peak_abundance_with_occupancy_days_modifiers,0.0107
cobtan1,GT,0.07194849931258404,0.0746,0.0746,resident,0.0686,0.0296,0.0392,365.0,6.859999999999999,0.030004854727712662,uncommon,3.000485472771266,,peak_abundance_with_occupancy_days_modifiers,0.0686
brhpar1,GT,0.07157619848922192,0.0742,0.0742,resident,0.1112,0.1028,0.111,365.0,11.12,0.02984959322501676,uncommon,2.984959322501676,,peak_abundance_with_occupancy_days_modifiers,0.1112
fepowl,GT,0.07120375900633207,0.0738,0.0738,resident,0.4178,0.0058,0.0103,365.0,41.78,0.02969427389680641,uncommon,2.969427389680641,,peak_abundance_with_occupancy_days_modifiers,0.4178
easblu,GT,0.07083118076059143,0.06315,0.0734,nonbreeding,0.1855,0.0058,0.0047,105.0,18.55,0.02953889669999247,uncommon,2.953889669999247,,peak_abundance_with_occupancy_days_modifiers,0.1855
libher,GT,0.07027205298533172,0.0483,0.0728,nonbreeding,0.2787,0.015,0.0124,133.0,27.87,0.029305722306764224,uncommon,2.9305722306764226,,peak_abundance_with_occupancy_days_modifiers,0.2787
rubpep1,GT,0.07027205298533172,0.0728,0.0728,resident,0.3434,0.003,0.0032,365.0,34.339999999999996,0.029305722306764224,uncommon,2.9305722306764226,,peak_abundance_with_occupancy_days_modifiers,0.3434
tropew4,GT,0.06917801555979823,0.0716269584425733,0.0716269584425733,resident,0.4748754656785726,0.0775811925953689,0.0733813046102894,365.0,47.48754656785726,0.028849473262886362,uncommon,2.884947326288636,,peak_abundance_with_occupancy_days_modifiers,0.4748754656785726
grsfly1,GT,0.06868615778844692,0.0711,0.0711,resident,0.1371,0.0494,0.0351,365.0,13.71,0.028644352640259114,uncommon,2.8644352640259116,,peak_abundance_with_occupancy_days_modifiers,0.1371
rucrob1,GT,0.0684060326640604,0.0708,0.0708,resident,0.1075,0.7478,0.7861,365.0,10.75,0.0285275313897382,uncommon,2.85275313897382,,peak_abundance_with_occupancy_days_modifiers,0.1075
fotfly,GT,0.06803241039182696,0.051675000000000006,0.0704,postbreeding_migration,0.2356,0.0175,0.0034,133.0,23.56,0.028371718800059346,uncommon,2.8371718800059345,,peak_abundance_with_occupancy_days_modifiers,0.2356
grnher,GT,0.06747171511501267,0.0605,0.0698,postbreeding_migration,0.2203,0.0385,0.0432,119.0,22.03,0.028137890707909233,uncommon,2.813789070790923,,peak_abundance_with_occupancy_days_modifiers,0.2203
rucspa1,GT,0.06728474680559636,0.0696,0.0696,resident,0.1262,0.0019,0.0005,365.0,12.620000000000001,0.028059918866712726,uncommon,2.8059918866712725,,peak_abundance_with_occupancy_days_modifiers,0.1262
norwat,GT,0.06700422878047387,0.05163333333333334,0.0693,nonbreeding,0.5017,0.0284,0.0485,147.0,50.17,0.027942933763858296,uncommon,2.7942933763858298,,peak_abundance_with_occupancy_days_modifiers,0.5017
buhvir,GT,0.06691070528262688,0.0416,0.0692,nonbreeding,0.3818,0.0328,0.0424,105.0,38.18,0.02790393143589681,uncommon,2.7903931435896814,,peak_abundance_with_occupancy_days_modifiers,0.3818
grcfly,GT,0.06644295654871397,0.0447,0.0687,nonbreeding,0.65,0.0732,0.0963,133.0,65.0,0.02770886506280747,uncommon,2.770886506280747,,peak_abundance_with_occupancy_days_modifiers,0.65
tawwoo1,GT,0.06643491544475455,0.0686914065067492,0.0686914065067492,resident,0.286009811192239,0.1231680540218214,0.2019462806349511,365.0,28.6009811192239,0.02770551166199359,uncommon,2.770551166199359,,peak_abundance_with_occupancy_days_modifiers,0.286009811192239
eawpew,GT,0.06625579577706527,0.04223333333333334,0.0685,postbreeding_migration,0.8033,0.0122,0.0125,126.0,80.33,0.027630812958626006,uncommon,2.7630812958626008,,peak_abundance_with_occupancy_days_modifiers,0.8033
grepew,GT,0.06616220225366876,0.051725,0.0684,nonbreeding,0.2767,0.0464,0.058,119.0,27.67,0.027591781427742143,uncommon,2.759178142774214,,peak_abundance_with_occupancy_days_modifiers,0.2767
bugtan,GT,0.06606859996970468,0.0683,0.0683,resident,0.31,0.0054,0.0029,365.0,31.0,0.02755274624341784,uncommon,2.755274624341784,,peak_abundance_with_occupancy_days_modifiers,0.31
paibun,GT,0.06513209493778221,0.037866666666666667,0.0673,nonbreeding,0.7719,0.0935,0.0716,133.0,77.19,0.027162193310374335,uncommon,2.7162193310374336,,peak_abundance_with_occupancy_days_modifiers,0.7719
laufal1,GT,0.0641009254065236,0.0662,0.0662,resident,0.5297,0.0054,0.0078,365.0,52.96999999999999,0.02673216221478978,fairly_common,2.673216221478978,,peak_abundance_with_occupancy_days_modifiers,0.5297
killde,GT,0.06306869146698298,0.031933333333333334,0.0651,nonbreeding,0.1341,0.0067,0.0027,77.0,13.41,0.02630168722647384,uncommon,2.630168722647384,,peak_abundance_with_occupancy_days_modifiers,0.1341
varsee3,GT,0.06250520535139711,0.0645,0.0645,resident,0.3178,0.0691,0.0213,365.0,31.78,0.026066695264156732,uncommon,2.6066695264156734,,peak_abundance_with_occupancy_days_modifiers,0.3178
russpa1,GT,0.06250520535139711,0.0645,0.0645,resident,0.2148,0.0923,0.1351,365.0,21.48,0.026066695264156732,uncommon,2.6066695264156734,,peak_abundance_with_occupancy_days_modifiers,0.2148
whcman1,GT,0.06241126012139706,0.0644,0.0644,resident,0.2365,0.1447,0.0937,365.0,23.65,0.02602751706022692,uncommon,2.602751706022692,,peak_abundance_with_occupancy_days_modifiers,0.2365
stbori,GT,0.0616593803867277,0.0636,0.0636,resident,0.1127,0.0297,0.0262,365.0,11.27,0.025713958856414358,uncommon,2.5713958856414356,,peak_abundance_with_occupancy_days_modifiers,0.1127
magfri,GT,0.061471322088101056,0.049625,0.0634,prebreeding_migration,0.0148,0.0064,0.0064,140.0,1.48,0.025635532454410838,rare,2.5635532454410837,rare,peak_abundance_with_occupancy_days_modifiers,0.0148
reevir1,GT,0.061283228416898525,0.03956666666666667,0.0632,prebreeding_migration,0.5927,0.0068,0.0049,133.0,59.27,0.025557091300897488,uncommon,2.555709130089749,,peak_abundance_with_occupancy_days_modifiers,0.5927
rubsee1,GT,0.06071873503470581,0.0626,0.0626,resident,0.0487,0.005,0.0248,365.0,4.87,0.025321679275778525,rare,2.5321679275778526,rare,peak_abundance_with_occupancy_days_modifiers,0.0487
manswa1,GT,0.06043636880383069,0.0623,0.0623,resident,0.1013,0.065,0.0499,365.0,10.13,0.025203923411259235,uncommon,2.5203923411259233,,peak_abundance_with_occupancy_days_modifiers,0.1013
stejay,GT,0.05836324329691494,0.0601,0.0601,resident,0.0705,0.0059,0.0077,365.0,7.049999999999999,0.024339362923387568,uncommon,2.433936292338757,,peak_abundance_with_occupancy_days_modifiers,0.0705
olbeup1,GT,0.05817456405107217,0.0599,0.0599,resident,0.1505,0.1218,0.1119,365.0,15.049999999999999,0.024260677566281644,uncommon,2.4260677566281643,,peak_abundance_with_occupancy_days_modifiers,0.1505
whehum,GT,0.05741949086748649,0.057999999999999996,0.0591,nonbreeding,0.2387,0.0739,0.0754,161.0,23.87,0.02394578759083053,uncommon,2.394578759083053,,peak_abundance_with_occupancy_days_modifiers,0.2387
rcatan1,GT,0.0573250666192694,0.059,0.059,resident,0.1869,0.0083,0.0371,365.0,18.69,0.02390640962078813,uncommon,2.390640962078813,,peak_abundance_with_occupancy_days_modifiers,0.1869
sltred,GT,0.05723063345427171,0.0589,0.0589,resident,0.1907,0.0349,0.0279,365.0,19.07,0.023867027932159383,uncommon,2.3867027932159384,,peak_abundance_with_occupancy_days_modifiers,0.1907
stther2,GT,0.05638033343610764,0.058,0.058,resident,0.2378,0.0747,0.1101,365.0,23.78,0.02351242528215638,uncommon,2.351242528215638,,peak_abundance_with_occupancy_days_modifiers,0.2378
shbpig,GT,0.05619127964974249,0.0578,0.0578,resident,0.1351,0.1043,0.1174,365.0,13.51,0.023433583729520726,uncommon,2.3433583729520726,,peak_abundance_with_occupancy_days_modifiers,0.1351
gycyel,GT,0.05590763193829598,0.0575,0.0575,resident,0.3123,0.0796,0.101,365.0,31.230000000000004,0.023315293446094187,uncommon,2.3315293446094185,,peak_abundance_with_occupancy_days_modifiers,0.3123
pacpar1,GT,0.0550562057480784,0.0566,0.0566,resident,0.0394,0.4678,0.5342,365.0,3.94,0.022960221145866468,rare,2.2960221145866466,rare,peak_abundance_with_occupancy_days_modifiers,0.0394
oliwoo1,GT,0.054298773407378806,0.0558,0.0558,resident,0.2379,0.0033,0.0072,365.0,23.79,0.02264434732548248,uncommon,2.264434732548248,,peak_abundance_with_occupancy_days_modifiers,0.2379
kenwar,GT,0.05420405401351211,0.039433333333333334,0.0557,postbreeding_migration,0.417,0.1048,0.2081,126.0,41.699999999999996,0.022604846270144002,uncommon,2.2604846270144003,,peak_abundance_with_occupancy_days_modifiers,0.417
nobtyr,GT,0.05325636630043149,0.04955,0.0547,breeding,0.7455,0.0591,0.0539,210.0,74.55000000000001,0.022209629796834576,fairly_common,2.2209629796834576,,peak_abundance_with_occupancy_days_modifiers,0.7455
amekes,GT,0.05325636630043149,0.025225,0.0547,nonbreeding,0.6181,0.0042,0.0028,105.0,61.809999999999995,0.022209629796834576,uncommon,2.2209629796834576,,peak_abundance_with_occupancy_days_modifiers,0.6181
treswa,GT,0.052212871446934234,0.021233333333333337,0.0536,nonbreeding,0.0184,0.0034,0.0018,84.0,1.8399999999999999,0.02177445864264177,rare,2.177445864264177,rare,peak_abundance_with_occupancy_days_modifiers,0.0184
gcrwar,GT,0.05173819540441444,0.0531,0.0531,resident,0.1651,0.0064,0.0063,365.0,16.509999999999998,0.021576503357477874,uncommon,2.157650335747787,,peak_abundance_with_occupancy_days_modifiers,0.1651
ovenbi1,GT,0.05164323315183845,0.0382,0.053,nonbreeding,0.5916,0.0633,0.08,112.0,59.160000000000004,0.02153690102219108,uncommon,2.153690102219108,,peak_abundance_with_occupancy_days_modifiers,0.5916
blfgro1,GT,0.05097824476462945,0.0523,0.0523,resident,0.1283,0.1795,0.1314,365.0,12.83,0.021259579324803986,uncommon,2.1259579324803988,,peak_abundance_with_occupancy_days_modifiers,0.1283
cotfly1,GT,0.05021771616061742,0.0515,0.0515,resident,0.1939,0.0039,0.0031,365.0,19.39,0.020942414262326344,uncommon,2.0942414262326343,,peak_abundance_with_occupancy_days_modifiers,0.1939
cinhum1,GT,0.050027493599648164,0.0513,0.0513,resident,0.1914,0.0806,0.0804,365.0,19.139999999999997,0.02086308529282241,uncommon,2.086308529282241,,peak_abundance_with_occupancy_days_modifiers,0.1914
chswar,GT,0.04983723484717165,0.0368,0.0511,nonbreeding,0.3627,0.074,0.0592,133.0,36.27,0.020783741230287745,uncommon,2.0783741230287744,,peak_abundance_with_occupancy_days_modifiers,0.3627
sthspa1,GT,0.04917104400644938,0.0504,0.0504,resident,0.0829,0.042,0.0319,365.0,8.290000000000001,0.020505918070836435,uncommon,2.0505918070836437,,peak_abundance_with_occupancy_days_modifiers,0.0829
whiibi,GT,0.04669272799198229,0.04075000000000001,0.0478,breeding,0.034,0.007,0.004,105.0,3.4000000000000004,0.019472380016618246,rare,1.9472380016618245,rare,peak_abundance_with_occupancy_days_modifiers,0.034
crebob1,GT,0.046597285376782184,0.0477,0.0477,resident,0.1205,0.0155,0.0112,365.0,12.049999999999999,0.019432577354557567,rare,1.9432577354557568,,peak_abundance_with_occupancy_days_modifiers,0.1205
thlsch2,GT,0.046501833651419786,0.0476,0.0476,resident,0.1204,0.1501,0.27,365.0,12.04,0.019392770893264116,rare,1.9392770893264115,,peak_abundance_with_occupancy_days_modifiers,0.1204
grnvie1,GT,0.04611993561355312,0.021474999999999998,0.0472,postbreeding_migration,0.142,0.1615,0.2276,147.0,14.2,0.019233507041252287,rare,1.9233507041252287,,peak_abundance_with_occupancy_days_modifiers,0.142
coltro1,GT,0.04526013140486457,0.0463,0.0463,resident,0.2261,0.0073,0.0209,365.0,22.61,0.018874940835946305,rare,1.8874940835946306,,peak_abundance_with_occupancy_days_modifiers,0.2261
heptan,GT,0.04506896336757812,0.030199999999999998,0.0461,postbreeding_migration,0.3211,0.0113,0.0178,140.0,32.11,0.018795217572192865,rare,1.8795217572192866,,peak_abundance_with_occupancy_days_modifiers,0.3211
ocetur1,GT,0.04439958729668442,0.0454,0.0454,resident,0.0436,0.1941,0.2862,365.0,4.36,0.01851606606858593,rare,1.851606606858593,rare,peak_abundance_with_occupancy_days_modifiers,0.0436
comnig,GT,0.04258044753511839,0.030466666666666666,0.0435,postbreeding_migration,0.292,0.003,0.004,112.0,29.2,0.01775742586348511,rare,1.775742586348511,,peak_abundance_with_occupancy_days_modifiers,0.292
yebtyr1,GT,0.042336314302648836,0.0432452780662277,0.0432452780662277,resident,0.2289929951524586,0.1766860150813453,0.3270145744094315,365.0,22.89929951524586,0.017655614397722206,rare,1.7655614397722206,,peak_abundance_with_occupancy_days_modifiers,0.2289929951524586
cregua1,GT,0.0413338634929772,0.0422,0.0422,resident,0.0975,0.0548,0.1162,365.0,9.75,0.017237559939279636,rare,1.7237559939279636,,peak_abundance_with_occupancy_days_modifiers,0.0975
sttspa1,GT,0.041237908016244745,0.0421,0.0421,resident,0.1421,0.178,0.278,365.0,14.21,0.017197543397347654,rare,1.7197543397347654,,peak_abundance_with_occupancy_days_modifiers,0.1421
bubgro1,GT,0.04104596943600097,0.0419,0.0419,resident,0.1812,0.0725,0.1104,365.0,18.12,0.017117498792222026,rare,1.7117498792222026,,peak_abundance_with_occupancy_days_modifiers,0.1812
gbwwre1,GT,0.03950913309471249,0.0403,0.0403,resident,0.0765,0.0247,0.0269,365.0,7.6499999999999995,0.01647658825758678,rare,1.647658825758678,,peak_abundance_with_occupancy_days_modifiers,0.0765
bushti,GT,0.03912455468405003,0.0399,0.0399,resident,0.0487,0.0048,0.0041,365.0,4.87,0.016316206603298102,rare,1.6316206603298102,rare,peak_abundance_with_occupancy_days_modifiers,0.0487
coukin,GT,0.03912455468405003,0.0399,0.0399,resident,0.2915,0.074,0.045,365.0,29.15,0.016316206603298102,rare,1.6316206603298102,,peak_abundance_with_occupancy_days_modifiers,0.2915
yebori1,GT,0.038932210001787475,0.0397,0.0397,resident,0.122,0.0505,0.0571,365.0,12.2,0.016235992640476416,rare,1.6235992640476415,,peak_abundance_with_occupancy_days_modifiers,0.122
swtkit,GT,0.03883602378519815,0.02085,0.0396,breeding,0.2448,0.0041,0.0046,98.0,24.48,0.016195879872550122,rare,1.6195879872550123,,peak_abundance_with_occupancy_days_modifiers,0.2448
blubun,GT,0.038643623592204426,0.0394,0.0394,resident,0.1118,0.0638,0.1043,365.0,11.18,0.016115642759955476,rare,1.6115642759955477,,peak_abundance_with_occupancy_days_modifiers,0.1118
yerwar,GT,0.03854740961223893,0.014924999999999999,0.0393,nonbreeding,0.2537,0.0058,0.0007,98.0,25.369999999999997,0.016075518413801934,rare,1.6075518413801935,,peak_abundance_with_occupancy_days_modifiers,0.2537
rutjac1,GT,0.03845118637425273,0.0392,0.0392,resident,0.1112,0.0024,0.004,365.0,11.12,0.016035390206753968,rare,1.6035390206753968,,peak_abundance_with_occupancy_days_modifiers,0.1112
verfly,GT,0.03835495387646399,0.033525,0.0391,nonbreeding,0.1396,0.0037,0.0038,112.0,13.96,0.01599525813806841,rare,1.599525813806841,,peak_abundance_with_occupancy_days_modifiers,0.1396
tubmot1,GT,0.03825871211709034,0.039,0.039,resident,0.1369,0.0743,0.0701,365.0,13.69,0.015955122207001946,rare,1.5955122207001946,,peak_abundance_with_occupancy_days_modifiers,0.1369
macwar,GT,0.03816246109434891,0.026633333333333332,0.0389,nonbreeding,0.3224,0.0416,0.0447,119.0,32.24,0.015914982412811064,rare,1.5914982412811065,,peak_abundance_with_occupancy_days_modifiers,0.3224
recman1,GT,0.03796993125162867,0.0387,0.0387,resident,0.1391,0.1244,0.1437,365.0,13.91,0.01583469123208091,rare,1.583469123208091,,peak_abundance_with_occupancy_days_modifiers,0.1391
shtfly1,GT,0.03777736433402994,0.0385,0.0385,resident,0.2085,0.0171,0.0313,365.0,20.849999999999998,0.01575438458992553,rare,1.5754384589925527,,peak_abundance_with_occupancy_days_modifiers,0.2085
wnbfin1,GT,0.03768106696768849,0.0384,0.0384,resident,0.1255,0.1715,0.2064,365.0,12.55,0.015714225468952302,rare,1.5714225468952303,,peak_abundance_with_occupancy_days_modifiers,0.1255
slttro1,GT,0.0374884444109916,0.0382,0.0382,resident,0.1176,0.0897,0.1445,365.0,11.76,0.01563389562349075,rare,1.563389562349075,,peak_abundance_with_occupancy_days_modifiers,0.1176
blhsis1,GT,0.0374884444109916,0.0382,0.0382,resident,0.0919,0.0727,0.1085,365.0,9.19,0.01563389562349075,rare,1.563389562349075,,peak_abundance_with_occupancy_days_modifiers,0.0919
grawar,GT,0.037295784743696894,0.033049999999999996,0.038,nonbreeding,0.2925,0.0954,0.1056,140.0,29.25,0.01555355030170785,rare,1.555355030170785,,peak_abundance_with_occupancy_days_modifiers,0.2925
acowoo,GT,0.03710308795150221,0.0378,0.0378,resident,0.0876,0.016,0.0078,365.0,8.76,0.015473189497639128,rare,1.5473189497639128,,peak_abundance_with_occupancy_days_modifiers,0.0876
cliswa,GT,0.036717582935162765,0.01676666666666667,0.0374,postbreeding_migration,0.1483,0.0018,0.0006,119.0,14.829999999999998,0.015312421418769066,rare,1.5312421418769067,,peak_abundance_with_occupancy_days_modifiers,0.1483
gnbman,GT,0.036717582935162765,0.02,0.0374,breeding,0.3878,0.1144,0.1468,280.0,38.78,0.015312421418769066,rare,1.5312421418769067,,peak_abundance_with_occupancy_days_modifiers,0.3878
royter1,GT,0.0366211834556453,0.0203,0.0373,nonbreeding,0.0159,0.0083,0.0157,126.0,1.59,0.015272219713293851,rare,1.527221971329385,rare,peak_abundance_with_occupancy_days_modifiers,0.0159
plukit1,GT,0.036524774682372266,0.020266666666666665,0.0372,breeding,0.2264,0.0038,0.0058,98.0,22.64,0.015232014132021432,rare,1.5232014132021432,,peak_abundance_with_occupancy_days_modifiers,0.2264
bkcori,GT,0.03604259134692935,0.0367,0.0367,resident,0.1631,0.1077,0.1264,365.0,16.31,0.015030928062536775,rare,1.5030928062536775,,peak_abundance_with_occupancy_days_modifiers,0.1631
chhoro1,GT,0.03604259134692935,0.0367,0.0367,resident,0.0475,0.0343,0.0427,365.0,4.75,0.015030928062536775,rare,1.5030928062536775,rare,peak_abundance_with_occupancy_days_modifiers,0.0475
bawmoc1,GT,0.035946126773469124,0.0366,0.0366,resident,0.1311,0.667,0.7148,365.0,13.11,0.01499069921077894,rare,1.4990699210778942,,peak_abundance_with_occupancy_days_modifiers,0.1311
grnjay,GT,0.03546366427556904,0.0361,0.0361,resident,0.1272,0.0244,0.0154,365.0,12.72,0.014789496721507176,rare,1.4789496721507176,,peak_abundance_with_occupancy_days_modifiers,0.1272
thitin1,GT,0.035367143837291316,0.036,0.036,resident,0.2162,0.0912,0.0765,365.0,21.62,0.014749244572310905,rare,1.4749244572310904,,peak_abundance_with_occupancy_days_modifiers,0.2162
scapig2,GT,0.03507752661269611,0.0357,0.0357,resident,0.143,0.0036,0.0067,365.0,14.299999999999999,0.014628464808540322,rare,1.4628464808540322,,peak_abundance_with_occupancy_days_modifiers,0.143
legcuc1,GT,0.03459464476449907,0.0352,0.0352,resident,0.1195,0.0697,0.0921,365.0,11.95,0.014427087436611287,rare,1.4427087436611288,,peak_abundance_with_occupancy_days_modifiers,0.1195
obnthr1,GT,0.034111529628767866,0.0347,0.0347,resident,0.1594,0.0507,0.0566,365.0,15.939999999999998,0.014225612776224075,rare,1.4225612776224075,,peak_abundance_with_occupancy_days_modifiers,0.1594
whlgna2,GT,0.03382154847551067,0.0344,0.0344,resident,0.074,0.0775,0.0791,365.0,7.3999999999999995,0.014104681242413281,rare,1.4104681242413282,,peak_abundance_with_occupancy_days_modifiers,0.074
semplo,GT,0.03382154847551067,0.018075,0.0344,nonbreeding,0.0098,0.0038,0.0063,161.0,0.98,0.014104681242413281,very_rare,1.4104681242413282,very_rare,peak_abundance_with_occupancy_days_modifiers,0.0098
yehpar,GT,0.033529057657474604,0.0340974917404243,0.0340974917404243,resident,0.0703373112715339,0.0055843616479174,0.0172538580188232,365.0,7.03373112715339,0.013982703097098032,rare,1.3982703097098033,,peak_abundance_with_occupancy_days_modifiers,0.0703373112715339
ocbfly1,GT,0.03343477608623739,0.034,0.034,resident,0.2231,0.0049,0.0091,365.0,22.31,0.013943384627977793,rare,1.3943384627977793,,peak_abundance_with_occupancy_days_modifiers,0.2231
yebela1,GT,0.03324133377980188,0.0338,0.0338,resident,0.2853,0.0055,0.0023,365.0,28.53,0.013862712920322382,rare,1.3862712920322382,,peak_abundance_with_occupancy_days_modifiers,0.2853
caneme1,GT,0.033144598592302024,0.0337,0.0337,resident,0.2921,0.1211,0.1015,365.0,29.21,0.013822371213744447,rare,1.3822371213744447,,peak_abundance_with_occupancy_days_modifiers,0.2921
littin1,GT,0.03275756423817219,0.0333,0.0333,resident,0.1863,0.0039,0.0055,365.0,18.63,0.01366096535147836,rare,1.366096535147836,,peak_abundance_with_occupancy_days_modifiers,0.1863
rufsab1,GT,0.03210769090672546,0.0326287040389134,0.0326287040389134,resident,0.1496060581252919,0.5043268500178921,0.4789749296105542,365.0,14.96060581252919,0.013389947121942282,rare,1.3389947121942283,,peak_abundance_with_occupancy_days_modifiers,0.1496060581252919
motowl,GT,0.03130484982841249,0.0318,0.0318,resident,0.1877,0.0134,0.1035,365.0,18.77,0.013055136387119784,rare,1.3055136387119783,,peak_abundance_with_occupancy_days_modifiers,0.1877
gretin1,GT,0.030141156911986842,0.0306,0.0306,resident,0.1198,0.0034,0.0072,365.0,11.98,0.012569838747299309,rare,1.256983874729931,,peak_abundance_with_occupancy_days_modifiers,0.1198
batfal1,GT,0.030044121348376668,0.0305,0.0305,resident,0.275,0.0056,0.0102,365.0,27.500000000000004,0.012529371774153763,rare,1.2529371774153764,,peak_abundance_with_occupancy_days_modifiers,0.275
butsal1,GT,0.0298500219688853,0.0303,0.0303,resident,0.1037,0.0015,0.0032,365.0,10.37,0.012448426045750522,rare,1.2448426045750522,,peak_abundance_with_occupancy_days_modifiers,0.1037
cogdov,GT,0.029267497680568088,0.0297,0.0297,resident,0.0921,0.0043,0.003,365.0,9.21,0.012205494548730916,rare,1.2205494548730915,,peak_abundance_with_occupancy_days_modifiers,0.0921
rubspi2,GT,0.029073247485707086,0.0295,0.0295,resident,0.1463,0.2499,0.3296,365.0,14.63,0.012124485925433415,rare,1.2124485925433415,,peak_abundance_with_occupancy_days_modifiers,0.1463
rethaw,GT,0.028976108236517098,0.025500000000000002,0.0294,nonbreeding,0.3224,0.0041,0.0016,112.0,32.24,0.012083975712042562,rare,1.2083975712042563,,peak_abundance_with_occupancy_days_modifiers,0.3224
norsho,GT,0.02887895955037667,0.018366666666666667,0.0293,nonbreeding,0.0178,0.0005,0.0002,91.0,1.78,0.012043461563137701,rare,1.20434615631377,rare,peak_abundance_with_occupancy_days_modifiers,0.0178
y00678,GT,0.028684633859908954,0.0291,0.0291,resident,0.1374,0.0014,0.0005,365.0,13.74,0.0119624214557267,rare,1.19624214557267,,peak_abundance_with_occupancy_days_modifiers,0.1374
yetori1,GT,0.028587456851912555,0.029,0.029,resident,0.1589,0.0702,0.0917,365.0,15.89,0.011921895495690513,rare,1.1921895495690513,,peak_abundance_with_occupancy_days_modifiers,0.1589
banswa,GT,0.028490270399627496,0.014066666666666667,0.0289,postbreeding_migration,0.1304,,,,13.04,0.011881365597080043,rare,1.1881365597080042,,peak_abundance_with_occupancy_days_modifiers,0.1304
chcwoo1,GT,0.028393074501217887,0.0288,0.0288,resident,0.1241,0.1574,0.236,365.0,12.41,0.01184083175912966,rare,1.184083175912966,,peak_abundance_with_occupancy_days_modifiers,0.1241
herwar,GT,0.02810143011087481,0.016033333333333333,0.0285,nonbreeding,0.2087,0.0892,0.0805,133.0,20.87,0.011719206601579431,rare,1.171920660157943,,peak_abundance_with_occupancy_days_modifiers,0.2087
grbher3,GT,0.02810143011087481,0.017150000000000002,0.0285,nonbreeding,0.1226,0.0062,0.0046,175.0,12.26,0.011719206601579431,rare,1.171920660157943,,peak_abundance_with_occupancy_days_modifiers,0.1226
noremt1,GT,0.02810143011087481,0.0285,0.0285,resident,0.0849,0.1182,0.1199,365.0,8.49,0.011719206601579431,rare,1.171920660157943,,peak_abundance_with_occupancy_days_modifiers,0.0849
smbwoo1,GT,0.02780970063926723,0.0282,0.0282,resident,0.17,0.0466,0.1018,365.0,17.0,0.011597545962386005,rare,1.1597545962386004,,peak_abundance_with_occupancy_days_modifiers,0.17
blkski,GT,0.027615167032973367,0.012725,0.028,nonbreeding,0.007,0.0007,0.0038,140.0,0.7000000000000001,0.0115164191473409,very_rare,1.15164191473409,very_rare,peak_abundance_with_occupancy_days_modifiers,0.007
gyhdov1,GT,0.027517886036739245,0.0279,0.0279,resident,0.13,0.1632,0.2713,365.0,13.0,0.011475849820841258,rare,1.1475849820841257,,peak_abundance_with_occupancy_days_modifiers,0.13
coffal1,GT,0.027225986253591457,0.0276,0.0276,resident,0.2442,0.0044,0.0157,365.0,24.42,0.01135411815621893,rare,1.135411815621893,,peak_abundance_with_occupancy_days_modifiers,0.2442
grsvir1,GT,0.02712866738825262,0.0275,0.0275,resident,0.1181,0.1836,0.2137,365.0,11.81,0.011313533037075985,rare,1.1313533037075985,,peak_abundance_with_occupancy_days_modifiers,0.1181
whbcha1,GT,0.02673929718962161,0.0271,0.0271,resident,0.0444,0.2449,0.2704,365.0,4.44,0.011151153051991488,rare,1.1151153051991487,rare,peak_abundance_with_occupancy_days_modifiers,0.0444
woewar1,GT,0.02664193094642118,0.017766666666666667,0.027,nonbreeding,0.3983,0.0926,0.1715,133.0,39.83,0.011110548174745622,rare,1.1110548174745623,,peak_abundance_with_occupancy_days_modifiers,0.3983
sposan,GT,0.02586265952572737,0.024166666666666666,0.0262,nonbreeding,0.0851,0.003,0.0079,147.0,8.51,0.010785566750605149,rare,1.078556675060515,,peak_abundance_with_occupancy_days_modifiers,0.0851
bkbwar,GT,0.02586265952572737,0.017050000000000003,0.0262,prebreeding_migration,0.6845,0.02,0.0124,91.0,68.45,0.010785566750605149,rare,1.078556675060515,,peak_abundance_with_occupancy_days_modifiers,0.6845
trogna2,GT,0.02586265952572737,0.0262,0.0262,resident,0.1694,0.038,0.0171,365.0,16.939999999999998,0.010785566750605149,rare,1.078556675060515,,peak_abundance_with_occupancy_days_modifiers,0.1694
wewpew,GT,0.025472795973031023,0.012833333333333334,0.0258,postbreeding_migration,0.4212,0.0079,0.005,140.0,42.120000000000005,0.010622981020895057,rare,1.0622981020895057,,peak_abundance_with_occupancy_days_modifiers,0.4212
louwat,GT,0.025180298530298247,0.0202,0.0255,nonbreeding,0.4165,0.0367,0.0491,119.0,41.65,0.010501000112866745,rare,1.0501000112866745,,peak_abundance_with_occupancy_days_modifiers,0.4165
kinvul1,GT,0.0246926125903715,0.025,0.025,resident,0.1298,0.0023,0.0052,365.0,12.98,0.010297619279075043,rare,1.0297619279075043,,peak_abundance_with_occupancy_days_modifiers,0.1298
shthaw,GT,0.024595046855380207,0.0249,0.0249,resident,0.6468,0.0144,0.0206,365.0,64.68,0.010256931207290565,uncommon,1.0256931207290565,,peak_abundance_with_occupancy_days_modifiers,0.6468
fuwduc,GT,0.024302292522964862,0.014224999999999998,0.0246,nonbreeding,0.0276,,,,2.76,0.010134843167943598,rare,1.0134843167943597,rare,peak_abundance_with_occupancy_days_modifiers,0.0276
souwpw1,GT,0.024204688696817394,0.0137,0.0245,nonbreeding,0.175,0.0685,0.266,147.0,17.5,0.010094139210913167,rare,1.0094139210913167,,peak_abundance_with_occupancy_days_modifiers,0.175
norpar,GT,0.024009452460351865,0.012433333333333333,0.0243,nonbreeding,0.3639,0.0618,0.0143,84.0,36.39,0.010012719376327289,rare,1.0012719376327288,,peak_abundance_with_occupancy_days_modifiers,0.3639
rcnthr1,GT,0.023814178099254877,0.0241,0.0241,resident,0.0588,0.1503,0.2897,365.0,5.88,0.009931283642535179,rare,0.9931283642535179,,peak_abundance_with_occupancy_days_modifiers,0.0588
phivir,GT,0.023814178099254877,0.014533333333333334,0.0241,nonbreeding,0.498,0.1285,0.0752,112.0,49.8,0.009931283642535179,rare,0.9931283642535179,,peak_abundance_with_occupancy_days_modifiers,0.498
rudcra1,GT,0.023423514943588058,0.0237,0.0237,resident,0.1286,0.175,0.2279,365.0,12.86,0.00976836445248612,rare,0.976836445248612,,peak_abundance_with_occupancy_days_modifiers,0.1286
sander,GT,0.02264173048082465,0.015166666666666667,0.0229,nonbreeding,0.0068,0.0018,0.0022,77.0,0.6799999999999999,0.009442335008401522,very_rare,0.9442335008401522,very_rare,peak_abundance_with_occupancy_days_modifiers,0.0068
rucwar4,GT,0.022348403663761812,0.0226,0.0226,resident,0.1049,0.052,0.0343,365.0,10.489999999999998,0.009320008224412958,rare,0.9320008224412958,,peak_abundance_with_occupancy_days_modifiers,0.1049
tromoc,GT,0.022152804641133304,0.0224,0.0224,resident,0.0868,0.0077,0.0041,365.0,8.68,0.009238437096245954,rare,0.9238437096245954,,peak_abundance_with_occupancy_days_modifiers,0.0868
ycnher,GT,0.02195716735204214,0.009625,0.0222,nonbreeding,0.1437,0.0279,0.0286,147.0,14.37,0.009156850009724517,rare,0.9156850009724518,,peak_abundance_with_occupancy_days_modifiers,0.1437
rubwre2,GT,0.02185933435289352,0.0221,0.0221,resident,0.0631,0.6189,0.6731,365.0,6.3100000000000005,0.009116050480129367,rare,0.9116050480129367,,peak_abundance_with_occupancy_days_modifiers,0.0631
bltmot1,GT,0.02176149178151269,0.022,0.022,resident,0.0908,0.6781,0.7335,365.0,9.08,0.009075246958603327,rare,0.9075246958603327,,peak_abundance_with_occupancy_days_modifiers,0.0908
willet1,GT,0.021663639636026324,0.012675,0.0219,nonbreeding,0.0095,0.0062,0.0053,147.0,0.95,0.00903443944436516,very_rare,0.9034439444365159,very_rare,peak_abundance_with_occupancy_days_modifiers,0.0095
moudov,GT,0.021467906615240923,0.0133,0.0217,nonbreeding,0.2033,0.0036,0.0003,105.0,20.330000000000002,0.008952812434626341,rare,0.8952812434626342,,peak_abundance_with_occupancy_days_modifiers,0.2033
rosspo1,GT,0.021370025736192483,0.012450000000000001,0.0216,postbreeding_migration,0.0652,0.0021,0.0023,189.0,6.52,0.008911992937562067,rare,0.8911992937562067,,peak_abundance_with_occupancy_days_modifiers,0.0652
buwwar,GT,0.021370025736192483,0.013733333333333334,0.0216,nonbreeding,0.4913,0.1078,0.1553,119.0,49.13,0.008911992937562067,rare,0.8911992937562067,,peak_abundance_with_occupancy_days_modifiers,0.4913
eyrfla1,GT,0.020880477579355235,0.0211,0.0211,resident,0.1433,0.1445,0.1944,365.0,14.330000000000002,0.008707835498998829,rare,0.8707835498998829,,peak_abundance_with_occupancy_days_modifiers,0.1433
btstan1,GT,0.020782539182528505,0.021,0.021,resident,0.0849,0.3321,0.3909,365.0,8.49,0.008666992015157925,rare,0.8666992015157925,,peak_abundance_with_occupancy_days_modifiers,0.0849
grecur1,GT,0.020782539182528505,0.021,0.021,resident,0.0787,0.0798,0.1997,365.0,7.870000000000001,0.008666992015157925,rare,0.8666992015157925,,peak_abundance_with_occupancy_days_modifiers,0.0787
crcwar,GT,0.02058663360838838,0.0208,0.0208,resident,0.0728,0.0786,0.0694,365.0,7.28,0.008585293045080938,rare,0.8585293045080938,,peak_abundance_with_occupancy_days_modifiers,0.0728
paltyr2,GT,0.02057070351063926,0.0207837386857402,0.0207837386857402,resident,0.2392855741022627,0.7651806372177414,0.7923272231930989,365.0,23.92855741022627,0.008578649678320997,rare,0.8578649678320998,,peak_abundance_with_occupancy_days_modifiers,0.2392855741022627
bkbplo,GT,0.02048866642731566,0.010775,0.0207,prebreeding_migration,0.0089,0.0014,0.0014,140.0,0.89,0.008544437557277094,very_rare,0.8544437557277095,very_rare,peak_abundance_with_occupancy_days_modifiers,0.0089
manvir1,GT,0.020292703267762432,0.0205,0.0205,resident,0.1173,0.0867,0.0515,365.0,11.73,0.00846271457221757,rare,0.846271457221757,,peak_abundance_with_occupancy_days_modifiers,0.1173
bcnher,GT,0.020194707285519278,0.015349999999999999,0.0204,breeding,0.0889,0.0013,0.0005,112.0,8.89,0.008421847073392743,rare,0.8421847073392743,,peak_abundance_with_occupancy_days_modifiers,0.0889
royfly1,GT,0.020194707285519278,0.0204,0.0204,resident,0.1241,0.0038,0.035,365.0,12.41,0.008421847073392743,rare,0.8421847073392743,,peak_abundance_with_occupancy_days_modifiers,0.1241
hamfly,GT,0.020194707285519278,0.012466666666666668,0.0204,nonbreeding,0.2256,0.0365,0.0533,126.0,22.56,0.008421847073392743,rare,0.8421847073392743,,peak_abundance_with_occupancy_days_modifiers,0.2256
baffal1,GT,0.02009670169912241,0.0203,0.0203,resident,0.1267,0.0034,0.011,365.0,12.67,0.008380975569324727,rare,0.8380975569324727,,peak_abundance_with_occupancy_days_modifiers,0.1267
banwre1,GT,0.019998686506689126,0.0202,0.0202,resident,0.0591,0.0464,0.0313,365.0,5.91,0.008340100059228372,rare,0.8340100059228371,,peak_abundance_with_occupancy_days_modifiers,0.0591
sctlea1,GT,0.019930729286427428,0.0201306723995712,0.0201306723995712,resident,0.237079904096705,0.1812970910555665,0.3136772689951603,365.0,23.7079904096705,0.008311759697148056,rare,0.8311759697148057,,peak_abundance_with_occupancy_days_modifiers,0.237079904096705
nobwoo1,GT,0.019900661706336167,0.0201,0.0201,resident,0.1245,0.0951,0.1414,365.0,12.45,0.008299220542318296,rare,0.8299220542318295,,peak_abundance_with_occupancy_days_modifiers,0.1245
pihwar1,GT,0.019900661706336167,0.0201,0.0201,resident,0.0283,0.9465,0.9611,365.0,2.83,0.008299220542318296,rare,0.8299220542318295,rare,peak_abundance_with_occupancy_days_modifiers,0.0283
maghum1,GT,0.019802627296179712,0.014875,0.02,postbreeding_migration,0.1439,0.0736,0.1216,119.0,14.39,0.008258337017808889,rare,0.8258337017808889,,peak_abundance_with_occupancy_days_modifiers,0.1439
gobwar1,GT,0.019704583274335403,0.0199,0.0199,resident,0.0558,0.119,0.101,365.0,5.58,0.00821744948491431,rare,0.821744948491431,,peak_abundance_with_occupancy_days_modifiers,0.0558
todmot1,GT,0.01960652963891831,0.0198,0.0198,resident,0.077,0.1742,0.2902,365.0,7.7,0.008176557942848484,rare,0.8176557942848485,,peak_abundance_with_occupancy_days_modifiers,0.077
whnpuf2,GT,0.019501354116479363,0.019692747642477,0.019692747642477,resident,0.2758932658616276,0.0067244415096475,0.013353702644865,365.0,27.58932658616276,0.008132696343206493,rare,0.8132696343206492,,peak_abundance_with_occupancy_days_modifiers,0.2758932658616276
rudwoo1,GT,0.019410393519823325,0.0196,0.0196,resident,0.1198,0.1252,0.1979,365.0,11.98,0.00809476282805764,rare,0.809476282805764,,peak_abundance_with_occupancy_days_modifiers,0.1198
carwre,GT,0.019410393519823325,0.0196,0.0196,resident,0.1392,0.0058,0.0007,365.0,13.919999999999998,0.00809476282805764,rare,0.809476282805764,,peak_abundance_with_occupancy_days_modifiers,0.1392
spotow,GT,0.019312311032372815,0.01665,0.0195,prebreeding_migration,0.0542,0.0033,0.0023,98.0,5.42,0.00805385925375932,rare,0.8053859253759321,,peak_abundance_with_occupancy_days_modifiers,0.0542
unijay1,GT,0.019214782807270576,0.0194005748229676,0.0194005748229676,resident,0.0741314442965917,0.1844839356032442,0.2333787013272348,365.0,7.41314442965917,0.008013186824813511,rare,0.8013186824813511,,peak_abundance_with_occupancy_days_modifiers,0.0741314442965917
labwoo,GT,0.019214218923804288,0.0194,0.0194,resident,0.1115,0.0053,0.004,365.0,11.15,0.008012951667143145,rare,0.8012951667143146,,peak_abundance_with_occupancy_days_modifiers,0.1115
whwpuf1,GT,0.019137962280271,0.0193222669414509,0.0193222669414509,resident,0.1423373872961583,0.0782584176289617,0.1225151653394613,365.0,14.23373872961583,0.007981150176728478,rare,0.7981150176728479,,peak_abundance_with_occupancy_days_modifiers,0.1423373872961583
phecuc1,GT,0.019094641644455533,0.0192781102092019,0.0192781102092019,resident,0.3624155345276754,0.0116371617568759,0.033804087736118,365.0,36.24155345276754,0.00796308406837629,rare,0.7963084068376289,,peak_abundance_with_occupancy_days_modifiers,0.3624155345276754
pavpig2,GT,0.018919884852510872,0.0191,0.0191,resident,0.0689,0.0009,0.0008,365.0,6.890000000000001,0.00789020482551394,rare,0.789020482551394,,peak_abundance_with_occupancy_days_modifiers,0.0689
sthwoo1,GT,0.018919884852510872,0.0191,0.0191,resident,0.1918,0.0316,0.0179,365.0,19.18,0.00789020482551394,rare,0.789020482551394,,peak_abundance_with_occupancy_days_modifiers,0.1918
lobher,GT,0.01882175424058776,0.019,0.019,resident,0.0872,0.054,0.0613,365.0,8.72,0.007849281181751724,rare,0.7849281181751724,,peak_abundance_with_occupancy_days_modifiers,0.0872
btther1,GT,0.01862546412316489,0.0188,0.0188,resident,0.1563,0.0737,0.0565,365.0,15.629999999999999,0.007767421844669928,rare,0.7767421844669928,,peak_abundance_with_occupancy_days_modifiers,0.1563
triher,GT,0.01862546412316489,0.0149,0.0188,nonbreeding,0.0407,0.0136,0.0156,196.0,4.07,0.007767421844669928,rare,0.7767421844669928,rare,peak_abundance_with_occupancy_days_modifiers,0.0407
dusant1,GT,0.01862546412316489,0.0188,0.0188,resident,0.0718,0.0049,0.0063,365.0,7.180000000000001,0.007767421844669928,rare,0.7767421844669928,,peak_abundance_with_occupancy_days_modifiers,0.0718
linspa,GT,0.018527304613883622,0.011733333333333333,0.0187,nonbreeding,0.2121,0.007,0.0024,77.0,21.21,0.007726486149773333,rare,0.7726486149773333,,peak_abundance_with_occupancy_days_modifiers,0.2121
paired,GT,0.01842913546836719,0.011525,0.0186,nonbreeding,0.2197,0.0505,0.0171,91.0,21.97,0.007685546436254547,rare,0.7685546436254547,,peak_abundance_with_occupancy_days_modifiers,0.2197
gowwar,GT,0.01842913546836719,0.010533333333333332,0.0186,nonbreeding,0.439,0.1235,0.1,140.0,43.9,0.007685546436254547,rare,0.7685546436254547,,peak_abundance_with_occupancy_days_modifiers,0.439
y00599,GT,0.018232768261059712,0.0184,0.0184,resident,0.0992,0.0541,0.0123,365.0,9.92,0.0076036549501938165,rare,0.7603654950193817,,peak_abundance_with_occupancy_days_modifiers,0.0992
pirfly1,GT,0.01813457019548269,0.008866666666666667,0.0183,breeding,0.1921,0.0031,0.0044,91.0,19.21,0.007562703176073003,rare,0.7562703176073003,,peak_abundance_with_occupancy_days_modifiers,0.1921
wetsab1,GT,0.017839918128331,0.018,0.018,resident,0.1054,0.1215,0.104,365.0,10.54,0.007439823719870647,rare,0.7439823719870647,,peak_abundance_with_occupancy_days_modifiers,0.1054
grtcha1,GT,0.017741681476157102,0.0179,0.0179,resident,0.1003,0.1421,0.1751,365.0,10.03,0.0073988558538890595,rare,0.7398855853889059,,peak_abundance_with_occupancy_days_modifiers,0.1003
yelfly1,GT,0.017741681476157102,0.0179,0.0179,resident,0.0781,0.2581,0.2561,365.0,7.8100000000000005,0.0073988558538890595,rare,0.7398855853889059,,peak_abundance_with_occupancy_days_modifiers,0.0781
ccbfin,GT,0.017446913603720648,0.0176,0.0176,resident,0.0621,0.048,0.0713,365.0,6.21,0.007275928103131861,rare,0.7275928103131861,,peak_abundance_with_occupancy_days_modifiers,0.0621
azchum1,GT,0.017446913603720648,0.0176,0.0176,resident,0.0604,0.1039,0.1168,365.0,6.04,0.007275928103131861,rare,0.7275928103131861,,peak_abundance_with_occupancy_days_modifiers,0.0604
comblh1,GT,0.017446913603720648,0.012650000000000002,0.0176,prebreeding_migration,0.3851,0.0336,0.0353,98.0,38.51,0.007275928103131861,rare,0.7275928103131861,,peak_abundance_with_occupancy_days_modifiers,0.3851
cibflo1,GT,0.017348638334613004,0.0175,0.0175,resident,0.083,0.2324,0.2385,365.0,8.3,0.007234944132638043,rare,0.7234944132638043,,peak_abundance_with_occupancy_days_modifiers,0.083
norpot1,GT,0.0172128271565982,0.0173618215096741,0.0173618215096741,resident,0.484755371004559,0.1553251630757643,0.2469291122273937,365.0,48.4755371004559,0.007178306472288325,rare,0.7178306472288325,,peak_abundance_with_occupancy_days_modifiers,0.484755371004559
grnkin,GT,0.01715205881756557,0.0173,0.0173,resident,0.1586,0.0027,0.004,365.0,15.86,0.007152964106538737,rare,0.7152964106538737,,peak_abundance_with_occupancy_days_modifiers,0.1586
sinqua1,GT,0.016758783814954704,0.0169,0.0169,resident,0.0628,0.1101,0.2454,365.0,6.279999999999999,0.0069889556917124805,rare,0.6988955691712481,,peak_abundance_with_occupancy_days_modifiers,0.0628
moutro1,GT,0.01666044089310724,0.0168,0.0168,resident,0.0707,0.0564,0.0874,365.0,7.07,0.006947943507834789,rare,0.6947943507834788,,peak_abundance_with_occupancy_days_modifiers,0.0707
pucfai1,GT,0.01665609761168642,0.0167955837610418,0.0167955837610418,resident,0.1229377842775391,0.0473792028300174,0.0604937402334064,365.0,12.29377842775391,0.006946132218797283,rare,0.6946132218797283,,peak_abundance_with_occupancy_days_modifiers,0.1229377842775391
amthum1,GT,0.016645478369736323,0.016784786220055,0.016784786220055,resident,0.1876651057581885,0.1288701787102761,0.4832898406463694,365.0,18.766510575818852,0.00694170365093169,rare,0.694170365093169,,peak_abundance_with_occupancy_days_modifiers,0.1876651057581885
higgua1,GT,0.016365354086264272,0.0165,0.0165,resident,0.0754,0.3335,0.3946,365.0,7.539999999999999,0.006824882751099334,rare,0.6824882751099334,,peak_abundance_with_occupancy_days_modifiers,0.0754
haiwoo,GT,0.01587334915629015,0.016,0.016,resident,0.0915,0.0016,0.0018,365.0,9.15,0.006619700758559729,rare,0.6619700758559729,,peak_abundance_with_occupancy_days_modifiers,0.0915
rucwar,GT,0.01587334915629015,0.016,0.016,resident,0.0446,0.0131,0.0147,365.0,4.46,0.006619700758559729,rare,0.6619700758559729,rare,peak_abundance_with_occupancy_days_modifiers,0.0446
naswar,GT,0.015578029963318415,0.009733333333333332,0.0157,nonbreeding,0.2188,0.0327,0.0079,91.0,21.88,0.006496543089281262,rare,0.6496543089281261,,peak_abundance_with_occupancy_days_modifiers,0.2188
strowl1,GT,0.015550701487115808,0.0156722428460031,0.0156722428460031,resident,0.4178128721144007,0.004799900759971,0.0080212435093173,365.0,41.78128721144007,0.006485146229496444,rare,0.6485146229496445,,peak_abundance_with_occupancy_days_modifiers,0.4178128721144007
eleeup1,GT,0.015479570848386318,0.0156,0.0156,resident,0.0899,0.0352,0.0346,365.0,8.99,0.006455482449123619,rare,0.6455482449123618,,peak_abundance_with_occupancy_days_modifiers,0.0899
purgal2,GT,0.015282623531156904,0.0104,0.0154,postbreeding_migration,0.1447,0.0041,0.0057,112.0,14.469999999999999,0.0063733490384348555,rare,0.6373349038434856,,peak_abundance_with_occupancy_days_modifiers,0.1447
scamac1,GT,0.015184135325039965,0.0153,0.0153,resident,0.0383,0.0009,0.0015,365.0,3.83,0.00633227626631083,rare,0.633227626631083,rare,peak_abundance_with_occupancy_days_modifiers,0.0383
ruqdov,GT,0.015184135325039965,0.0153,0.0153,resident,0.1377,0.0031,0.0064,365.0,13.77,0.00633227626631083,rare,0.633227626631083,,peak_abundance_with_occupancy_days_modifiers,0.1377
olsfly,GT,0.014987129808248345,0.010633333333333333,0.0151,postbreeding_migration,0.5186,0.0158,0.0101,98.0,51.85999999999999,0.0062501185845193685,rare,0.6250118584519369,,peak_abundance_with_occupancy_days_modifiers,0.5186
tuffly,GT,0.014987129808248345,0.0151,0.0151,resident,0.0832,0.0337,0.0286,365.0,8.32,0.0062501185845193685,rare,0.6250118584519369,,peak_abundance_with_occupancy_days_modifiers,0.0832
slbtin1,GT,0.014888612493750654,0.015,0.015,resident,0.1155,0.2422,0.2443,365.0,11.55,0.006209033673257707,rare,0.6209033673257707,,peak_abundance_with_occupancy_days_modifiers,0.1155
giawre1,GT,0.014816782996108833,0.0149270956782653,0.0149270956782653,resident,0.0945224009064485,0.110947324747885,0.0442853734232836,365.0,9.452240090644851,0.006179078446081344,rare,0.6179078446081344,,peak_abundance_with_occupancy_days_modifiers,0.0945224009064485
runwor1,GT,0.01479008547263543,0.0149,0.0149,resident,0.0929,0.1045,0.118,365.0,9.29,0.0061679447140221225,rare,0.6167944714022122,,peak_abundance_with_occupancy_days_modifiers,0.0929
rinkin1,GT,0.01459300230290015,0.0147,0.0147,resident,0.0876,0.0014,0.0018,365.0,8.76,0.006085754648437957,rare,0.6085754648437957,,peak_abundance_with_occupancy_days_modifiers,0.0876
slcsol1,GT,0.01459300230290015,0.0147,0.0147,resident,0.0323,0.0994,0.1072,365.0,3.2300000000000004,0.006085754648437957,rare,0.6085754648437957,rare,peak_abundance_with_occupancy_days_modifiers,0.0323
whtswi,GT,0.01459300230290015,0.007899999999999999,0.0147,prebreeding_migration,0.1091,0.0085,0.0037,112.0,10.91,0.006085754648437957,rare,0.6085754648437957,,peak_abundance_with_occupancy_days_modifiers,0.1091
whtrob1,GT,0.014198719399812949,0.0143,0.0143,resident,0.0808,0.0423,0.0307,365.0,8.08,0.005921325906465824,rare,0.5921325906465824,,peak_abundance_with_occupancy_days_modifiers,0.0808
purmar,GT,0.014198719399812949,0.009433333333333334,0.0143,prebreeding_migration,0.1719,0.0062,0.0003,98.0,17.19,0.005921325906465824,rare,0.5921325906465824,,peak_abundance_with_occupancy_days_modifiers,0.1719
gubter2,GT,0.013924381683667062,0.006949483517493009,0.0140217774197318,nonbreeding,0.0547474038748312,0.0056776846013299,0.0015086783330253,140.0,5.47474038748312,0.005806918192643632,rare,0.5806918192643632,,peak_abundance_with_occupancy_days_modifiers,0.0547474038748312
yelpar1,GT,0.013902905168991422,0.014,0.014,resident,0.0451,0.0672,0.0575,365.0,4.51,0.005797961790369012,rare,0.5797961790369013,rare,peak_abundance_with_occupancy_days_modifiers,0.0451
shbdow,GT,0.013804280976397056,0.0064333333333333334,0.0139,nonbreeding,0.0103,0.0061,0.0037,147.0,1.03,0.005756832307479104,rare,0.5756832307479104,rare,peak_abundance_with_occupancy_days_modifiers,0.0103
secfly1,GT,0.013705647056111932,0.0138,0.0138,resident,0.0967,0.0031,0.0059,365.0,9.67,0.0057156987678270545,rare,0.5715698767827054,,peak_abundance_with_occupancy_days_modifiers,0.0967
hoogro1,GT,0.013311014059672338,0.0134,0.0134,resident,0.0569,0.3135,0.4603,365.0,5.6899999999999995,0.005551124025586953,rare,0.5551124025586953,,peak_abundance_with_occupancy_days_modifiers,0.0569
oliwar,GT,0.013311014059672338,0.0134,0.0134,resident,0.1135,0.0767,0.0382,365.0,11.35,0.005551124025586953,rare,0.5551124025586953,,peak_abundance_with_occupancy_days_modifiers,0.1135
gtmgem1,GT,0.013311014059672338,0.0134,0.0134,resident,0.0536,0.5107,0.5353,365.0,5.36,0.005551124025586953,rare,0.5551124025586953,,peak_abundance_with_occupancy_days_modifiers,0.0536
strcuc1,GT,0.013212331472134811,0.0133,0.0133,resident,0.318,0.0044,0.0016,365.0,31.8,0.005509970190114249,rare,0.550997019011425,,peak_abundance_with_occupancy_days_modifiers,0.318
viosab1,GT,0.013113639145383105,0.0132,0.0132,resident,0.0559,0.0998,0.1363,365.0,5.59,0.005468812293073767,rare,0.5468812293073767,,peak_abundance_with_occupancy_days_modifiers,0.0559
semsan,GT,0.012817503710614431,0.007966666666666667,0.0129,nonbreeding,0.0072,0.0054,0.0004,126.0,0.72,0.00534531422452665,very_rare,0.534531422452665,very_rare,peak_abundance_with_occupancy_days_modifiers,0.0072
blkter,GT,0.012521280553671745,0.008225,0.0126,prebreeding_migration,0.0153,0.0005,0.0007,133.0,1.53,0.005221779572991616,rare,0.5221779572991616,rare,peak_abundance_with_occupancy_days_modifiers,0.0153
tbsfin1,GT,0.012422519998557154,0.0125,0.0125,resident,0.1133,0.0397,0.0264,365.0,11.33,0.005180593222513795,rare,0.5180593222513795,,peak_abundance_with_occupancy_days_modifiers,0.1133
lesyel,GT,0.012323749688831936,0.008599999999999998,0.0124,prebreeding_migration,0.0414,0.0012,0.0007,126.0,4.14,0.00513940280404738,rare,0.513940280404738,rare,peak_abundance_with_occupancy_days_modifiers,0.0414
dstkne,GT,0.012126179797840565,0.0122,0.0122,resident,0.0285,0.0062,0.0086,365.0,2.85,0.00505700975993383,rare,0.5057009759933829,rare,peak_abundance_with_occupancy_days_modifiers,0.0285
stisan,GT,0.012027380212718455,0.007866666666666666,0.0121,nonbreeding,0.0065,0.0015,0.0041,98.0,0.65,0.005015807132678637,very_rare,0.5015807132678637,very_rare,peak_abundance_with_occupancy_days_modifiers,0.0065
gohtan1,GT,0.011928570865273802,0.012,0.012,resident,0.0472,0.0204,0.013,365.0,4.72,0.004974600434218729,rare,0.4974600434218729,rare,peak_abundance_with_occupancy_days_modifiers,0.0472
crctan1,GT,0.011928570865273802,0.012,0.012,resident,0.0416,0.11,0.1426,365.0,4.16,0.004974600434218729,rare,0.4974600434218729,rare,peak_abundance_with_occupancy_days_modifiers,0.0416
spcwoo1,GT,0.011730922875698666,0.0118,0.0118,resident,0.0699,0.124,0.1353,365.0,6.99,0.004892174820466024,rare,0.4892174820466024,,peak_abundance_with_occupancy_days_modifiers,0.0699
surfly1,GT,0.011730922875698666,0.0118,0.0118,resident,0.0904,0.123,0.2359,365.0,9.04,0.004892174820466024,rare,0.4892174820466024,,peak_abundance_with_occupancy_days_modifiers,0.0904
rottan1,GT,0.011632084229707653,0.0117,0.0117,resident,0.0683,0.1058,0.0731,365.0,6.83,0.004850955903563262,rare,0.4850955903563262,,peak_abundance_with_occupancy_days_modifiers,0.0683
amewig,GT,0.011632084229707653,0.006233333333333334,0.0117,nonbreeding,0.0241,0.0028,0.0006,42.0,2.41,0.004850955903563262,rare,0.4850955903563262,rare,peak_abundance_with_occupancy_days_modifiers,0.0241
rufgle1,GT,0.01153323581367303,0.0116,0.0116,resident,0.0513,,,,5.13,0.00480973291223585,rare,0.480973291223585,,peak_abundance_with_occupancy_days_modifiers,0.0513
barpar1,GT,0.01153323581367303,0.0116,0.0116,resident,0.0208,0.0479,0.0627,365.0,2.08,0.00480973291223585,rare,0.480973291223585,rare,peak_abundance_with_occupancy_days_modifiers,0.0208
pecsan,GT,0.011236631925987681,0.00575,0.0113,prebreeding_migration,0.0521,0.0013,0.0006,91.0,5.21,0.0046860394836487134,rare,0.46860394836487135,,peak_abundance_with_occupancy_days_modifiers,0.0521
blctit1,GT,0.011038847115216341,0.0111,0.0111,resident,0.1203,0.0025,0.0055,365.0,12.030000000000001,0.004603556811025358,rare,0.4603556811025358,,peak_abundance_with_occupancy_days_modifiers,0.1203
whwtan1,GT,0.010939940038334364,0.011,0.011,resident,0.0584,0.0409,0.0659,365.0,5.84,0.004562309356224399,rare,0.4562309356224399,,peak_abundance_with_occupancy_days_modifiers,0.0584
yucfly1,GT,0.010841023177874857,0.0109,0.0109,resident,0.095,0.0816,0.073,365.0,9.5,0.004521057821354797,rare,0.4521057821354797,,peak_abundance_with_occupancy_days_modifiers,0.095
bltjay1,GT,0.010742096531902109,0.0108,0.0108,resident,0.0312,0.5586,0.6837,365.0,3.1199999999999997,0.004479802205609206,rare,0.4479802205609206,rare,peak_abundance_with_occupancy_days_modifiers,0.0312
flctan,GT,0.010643160098479827,0.0107,0.0107,resident,0.0691,0.055,0.0594,365.0,6.909999999999999,0.004438542508180131,rare,0.4438542508180131,,peak_abundance_with_occupancy_days_modifiers,0.0691
webwoo1,GT,0.010445257861538649,0.0105,0.0105,resident,0.107,0.0021,0.0013,365.0,10.7,0.004356010865040352,rare,0.43560108650403523,,peak_abundance_with_occupancy_days_modifiers,0.107
bawowl1,GT,0.010247316451549523,0.0103,0.0103,resident,0.1235,0.1584,0.2686,365.0,12.35,0.0042734628854707085,rare,0.42734628854707085,,peak_abundance_with_occupancy_days_modifiers,0.1235
banana,GT,0.01014833105181515,0.0102,0.0102,resident,0.0677,0.0009,0.0006,365.0,6.77,0.004232182767503403,rare,0.4232182767503403,,peak_abundance_with_occupancy_days_modifiers,0.0677
yucjay1,GT,0.01004933585300144,0.0101,0.0101,resident,0.0197,0.0196,0.0096,365.0,1.97,0.004190898563002608,rare,0.41908985630026085,rare,peak_abundance_with_occupancy_days_modifiers,0.0197
canwar,GT,0.009950330853168083,0.00645,0.01,postbreeding_migration,0.4093,0.0129,0.0111,70.0,40.93,0.0041496102711591504,very_rare,0.41496102711591504,,peak_abundance_with_occupancy_days_modifiers,0.4093
stfgle1,GT,0.009884798109379289,0.0099338140974689,0.0099338140974689,resident,0.0661269215434389,0.0599777687393243,0.1062387391474099,365.0,6.61269215434389,0.004122280994300339,very_rare,0.4122280994300339,,peak_abundance_with_occupancy_days_modifiers,0.0661269215434389
greant1,GT,0.009851316050374183,0.0099,0.0099,resident,0.0725,0.0008,0.0006,365.0,7.249999999999999,0.0041083178911636145,very_rare,0.4108317891163614,,peak_abundance_with_occupancy_days_modifiers,0.0725
blheag1,GT,0.009851316050374183,0.0099,0.0099,resident,0.1188,0.0026,0.0063,365.0,11.88,0.0041083178911636145,very_rare,0.4108317891163614,,peak_abundance_with_occupancy_days_modifiers,0.1188
orheag1,GT,0.009851316050374183,0.0099,0.0099,resident,0.1015,0.0037,0.0146,365.0,10.15,0.0041083178911636145,very_rare,0.4108317891163614,,peak_abundance_with_occupancy_days_modifiers,0.1015
greyel,GT,0.009455158770755135,0.0048,0.0095,nonbreeding,0.0279,0.0016,0.0013,161.0,2.79,0.003943107473463978,very_rare,0.39431074734639776,rare,peak_abundance_with_occupancy_days_modifiers,0.0279
plaant1,GT,0.009389565674298246,0.0094337859407431,0.0094337859407431,resident,0.1290151051826422,0.0105816144845944,0.0044134912424801,365.0,12.90151051826422,0.003915753027587646,very_rare,0.39157530275876457,,peak_abundance_with_occupancy_days_modifiers,0.1290151051826422
yebsap,GT,0.009356094924024954,0.0038,0.0094,nonbreeding,0.4361,0.0148,0.0025,112.0,43.61,0.00390179464055841,very_rare,0.390179464055841,,peak_abundance_with_occupancy_days_modifiers,0.4361
blcwoo1,GT,0.009257021262676763,0.0093,0.0093,resident,0.0465,0.026,0.0168,365.0,4.65,0.003860477714639222,very_rare,0.3860477714639222,rare,peak_abundance_with_occupancy_days_modifiers,0.0465
shshaw,GT,0.009157937784765629,0.007175000000000001,0.0092,nonbreeding,0.2472,0.0046,0.0069,126.0,24.72,0.0038191566948953147,very_rare,0.3819156694895315,,peak_abundance_with_occupancy_days_modifiers,0.2472
santer1,GT,0.009058844488346039,0.006525,0.0091,prebreeding_migration,0.0099,0.0037,0.0024,133.0,0.9900000000000001,0.0037778315805153456,very_rare,0.37778315805153456,very_rare,peak_abundance_with_occupancy_days_modifiers,0.0099
blcchl1,GT,0.00876150566857275,0.0088,0.0088,resident,0.0277,0.1666,0.1842,365.0,2.77,0.0036538316614419504,very_rare,0.365383166144195,rare,peak_abundance_with_occupancy_days_modifiers,0.0277
whihaw1,GT,0.008662373078652657,0.0087,0.0087,resident,0.0609,0.0038,0.011,365.0,6.09,0.003612490160399499,very_rare,0.3612490160399499,,peak_abundance_with_occupancy_days_modifiers,0.0609
bobher1,GT,0.008563230660487873,0.0086,0.0086,resident,0.073,0.0032,0.0087,365.0,7.3,0.003571144560660661,very_rare,0.3571144560660661,,peak_abundance_with_occupancy_days_modifiers,0.073
anhing,GT,0.008464078412129412,0.006275,0.0085,postbreeding_migration,0.078,0.0015,0.0016,105.0,7.8,0.003529794861412646,very_rare,0.35297948614126456,,peak_abundance_with_occupancy_days_modifiers,0.078
caster1,GT,0.008464078412129412,0.003125,0.0085,nonbreeding,0.0164,0.0013,0.0008,105.0,1.6400000000000001,0.003529794861412646,very_rare,0.35297948614126456,rare,peak_abundance_with_occupancy_days_modifiers,0.0164
bubfly,GT,0.008364916331627708,0.0051,0.0084,nonbreeding,0.1495,0.0516,0.0395,119.0,14.95,0.003488441061842421,very_rare,0.3488441061842421,,peak_abundance_with_occupancy_days_modifiers,0.1495
scbhum1,GT,0.008276684647243024,0.0083110310944624,0.0083110310944624,resident,0.1566638647356391,0.1036072114136196,0.0485112453878641,365.0,15.66638647356391,0.00345164559150406,very_rare,0.345164559150406,,peak_abundance_with_occupancy_days_modifiers,0.1566638647356391
wilplo,GT,0.007968169649176874,0.0057,0.008,nonbreeding,0.0065,0.0058,0.0179,119.0,0.65,0.003322984844070332,very_rare,0.3322984844070332,very_rare,peak_abundance_with_occupancy_days_modifiers,0.0065
yelgro,GT,0.00786895837869518,0.00605,0.0079,breeding,0.0891,0.0871,0.0514,49.0,8.91,0.0032816105306851177,very_rare,0.3281610530685118,,peak_abundance_with_occupancy_days_modifiers,0.0891
ameavo,GT,0.007670506304219701,0.0047666666666666664,0.0077,nonbreeding,0.0056,0.0038,0.001,56.0,0.5599999999999999,0.0031988495874835155,very_rare,0.31988495874835154,very_rare,peak_abundance_with_occupancy_days_modifiers,0.0056
chcswi1,GT,0.0076479955063978025,0.0076773161243519,0.0076773161243519,resident,0.3474240863775617,0.0431230961735118,0.0239027354209036,365.0,34.74240863775617,0.003189461855634991,very_rare,0.3189461855634991,,peak_abundance_with_occupancy_days_modifiers,0.3474240863775617
plsvir,GT,0.007571265496318075,0.006725,0.0076,nonbreeding,0.3457,0.0412,0.0229,112.0,34.57,0.0031574629560374313,very_rare,0.3157462956037431,,peak_abundance_with_occupancy_days_modifiers,0.3457
belkin1,GT,0.007571265496318075,0.004833333333333334,0.0076,nonbreeding,0.0784,0.003,0.0033,112.0,7.84,0.0031574629560374313,very_rare,0.3157462956037431,,peak_abundance_with_occupancy_days_modifiers,0.0784
osprey,GT,0.007571265496318075,0.005025,0.0076,nonbreeding,0.0594,0.0011,0.0018,147.0,5.94,0.0031574629560374313,very_rare,0.3157462956037431,,peak_abundance_with_occupancy_days_modifiers,0.0594
rufmou1,GT,0.007472014838700995,0.0075,0.0075,resident,0.0797,0.0828,0.0876,365.0,7.969999999999999,0.0031160722169409553,very_rare,0.31160722169409555,,peak_abundance_with_occupancy_days_modifiers,0.0797
orbspa1,GT,0.007472014838700995,0.0075,0.0075,resident,0.0418,0.0248,0.0255,365.0,4.18,0.0031160722169409553,very_rare,0.31160722169409555,rare,peak_abundance_with_occupancy_days_modifiers,0.0418
musduc,GT,0.007174203748000358,0.0072,0.0072,resident,0.0681,0.0013,0.0008,365.0,6.81,0.0029918753455934195,very_rare,0.29918753455934194,,peak_abundance_with_occupancy_days_modifiers,0.0681
rocpig,GT,0.007174203748000358,0.0072,0.0072,resident,0.0017,0.0,0.0,365.0,0.16999999999999998,0.0029918753455934195,very_rare,0.29918753455934194,very_rare,peak_abundance_with_occupancy_days_modifiers,0.0017
grhkit1,GT,0.007174203748000358,0.0072,0.0072,resident,0.1333,0.0023,0.0059,365.0,13.33,0.0029918753455934195,very_rare,0.29918753455934194,,peak_abundance_with_occupancy_days_modifiers,0.1333
spbori,GT,0.00707491367196188,0.0071,0.0071,resident,0.0374,0.0646,0.0661,365.0,3.74,0.002950468167738402,very_rare,0.2950468167738402,rare,peak_abundance_with_occupancy_days_modifiers,0.0374
rudtur,GT,0.00707491367196188,0.004875,0.0071,prebreeding_migration,0.012,0.0014,0.001,119.0,1.2,0.002950468167738402,very_rare,0.2950468167738402,rare,peak_abundance_with_occupancy_days_modifiers,0.012
zothaw,GT,0.00707491367196188,0.003375,0.0071,nonbreeding,0.4806,0.0144,0.0147,126.0,48.06,0.002950468167738402,very_rare,0.2950468167738402,,peak_abundance_with_occupancy_days_modifiers,0.4806
grcdov1,GT,0.00707491367196188,0.0071,0.0071,resident,0.059,0.0703,0.0819,365.0,5.8999999999999995,0.002950468167738402,very_rare,0.2950468167738402,,peak_abundance_with_occupancy_days_modifiers,0.059
dowant1,GT,0.007065485926903811,0.0070905053627086,0.0070905053627086,resident,0.1505288842370191,0.0072290641849081,0.0343790416073115,365.0,15.05288842370191,0.002946536492671058,very_rare,0.2946536492671058,,peak_abundance_with_occupancy_days_modifiers,0.1505288842370191
brncre,GT,0.006975613736425242,0.0049250000000000006,0.007,nonbreeding,0.0672,0.0019,0.0014,119.0,6.72,0.0029090568781531974,very_rare,0.2909056878153197,,peak_abundance_with_occupancy_days_modifiers,0.0672
lobdow,GT,0.006876303939432157,0.003166666666666667,0.0069,nonbreeding,0.0229,0.0073,0.0011,70.0,2.29,0.0028676414760213194,very_rare,0.2867641476021319,rare,peak_abundance_with_occupancy_days_modifiers,0.0229
whtfly1,GT,0.006865392904835827,0.004420116182883033,0.0068890137392008,prebreeding_migration,0.3076466912711695,0.1725126372987037,0.3109419552721032,112.0,30.76466912711695,0.002863091221170742,very_rare,0.2863091221170742,,peak_abundance_with_occupancy_days_modifiers,0.3076466912711695
blkpho,GT,0.006776984279023751,0.005325,0.0068,nonbreeding,0.0841,0.0039,0.0016,112.0,8.41,0.0028262219605257625,very_rare,0.28262219605257627,,peak_abundance_with_occupancy_days_modifiers,0.0841
blarob1,GT,0.006776984279023751,0.0068,0.0068,resident,0.0357,0.1492,0.2085,365.0,3.5700000000000003,0.0028262219605257625,very_rare,0.28262219605257627,rare,peak_abundance_with_occupancy_days_modifiers,0.0357
houspa,GT,0.006677654753240569,0.0067,0.0067,resident,0.0092,0.0001,0.0,365.0,0.9199999999999999,0.00278479833084937,very_rare,0.27847983308493696,very_rare,peak_abundance_with_occupancy_days_modifiers,0.0092
btfgle1,GT,0.006677654753240569,0.0067,0.0067,resident,0.0499,0.0015,0.0028,365.0,4.99,0.00278479833084937,very_rare,0.27847983308493696,rare,peak_abundance_with_occupancy_days_modifiers,0.0499
spwqua1,GT,0.006677654753240569,0.0067,0.0067,resident,0.0434,0.1427,0.116,365.0,4.34,0.00278479833084937,very_rare,0.27847983308493696,rare,peak_abundance_with_occupancy_days_modifiers,0.0434
lesroa1,GT,0.006643048614591545,0.0066651626030194,0.0066651626030194,resident,0.3701699035421955,0.0619532149816447,0.1232287562225076,365.0,37.016990354219544,0.002770366450090644,very_rare,0.2770366450090644,,peak_abundance_with_occupancy_days_modifiers,0.3701699035421955
cardov1,GT,0.006578315360122567,0.0066,0.0066,resident,0.0623,0.1121,0.0729,365.0,6.23,0.002743370586174741,very_rare,0.2743370586174741,,peak_abundance_with_occupancy_days_modifiers,0.0623
rucmot1,GT,0.006578315360122567,0.0066,0.0066,resident,0.0202,0.0103,0.0131,365.0,2.02,0.002743370586174741,very_rare,0.2743370586174741,rare,peak_abundance_with_occupancy_days_modifiers,0.0202
bcwpar1,GT,0.006578315360122567,0.0066,0.0066,resident,0.0261,0.2466,0.3284,365.0,2.6100000000000003,0.002743370586174741,very_rare,0.2743370586174741,rare,peak_abundance_with_occupancy_days_modifiers,0.0261
yeejun,GT,0.006578315360122567,0.0066,0.0066,resident,0.0113,0.0083,0.0034,365.0,1.13,0.002743370586174741,very_rare,0.2743370586174741,rare,peak_abundance_with_occupancy_days_modifiers,0.0113
yucwoo,GT,0.006478966097709122,0.0065,0.0065,resident,0.0461,0.0432,0.0363,365.0,4.61,0.002701938725684232,very_rare,0.2701938725684232,rare,peak_abundance_with_occupancy_days_modifiers,0.0461
wilfly,GT,0.006478966097709122,0.0034333333333333334,0.0065,nonbreeding,0.3437,0.0377,0.0762,168.0,34.37,0.002701938725684232,very_rare,0.2701938725684232,,peak_abundance_with_occupancy_days_modifiers,0.3437
grehon1,GT,0.006379606964039027,0.0064,0.0064,resident,0.073,0.0019,0.0015,365.0,7.3,0.002660502748559955,very_rare,0.26605027485599547,,peak_abundance_with_occupancy_days_modifiers,0.073
graspa,GT,0.006379606964039027,0.0034333333333333334,0.0064,nonbreeding,0.2134,0.0152,0.0052,84.0,21.34,0.002660502748559955,very_rare,0.26605027485599547,,peak_abundance_with_occupancy_days_modifiers,0.2134
lyhvul1,GT,0.006280237957150483,0.0063,0.0063,resident,0.031,0.0007,0.0006,365.0,3.1,0.002619062653983778,very_rare,0.2619062653983778,rare,peak_abundance_with_occupancy_days_modifiers,0.031
brcvir1,GT,0.006280237957150483,0.0063,0.0063,resident,0.0329,0.0157,0.0177,365.0,3.29,0.002619062653983778,very_rare,0.2619062653983778,rare,peak_abundance_with_occupancy_days_modifiers,0.0329
leater1,GT,0.00608147031586796,0.0026666666666666666,0.0061,prebreeding_migration,0.0094,0.0073,0.0047,98.0,0.9400000000000001,0.002536170109201979,very_rare,0.2536170109201979,very_rare,peak_abundance_with_occupancy_days_modifiers,0.0094
orcpar,GT,0.00608147031586796,0.0061,0.0061,resident,0.0057,0.001,0.0008,365.0,0.5700000000000001,0.002536170109201979,very_rare,0.2536170109201979,very_rare,peak_abundance_with_occupancy_days_modifiers,0.0057
gchwar,GT,0.005882663158155495,0.0030666666666666668,0.0059,nonbreeding,0.1105,0.3669,0.2844,105.0,11.05,0.002453261084788902,very_rare,0.2453261084788902,,peak_abundance_with_occupancy_days_modifiers,0.1105
grbhaw1,GT,0.005683816468297671,0.0057,0.0057,resident,0.1327,0.0031,0.0019,365.0,13.270000000000001,0.002370335574190707,very_rare,0.2370335574190707,,peak_abundance_with_occupancy_days_modifiers,0.1327
berhum,GT,0.005683816468297671,0.0057,0.0057,resident,0.0297,0.0143,0.0114,365.0,2.97,0.002370335574190707,very_rare,0.2370335574190707,rare,peak_abundance_with_occupancy_days_modifiers,0.0297
plcsta,GT,0.005584378293900615,0.0056,0.0056,resident,0.0463,0.0419,0.0584,365.0,4.63,0.0023288666345230463,very_rare,0.23288666345230463,rare,peak_abundance_with_occupancy_days_modifiers,0.0463
cssvir1,GT,0.005584378293900615,0.0056,0.0056,resident,0.053,0.1777,0.1385,365.0,5.3,0.0023288666345230463,very_rare,0.23288666345230463,,peak_abundance_with_occupancy_days_modifiers,0.053
yetwar,GT,0.005584378293900615,0.0038999999999999994,0.0056,prebreeding_migration,0.2324,0.0325,0.0107,98.0,23.24,0.0023288666345230463,very_rare,0.23288666345230463,,peak_abundance_with_occupancy_days_modifiers,0.2324
lotman1,GT,0.005484930230569685,0.0055,0.0055,resident,0.013,0.0383,0.0339,365.0,1.3,0.0022873935708496436,very_rare,0.22873935708496435,rare,peak_abundance_with_occupancy_days_modifiers,0.013
pregrs1,GT,0.005484930230569685,0.0055,0.0055,resident,0.0166,0.3175,0.4658,365.0,1.66,0.0022873935708496436,very_rare,0.22873935708496435,rare,peak_abundance_with_occupancy_days_modifiers,0.0166
rawwre1,GT,0.005484930230569685,0.0055,0.0055,resident,0.029,0.0196,0.0208,365.0,2.9000000000000004,0.0022873935708496436,very_rare,0.22873935708496435,rare,peak_abundance_with_occupancy_days_modifiers,0.029
ampkin1,GT,0.005286004429237355,0.0053,0.0053,resident,0.0799,0.0031,0.0057,365.0,7.99,0.0022044350682040464,very_rare,0.22044350682040464,,peak_abundance_with_occupancy_days_modifiers,0.0799
solsan,GT,0.005186526687300061,0.0043,0.0052,nonbreeding,0.1474,0.0024,0.0012,112.0,14.74,0.0021629496275904574,very_rare,0.21629496275904575,,peak_abundance_with_occupancy_days_modifiers,0.1474
rufpih1,GT,0.005087039048557106,0.0051,0.0051,resident,0.0873,0.076,0.0574,365.0,8.73,0.002121460059688336,very_rare,0.21214600596883357,,peak_abundance_with_occupancy_days_modifiers,0.0873
babwar,GT,0.004987541511039074,0.00275,0.005,prebreeding_migration,0.214,0.0073,0.0055,56.0,21.4,0.0020799663636762796,very_rare,0.20799663636762797,,peak_abundance_with_occupancy_days_modifiers,0.214
resque1,GT,0.004788516731797177,0.0048,0.0048,resident,0.0195,0.1873,0.1703,365.0,1.95,0.001996966584036358,very_rare,0.19969665840363582,rare,peak_abundance_with_occupancy_days_modifiers,0.0195
margod,GT,0.004788516731797177,0.0041,0.0048,nonbreeding,0.006,0.009,0.0008,133.0,0.6,0.001996966584036358,very_rare,0.19969665840363582,very_rare,peak_abundance_with_occupancy_days_modifiers,0.006
rutfly2,GT,0.004788516731797177,0.0048,0.0048,resident,0.0919,0.0022,0.0019,365.0,9.19,0.001996966584036358,very_rare,0.19969665840363582,,peak_abundance_with_occupancy_days_modifiers,0.0919
gathum1,GT,0.004688989486131542,0.0047,0.0047,resident,0.0239,0.197,0.317,365.0,2.39,0.0019554604987645544,very_rare,0.19554604987645544,rare,peak_abundance_with_occupancy_days_modifiers,0.0239
emchum1,GT,0.004688989486131542,0.0047,0.0047,resident,0.0291,0.1645,0.1998,365.0,2.91,0.0019554604987645544,very_rare,0.19554604987645544,rare,peak_abundance_with_occupancy_days_modifiers,0.0291
wfqdov,GT,0.004688989486131542,0.0047,0.0047,resident,0.0267,0.1101,0.1718,365.0,2.67,0.0019554604987645544,very_rare,0.19554604987645544,rare,peak_abundance_with_occupancy_days_modifiers,0.0267
wfqdov1,GT,0.004688989486131542,0.0047,0.0047,resident,0.0267,0.1101,0.1718,365.0,2.67,0.0019554604987645544,very_rare,0.19554604987645544,rare,peak_abundance_with_occupancy_days_modifiers,0.0267
pbgdov1,GT,0.004688989486131542,0.0047,0.0047,resident,0.0332,0.0011,0.0006,365.0,3.32,0.0019554604987645544,very_rare,0.19554604987645544,rare,peak_abundance_with_occupancy_days_modifiers,0.0332
bucnig,GT,0.004688989486131542,0.0047,0.0047,breeding,0.0579,0.0182,0.0123,14.0,5.79,0.0019554604987645544,very_rare,0.19554604987645544,rare,peak_abundance_with_occupancy_days_modifiers,0.0579
tatlea1,GT,0.004641017444085542,0.0046518036454044,0.0046518036454044,resident,0.0964207227627405,0.0973250969002019,0.1692510912233454,365.0,9.64207227627405,0.001935454603348639,very_rare,0.1935454603348639,,peak_abundance_with_occupancy_days_modifiers,0.0964207227627405
yucpoo1,GT,0.0045894523338072864,0.0046,0.0046,resident,0.0591,0.0836,0.0597,365.0,5.91,0.0019139502820952148,very_rare,0.19139502820952148,,peak_abundance_with_occupancy_days_modifiers,0.0591
crahaw,GT,0.0045894523338072864,0.0046,0.0046,resident,0.1837,0.0025,0.0016,365.0,18.37,0.0019139502820952148,very_rare,0.19139502820952148,,peak_abundance_with_occupancy_days_modifiers,0.1837
whtkit,GT,0.004489905272852052,0.0045,0.0045,resident,0.0534,0.0032,0.0048,365.0,5.34,0.0018724359332058032,very_rare,0.18724359332058033,,peak_abundance_with_occupancy_days_modifiers,0.0534
redcro,GT,0.004390348301292895,0.0031000000000000003,0.0044,postbreeding_migration,0.1306,,,,13.059999999999999,0.0018309174512735364,very_rare,0.18309174512735363,,peak_abundance_with_occupancy_days_modifiers,0.1306
amakin1,GT,0.004290781417156275,0.0043,0.0043,resident,0.0688,0.0013,0.0008,365.0,6.88,0.0017893948354753858,very_rare,0.17893948354753858,,peak_abundance_with_occupancy_days_modifiers,0.0688
prowar,GT,0.004290781417156275,0.0019333333333333331,0.0043,postbreeding_migration,0.1534,0.0199,0.0054,105.0,15.340000000000002,0.0017893948354753858,very_rare,0.17893948354753858,,peak_abundance_with_occupancy_days_modifiers,0.1534
hutvir,GT,0.004091617903253565,0.0041,0.0041,resident,0.0229,0.0048,0.0039,365.0,2.29,0.0017063371989880915,very_rare,0.17063371989880916,rare,peak_abundance_with_occupancy_days_modifiers,0.0229
comgal1,GT,0.003992021269537453,0.003325,0.004,nonbreeding,0.0115,0.0006,0.0003,126.0,1.15,0.0016648021766516613,very_rare,0.16648021766516613,rare,peak_abundance_with_occupancy_days_modifiers,0.0115
mourob1,GT,0.0038924147153438387,0.0039,0.0039,resident,0.0267,0.1806,0.0684,365.0,2.67,0.001623263017154774,very_rare,0.1623263017154774,rare,peak_abundance_with_occupancy_days_modifiers,0.0267
nigwre1,GT,0.003792798238696237,0.0038,0.0038,resident,0.046,0.1874,0.1526,365.0,4.6,0.0015817197196731716,very_rare,0.15817197196731717,rare,peak_abundance_with_occupancy_days_modifiers,0.046
bltbob1,GT,0.0036931718376175702,0.0037,0.0037,resident,0.026,0.0465,0.0165,365.0,2.6,0.0015401722833823486,very_rare,0.15401722833823486,rare,peak_abundance_with_occupancy_days_modifiers,0.026
fatwar,GT,0.0035935355101301704,0.0036,0.0036,resident,0.0521,0.0386,0.0386,365.0,5.21,0.0014986207074575537,very_rare,0.14986207074575536,,peak_abundance_with_occupancy_days_modifiers,0.0521
mouela1,GT,0.0035935355101301704,0.0036,0.0036,resident,0.0331,0.0354,0.0183,365.0,3.3099999999999996,0.0014986207074575537,very_rare,0.14986207074575536,rare,peak_abundance_with_occupancy_days_modifiers,0.0331
pinsis,GT,0.0035935355101301704,0.001825,0.0036,breeding,0.0244,0.0004,0.0001,119.0,2.44,0.0014986207074575537,very_rare,0.14986207074575536,rare,peak_abundance_with_occupancy_days_modifiers,0.0244
savspa,GT,0.00349388925425578,0.0012000000000000001,0.0035,nonbreeding,0.0527,0.002,0.0001,84.0,5.27,0.0014570649910737887,very_rare,0.14570649910737887,,peak_abundance_with_occupancy_days_modifiers,0.0527
scatan,GT,0.003394233068015547,0.0027,0.0034,postbreeding_migration,0.2536,0.0069,0.0021,70.0,25.36,0.0014155051334058092,very_rare,0.1415505133405809,,peak_abundance_with_occupancy_days_modifiers,0.2536
lstswi1,GT,0.003394233068015547,0.0034,0.0034,resident,0.0244,0.0007,0.0023,365.0,2.44,0.0014155051334058092,very_rare,0.1415505133405809,rare,peak_abundance_with_occupancy_days_modifiers,0.0244
varbun,GT,0.003294566949430031,0.00315,0.0033,nonbreeding,0.0688,0.0123,0.0033,84.0,6.88,0.0013739411336281234,very_rare,0.13739411336281235,,peak_abundance_with_occupancy_days_modifiers,0.0688
dotkit1,GT,0.003194890896519197,0.0032,0.0032,resident,0.0632,0.0016,0.0017,365.0,6.32,0.0013323729909149931,very_rare,0.1332372990914993,,peak_abundance_with_occupancy_days_modifiers,0.0632
stthum1,GT,0.003194890896519197,0.0032,0.0032,resident,0.0368,0.1218,0.0951,365.0,3.6799999999999997,0.0013323729909149931,very_rare,0.1332372990914993,rare,peak_abundance_with_occupancy_days_modifiers,0.0368
sungre1,GT,0.0031654254834917427,0.003170440733141,0.003170440733141,resident,0.2223760967366654,0.0050061199929507,0.0035082744770473,365.0,22.23760967366654,0.001320084959255808,very_rare,0.1320084959255808,,peak_abundance_with_occupancy_days_modifiers,0.2223760967366654
spnthr1,GT,0.003095204907302419,0.0031,0.0031,resident,0.0163,0.3142,0.4005,365.0,1.63,0.001290800704440433,very_rare,0.1290800704440433,rare,peak_abundance_with_occupancy_days_modifiers,0.0163
withum1,GT,0.002995508979798479,0.003,0.003,resident,0.0296,0.5371,0.5754,365.0,2.96,0.001249224273378119,very_rare,0.12492242733781189,rare,peak_abundance_with_occupancy_days_modifiers,0.0296
astfly,GT,0.002895803112025565,0.0013666666666666664,0.0029,nonbreeding,0.1183,0.0101,0.0021,105.0,11.83,0.0012076436969017555,very_rare,0.12076436969017555,,peak_abundance_with_occupancy_days_modifiers,0.1183
yebcuc,GT,0.002796087302001274,0.002,0.0028,prebreeding_migration,0.4826,0.0076,0.0006,105.0,48.26,0.001166058974184524,very_rare,0.1166058974184524,,peak_abundance_with_occupancy_days_modifiers,0.4826
acafly,GT,0.002796087302001274,0.0016333333333333332,0.0028,postbreeding_migration,0.252,0.0136,0.0023,84.0,25.2,0.001166058974184524,very_rare,0.1166058974184524,,peak_abundance_with_occupancy_days_modifiers,0.252
lsspet,GT,0.002710910276033612,0.0027145881159764,0.0027145881159764,nonbreeding,0.0228598297240532,0.0003364300187330351,4.949333376565007e-05,35.0,2.28598297240532,0.0011305373953508894,very_rare,0.11305373953508895,rare,peak_abundance_with_occupancy_days_modifiers,0.0228598297240532
bubhum,GT,0.0026963615477426086,0.0027,0.0027,resident,0.041,0.0267,0.0106,365.0,4.1000000000000005,0.0011244701043994507,very_rare,0.11244701043994507,rare,peak_abundance_with_occupancy_days_modifiers,0.041
brthum,GT,0.002596625847265978,0.00165,0.0026,nonbreeding,0.0275,0.0082,0.017,119.0,2.75,0.001082877086719314,very_rare,0.1082877086719314,rare,peak_abundance_with_occupancy_days_modifiers,0.0275
aldfly,GT,0.002596625847265978,0.0021999999999999997,0.0026,prebreeding_migration,0.5778,0.0072,0.0002,63.0,57.78,0.001082877086719314,very_rare,0.1082877086719314,,peak_abundance_with_occupancy_days_modifiers,0.5778
wilpha,GT,0.002596625847265978,0.0008999999999999999,0.0026,prebreeding_migration,0.015,0.0009,0.0001,42.0,1.5,0.001082877086719314,very_rare,0.1082877086719314,rare,peak_abundance_with_occupancy_days_modifiers,0.015
lobsta1,GT,0.002596625847265978,0.0026,0.0026,resident,0.0296,0.0013,0.0042,365.0,2.96,0.001082877086719314,very_rare,0.1082877086719314,rare,peak_abundance_with_occupancy_days_modifiers,0.0296
peakit1,GT,0.002582098198433795,0.002585434685081,0.002585434685081,resident,0.3244149797665142,0.0009576187634760968,0.0003242577734090026,365.0,32.44149797665142,0.0010768185865851255,very_rare,0.10768185865851256,,peak_abundance_with_occupancy_days_modifiers,0.3244149797665142
spowoo1,GT,0.002496880198587199,0.0025,0.0025,resident,0.0145,0.0261,0.0394,365.0,1.4500000000000002,0.0010412799203166443,very_rare,0.10412799203166442,rare,peak_abundance_with_occupancy_days_modifiers,0.0145
blthum1,GT,0.002496880198587199,0.0025,0.0025,resident,0.0087,0.0348,0.105,365.0,0.8699999999999999,0.0010412799203166443,very_rare,0.10412799203166442,very_rare,peak_abundance_with_occupancy_days_modifiers,0.0087
mouwar,GT,0.002496880198587199,0.0014,0.0025,prebreeding_migration,0.5865,0.0215,0.0047,63.0,58.650000000000006,0.0010412799203166443,very_rare,0.10412799203166442,,peak_abundance_with_occupancy_days_modifiers,0.5865
grcbec1,GT,0.002496880198587199,0.0025,0.0025,resident,0.1296,0.0511,0.0252,365.0,12.959999999999999,0.0010412799203166443,very_rare,0.10412799203166442,,peak_abundance_with_occupancy_days_modifiers,0.1296
azrtan1,GT,0.002496880198587199,0.0025,0.0025,resident,0.003,0.2509,0.3028,365.0,0.3,0.0010412799203166443,very_rare,0.10412799203166442,very_rare,peak_abundance_with_occupancy_days_modifiers,0.003
scaant1,GT,0.0024001355605668385,0.0024030181916952,0.0024030181916952,resident,0.0924304710584235,0.0238021622704509,0.0328011898116738,365.0,9.24304710584235,0.0010009342725655602,very_rare,0.10009342725655601,,peak_abundance_with_occupancy_days_modifiers,0.0924304710584235
sleshe1,GT,0.0023857864303462304,0.0023886346834493,0.0023886346834493,resident,0.0952200274677464,0.3274559978094306,0.5527256192802791,365.0,9.522002746774639,0.0009949502204748498,very_rare,0.09949502204748498,,peak_abundance_with_occupancy_days_modifiers,0.0952200274677464
coohaw,GT,0.0021975835434872217,0.0011666666666666668,0.0022,postbreeding_migration,0.3518,0.0053,0.0008,98.0,35.18,0.0009164635204950369,very_rare,0.0916463520495037,,peak_abundance_with_occupancy_days_modifiers,0.3518
pibgre,GT,0.0021975835434872217,0.0014,0.0022,nonbreeding,0.0124,0.0005,0.0005,147.0,1.24,0.0009164635204950369,very_rare,0.0916463520495037,rare,peak_abundance_with_occupancy_days_modifiers,0.0124
hobkit,GT,0.0021975835434872217,0.0022,0.0022,resident,0.0404,0.0009,0.0048,365.0,4.04,0.0009164635204950369,very_rare,0.0916463520495037,rare,peak_abundance_with_occupancy_days_modifiers,0.0404
leagre,GT,0.0021975835434872217,0.0022,0.0022,resident,0.0128,0.001,0.0014,365.0,1.28,0.0009164635204950369,very_rare,0.0916463520495037,rare,peak_abundance_with_occupancy_days_modifiers,0.0128
perfal,GT,0.002097798082146129,0.0013,0.0021,nonbreeding,0.0588,,,,5.88,0.0008748497509225938,very_rare,0.08748497509225937,,peak_abundance_with_occupancy_days_modifiers,0.0588
whwbec1,GT,0.002097798082146129,0.00165,0.0021,nonbreeding,0.0735,0.0011,0.0003,280.0,7.35,0.0008748497509225938,very_rare,0.08748497509225937,,peak_abundance_with_occupancy_days_modifiers,0.0735
tropar,GT,0.001998002662673056,0.0012000000000000001,0.002,prebreeding_migration,0.0515,0.0028,0.0003,161.0,5.1499999999999995,0.000833231828486557,very_rare,0.0833231828486557,,peak_abundance_with_occupancy_days_modifiers,0.0515
cavswa,GT,0.0018981972830802527,0.001125,0.0019,prebreeding_migration,0.0396,0.0064,0.0014,63.0,3.9600000000000004,0.0007916097523579702,very_rare,0.07916097523579702,rare,peak_abundance_with_occupancy_days_modifiers,0.0396
rocwre,GT,0.0018981972830802527,0.001575,0.0019,postbreeding_migration,0.0537,0.0031,0.0006,112.0,5.37,0.0007916097523579702,very_rare,0.07916097523579702,,peak_abundance_with_occupancy_days_modifiers,0.0537
refwar,GT,0.0018981972830802527,0.0007666666666666667,0.0019,nonbreeding,0.0559,0.0375,0.0224,161.0,5.59,0.0007916097523579702,very_rare,0.07916097523579702,,peak_abundance_with_occupancy_days_modifiers,0.0559
bkvori,GT,0.0017983819413793735,0.0018,0.0018,resident,0.0085,0.0063,0.0082,365.0,0.8500000000000001,0.0007499835217076287,very_rare,0.07499835217076287,very_rare,peak_abundance_with_occupancy_days_modifiers,0.0085
blcsis1,GT,0.0017754094965389397,0.0017769864690984,0.0017769864690984,resident,0.1692004226914555,0.9841845787451904,0.9773261936116064,365.0,16.92004226914555,0.0007404032680989541,very_rare,0.0740403268098954,,peak_abundance_with_occupancy_days_modifiers,0.1692004226914555
amgplo,GT,0.0016985566355814774,0.0017,0.0017,prebreeding_migration,0.0332,0.0012,0.0001,56.0,3.32,0.00070835313570608,very_rare,0.070835313570608,rare,peak_abundance_with_occupancy_days_modifiers,0.0332
limpki,GT,0.0016985566355814774,0.0017,0.0017,resident,0.0098,0.0005,0.0002,365.0,0.98,0.00070835313570608,very_rare,0.070835313570608,very_rare,peak_abundance_with_occupancy_days_modifiers,0.0098
sora,GT,0.0016985566355814774,0.0006666666666666666,0.0017,nonbreeding,0.0449,0.0076,0.0055,105.0,4.49,0.00070835313570608,very_rare,0.070835313570608,rare,peak_abundance_with_occupancy_days_modifiers,0.0449
norbob,GT,0.0015987213636970278,0.0016,0.0016,resident,0.0072,0.0004,0.0003,365.0,0.72,0.0006667185935236227,very_rare,0.06667185935236226,very_rare,peak_abundance_with_occupancy_days_modifiers,0.0072
azhjay1,GT,0.0015987213636970278,0.0016,0.0016,resident,0.0181,0.1175,0.1844,365.0,1.81,0.0006667185935236227,very_rare,0.06667185935236226,rare,peak_abundance_with_occupancy_days_modifiers,0.0181
grnpar,GT,0.0015987213636970278,0.0016,0.0016,resident,0.0019,0.0151,0.0085,365.0,0.19,0.0006667185935236227,very_rare,0.06667185935236226,very_rare,peak_abundance_with_occupancy_days_modifiers,0.0019
colplo1,GT,0.0014988761237358919,0.0015,0.0015,resident,0.0058,0.0018,0.0015,365.0,0.58,0.0006250798943303071,very_rare,0.06250798943303071,very_rare,peak_abundance_with_occupancy_days_modifiers,0.0058
chispa,GT,0.0014988761237358919,0.00105,0.0015,nonbreeding,0.0257,0.001,0.0,105.0,2.5700000000000003,0.0006250798943303071,very_rare,0.06250798943303071,rare,peak_abundance_with_occupancy_days_modifiers,0.0257
olispa,GT,0.0014988761237358919,0.0015,0.0015,resident,0.0126,0.0036,0.0012,365.0,1.26,0.0006250798943303071,very_rare,0.06250798943303071,rare,peak_abundance_with_occupancy_days_modifiers,0.0126
capowl1,GT,0.0014988761237358919,0.0015,0.0015,resident,0.0501,0.0995,0.0924,365.0,5.01,0.0006250798943303071,very_rare,0.06250798943303071,,peak_abundance_with_occupancy_days_modifiers,0.0501
horgua1,GT,0.0014428035927369542,0.0014438449345976,0.0014438449345976,resident,0.0480337424148776,0.4908121490669335,0.66998825392511,365.0,4.80337424148776,0.0006016958326346299,very_rare,0.06016958326346299,rare,peak_abundance_with_occupancy_days_modifiers,0.0480337424148776
whnjac1,GT,0.001399020913707341,0.0014,0.0014,resident,0.0193,0.0005,0.0005,365.0,1.9300000000000002,0.0005834370372959348,very_rare,0.05834370372959348,rare,peak_abundance_with_occupancy_days_modifiers,0.0193
botspa,GT,0.001399020913707341,0.0014,0.0014,resident,0.0233,0.0109,0.0105,365.0,2.33,0.0005834370372959348,very_rare,0.05834370372959348,rare,peak_abundance_with_occupancy_days_modifiers,0.0233
cinbec1,GT,0.00129915573162005,0.0013,0.0013,resident,0.0127,0.006,0.0033,365.0,1.27,0.0005417900215900586,very_rare,0.05417900215900586,rare,peak_abundance_with_occupancy_days_modifiers,0.0127
crowoo1,GT,0.00129915573162005,0.0013,0.0013,resident,0.0105,0.007,0.0043,365.0,1.05,0.0005417900215900586,very_rare,0.05417900215900586,rare,peak_abundance_with_occupancy_days_modifiers,0.0105
pinbit1,GT,0.0012574548016628876,0.0012582457294359,0.0012582457294359,resident,0.1362064222561496,0.0230672003718246,0.0139733451325751,365.0,13.62064222561496,0.0005243993830453718,very_rare,0.052439938304537186,,peak_abundance_with_occupancy_days_modifiers,0.1362064222561496
snakit,GT,0.0011992805754820971,0.0012,0.0012,resident,0.0038,0.0002,0.0001,365.0,0.38,0.0005001388463819827,very_rare,0.050013884638198274,very_rare,peak_abundance_with_occupancy_days_modifiers,0.0038
fulowl1,GT,0.0011992805754820971,0.0012,0.0012,resident,0.0126,0.2692,0.4226,365.0,1.26,0.0005001388463819827,very_rare,0.050013884638198274,rare,peak_abundance_with_occupancy_days_modifiers,0.0126
rinduc,GT,0.0011992805754820971,0.0006,0.0012,nonbreeding,0.0069,0.0009,0.0001,42.0,0.69,0.0005001388463819827,very_rare,0.050013884638198274,very_rare,peak_abundance_with_occupancy_days_modifiers,0.0069
norpin,GT,0.0011992805754820971,0.0004333333333333333,0.0012,nonbreeding,0.0054,0.0002,0.0,21.0,0.54,0.0005001388463819827,very_rare,0.050013884638198274,rare,peak_abundance_with_occupancy_days_modifiers,0.0054
belvir,GT,0.0011992805754820971,0.0009499999999999999,0.0012,postbreeding_migration,0.0276,0.0172,0.0034,84.0,2.76,0.0005001388463819827,very_rare,0.050013884638198274,rare,peak_abundance_with_occupancy_days_modifiers,0.0276
giacow,GT,0.0010993954433009636,0.0011,0.0011,resident,0.0344,0.0009,0.0003,365.0,3.44,0.0004584835108407622,very_rare,0.04584835108407622,rare,peak_abundance_with_occupancy_days_modifiers,0.0344
kebmot1,GT,0.0010993954433009636,0.0011,0.0011,resident,0.008,0.0531,0.0628,365.0,0.8,0.0004584835108407622,very_rare,0.04584835108407622,very_rare,peak_abundance_with_occupancy_days_modifiers,0.008
ocequa1,GT,0.0010412526342435768,0.0010417949259723,0.0010417949259723,resident,0.2150497988052253,0.4172734353785226,0.9454212713578096,365.0,21.50497988052253,0.0004342360761353649,very_rare,0.04342360761353649,,peak_abundance_with_occupancy_days_modifiers,0.2150497988052253
butfog9,GT,0.0010411048854715714,0.0010416470232873,0.0010416470232873,resident,0.1032712338192243,0.098804238656945,0.0800883166366127,365.0,10.32712338192243,0.00043417446011165045,very_rare,0.043417446011165046,,peak_abundance_with_occupancy_days_modifiers,0.1032712338192243
wilsni1,GT,0.0009995003330835331,0.0004,0.001,nonbreeding,0.0269,0.003,0.0005,42.0,2.69,0.00041682401413511066,very_rare,0.04168240141351107,rare,peak_abundance_with_occupancy_days_modifiers,0.0269
aplfal,GT,0.0009995003330835331,0.001,0.001,resident,0.0105,0.0002,0.0002,365.0,1.05,0.00041682401413511066,very_rare,0.04168240141351107,rare,peak_abundance_with_occupancy_days_modifiers,0.0105
shtnig1,GT,0.0009079150739530216,0.0007850225293970099,0.0009083273536059736,breeding,0.1898316469394083,0.0027944332447875,8.379344835589786e-05,161.0,18.98316469394083,0.00037862999450072305,very_rare,0.03786299945007231,,peak_abundance_with_occupancy_days_modifiers,0.1898316469394083
strfly1,GT,0.000899595242836093,0.0004,0.0009,nonbreeding,0.055,0.0006,0.0002,63.0,5.5,0.0003751603554337701,very_rare,0.03751603554337701,,peak_abundance_with_occupancy_days_modifiers,0.055
pasowl4,GT,0.000899595242836093,0.0009,0.0009,resident,0.0313,0.2114,0.0777,365.0,3.1300000000000003,0.0003751603554337701,very_rare,0.03751603554337701,rare,peak_abundance_with_occupancy_days_modifiers,0.0313
yewcac1,GT,0.000899595242836093,0.0009,0.0009,resident,0.0047,0.0066,0.001,365.0,0.47000000000000003,0.0003751603554337701,very_rare,0.03751603554337701,very_rare,peak_abundance_with_occupancy_days_modifiers,0.0047
eleter1,GT,0.000899595242836093,0.0006000000000000001,0.0009,postbreeding_migration,0.0063,0.0111,0.0005,126.0,0.63,0.0003751603554337701,very_rare,0.03751603554337701,very_rare,peak_abundance_with_occupancy_days_modifiers,0.0063
redegr,GT,0.0007996801705643322,0.0008,0.0008,resident,0.0034,0.0082,0.0025,365.0,0.33999999999999997,0.0003334925339049559,very_rare,0.03334925339049559,very_rare,peak_abundance_with_occupancy_days_modifiers,0.0034
rudduc,GT,0.0007996801705643322,0.00032500000000000004,0.0008,nonbreeding,0.0015,0.0006,0.0001,35.0,0.15,0.0003334925339049559,very_rare,0.03334925339049559,very_rare,peak_abundance_with_occupancy_days_modifiers,0.0015
bichaw1,GT,0.0007996801705643322,0.0008,0.0008,resident,0.0412,0.0022,0.0051,365.0,4.12,0.0003334925339049559,very_rare,0.03334925339049559,rare,peak_abundance_with_occupancy_days_modifiers,0.0412
comter,GT,0.0007996801705643322,0.00030000000000000003,0.0008,prebreeding_migration,0.0064,0.0001,0.0,77.0,0.64,0.0003334925339049559,very_rare,0.03334925339049559,very_rare,peak_abundance_with_occupancy_days_modifiers,0.0064
yenpar1,GT,0.0007996801705643322,0.0008,0.0008,resident,0.0012,0.0024,0.003,365.0,0.12,0.0003334925339049559,very_rare,0.03334925339049559,very_rare,peak_abundance_with_occupancy_days_modifiers,0.0012
herthr,GT,0.0006997551142733419,0.0004,0.0007,prebreeding_migration,0.0663,0.0008,0.0001,84.0,6.63,0.0002918205487167264,very_rare,0.02918205487167264,,peak_abundance_with_occupancy_days_modifiers,0.0663
leabit,GT,0.0006997551142733419,0.0005,0.0007,postbreeding_migration,0.0226,0.0015,0.001,49.0,2.26,0.0002918205487167264,very_rare,0.02918205487167264,rare,peak_abundance_with_occupancy_days_modifiers,0.0226
yucnig1,GT,0.0006997551142733419,0.00035,0.0007,nonbreeding,0.112,0.0872,0.0418,98.0,11.200000000000001,0.0002918205487167264,very_rare,0.02918205487167264,,peak_abundance_with_occupancy_days_modifiers,0.112
merlin,GT,0.0006997551142733419,0.00036666666666666667,0.0007,nonbreeding,0.0737,,,,7.37,0.0002918205487167264,very_rare,0.02918205487167264,,peak_abundance_with_occupancy_days_modifiers,0.0737
rebcha1,GT,0.0006828270121113677,0.000683060191546321,0.000683060191546321,resident,0.0751676928336902,0.0053627371846874,0.0083578796908916,365.0,7.51676928336902,0.00028476098178991066,very_rare,0.028476098178991067,,peak_abundance_with_occupancy_days_modifiers,0.0751676928336902
sptnig1,GT,0.0006639068243411324,0.000664127259256885,0.000664127259256885,resident,0.0833293876792364,0.0005199588404582762,0.000250136832583509,365.0,8.33293876792364,0.00027687065063786907,very_rare,0.027687065063786907,,peak_abundance_with_occupancy_days_modifiers,0.0833293876792364
norhar2,GT,0.0005998200719676155,0.0003,0.0006,nonbreeding,0.0458,0.0014,0.0001,63.0,4.58,0.0002501443990368907,very_rare,0.02501443990368907,rare,peak_abundance_with_occupancy_days_modifiers,0.0458
veery,GT,0.000499875041651048,0.00030000000000000003,0.0005,postbreeding_migration,0.1189,0.0045,0.0007,56.0,11.89,0.00020846408403300828,very_rare,0.020846408403300827,,peak_abundance_with_occupancy_days_modifiers,0.1189
eucdov,GT,0.000499875041651048,0.0005,0.0005,resident,0.0005,0.0,0.0,0.0,0.05,0.00020846408403300828,very_rare,0.020846408403300827,very_rare,peak_abundance_with_occupancy_days_modifiers,0.0005
doccor,GT,0.000499875041651048,0.0004,0.0005,breeding,0.0014,0.0002,0.0,35.0,0.13999999999999999,0.00020846408403300828,very_rare,0.020846408403300827,very_rare,peak_abundance_with_occupancy_days_modifiers,0.0014
bhnthr1,GT,0.000499875041651048,0.0005,0.0005,resident,0.0066,0.0217,0.0154,365.0,0.66,0.00020846408403300828,very_rare,0.020846408403300827,very_rare,peak_abundance_with_occupancy_days_modifiers,0.0066
gryfin1,GT,0.000499875041651048,0.00025,0.0005,nonbreeding,0.0014,0.0,0.0,84.0,0.13999999999999999,0.00020846408403300828,very_rare,0.020846408403300827,very_rare,peak_abundance_with_occupancy_days_modifiers,0.0014
gockin,GT,0.000499875041651048,0.00025,0.0005,postbreeding_migration,0.01,0.0002,0.0,70.0,1.0,0.00020846408403300828,very_rare,0.020846408403300827,rare,peak_abundance_with_occupancy_days_modifiers,0.01
mancuc,GT,0.0003999200213269354,0.0004,0.0004,resident,0.0253,0.014,0.0041,365.0,2.53,0.00016677960287238907,very_rare,0.016677960287238905,rare,peak_abundance_with_occupancy_days_modifiers,0.0253
grfhum1,GT,0.0003999200213269354,0.0004,0.0004,resident,0.0062,0.0228,0.0132,365.0,0.62,0.00016677960287238907,very_rare,0.016677960287238905,very_rare,peak_abundance_with_occupancy_days_modifiers,0.0062
baisan,GT,0.0003999200213269354,0.0002,0.0004,prebreeding_migration,0.0211,0.001,0.0,35.0,2.11,0.00016677960287238907,very_rare,0.016677960287238905,rare,peak_abundance_with_occupancy_days_modifiers,0.0211
bawori1,GT,0.0003999200213269354,0.0004,0.0004,resident,0.0041,0.4913,0.5571,365.0,0.41000000000000003,0.00016677960287238907,very_rare,0.016677960287238905,very_rare,peak_abundance_with_occupancy_days_modifiers,0.0041
swawar,GT,0.0003999200213269354,0.00030000000000000003,0.0004,nonbreeding,0.094,0.1226,0.0614,133.0,9.4,0.00016677960287238907,very_rare,0.016677960287238905,,peak_abundance_with_occupancy_days_modifiers,0.094
nopowl,GT,0.0003999200213269354,0.0004,0.0004,resident,0.0075,0.0008,0.0012,365.0,0.75,0.00016677960287238907,very_rare,0.016677960287238905,very_rare,peak_abundance_with_occupancy_days_modifiers,0.0075
whveup1,GT,0.0003382450469245112,0.00033830225823069417,0.00033830225823069417,resident,0.1988686478128627,0.0044335066991031,0.00044086267715414583,365.0,19.88686478128627,0.00014105914080630278,very_rare,0.014105914080630277,,peak_abundance_with_occupancy_days_modifiers,0.1988686478128627
whsowl1,GT,0.00029995500899797546,0.0003,0.0003,resident,0.0023,0.0038,0.0075,365.0,0.22999999999999998,0.00012509095472209328,very_rare,0.012509095472209329,very_rare,peak_abundance_with_occupancy_days_modifiers,0.0023
btbwar,GT,0.00029995500899797546,0.0001333333333333333,0.0003,nonbreeding,0.2755,0.0949,0.0004,98.0,27.55,0.00012509095472209328,very_rare,0.012509095472209329,,peak_abundance_with_occupancy_days_modifiers,0.2755
bltgol1,GT,0.00029995500899797546,0.0003,0.0003,resident,0.0065,0.0069,0.0029,365.0,0.65,0.00012509095472209328,very_rare,0.012509095472209329,very_rare,peak_abundance_with_occupancy_days_modifiers,0.0065
blkswi,GT,0.00029995500899797546,0.0003,0.0003,prebreeding_migration,0.0705,0.0165,0.002,28.0,7.049999999999999,0.00012509095472209328,very_rare,0.012509095472209329,rare,peak_abundance_with_occupancy_days_modifiers,0.0705
rusant1,GT,0.00029995500899797546,0.0003,0.0003,resident,0.0364,0.0625,0.0097,365.0,3.64,0.00012509095472209328,very_rare,0.012509095472209329,rare,peak_abundance_with_occupancy_days_modifiers,0.0364
trimun,GT,0.00029995500899797546,0.0003,0.0003,resident,0.0051,0.0004,0.0001,365.0,0.51,0.00012509095472209328,very_rare,0.012509095472209329,very_rare,peak_abundance_with_occupancy_days_modifiers,0.0051
cerwar,GT,0.00029995500899797546,0.00025,0.0003,postbreeding_migration,0.1555,0.0292,0.0047,63.0,15.55,0.00012509095472209328,very_rare,0.012509095472209329,,peak_abundance_with_occupancy_days_modifiers,0.1555
gycthr,GT,0.00029995500899797546,0.00016666666666666666,0.0003,prebreeding_migration,0.0677,0.0023,0.0003,63.0,6.77,0.00012509095472209328,very_rare,0.012509095472209329,,peak_abundance_with_occupancy_days_modifiers,0.0677
grhowl,GT,0.00029995500899797546,0.0003,0.0003,resident,0.0066,0.0001,0.0,365.0,0.66,0.00012509095472209328,very_rare,0.012509095472209329,very_rare,peak_abundance_with_occupancy_days_modifiers,0.0066
belfly1,GT,0.00021497968622116205,0.0002150027960099213,0.0002150027960099213,resident,0.0446822004676273,0.4880952380952381,0.2459780297639453,365.0,4.46822004676273,8.96534926524549e-05,very_rare,0.00896534926524549,rare,peak_abundance_with_occupancy_days_modifiers,0.0446822004676273
whthaw,GT,0.00019998000266626675,0.0002,0.0002,resident,0.009,0.0002,0.0001,365.0,0.8999999999999999,8.339813874893117e-05,very_rare,0.008339813874893118,very_rare,peak_abundance_with_occupancy_days_modifiers,0.009
uswowl1,GT,0.00019998000266626675,0.0002,0.0002,resident,0.0098,0.4649,0.5886,365.0,0.98,8.339813874893117e-05,very_rare,0.008339813874893118,very_rare,peak_abundance_with_occupancy_days_modifiers,0.0098
uplsan,GT,0.00019998000266626675,0.0001,0.0002,prebreeding_migration,0.0191,0.0005,0.0,42.0,1.91,8.339813874893117e-05,very_rare,0.008339813874893118,rare,peak_abundance_with_occupancy_days_modifiers,0.0191
whrsan,GT,0.00019998000266626675,0.0002,0.0002,prebreeding_migration,0.0025,0.0002,0.0,14.0,0.25,8.339813874893117e-05,very_rare,0.008339813874893118,rare,peak_abundance_with_occupancy_days_modifiers,0.0025
speowl1,GT,0.00019998000266626675,0.0002,0.0002,resident,0.0107,0.0002,0.0001,365.0,1.0699999999999998,8.339813874893117e-05,very_rare,0.008339813874893118,rare,peak_abundance_with_occupancy_days_modifiers,0.0107
agaher1,GT,0.00019998000266626675,0.0002,0.0002,resident,0.0049,0.001,0.002,365.0,0.49,8.339813874893117e-05,very_rare,0.008339813874893118,very_rare,peak_abundance_with_occupancy_days_modifiers,0.0049
bawhae1,GT,0.00019998000266626675,0.0002,0.0002,resident,0.0118,0.0007,0.0016,365.0,1.18,8.339813874893117e-05,very_rare,0.008339813874893118,rare,peak_abundance_with_occupancy_days_modifiers,0.0118
gstswi1,GT,0.00019998000266626675,0.0002,0.0002,resident,0.0092,0.01,0.0274,365.0,0.9199999999999999,8.339813874893117e-05,very_rare,0.008339813874893118,very_rare,peak_abundance_with_occupancy_days_modifiers,0.0092
roster,GT,0.00019998000266626675,0.0002,0.0002,postbreeding_migration,0.0008,,,,0.08,8.339813874893117e-05,very_rare,0.008339813874893118,very_rare,peak_abundance_with_occupancy_days_modifiers,0.0008
hrshaw,GT,0.00019998000266626675,0.0002,0.0002,resident,0.0173,0.0014,0.0002,365.0,1.73,8.339813874893117e-05,very_rare,0.008339813874893118,rare,peak_abundance_with_occupancy_days_modifiers,0.0173
comrav,GT,0.00019998000266626675,0.0002,0.0002,resident,0.0083,0.0,0.0,365.0,0.83,8.339813874893117e-05,very_rare,0.008339813874893118,very_rare,peak_abundance_with_occupancy_days_modifiers,0.0083
pinfly1,GT,0.0001934644171093099,0.00019348313255655852,0.00019348313255655852,resident,0.2287969963879596,0.0496787214964931,0.0127993748180618,365.0,22.879699638795962,8.068092852257548e-05,very_rare,0.008068092852257548,,peak_abundance_with_occupancy_days_modifiers,0.2287969963879596
blchaw1,GT,0.0001887415061177953,0.00018875931891651495,0.00018875931891651495,resident,0.1028082952737408,0.0018891485886645,7.357991090309695e-05,365.0,10.280829527374081,7.871132165730658e-05,very_rare,0.007871132165730658,,peak_abundance_with_occupancy_days_modifiers,0.1028082952737408
spemou1,GT,0.00017408866881495443,0.00017410382312664453,0.00017410382312664453,resident,0.0374883083407206,0.0202646837236156,0.0035783770161343,365.0,3.74883083407206,7.260061387577007e-05,very_rare,0.007260061387577007,rare,peak_abundance_with_occupancy_days_modifiers,0.0374883083407206
styowl1,GT,0.00015077839253006416,0.0001507897601632151,0.0001507897601632151,resident,0.0347537789377473,0.0060076606609394,0.0053976493660589,365.0,3.47537789377473,6.28794736118847e-05,very_rare,0.00628794736118847,rare,peak_abundance_with_occupancy_days_modifiers,0.0347537789377473
soleag1,GT,0.00015068742080928384,0.00015069877472896937,0.00015069877472896937,resident,0.0225915228913629,0.002239667832153,0.0016289297431236,365.0,2.25915228913629,6.284153545768656e-05,very_rare,0.006284153545768657,rare,peak_abundance_with_occupancy_days_modifiers,0.0225915228913629
yebcra1,GT,0.00014370740951934465,0.0001437177359237744,0.0001437177359237744,resident,0.0245679593573715,0.0034454691623217,0.004431618684063,365.0,2.45679593573715,5.993064465725045e-05,very_rare,0.005993064465725045,rare,peak_abundance_with_occupancy_days_modifiers,0.0245679593573715
bkbcuc,GT,9.999500033330834e-05,5e-05,0.0001,prebreeding_migration,0.1584,0.0136,0.0008,56.0,15.840000000000002,4.170115411946329e-05,very_rare,0.004170115411946329,,peak_abundance_with_occupancy_days_modifiers,0.1584
ameoys,GT,9.999500033330834e-05,0.0001,0.0001,breeding,0.0043,0.0031,0.0001,70.0,0.43,4.170115411946329e-05,very_rare,0.004170115411946329,very_rare,peak_abundance_with_occupancy_days_modifiers,0.0043
gloibi,GT,9.999500033330834e-05,5e-05,0.0001,postbreeding_migration,0.0054,,,,0.54,4.170115411946329e-05,very_rare,0.004170115411946329,very_rare,peak_abundance_with_occupancy_days_modifiers,0.0054
amedip,GT,9.999500033330834e-05,0.0001,0.0001,resident,0.0027,0.0008,0.0003,365.0,0.27,4.170115411946329e-05,very_rare,0.004170115411946329,very_rare,peak_abundance_with_occupancy_days_modifiers,0.0027
stbwoo1,GT,9.999500033330834e-05,0.0001,0.0001,resident,0.002,0.0001,0.0002,365.0,0.2,4.170115411946329e-05,very_rare,0.004170115411946329,very_rare,peak_abundance_with_occupancy_days_modifiers,0.002
blacat1,GT,9.999500033330834e-05,0.0001,0.0001,resident,0.0061,0.0125,0.0007,365.0,0.61,4.170115411946329e-05,very_rare,0.004170115411946329,very_rare,peak_abundance_with_occupancy_days_modifiers,0.0061
shihon1,GT,9.999500033330834e-05,0.0001,0.0001,resident,0.006,0.0101,0.0009,365.0,0.6,4.170115411946329e-05,very_rare,0.004170115411946329,very_rare,peak_abundance_with_occupancy_days_modifiers,0.006
besowl,GT,9.999500033330834e-05,0.0001,0.0001,resident,0.0207,0.8196,0.5165,365.0,2.07,4.170115411946329e-05,very_rare,0.004170115411946329,rare,peak_abundance_with_occupancy_days_modifiers,0.0207
bulori,GT,9.999500033330834e-05,3.3333333333333335e-05,0.0001,nonbreeding,0.015,0.0036,0.0002,70.0,1.5,4.170115411946329e-05,very_rare,0.004170115411946329,rare,peak_abundance_with_occupancy_days_modifiers,0.015
caskin,GT,9.999500033330834e-05,0.0001,0.0001,nonbreeding,0.0061,0.0011,0.0001,14.0,0.61,4.170115411946329e-05,very_rare,0.004170115411946329,rare,peak_abundance_with_occupancy_days_modifiers,0.0061
spthum1,GT,9.999500033330834e-05,0.0001,0.0001,resident,0.0029,0.0151,0.0194,365.0,0.29,4.170115411946329e-05,very_rare,0.004170115411946329,very_rare,peak_abundance_with_occupancy_days_modifiers,0.0029
unicra1,GT,9.999500033330834e-05,0.0001,0.0001,resident,0.0136,0.0018,0.0002,365.0,1.3599999999999999,4.170115411946329e-05,very_rare,0.004170115411946329,rare,peak_abundance_with_occupancy_days_modifiers,0.0136
camwar,GT,9.999500033330834e-05,3.3333333333333335e-05,0.0001,nonbreeding,0.0072,0.0033,0.0002,119.0,0.72,4.170115411946329e-05,very_rare,0.004170115411946329,very_rare,peak_abundance_with_occupancy_days_modifiers,0.0072
norcar,GT,9.999500033330834e-05,0.0001,0.0001,resident,0.0021,0.0001,0.0,365.0,0.21,4.170115411946329e-05,very_rare,0.004170115411946329,very_rare,peak_abundance_with_occupancy_days_modifiers,0.0021
brvear1,GT,9.999500033330834e-05,0.0001,0.0001,resident,0.0042,0.0141,0.0152,365.0,0.42,4.170115411946329e-05,very_rare,0.004170115411946329,very_rare,peak_abundance_with_occupancy_days_modifiers,0.0042
paltyr3,GT,9.999500033330834e-05,0.0001,0.0001,resident,0.0104,0.0077,0.0006,365.0,1.04,4.170115411946329e-05,very_rare,0.004170115411946329,rare,peak_abundance_with_occupancy_days_modifiers,0.0104
chiswi,GT,9.999500033330834e-05,0.0001,0.0001,postbreeding_migration,0.0046,0.0002,0.0,7.0,0.45999999999999996,4.170115411946329e-05,very_rare,0.004170115411946329,very_rare,peak_abundance_with_occupancy_days_modifiers,0.0046
wesant1,GT,9.999500033330834e-05,0.0001,0.0001,resident,0.0006,0.0004,0.0001,0.0,0.06,4.170115411946329e-05,very_rare,0.004170115411946329,very_rare,peak_abundance_with_occupancy_days_modifiers,0.0006
jabiru,GT,9.999500033330834e-05,0.0001,0.0001,resident,0.0026,0.0002,0.0,365.0,0.26,4.170115411946329e-05,very_rare,0.004170115411946329,very_rare,peak_abundance_with_occupancy_days_modifiers,0.0026
creowl1,GT,8.292023687601895e-05,8.292367485388606e-05,8.292367485388606e-05,resident,0.0808619257686461,0.001373952824138,3.706684946165115e-05,365.0,8.08619257686461,3.458042468185695e-05,very_rare,0.0034580424681856952,,peak_abundance_with_occupancy_days_modifiers,0.0808619257686461
grbcra1,GT,4.568089614039018e-05,4.568193952841385e-05,4.568193952841385e-05,resident,0.1511037316702916,0.0055736759909981,0.0011594538024659,365.0,15.11037316702916,1.90504133598549e-05,very_rare,0.00190504133598549,,peak_abundance_with_occupancy_days_modifiers,0.1511037316702916
grepot1,GT,4.26635611066869e-05,4.266447120935274e-05,4.266447120935274e-05,resident,0.1263062376802109,0.0016121798977998,2.9374744360465115e-05,365.0,12.63062376802109,1.7792086914959037e-05,very_rare,0.0017792086914959037,,peak_abundance_with_occupancy_days_modifiers,0.1263062376802109
blccoq1,GT,2.6983802204028986e-05,2.69841662700943e-05,2.69841662700943e-05,resident,0.0669431651511922,0.1385003214313178,0.1134231800029648,365.0,6.69431651511922,1.1253119562874296e-05,very_rare,0.0011253119562874296,,peak_abundance_with_occupancy_days_modifiers,0.0669431651511922
olipic1,GT,2.045676474126082e-05,2.0456973982299457e-05,2.0456973982299457e-05,resident,0.0031145914004243,0.00013386880856760375,6.708961287120217e-06,0.0,0.31145914004242997,8.531133520868632e-06,very_rare,0.0008531133520868632,very_rare,peak_abundance_with_occupancy_days_modifiers,0.0031145914004243
lovcot1,GT,1.6438572894605247e-05,1.6438708008685013e-05,1.6438708008685013e-05,resident,0.1469110031731393,0.2801337417164087,0.1056027136084702,365.0,14.691100317313929,6.85541736580511e-06,very_rare,0.000685541736580511,,peak_abundance_with_occupancy_days_modifiers,0.1469110031731393
slcsee1,GT,6.620357108313322e-06,6.620379022925803e-06,6.620379022925803e-06,resident,0.0173277538628299,0.0009875275219624194,2.573536314396233e-05,365.0,1.73277538628299,2.7609033569901836e-06,very_rare,0.0002760903356990184,rare,peak_abundance_with_occupancy_days_modifiers,0.0173277538628299
blusee1,GT,2.8169524130427573e-06,2.8169563806569317e-06,2.8169563806569317e-06,resident,0.0511939628829141,0.0915679870054135,0.0111352345449737,365.0,5.1193962882914095,1.1747604013167893e-06,very_rare,0.00011747604013167893,,peak_abundance_with_occupancy_days_modifiers,0.0511939628829141
rnwrai1,GT,2.318362446026163e-06,2.3183651334304555e-06,2.3183651334304555e-06,resident,0.0625457785019958,0.0497008341539473,0.0006227243719039616,365.0,6.25457785019958,9.668322350520344e-07,very_rare,9.668322350520345e-05,,peak_abundance_with_occupancy_days_modifiers,0.0625457785019958
whcswi1,GT,1.5975335394947521e-06,1.5975348155521364e-06,1.5975348155521364e-06,resident,0.0021791909771548,0.00025203115817543363,1.3410631940281463e-06,365.0,0.21791909771548,6.662232323529743e-07,very_rare,6.662232323529743e-05,very_rare,peak_abundance_with_occupancy_days_modifiers,0.0021791909771548
sporai,GT,7.628096023117986e-07,7.628098932511172e-07,7.628098932511172e-07,resident,0.0008387044953687272,2.4456156225925972e-05,1.4034974954883815e-06,0.0,0.08387044953687271,3.1811631265344363e-07,very_rare,3.1811631265344364e-05,very_rare,peak_abundance_with_occupancy_days_modifiers,0.0008387044953687272
yucvir,GT,0.0,0.0,0.0,resident,0.0001,0.002,0.0003,0.0,0.01,0.0,very_rare,0.0,very_rare,peak_abundance_with_occupancy_days_modifiers,0.0001
redkno,GT,0.0,0.0,0.0,nonbreeding,0.0006,,,,0.06,0.0,very_rare,0.0,very_rare,peak_abundance_with_occupancy_days_modifiers,0.0006
renpha,GT,0.0,0.0,0.0,postbreeding_migration,0.004,,,,0.4,0.0,very_rare,0.0,very_rare,peak_abundance_with_occupancy_days_modifiers,0.004
soulap1,GT,0.0,0.0,0.0,breeding,0.0006,0.0,0.0,0.0,0.06,0.0,very_rare,0.0,very_rare,peak_abundance_with_occupancy_days_modifiers,0.0006
hooori,GT,0.0,0.0,0.0,nonbreeding,0.001,0.0002,0.0,0.0,0.1,0.0,very_rare,0.0,very_rare,peak_abundance_with_occupancy_days_modifiers,0.001
bkwvir,GT,0.0,0.0,0.0,postbreeding_migration,0.0003,0.0001,0.0,0.0,0.03,0.0,very_rare,0.0,very_rare,peak_abundance_with_occupancy_days_modifiers,0.0003
redhea,GT,0.0,0.0,0.0,nonbreeding,0.0002,0.0001,0.0,0.0,0.02,0.0,very_rare,0.0,very_rare,peak_abundance_with_occupancy_days_modifiers,0.0002
batbar1,GT,0.0,0.0,0.0,resident,0.0007,0.0014,0.0002,0.0,0.06999999999999999,0.0,very_rare,0.0,very_rare,peak_abundance_with_occupancy_days_modifiers,0.0007
slaant1,GT,0.0,0.0,0.0,resident,0.0046,0.0075,0.0002,365.0,0.45999999999999996,0.0,very_rare,0.0,very_rare,peak_abundance_with_occupancy_days_modifiers,0.0046
lobcur,GT,0.0,0.0,0.0,postbreeding_migration,0.001,0.0001,0.0,0.0,0.1,0.0,very_rare,0.0,very_rare,peak_abundance_with_occupancy_days_modifiers,0.001
bubsan,GT,0.0,0.0,0.0,prebreeding_migration,0.0003,0.0004,0.0001,0.0,0.03,0.0,very_rare,0.0,very_rare,peak_abundance_with_occupancy_days_modifiers,0.0003
masduc,GT,0.0,0.0,0.0,resident,0.0001,0.0,0.0,0.0,0.01,0.0,very_rare,0.0,very_rare,peak_abundance_with_occupancy_days_modifiers,0.0001
eargre,GT,0.0,0.0,0.0,nonbreeding,0.0003,0.0,0.0,0.0,0.03,0.0,very_rare,0.0,very_rare,peak_abundance_with_occupancy_days_modifiers,0.0003
nisfin1,GT,0.0,0.0,0.0,resident,0.0044,0.1581,0.0006,365.0,0.44,0.0,very_rare,0.0,very_rare,peak_abundance_with_occupancy_days_modifiers,0.0044
palwar,GT,0.0,0.0,0.0,postbreeding_migration,0.0003,0.0,0.0,0.0,0.03,0.0,very_rare,0.0,very_rare,peak_abundance_with_occupancy_days_modifiers,0.0003
clarai11,GT,0.0,0.0,0.0,nonbreeding,0.0006,0.0009,0.0,0.0,0.06,0.0,very_rare,0.0,very_rare,peak_abundance_with_occupancy_days_modifiers,0.0006
boboli,GT,0.0,0.0,0.0,postbreeding_migration,0.0012,0.0,0.0,28.0,0.12,0.0,very_rare,0.0,rare,peak_abundance_with_occupancy_days_modifiers,0.0012
chwwid,GT,0.0,0.0,0.0,postbreeding_migration,0.0116,0.0018,0.0003,28.0,1.16,0.0,very_rare,0.0,rare,peak_abundance_with_occupancy_days_modifiers,0.0116
brnowl,GT,0.0,0.0,0.0,resident,0.0011,,,,0.11,0.0,very_rare,0.0,very_rare,peak_abundance_with_occupancy_days_modifiers,0.0011
burowl,GT,0.0,0.0,0.0,nonbreeding,0.0002,0.0,0.0,0.0,0.02,0.0,very_rare,0.0,very_rare,peak_abundance_with_occupancy_days_modifiers,0.0002
snoplo5,GT,0.0,0.0,0.0,nonbreeding,0.0035,0.0068,0.0001,35.0,0.35000000000000003,0.0,very_rare,0.0,very_rare,peak_abundance_with_occupancy_days_modifiers,0.0035
