species_code,country_code,abundance,abundance_mean_avg,abundance_mean_max,peak_season,range_occupied_percent,range_total_percent,total_pop_percent,range_days_occupation,occupancy,score,frequency,frequency_pct,rarity_cap,commonness_basis,debug_range_occupied_max
snogoo,US-CA,2.281504449382807,4.20705,8.7914,nonbreeding,0.0506,0.0343,0.0277,140.0,5.06,0.9514612565711702,abundant,95.14612565711703,,peak_abundance_with_occupancy_days_modifiers,0.0506
eursta,US-CA,1.8376565636150592,3.3126999999999995,5.2818,nonbreeding,0.412,0.0143,0.0174,140.0,41.199999999999996,0.7663623113408506,abundant,76.63623113408507,,peak_abundance_with_occupancy_days_modifiers,0.412
rewbla,US-CA,1.744003769815409,3.2097,4.7202,nonbreeding,0.2514,0.0254,0.0262,126.0,25.14,0.7273060627790208,common,72.73060627790208,,peak_abundance_with_occupancy_days_modifiers,0.2514
sooshe,US-CA,1.6263961783831273,1.2056761827651707,4.085514368081482,nonbreeding,0.0190967373120638,0.000705479221957201,0.0081885238598779,112.0,1.90967373120638,0.6782598876743707,rare,67.82598876743707,rare,peak_abundance_with_occupancy_days_modifiers,0.0190967373120638
whcspa,US-CA,1.5895208785937416,1.8276,3.9014,nonbreeding,0.6541,0.0667,0.1949,112.0,65.41,0.6628816932187171,common,66.28816932187172,,peak_abundance_with_occupancy_days_modifiers,0.6541
y00475,US-CA,1.5490507624190053,2.698125,3.707,nonbreeding,0.1609,0.1204,0.2322,112.0,16.09,0.6460043438891497,common,64.60043438891498,,peak_abundance_with_occupancy_days_modifiers,0.1609
gwfgoo,US-CA,1.53063277199157,2.0299750000000003,3.6211,nonbreeding,0.0746,0.0168,0.0144,42.0,7.46,0.6383234452959675,common,63.83234452959675,,peak_abundance_with_occupancy_days_modifiers,0.0746
norsho,US-CA,1.2599371722433683,1.3412,2.5252,nonbreeding,0.0847,0.009,0.0498,147.0,8.469999999999999,0.5254346119849544,common,52.54346119849544,,peak_abundance_with_occupancy_days_modifiers,0.0847
horlar,US-CA,1.2067489472726878,1.1407749999999999,2.3426,nonbreeding,0.3047,,,,30.470000000000002,0.5032533993298207,common,50.325339932982075,,peak_abundance_with_occupancy_days_modifiers,0.3047
houfin,US-CA,1.2052819470245641,2.3377,2.3377,resident,0.6437,0.0884,0.2199,365.0,64.37,0.5026416127081257,common,50.264161270812565,,peak_abundance_with_occupancy_days_modifiers,0.6437
amerob,US-CA,1.1490835786359117,1.1916,2.1553,nonbreeding,0.663,0.0444,0.0439,98.0,66.3,0.47920507274486523,common,47.920507274486525,,peak_abundance_with_occupancy_days_modifiers,0.663
norpin,US-CA,1.1455912898621043,1.00265,2.1443,nonbreeding,0.0574,0.0062,0.0499,147.0,5.74,0.47774867520598024,common,47.77486752059802,,peak_abundance_with_occupancy_days_modifiers,0.0574
brebla,US-CA,1.1391782504147714,1.3448000000000002,2.1242,nonbreeding,0.277,0.0913,0.1973,112.0,27.700000000000003,0.475074230028961,common,47.5074230028961,,peak_abundance_with_occupancy_days_modifiers,0.277
cliswa,US-CA,1.1187416599632753,1.1215666666666666,2.061,breeding,0.3348,0.0252,0.0909,126.0,33.48,0.4665515098404157,common,46.65515098404157,,peak_abundance_with_occupancy_days_modifiers,0.3348
daejun,US-CA,1.0427824037074391,1.2220499999999999,1.8371,nonbreeding,0.6862,0.0453,0.0437,105.0,68.62,0.43487403955323717,common,43.487403955323714,,peak_abundance_with_occupancy_days_modifiers,0.6862
whfibi,US-CA,1.0256472528573275,1.0976,1.7889,postbreeding_migration,0.1419,0.0148,0.0619,119.0,14.19,0.4277281266167999,common,42.772812661679986,,peak_abundance_with_occupancy_days_modifiers,0.1419
moudov,US-CA,0.9934369410508087,1.1002,1.7005,breeding,0.8079,0.0357,0.0391,119.0,80.78999999999999,0.4142953832556068,common,41.42953832556068,,peak_abundance_with_occupancy_days_modifiers,0.8079
treswa,US-CA,0.8821546699444728,0.7197749999999999,1.4161,postbreeding_migration,0.3418,0.0623,0.0812,161.0,34.18,0.36788707161301015,common,36.78870716130101,,peak_abundance_with_occupancy_days_modifiers,0.3418
comrav,US-CA,0.8234295508228674,1.2783,1.2783,resident,0.9374,0.0096,0.0156,365.0,93.74,0.3433967947490533,common,34.33967947490533,,peak_abundance_with_occupancy_days_modifiers,0.9374
commur,US-CA,0.7505903741224876,0.6346379003708604,1.118250207643693,breeding,0.0179305735522359,0.001601200458999,0.0040101891446043,105.0,1.7930573552235902,0.3130204987003207,rare,31.30204987003207,rare,peak_abundance_with_occupancy_days_modifiers,0.0179305735522359
lobdow,US-CA,0.7471143968298877,0.515825,1.1109,postbreeding_migration,0.1151,0.0896,0.2459,182.0,11.51,0.31157090357745143,common,31.157090357745144,,peak_abundance_with_occupancy_days_modifiers,0.1151
cangoo,US-CA,0.746119065326051,0.826075,1.1088,nonbreeding,0.1537,0.0288,0.0124,119.0,15.370000000000001,0.31115581810014653,common,31.115581810014653,,peak_abundance_with_occupancy_days_modifiers,0.1537
yerwar,US-CA,0.742794120449359,0.8003,1.1018,postbreeding_migration,0.9839,0.0449,0.0725,133.0,98.39,0.30976920838686584,common,30.976920838686585,,peak_abundance_with_occupancy_days_modifiers,0.9839
ribgul,US-CA,0.7417944773814665,0.52545,1.0997,nonbreeding,0.0779,0.0705,0.0773,105.0,7.79,0.30935232484769193,common,30.935232484769195,,peak_abundance_with_occupancy_days_modifiers,0.0779
mallar3,US-CA,0.7029489855322056,0.79415,1.0197,breeding,0.2543,0.008,0.0126,126.0,25.430000000000003,0.29315249648574365,common,29.315249648574365,,peak_abundance_with_occupancy_days_modifiers,0.2543
rudduc,US-CA,0.6948457371955268,0.643375,1.0034,nonbreeding,0.0797,0.1284,0.2907,126.0,7.969999999999999,0.28977317945359393,common,28.977317945359392,,peak_abundance_with_occupancy_days_modifiers,0.0797
leasan,US-CA,0.6911952768347,0.523225,0.9961,postbreeding_migration,0.1149,0.0385,0.1891,168.0,11.49,0.28825081923951884,fairly_common,28.825081923951885,,peak_abundance_with_occupancy_days_modifiers,0.1149
wessan,US-CA,0.6783380649062372,0.48765000000000003,0.9706,postbreeding_migration,0.1045,0.0685,0.1872,147.0,10.45,0.2828889454019437,fairly_common,28.28889454019437,,peak_abundance_with_occupancy_days_modifiers,0.1045
amewig,US-CA,0.6780335427498971,0.450025,0.97,nonbreeding,0.1256,0.0551,0.1832,126.0,12.559999999999999,0.2827619497988435,fairly_common,28.27619497988435,,peak_abundance_with_occupancy_days_modifiers,0.1256
calgul,US-CA,0.6377930204278677,0.6509,0.8923,postbreeding_migration,0.107,0.3927,0.3856,182.0,10.7,0.26598034854272684,fairly_common,26.598034854272683,,peak_abundance_with_occupancy_days_modifiers,0.107
turvul,US-CA,0.6377401732882068,0.6903499999999999,0.8922,postbreeding_migration,0.8128,0.014,0.0219,126.0,81.28,0.2659583095736941,fairly_common,26.595830957369408,,peak_abundance_with_occupancy_days_modifiers,0.8128
wesmea,US-CA,0.636576829071551,0.54155,0.89,nonbreeding,0.3346,0.0599,0.1296,112.0,33.46,0.2654731573529726,fairly_common,26.54731573529726,,peak_abundance_with_occupancy_days_modifiers,0.3346
cacgoo1,US-CA,0.6325475584310156,0.376225,0.8824,nonbreeding,0.0288,0.0712,0.0965,112.0,2.88,0.26379282098205464,rare,26.379282098205465,rare,peak_abundance_with_occupancy_days_modifiers,0.0288
savspa,US-CA,0.6111776176926946,0.44454999999999995,0.8426,nonbreeding,0.3077,0.0453,0.1146,112.0,30.769999999999996,0.2548808634913582,fairly_common,25.48808634913582,,peak_abundance_with_occupancy_days_modifiers,0.3077
tunswa,US-CA,0.5671303399764583,0.3700666666666667,0.7632,nonbreeding,0.0742,0.0602,0.086,56.0,7.42,0.2365117219296282,fairly_common,23.651172192962818,,peak_abundance_with_occupancy_days_modifiers,0.0742
calqua,US-CA,0.5538276403105334,0.7399,0.7399,resident,0.436,0.1693,0.2548,365.0,43.6,0.23096406527554905,fairly_common,23.096406527554905,,peak_abundance_with_occupancy_days_modifiers,0.436
gocspa,US-CA,0.5224774765064383,0.40763333333333335,0.6862,nonbreeding,0.4433,0.6653,0.7874,119.0,44.330000000000005,0.21789003149278535,fairly_common,21.789003149278535,,peak_abundance_with_occupancy_days_modifiers,0.4433
ameavo,US-CA,0.5195673037027455,0.3941,0.6813,postbreeding_migration,0.0945,0.1122,0.1192,168.0,9.45,0.2166763951690036,fairly_common,21.667639516900362,,peak_abundance_with_occupancy_days_modifiers,0.0945
dunlin,US-CA,0.5136017667127425,0.352775,0.6713,nonbreeding,0.0507,0.0152,0.0323,70.0,5.07,0.21418857301193284,fairly_common,21.418857301193285,,peak_abundance_with_occupancy_days_modifiers,0.0507
bushti,US-CA,0.4901738360351186,0.6326,0.6326,resident,0.4384,0.1634,0.245,365.0,43.84,0.2044183670553219,fairly_common,20.44183670553219,,peak_abundance_with_occupancy_days_modifiers,0.4384
amepip,US-CA,0.4891933236388768,0.3054,0.631,nonbreeding,0.2366,0.0526,0.1506,56.0,23.66,0.2040094616258961,fairly_common,20.40094616258961,,peak_abundance_with_occupancy_days_modifiers,0.2366
ruckin,US-CA,0.4864919467505378,0.368725,0.6266,nonbreeding,0.8707,0.0782,0.1078,119.0,87.07000000000001,0.20288289996201386,fairly_common,20.288289996201385,,peak_abundance_with_occupancy_days_modifiers,0.8707
sancra,US-CA,0.4853847312840379,0.35492500000000005,0.6248,nonbreeding,0.0384,0.0184,0.021,119.0,3.84,0.20242115524819748,rare,20.24211552481975,rare,peak_abundance_with_occupancy_days_modifiers,0.0384
lesgol,US-CA,0.48452271534493824,0.548925,0.6234,postbreeding_migration,0.6637,0.0988,0.2044,105.0,66.36999999999999,0.20206166667966893,fairly_common,20.206166667966894,,peak_abundance_with_occupancy_days_modifiers,0.6637
amecro,US-CA,0.46818948468012667,0.409625,0.5971,nonbreeding,0.2324,0.0205,0.0195,147.0,23.24,0.19525018043583875,fairly_common,19.525018043583874,,peak_abundance_with_occupancy_days_modifiers,0.2324
cowscj1,US-CA,0.4600795480480423,0.5842,0.5842,resident,0.3964,0.6447,0.7725,365.0,39.64,0.19186807416786147,fairly_common,19.18680741678615,,peak_abundance_with_occupancy_days_modifiers,0.3964
wesblu,US-CA,0.45989016008623756,0.4312250000000001,0.5839,postbreeding_migration,0.5124,0.2098,0.3631,147.0,51.239999999999995,0.1917890932532431,fairly_common,19.17890932532431,,peak_abundance_with_occupancy_days_modifiers,0.5124
norfli,US-CA,0.44922677754703333,0.40995000000000004,0.5671,postbreeding_migration,0.9744,0.0538,0.0713,112.0,97.44,0.18734211733224718,fairly_common,18.73421173322472,,peak_abundance_with_occupancy_days_modifiers,0.9744
batpig1,US-CA,0.44410873170036885,0.3926,0.5591,postbreeding_migration,0.3287,0.1492,0.418,112.0,32.87,0.18520772643339375,fairly_common,18.520772643339374,,peak_abundance_with_occupancy_days_modifiers,0.3287
wesgul,US-CA,0.43883540758327005,0.5509,0.5509,resident,0.0293,0.3047,0.4268,365.0,2.93,0.18300857946608493,rare,18.30085794660849,rare,peak_abundance_with_occupancy_days_modifiers,0.0293
bkvshe,US-CA,0.420353720601915,0.4133333333333334,0.5225,nonbreeding,0.0131,0.008,0.009,133.0,1.31,0.1753011173466961,rare,17.53011173466961,rare,peak_abundance_with_occupancy_days_modifiers,0.0131
pinsis,US-CA,0.415019320912976,0.2999,0.5144,nonbreeding,0.4096,0.0373,0.0305,119.0,40.96,0.1730764998876051,fairly_common,17.30764998876051,,peak_abundance_with_occupancy_days_modifiers,0.4096
gnwtea,US-CA,0.4128378624375775,0.273775,0.5111,nonbreeding,0.0771,0.0038,0.0032,147.0,7.71,0.17216676104281692,fairly_common,17.216676104281692,,peak_abundance_with_occupancy_days_modifiers,0.0771
bknsti,US-CA,0.4109831887920695,0.33412499999999995,0.5083,postbreeding_migration,0.0909,0.009,0.0368,140.0,9.09,0.17139330205711925,fairly_common,17.139330205711925,,peak_abundance_with_occupancy_days_modifiers,0.0909
stejay,US-CA,0.39379730324048234,0.4826,0.4826,resident,0.3241,0.1032,0.2347,365.0,32.41,0.1642262311067974,fairly_common,16.42262311067974,,peak_abundance_with_occupancy_days_modifiers,0.3241
acowoo,US-CA,0.38553447261928553,0.4704,0.4704,resident,0.2554,0.1771,0.3672,365.0,25.540000000000003,0.16078036309290625,fairly_common,16.078036309290624,,peak_abundance_with_occupancy_days_modifiers,0.2554
rethaw,US-CA,0.3790526841563313,0.34822499999999995,0.4609,nonbreeding,0.8707,0.0418,0.0881,112.0,87.07000000000001,0.15807724734949438,fairly_common,15.807724734949439,,peak_abundance_with_occupancy_days_modifiers,0.8707
spotow,US-CA,0.3786418940642887,0.4021,0.4603,breeding,0.6034,0.1123,0.18,98.0,60.34,0.1579059345750364,fairly_common,15.79059345750364,,peak_abundance_with_occupancy_days_modifiers,0.6034
bnhcow,US-CA,0.36540671086217885,0.327225,0.4411,breeding,0.8342,0.0352,0.0186,147.0,83.42,0.1523864344733226,fairly_common,15.23864344733226,,peak_abundance_with_occupancy_days_modifiers,0.8342
blkpho,US-CA,0.3640874036541863,0.34057499999999996,0.4392,postbreeding_migration,0.5414,0.0929,0.3241,112.0,54.14,0.1518362406333502,fairly_common,15.183624063335019,,peak_abundance_with_occupancy_days_modifiers,0.5414
weskin,US-CA,0.36053747475302955,0.19627499999999998,0.4341,breeding,0.5205,0.062,0.1222,112.0,52.05,0.1503558052943147,fairly_common,15.035580529431469,,peak_abundance_with_occupancy_days_modifiers,0.5205
mouchi,US-CA,0.3555743384946994,0.4229,0.427,nonbreeding,0.2082,0.0723,0.15,210.0,20.82,0.14828601671153893,fairly_common,14.828601671153892,,peak_abundance_with_occupancy_days_modifiers,0.2082
astfly,US-CA,0.3518533386595153,0.163725,0.4217,breeding,0.6682,0.0965,0.1285,105.0,66.82000000000001,0.14673423925178286,fairly_common,14.673423925178286,,peak_abundance_with_occupancy_days_modifiers,0.6682
rosgoo,US-CA,0.33461336713621326,0.173875,0.3974,nonbreeding,0.0405,0.0343,0.1084,112.0,4.05,0.1395446126993343,rare,13.95446126993343,rare,peak_abundance_with_occupancy_days_modifiers,0.0405
killde,US-CA,0.3259167226816963,0.297125,0.3853,postbreeding_migration,0.269,0.0417,0.0529,161.0,26.900000000000002,0.13591783026510068,fairly_common,13.591783026510068,,peak_abundance_with_occupancy_days_modifiers,0.269
wilpha,US-CA,0.317289417204439,0.14495000000000002,0.3734,postbreeding_migration,0.0638,0.0126,0.0234,98.0,6.38,0.13231996443037256,fairly_common,13.231996443037255,,peak_abundance_with_occupancy_days_modifiers,0.0638
bracor,US-CA,0.31561333738047226,0.3711,0.3711,resident,0.0169,0.0213,0.0665,365.0,1.69,0.1316209848531658,rare,13.162098485316582,rare,peak_abundance_with_occupancy_days_modifiers,0.0169
categr1,US-CA,0.3025851004684018,0.2446647735151306,0.353352842481568,postbreeding_migration,0.0911945871843573,0.0039447946356225,0.0048561580053926,140.0,9.11945871843573,0.1261877880576834,fairly_common,12.618778805768342,,peak_abundance_with_occupancy_days_modifiers,0.0911945871843573
vigswa,US-CA,0.2874320411965716,0.194,0.333,postbreeding_migration,0.7406,0.0922,0.0966,126.0,74.06,0.11986847151215874,fairly_common,11.986847151215873,,peak_abundance_with_occupancy_days_modifiers,0.7406
annhum,US-CA,0.27967510204986457,0.2946,0.3227,nonbreeding,0.496,0.6151,0.7521,140.0,49.6,0.11663357662967515,fairly_common,11.663357662967515,,peak_abundance_with_occupancy_days_modifiers,0.496
barswa,US-CA,0.2768738737351776,0.17607499999999998,0.319,postbreeding_migration,0.3487,0.0018,0.0015,154.0,34.870000000000005,0.11546537368667588,fairly_common,11.546537368667588,,peak_abundance_with_occupancy_days_modifiers,0.3487
sonspa,US-CA,0.2764188801730702,0.2609,0.3184,breeding,0.5395,0.0321,0.0242,119.0,53.949999999999996,0.11527562663338765,fairly_common,11.527562663338765,,peak_abundance_with_occupancy_days_modifiers,0.5395
brnpel,US-CA,0.26719871351038055,0.189775,0.3063,postbreeding_migration,0.0234,0.0341,0.0476,161.0,2.34,0.11143051848071607,rare,11.143051848071607,rare,peak_abundance_with_occupancy_days_modifiers,0.0234
gockin,US-CA,0.2642854946453849,0.17564999999999997,0.3025,nonbreeding,0.3397,0.0245,0.0578,98.0,33.97,0.1102156118507047,fairly_common,11.021561185070471,,peak_abundance_with_occupancy_days_modifiers,0.3397
bkhgro,US-CA,0.26074757371157625,0.18175000000000002,0.2979,prebreeding_migration,0.8893,0.1149,0.2128,112.0,88.92999999999999,0.10874018422300859,fairly_common,10.874018422300859,,peak_abundance_with_occupancy_days_modifiers,0.8893
lobcur,US-CA,0.25851069515150105,0.173225,0.295,nonbreeding,0.0707,0.1089,0.2819,154.0,7.07,0.10780733340777478,fairly_common,10.780733340777477,,peak_abundance_with_occupancy_days_modifiers,0.0707
bewwre,US-CA,0.2577381960787088,0.254075,0.294,breeding,0.6311,0.1099,0.1254,126.0,63.11,0.10748517627207525,fairly_common,10.748517627207525,,peak_abundance_with_occupancy_days_modifiers,0.6311
wewpew,US-CA,0.25688775727837054,0.17743333333333333,0.2929,breeding,0.4441,0.064,0.1199,105.0,44.41,0.10713051574541017,fairly_common,10.713051574541018,,peak_abundance_with_occupancy_days_modifiers,0.4441
caltow,US-CA,0.2508365363309584,0.2851,0.2851,resident,0.3051,0.7173,0.7608,365.0,30.509999999999998,0.10460696060267441,fairly_common,10.460696060267441,,peak_abundance_with_occupancy_days_modifiers,0.3051
doccor,US-CA,0.24912314027315746,0.18880000000000002,0.2829,nonbreeding,0.1,0.0782,0.0327,147.0,10.0,0.1038924189472328,fairly_common,10.38924189472328,,peak_abundance_with_occupancy_days_modifiers,0.1
westan,US-CA,0.24631305334085224,0.186575,0.2793,prebreeding_migration,0.9094,0.1028,0.1687,140.0,90.94,0.10272052167374357,fairly_common,10.272052167374357,,peak_abundance_with_occupancy_days_modifiers,0.9094
houspa,US-CA,0.24568751574910427,0.2785,0.2785,resident,0.1385,0.003,0.0021,365.0,13.850000000000001,0.10245965223593112,fairly_common,10.245965223593112,,peak_abundance_with_occupancy_days_modifiers,0.1385
wlswar,US-CA,0.24035458804456408,0.1213,0.2717,prebreeding_migration,0.973,0.0345,0.0531,119.0,97.3,0.10023564864201413,fairly_common,10.023564864201413,,peak_abundance_with_occupancy_days_modifiers,0.973
rebnut,US-CA,0.23617822958466536,0.21340000000000003,0.2664,postbreeding_migration,0.2994,0.0264,0.0478,119.0,29.94,0.09849397188603765,fairly_common,9.849397188603765,,peak_abundance_with_occupancy_days_modifiers,0.2994
eargre,US-CA,0.2329354537766789,0.173075,0.2623,postbreeding_migration,0.0773,0.014,0.0804,140.0,7.7299999999999995,0.09714162933598038,fairly_common,9.714162933598038,,peak_abundance_with_occupancy_days_modifiers,0.0773
wesfly,US-CA,0.2314291309009825,0.1486,0.2604,prebreeding_migration,0.8078,0.1193,0.1802,105.0,80.78,0.09651344390487165,fairly_common,9.651344390487166,,peak_abundance_with_occupancy_days_modifiers,0.8078
oaktit,US-CA,0.22888702594127547,0.2572,0.2572,resident,0.2312,0.8811,0.9583,365.0,23.119999999999997,0.09545330379427365,fairly_common,9.545330379427366,,peak_abundance_with_occupancy_days_modifiers,0.2312
gadwal,US-CA,0.22633844221072896,0.22044999999999998,0.254,nonbreeding,0.0982,0.0097,0.0095,140.0,9.82,0.09439046182637886,fairly_common,9.439046182637886,,peak_abundance_with_occupancy_days_modifiers,0.0982
bktspa,US-CA,0.22274347129287003,0.20305,0.2495,prebreeding_migration,0.2282,0.0659,0.1066,126.0,22.82,0.09289124250740355,fairly_common,9.289124250740354,,peak_abundance_with_occupancy_days_modifiers,0.2282
larspa,US-CA,0.22025939613434678,0.172875,0.2464,nonbreeding,0.2453,0.0838,0.0902,126.0,24.529999999999998,0.091855302703567,fairly_common,9.185530270356699,,peak_abundance_with_occupancy_days_modifiers,0.2453
cedwax,US-CA,0.2182516052337819,0.164325,0.2439,prebreeding_migration,0.3129,0.0147,0.0262,126.0,31.290000000000003,0.09101798886282463,fairly_common,9.101798886282463,,peak_abundance_with_occupancy_days_modifiers,0.3129
eucdov,US-CA,0.21776913497675482,0.2433,0.2433,resident,0.2754,0.0074,0.0037,365.0,27.54,0.09081678313774556,fairly_common,9.081678313774557,,peak_abundance_with_occupancy_days_modifiers,0.2754
houwre,US-CA,0.2133356103231241,0.151225,0.2378,breeding,0.6286,0.0147,0.0111,126.0,62.86000000000001,0.08896785974900356,fairly_common,8.896785974900357,,peak_abundance_with_occupancy_days_modifiers,0.6286
canvas,US-CA,0.20334892398603022,0.10562500000000001,0.2255,nonbreeding,0.0474,0.0808,0.2453,126.0,4.74,0.08480308806344147,rare,8.480308806344148,rare,peak_abundance_with_occupancy_days_modifiers,0.0474
bulori,US-CA,0.20032518123352952,0.11307500000000001,0.2218,breeding,0.5865,0.1104,0.1909,126.0,58.650000000000006,0.08354208939231436,fairly_common,8.354208939231436,,peak_abundance_with_occupancy_days_modifiers,0.5865
sursco,US-CA,0.19901477973561502,0.11620000000000001,0.2202,nonbreeding,0.0154,0.0488,0.0826,126.0,1.54,0.08299560952191315,rare,8.299560952191316,rare,peak_abundance_with_occupancy_days_modifiers,0.0154
orcwar,US-CA,0.19350874618451902,0.14047500000000002,0.2135,postbreeding_migration,0.9523,0.0313,0.0513,140.0,95.23,0.08069941518283746,fairly_common,8.069941518283747,,peak_abundance_with_occupancy_days_modifiers,0.9523
buffle,US-CA,0.1845690293344339,0.12165,0.2027,nonbreeding,0.0915,0.0823,0.0912,105.0,9.15,0.07697126368619087,fairly_common,7.697126368619086,,peak_abundance_with_occupancy_days_modifiers,0.0915
amwpel,US-CA,0.17822986389069825,0.152675,0.1951,postbreeding_migration,0.0606,0.0787,0.0467,119.0,6.0600000000000005,0.07432762636155583,uncommon,7.432762636155584,,peak_abundance_with_occupancy_days_modifiers,0.0606
greegr,US-CA,0.17605194378035924,0.15652500000000003,0.1925,postbreeding_migration,0.1588,0.0023,0.0053,133.0,15.879999999999999,0.07341936312961014,uncommon,7.341936312961014,,peak_abundance_with_occupancy_days_modifiers,0.1588
renpha,US-CA,0.1755486725065259,0.1166,0.1919,postbreeding_migration,0.0839,0.0006,0.0001,14.0,8.39,0.07320948270674832,rare,7.3209482706748314,rare,peak_abundance_with_occupancy_days_modifiers,0.0839
normoc,US-CA,0.1672925177741942,0.15535,0.1821,breeding,0.3563,0.0338,0.0284,112.0,35.63,0.0697663987547554,uncommon,6.9766398754755405,,peak_abundance_with_occupancy_days_modifiers,0.3563
wrenti,US-CA,0.16695407966283282,0.1817,0.1817,resident,0.2455,0.7171,0.7603,365.0,24.55,0.0696252590998253,uncommon,6.96252590998253,,peak_abundance_with_occupancy_days_modifiers,0.2455
pacloo,US-CA,0.1647514356004906,0.060175000000000006,0.1791,prebreeding_migration,0.0184,0.0554,0.1266,133.0,1.8399999999999999,0.06870668517905032,rare,6.870668517905032,rare,peak_abundance_with_occupancy_days_modifiers,0.0184
belspa2,US-CA,0.1623739189842586,0.11789999999999999,0.1763,nonbreeding,0.2667,0.7227,0.9376,147.0,26.669999999999998,0.06771518373893215,uncommon,6.771518373893215,,peak_abundance_with_occupancy_days_modifiers,0.2667
lazbun,US-CA,0.15777268387254192,0.1128,0.1709,breeding,0.6407,0.1545,0.2006,105.0,64.07000000000001,0.0657963196567878,uncommon,6.57963196567878,,peak_abundance_with_occupancy_days_modifiers,0.6407
amhgul1,US-CA,0.1576970460790669,0.08911889388390633,0.1708114390569395,nonbreeding,0.0653751063193711,0.0753616586170187,0.0296526303565821,112.0,6.53751063193711,0.06576477624689285,uncommon,6.576477624689285,,peak_abundance_with_occupancy_days_modifiers,0.0653751063193711
amegfi,US-CA,0.14971227322832678,0.11082499999999999,0.1615,postbreeding_migration,0.2522,0.0133,0.008,112.0,25.22,0.06243486732996927,uncommon,6.243486732996927,,peak_abundance_with_occupancy_days_modifiers,0.2522
tribla,US-CA,0.14608970587189501,0.1573,0.1573,resident,0.0376,0.8953,0.963,365.0,3.7600000000000002,0.06092413940222114,rare,6.092413940222114,rare,peak_abundance_with_occupancy_days_modifiers,0.0376
whtswi,US-CA,0.14453315073229836,0.1309,0.1555,prebreeding_migration,0.4012,0.1293,0.16,112.0,40.12,0.06027500548997143,uncommon,6.027500548997143,,peak_abundance_with_occupancy_days_modifiers,0.4012
rocpig,US-CA,0.14427348915642474,0.1552,0.1552,resident,0.0554,0.0013,0.0013,365.0,5.54,0.06016671820202388,uncommon,6.016671820202387,,peak_abundance_with_occupancy_days_modifiers,0.0554
whwdov,US-CA,0.14210701662482983,0.0503,0.1527,breeding,0.1086,0.0167,0.0107,119.0,10.86,0.05926322898121793,uncommon,5.926322898121793,,peak_abundance_with_occupancy_days_modifiers,0.1086
rinduc,US-CA,0.13958801420705347,0.075975,0.1498,nonbreeding,0.1111,0.0572,0.0577,140.0,11.110000000000001,0.05821272337892915,uncommon,5.821272337892915,,peak_abundance_with_occupancy_days_modifiers,0.1111
cintea,US-CA,0.13915306139257594,0.06562499999999999,0.1493,prebreeding_migration,0.0906,0.041,0.1243,168.0,9.06,0.0580313339665509,uncommon,5.80313339665509,,peak_abundance_with_occupancy_days_modifiers,0.0906
saypho,US-CA,0.13749851318563364,0.11040000000000001,0.1474,nonbreeding,0.4928,0.1171,0.1509,126.0,49.28,0.057341333771083046,uncommon,5.7341333771083045,,peak_abundance_with_occupancy_days_modifiers,0.4928
herthr,US-CA,0.13453089295760615,0.095975,0.144,nonbreeding,0.4447,0.053,0.1005,105.0,44.47,0.056103740010549755,uncommon,5.610374001054976,,peak_abundance_with_occupancy_days_modifiers,0.4447
brespa,US-CA,0.13348139137448095,0.0884,0.1428,prebreeding_migration,0.3354,0.0624,0.0506,119.0,33.54,0.05566606385553557,uncommon,5.566606385553556,,peak_abundance_with_occupancy_days_modifiers,0.3354
wesgre,US-CA,0.13199270945849695,0.104575,0.1411,nonbreeding,0.0289,0.1894,0.2763,140.0,2.8899999999999997,0.055045235276042714,rare,5.504523527604271,rare,peak_abundance_with_occupancy_days_modifiers,0.0289
chispa,US-CA,0.12944806718688645,0.08729999999999999,0.1382,postbreeding_migration,0.7603,0.0241,0.0107,147.0,76.03,0.05398403702419373,uncommon,5.3984037024193725,,peak_abundance_with_occupancy_days_modifiers,0.7603
moublu,US-CA,0.12812932771052774,0.080125,0.1367,nonbreeding,0.2983,0.0683,0.0461,133.0,29.830000000000002,0.05343407994670235,uncommon,5.343407994670235,,peak_abundance_with_occupancy_days_modifiers,0.2983
greyel,US-CA,0.1278653709978958,0.09482499999999999,0.1364,postbreeding_migration,0.134,0.0263,0.0676,182.0,13.4,0.05332400144760099,uncommon,5.332400144760099,,peak_abundance_with_occupancy_days_modifiers,0.134
lesnig,US-CA,0.12777736994182637,0.06926666666666667,0.1363,breeding,0.2358,0.0497,0.0689,133.0,23.580000000000002,0.05328730215674048,uncommon,5.328730215674049,,peak_abundance_with_occupancy_days_modifiers,0.2358
amekes,US-CA,0.12742528825523886,0.116275,0.1359,nonbreeding,0.6034,0.0155,0.0266,105.0,60.34,0.05314047268900615,uncommon,5.314047268900615,,peak_abundance_with_occupancy_days_modifiers,0.6034
lawgol,US-CA,0.12539840939433364,0.107125,0.1336,postbreeding_migration,0.5435,0.8587,0.8866,119.0,54.35,0.0522951985505156,uncommon,5.22951985505156,,peak_abundance_with_occupancy_days_modifiers,0.5435
casfin,US-CA,0.12354418609145502,0.10455,0.1315,prebreeding_migration,0.2339,0.1026,0.1527,98.0,23.39,0.051521927372281576,uncommon,5.152192737228158,,peak_abundance_with_occupancy_days_modifiers,0.2339
nrwswa,US-CA,0.1211551215564672,0.0585,0.1288,breeding,0.3474,0.0272,0.0326,140.0,34.74,0.050525610075988776,uncommon,5.052561007598878,,peak_abundance_with_occupancy_days_modifiers,0.3474
nutwoo,US-CA,0.12088931727545334,0.1285,0.1285,resident,0.3008,0.9482,0.9752,365.0,30.080000000000002,0.05041476108102678,uncommon,5.041476108102678,,peak_abundance_with_occupancy_days_modifiers,0.3008
linspa,US-CA,0.1188491338383811,0.082025,0.1262,postbreeding_migration,0.6899,0.0452,0.0471,119.0,68.99,0.04956393850332041,uncommon,4.956393850332041,,peak_abundance_with_occupancy_days_modifiers,0.6899
lessca,US-CA,0.11867152971749864,0.060725,0.126,nonbreeding,0.0326,0.0518,0.0423,140.0,3.26,0.049489871832061924,rare,4.948987183206192,rare,peak_abundance_with_occupancy_days_modifiers,0.0326
heegul,US-CA,0.1176052420742634,0.0745,0.1248,nonbreeding,0.0169,0.1679,0.2475,112.0,1.69,0.04904519534625747,rare,4.904519534625747,rare,peak_abundance_with_occupancy_days_modifiers,0.0169
commer,US-CA,0.11698271548561433,0.061575,0.1241,nonbreeding,0.0505,0.0071,0.0067,49.0,5.050000000000001,0.04878558159426799,uncommon,4.878558159426799,,peak_abundance_with_occupancy_days_modifiers,0.0505
whbnut,US-CA,0.1153801510400731,0.1223,0.1223,resident,0.2823,0.0368,0.0379,365.0,28.23,0.04811726031113245,uncommon,4.811726031113245,,peak_abundance_with_occupancy_days_modifiers,0.2823
comnig,US-CA,0.11484539166904068,0.06346666666666666,0.1217,breeding,0.2019,0.0113,0.0153,77.0,20.19,0.04789424833179422,uncommon,4.789424833179422,,peak_abundance_with_occupancy_days_modifiers,0.2019
bkbplo,US-CA,0.11386425614904709,0.0694,0.1206,prebreeding_migration,0.0432,0.0247,0.04,140.0,4.32,0.047485083039580066,rare,4.7485083039580065,rare,peak_abundance_with_occupancy_days_modifiers,0.0432
chbchi,US-CA,0.11359650658254057,0.1203,0.1203,resident,0.1125,0.0957,0.0985,365.0,11.25,0.047373422797557053,uncommon,4.737342279755706,,peak_abundance_with_occupancy_days_modifiers,0.1125
eleter1,US-CA,0.11350724079359488,0.05945,0.1202,breeding,0.0072,0.0879,0.1983,168.0,0.72,0.04733619607212067,very_rare,4.733619607212066,very_rare,peak_abundance_with_occupancy_days_modifiers,0.0072
gamqua,US-CA,0.10759801059801816,0.1136,0.1136,resident,0.1144,0.0989,0.0774,365.0,11.44,0.044871855672182874,uncommon,4.487185567218288,,peak_abundance_with_occupancy_days_modifiers,0.1144
foxspa,US-CA,0.10598032353723204,0.103075,0.1118,breeding,0.1691,0.0732,0.1299,126.0,16.91,0.04419722776864718,uncommon,4.419722776864718,,peak_abundance_with_occupancy_days_modifiers,0.1691
grtgra,US-CA,0.10463024907808292,0.08549999999999999,0.1103,breeding,0.13,0.0365,0.0165,126.0,13.0,0.04363420298834749,uncommon,4.3634202988347495,,peak_abundance_with_occupancy_days_modifiers,0.13
logshr,US-CA,0.1044501013564644,0.0985,0.1101,breeding,0.3873,0.0623,0.0988,133.0,38.73,0.043559075553191294,uncommon,4.3559075553191295,,peak_abundance_with_occupancy_days_modifiers,0.3873
bongul,US-CA,0.10074990310014305,0.043425,0.106,nonbreeding,0.0245,0.0671,0.1106,154.0,2.45,0.04201597302561378,rare,4.201597302561378,rare,peak_abundance_with_occupancy_days_modifiers,0.0245
varthr,US-CA,0.09984533496971613,0.0541,0.105,nonbreeding,0.2153,0.2469,0.2312,112.0,21.529999999999998,0.041638738814975644,uncommon,4.163873881497564,,peak_abundance_with_occupancy_days_modifiers,0.2153
brncre,US-CA,0.09730818246699792,0.09415,0.1022,breeding,0.3027,0.0312,0.0901,119.0,30.270000000000003,0.04058066403935908,uncommon,4.058066403935908,,peak_abundance_with_occupancy_days_modifiers,0.3027
buggna,US-CA,0.09676366843230803,0.07264999999999999,0.1016,breeding,0.455,0.0435,0.0239,112.0,45.5,0.040353584049308236,uncommon,4.0353584049308235,,peak_abundance_with_occupancy_days_modifiers,0.455
mouqua,US-CA,0.0964004942863152,0.1012,0.1012,resident,0.2689,0.5648,0.7778,365.0,26.889999999999997,0.0402021286667014,uncommon,4.02021286667014,,peak_abundance_with_occupancy_days_modifiers,0.2689
purfin,US-CA,0.095946341047209,0.08887500000000001,0.1007,prebreeding_migration,0.3893,0.0477,0.0647,126.0,38.93,0.0400127320553239,uncommon,4.00127320553239,,peak_abundance_with_occupancy_days_modifiers,0.3893
phaino,US-CA,0.09440067542148431,0.099,0.099,resident,0.2589,0.1574,0.1419,365.0,25.89,0.03936813942308566,uncommon,3.936813942308566,,peak_abundance_with_occupancy_days_modifiers,0.2589
haiwoo,US-CA,0.0904803531283746,0.0947,0.0947,resident,0.3709,0.0243,0.0407,365.0,37.09,0.03773323804203635,uncommon,3.773323804203635,,peak_abundance_with_occupancy_days_modifiers,0.3709
redcro,US-CA,0.0900235026475885,0.06275,0.0942,nonbreeding,0.257,,,,25.7,0.03754271659351082,uncommon,3.754271659351082,,peak_abundance_with_occupancy_days_modifiers,0.257
verdin,US-CA,0.0896578719305353,0.0938,0.0938,resident,0.1521,0.0491,0.0643,365.0,15.21,0.0373902367411999,uncommon,3.73902367411999,,peak_abundance_with_occupancy_days_modifiers,0.1521
rocwre,US-CA,0.08883471370049074,0.079775,0.0929,prebreeding_migration,0.5075,0.0995,0.1263,112.0,50.74999999999999,0.03704695309600391,uncommon,3.7046953096003907,,peak_abundance_with_occupancy_days_modifiers,0.5075
comyel,US-CA,0.08415730800672332,0.0621,0.0878,postbreeding_migration,0.4146,0.0214,0.0223,133.0,41.46,0.035096323413870735,uncommon,3.5096323413870736,,peak_abundance_with_occupancy_days_modifiers,0.4146
casvir,US-CA,0.08369755902156674,0.047275,0.0873,breeding,0.2649,0.1419,0.224,126.0,26.490000000000002,0.03490459319513595,uncommon,3.4904593195135947,,peak_abundance_with_occupancy_days_modifiers,0.2649
margod,US-CA,0.08268536661860784,0.0586,0.0862,nonbreeding,0.0193,0.11,0.0568,140.0,1.9300000000000002,0.0344824761767486,rare,3.44824761767486,rare,peak_abundance_with_occupancy_days_modifiers,0.0193
macwar,US-CA,0.08259329830385331,0.053825,0.0861,breeding,0.2164,0.0646,0.0862,112.0,21.64,0.03444408070727212,uncommon,3.444408070727212,,peak_abundance_with_occupancy_days_modifiers,0.2164
snoegr,US-CA,0.0820407103362095,0.054650000000000004,0.0855,postbreeding_migration,0.0863,0.0059,0.0095,119.0,8.63,0.034213633625653286,uncommon,3.421363362565329,,peak_abundance_with_occupancy_days_modifiers,0.0863
vauswi,US-CA,0.08047338414987679,0.033775,0.0838,postbreeding_migration,0.4506,0.1351,0.0557,91.0,45.06,0.03356000783802519,uncommon,3.3560007838025188,,peak_abundance_with_occupancy_days_modifiers,0.4506
comgol,US-CA,0.07982729985955439,0.033299999999999996,0.0831,nonbreeding,0.0499,0.0001,0.0,28.0,4.99,0.033290569761370355,rare,3.3290569761370357,rare,peak_abundance_with_occupancy_days_modifiers,0.0499
pinjay,US-CA,0.07936555538074047,0.0826,0.0826,resident,0.0314,0.0307,0.0319,365.0,3.1399999999999997,0.033098007357143654,rare,3.3098007357143655,rare,peak_abundance_with_occupancy_days_modifiers,0.0314
dusfly,US-CA,0.07918079787444124,0.053766666666666664,0.0824,breeding,0.1876,0.0592,0.0996,98.0,18.759999999999998,0.03302095749245811,uncommon,3.302095749245811,,peak_abundance_with_occupancy_days_modifiers,0.1876
herwar,US-CA,0.07770150766385205,0.046325,0.0808,breeding,0.1805,0.4566,0.3957,119.0,18.05,0.032404045558325614,uncommon,3.2404045558325616,,peak_abundance_with_occupancy_days_modifiers,0.1805
naswar,US-CA,0.07594200357515736,0.04555,0.0789,breeding,0.1882,0.0414,0.0481,161.0,18.82,0.03167027536049652,uncommon,3.167027536049652,,peak_abundance_with_occupancy_days_modifiers,0.1882
btywar,US-CA,0.0746435429957658,0.050075,0.0775,prebreeding_migration,0.6146,0.1575,0.1488,119.0,61.46,0.031128775239902727,uncommon,3.1128775239902726,,peak_abundance_with_occupancy_days_modifiers,0.6146
yehbla,US-CA,0.07325046173959267,0.05927500000000001,0.076,prebreeding_migration,0.0774,0.0668,0.0102,175.0,7.739999999999999,0.03054781523219262,uncommon,3.054781523219262,,peak_abundance_with_occupancy_days_modifiers,0.0774
norhar2,US-CA,0.0729716124558227,0.04185,0.0757,nonbreeding,0.2691,0.0303,0.0416,161.0,26.91,0.0304315260485351,uncommon,3.04315260485351,,peak_abundance_with_occupancy_days_modifiers,0.2691
gnttow,US-CA,0.0729716124558227,0.038125,0.0757,breeding,0.1453,0.0963,0.1175,133.0,14.530000000000001,0.0304315260485351,uncommon,3.04315260485351,,peak_abundance_with_occupancy_days_modifiers,0.1453
marwre,US-CA,0.07166928669035966,0.056875,0.0743,prebreeding_migration,0.1139,0.0597,0.16,126.0,11.39,0.02988841402015061,uncommon,2.988841402015061,,peak_abundance_with_occupancy_days_modifiers,0.1139
swahaw,US-CA,0.06775210205081847,0.039924999999999995,0.0701,breeding,0.1531,0.0252,0.0732,119.0,15.310000000000002,0.028254821142272433,uncommon,2.8254821142272433,,peak_abundance_with_occupancy_days_modifiers,0.1531
towsol,US-CA,0.06503839617922222,0.049325,0.0672,postbreeding_migration,0.2919,0.0506,0.0737,105.0,29.189999999999998,0.027123117893018578,uncommon,2.712311789301858,,peak_abundance_with_occupancy_days_modifiers,0.2919
wiltur,US-CA,0.06503839617922222,0.0672,0.0672,resident,0.1506,0.018,0.0222,365.0,15.06,0.027123117893018578,uncommon,2.712311789301858,,peak_abundance_with_occupancy_days_modifiers,0.1506
towwar,US-CA,0.06428848988236187,0.027425,0.0664,prebreeding_migration,0.848,0.1229,0.0642,112.0,84.8,0.026810382676694836,uncommon,2.6810382676694835,,peak_abundance_with_occupancy_days_modifiers,0.848
clanut,US-CA,0.06372569088054483,0.0658,0.0658,resident,0.1078,0.0515,0.0636,365.0,10.780000000000001,0.026575677263075925,uncommon,2.6575677263075925,,peak_abundance_with_occupancy_days_modifiers,0.1078
gresca,US-CA,0.06344417255653478,0.026925,0.0655,nonbreeding,0.0116,0.0196,0.0204,49.0,1.16,0.02645827500318428,rare,2.6458275003184277,rare,peak_abundance_with_occupancy_days_modifiers,0.0116
willet1,US-CA,0.06325644963501485,0.049025000000000006,0.0653,nonbreeding,0.0111,0.0278,0.0598,147.0,1.11,0.0263799884642976,rare,2.63799884642976,rare,peak_abundance_with_occupancy_days_modifiers,0.0111
evegro,US-CA,0.06043636880383069,0.0305,0.0623,postbreeding_migration,0.2075,0.0266,0.0277,161.0,20.75,0.025203923411259235,uncommon,2.5203923411259233,,peak_abundance_with_occupancy_days_modifiers,0.2075
grbher3,US-CA,0.05996558116743406,0.056674999999999996,0.0618,postbreeding_migration,0.2213,0.0358,0.0351,175.0,22.13,0.025007589717399803,uncommon,2.5007589717399803,,peak_abundance_with_occupancy_days_modifiers,0.2213
coshum,US-CA,0.05921185963184608,0.0355,0.061,breeding,0.3008,0.2802,0.3364,126.0,30.080000000000002,0.02469326342294554,uncommon,2.469326342294554,,peak_abundance_with_occupancy_days_modifiers,0.3008
rebsap,US-CA,0.05420405401351211,0.038675,0.0557,breeding,0.2586,0.431,0.4734,105.0,25.86,0.022604846270144002,uncommon,2.2604846270144003,,peak_abundance_with_occupancy_days_modifiers,0.2586
hutvir,US-CA,0.05391984198943043,0.0554,0.0554,resident,0.2441,0.1949,0.1977,365.0,24.41,0.022486320650069624,uncommon,2.248632065006962,,peak_abundance_with_occupancy_days_modifiers,0.2441
sander,US-CA,0.05382508669490746,0.05103333333333334,0.0553,nonbreeding,0.0047,0.0048,0.0206,77.0,0.47000000000000003,0.0224468046229946,very_rare,2.2446804622994603,very_rare,peak_abundance_with_occupancy_days_modifiers,0.0047
pibgre,US-CA,0.05259245011917058,0.04214999999999999,0.054,postbreeding_migration,0.157,0.0188,0.0445,168.0,15.7,0.021932755244058116,uncommon,2.1932755244058115,,peak_abundance_with_occupancy_days_modifiers,0.157
grhowl,US-CA,0.05164323315183845,0.053,0.053,resident,0.3167,0.0154,0.0293,365.0,31.669999999999998,0.02153690102219108,uncommon,2.153690102219108,,peak_abundance_with_occupancy_days_modifiers,0.3167
bktgna,US-CA,0.050312813873589095,0.0516,0.0516,resident,0.1281,0.0855,0.1141,365.0,12.809999999999999,0.020982073088985892,uncommon,2.0982073088985893,,peak_abundance_with_occupancy_days_modifiers,0.1281
olsfly,US-CA,0.050312813873589095,0.024225,0.0516,breeding,0.2471,0.0305,0.0416,98.0,24.709999999999997,0.020982073088985892,uncommon,2.0982073088985893,,peak_abundance_with_occupancy_days_modifiers,0.2471
calthr,US-CA,0.050027493599648164,0.0513,0.0513,resident,0.1644,0.7658,0.7185,365.0,16.439999999999998,0.02086308529282241,uncommon,2.086308529282241,,peak_abundance_with_occupancy_days_modifiers,0.1644
reshaw,US-CA,0.048504409059614985,0.040275,0.0497,prebreeding_migration,0.231,0.0419,0.0387,126.0,23.1,0.02022790970475114,rare,2.022790970475114,,peak_abundance_with_occupancy_days_modifiers,0.231
coohaw,US-CA,0.04736057135983759,0.03005,0.0485,postbreeding_migration,0.8784,0.0631,0.0901,112.0,87.83999999999999,0.01975089233341173,rare,1.9750892333411731,,peak_abundance_with_occupancy_days_modifiers,0.8784
bcnher,US-CA,0.04506896336757812,0.0369,0.0461,breeding,0.099,0.0039,0.006,112.0,9.9,0.018795217572192865,rare,1.8795217572192866,,peak_abundance_with_occupancy_days_modifiers,0.099
compoo,US-CA,0.044782142771893185,0.02465,0.0458,breeding,0.3676,0.0985,0.0767,84.0,36.76,0.018675604093264665,rare,1.8675604093264666,,peak_abundance_with_occupancy_days_modifiers,0.3676
mewgul2,US-CA,0.04363403702006131,0.011275,0.0446,nonbreeding,0.0113,0.0373,0.0119,84.0,1.13,0.018196806805970252,rare,1.8196806805970251,rare,peak_abundance_with_occupancy_days_modifiers,0.0113
wilfly,US-CA,0.04334680450336586,0.03,0.0443,postbreeding_migration,0.5593,0.0501,0.0728,98.0,55.93,0.018077021542637954,rare,1.8077021542637954,,peak_abundance_with_occupancy_days_modifiers,0.5593
caster1,US-CA,0.04200529414503013,0.025725,0.0429,breeding,0.032,0.0113,0.0279,126.0,3.2,0.01751756826978078,rare,1.7517568269780779,rare,peak_abundance_with_occupancy_days_modifiers,0.032
wilsni1,US-CA,0.04190940307720961,0.028,0.0428,nonbreeding,0.1223,0.0521,0.0793,168.0,12.23,0.01747757858845137,rare,1.7477578588451372,,peak_abundance_with_occupancy_days_modifiers,0.1223
lewwoo,US-CA,0.04142980976313955,0.020749999999999998,0.0423,postbreeding_migration,0.29,0.2003,0.3457,147.0,28.999999999999996,0.017277572641773677,rare,1.7277572641773677,,peak_abundance_with_occupancy_days_modifiers,0.29
cacwre,US-CA,0.04114194333117518,0.042,0.042,resident,0.1107,0.0402,0.0295,365.0,11.07,0.01715752301524082,rare,1.715752301524082,,peak_abundance_with_occupancy_days_modifiers,0.1107
swathr,US-CA,0.04085399400826605,0.028733333333333333,0.0417,prebreeding_migration,0.5617,0.0195,0.0082,84.0,56.169999999999995,0.01703743882049905,rare,1.703743882049905,,peak_abundance_with_occupancy_days_modifiers,0.5617
sagthr,US-CA,0.04008572353928564,0.0174,0.0409,prebreeding_migration,0.3099,0.0665,0.1055,105.0,30.990000000000002,0.016717045149559465,rare,1.6717045149559466,,peak_abundance_with_occupancy_days_modifiers,0.3099
goleag,US-CA,0.039797469874066085,0.026875,0.0406,nonbreeding,0.5083,0.0165,0.0203,119.0,50.83,0.016596834034216166,rare,1.6596834034216166,,peak_abundance_with_occupancy_days_modifiers,0.5083
mouplo,US-CA,0.03883602378519815,0.014066666666666667,0.0396,nonbreeding,0.0205,0.0364,0.1637,28.0,2.0500000000000003,0.016195879872550122,rare,1.6195879872550123,rare,peak_abundance_with_occupancy_days_modifiers,0.0205
whhwoo,US-CA,0.03873982831593056,0.0395,0.0395,resident,0.1176,0.635,0.8522,365.0,11.76,0.01615576324595729,rare,1.6155763245957289,,peak_abundance_with_occupancy_days_modifiers,0.1176
pygnut,US-CA,0.03873982831593056,0.0395,0.0395,resident,0.0459,0.0694,0.0786,365.0,4.590000000000001,0.01615576324595729,rare,1.6155763245957289,rare,peak_abundance_with_occupancy_days_modifiers,0.0459
pacwre1,US-CA,0.03845118637425273,0.0338,0.0392,nonbreeding,0.2099,0.1224,0.0701,112.0,20.990000000000002,0.016035390206753968,rare,1.6035390206753968,,peak_abundance_with_occupancy_days_modifiers,0.2099
sagspa1,US-CA,0.03825871211709034,0.01655,0.039,nonbreeding,0.1734,0.1203,0.0789,133.0,17.34,0.015955122207001946,rare,1.5955122207001946,,peak_abundance_with_occupancy_days_modifiers,0.1734
blkter,US-CA,0.036910354020097076,0.017733333333333334,0.0376,postbreeding_migration,0.0199,0.002,0.0102,91.0,1.9900000000000002,0.015392813205316656,rare,1.5392813205316656,rare,peak_abundance_with_occupancy_days_modifiers,0.0199
glwgul,US-CA,0.0366211834556453,0.0129,0.0373,nonbreeding,0.0306,0.0675,0.0055,147.0,3.06,0.015272219713293851,rare,1.527221971329385,rare,peak_abundance_with_occupancy_days_modifiers,0.0306
allhum,US-CA,0.03623549258209542,0.028425000000000002,0.0369,breeding,0.0743,0.9663,0.9994,126.0,7.430000000000001,0.015111374125946762,rare,1.5111374125946762,,peak_abundance_with_occupancy_days_modifiers,0.0743
redhea,US-CA,0.035946126773469124,0.026750000000000003,0.0366,nonbreeding,0.0235,0.0497,0.0117,119.0,2.35,0.01499069921077894,rare,1.4990699210778942,rare,peak_abundance_with_occupancy_days_modifiers,0.0235
wooduc,US-CA,0.035656677208034684,0.030074999999999998,0.0363,prebreeding_migration,0.0962,0.0244,0.0259,133.0,9.62,0.01486998936630912,rare,1.486998936630912,,peak_abundance_with_occupancy_days_modifiers,0.0962
hooori,US-CA,0.03478782548566393,0.015700000000000002,0.0354,breeding,0.1084,0.0522,0.0466,91.0,10.84,0.014507650054735808,rare,1.4507650054735808,,peak_abundance_with_occupancy_days_modifiers,0.1084
forter,US-CA,0.03420817132973701,0.020775,0.0348,breeding,0.0296,0.0438,0.0773,147.0,2.96,0.014265915495890543,rare,1.4265915495890542,rare,peak_abundance_with_occupancy_days_modifiers,0.0296
pifshe,US-CA,0.03322702671826765,0.01672690422086178,0.0337852094655907,prebreeding_migration,0.0165231113322953,0.0076480980387771,0.0028061203459012,112.0,1.65231113322953,0.013856746412236444,rare,1.3856746412236445,rare,peak_abundance_with_occupancy_days_modifiers,0.0165231113322953
blugrb1,US-CA,0.031789322489407336,0.014633333333333333,0.0323,breeding,0.1723,0.0142,0.0069,70.0,17.23,0.013257177179514116,rare,1.3257177179514115,,peak_abundance_with_occupancy_days_modifiers,0.1723
gryfly,US-CA,0.030626193541760837,0.01635,0.0311,prebreeding_migration,0.4539,0.0779,0.0731,126.0,45.39,0.012772114732942293,rare,1.2772114732942292,,peak_abundance_with_occupancy_days_modifiers,0.4539
rhiauk,US-CA,0.03003854343295909,0.014512538219063176,0.0304942519741932,nonbreeding,0.0188372120031796,0.0330700888450148,0.0181721193704628,105.0,1.8837212003179602,0.012527045602747974,rare,1.2527045602747973,rare,peak_abundance_with_occupancy_days_modifiers,0.0188372120031796
yebmag,US-CA,0.029655884907510657,0.0301,0.0301,resident,0.0382,1.0,1.0,365.0,3.82,0.012367464602781389,rare,1.2367464602781388,rare,peak_abundance_with_occupancy_days_modifiers,0.0382
dowwoo,US-CA,0.02946171014961901,0.0299,0.0299,resident,0.182,0.0145,0.0071,365.0,18.2,0.01228648743914362,rare,1.2286487439143619,,peak_abundance_with_occupancy_days_modifiers,0.182
bkchum,US-CA,0.02878180142545205,0.02,0.0292,breeding,0.1899,0.0651,0.0357,91.0,18.990000000000002,0.012002943477954007,rare,1.2002943477954007,,peak_abundance_with_occupancy_days_modifiers,0.1899
hamfly,US-CA,0.028393074501217887,0.012725,0.0288,prebreeding_migration,0.5105,0.0803,0.0506,105.0,51.05,0.01184083175912966,rare,1.184083175912966,,peak_abundance_with_occupancy_days_modifiers,0.5105
baleag,US-CA,0.027615167032973367,0.015050000000000001,0.028,nonbreeding,0.1535,0.0151,0.0098,154.0,15.35,0.0115164191473409,rare,1.15164191473409,,peak_abundance_with_occupancy_days_modifiers,0.1535
pilwoo,US-CA,0.026447170014848292,0.0268,0.0268,resident,0.1621,0.0143,0.0109,365.0,16.21,0.011029326557695776,rare,1.1029326557695776,,peak_abundance_with_occupancy_days_modifiers,0.1621
brant,US-CA,0.02634977532278202,0.013475,0.0267,nonbreeding,0.0025,,,,0.25,0.010988709816351354,very_rare,1.0988709816351354,very_rare,peak_abundance_with_occupancy_days_modifiers,0.0025
caskin,US-CA,0.025960101669531634,0.022475,0.0263,breeding,0.0677,0.0316,0.04,133.0,6.77,0.010826203280861342,rare,1.0826203280861342,,peak_abundance_with_occupancy_days_modifiers,0.0677
gcrfin,US-CA,0.025960101669531634,0.0181,0.0263,prebreeding_migration,0.015,0.0143,0.0511,126.0,1.5,0.010826203280861342,rare,1.0826203280861342,rare,peak_abundance_with_occupancy_days_modifiers,0.015
yebcha,US-CA,0.02586265952572737,0.014433333333333333,0.0262,breeding,0.1451,0.038,0.0157,91.0,14.510000000000002,0.010785566750605149,rare,1.078556675060515,,peak_abundance_with_occupancy_days_modifiers,0.1451
rufhum,US-CA,0.02557027611153001,0.00795,0.0259,postbreeding_migration,0.3724,0.0694,0.039,126.0,37.24,0.010663633396169651,rare,1.0663633396169652,,peak_abundance_with_occupancy_days_modifiers,0.3724
ferhaw,US-CA,0.025472795973031023,0.010150000000000001,0.0258,nonbreeding,0.1996,0.06,0.1155,98.0,19.96,0.010622981020895057,rare,1.0622981020895057,,peak_abundance_with_occupancy_days_modifiers,0.1996
casauk,US-CA,0.024964851351383335,0.012916209463229024,0.02527908271688,postbreeding_migration,0.0175179583496848,0.0360465872860953,0.0051860961815443,126.0,1.75179583496848,0.010411151660618245,rare,1.0411151660618245,rare,peak_abundance_with_occupancy_days_modifiers,0.0175179583496848
shshaw,US-CA,0.024204688696817394,0.015149999999999999,0.0245,nonbreeding,0.6697,0.0477,0.0694,126.0,66.97,0.010094139210913167,rare,1.0094139210913167,,peak_abundance_with_occupancy_days_modifiers,0.6697
scoori,US-CA,0.02293497128249588,0.00955,0.0232,breeding,0.1176,0.0466,0.0432,126.0,11.76,0.009564625921185715,rare,0.9564625921185714,,peak_abundance_with_occupancy_days_modifiers,0.1176
chukar,US-CA,0.02176149178151269,0.022,0.022,resident,0.0393,0.0039,0.0026,365.0,3.93,0.009075246958603327,rare,0.9075246958603327,rare,peak_abundance_with_occupancy_days_modifiers,0.0393
clagre,US-CA,0.02048866642731566,0.017724999999999998,0.0207,breeding,0.032,0.3746,0.4934,175.0,3.2,0.008544437557277094,rare,0.8544437557277095,rare,peak_abundance_with_occupancy_days_modifiers,0.032
rucspa,US-CA,0.020292703267762432,0.0205,0.0205,resident,0.0889,0.0597,0.0454,365.0,8.89,0.00846271457221757,rare,0.846271457221757,,peak_abundance_with_occupancy_days_modifiers,0.0889
belkin1,US-CA,0.020194707285519278,0.0149,0.0204,postbreeding_migration,0.2406,0.0213,0.0259,154.0,24.060000000000002,0.008421847073392743,rare,0.8421847073392743,,peak_abundance_with_occupancy_days_modifiers,0.2406
prafal,US-CA,0.019998686506689126,0.011574999999999998,0.0202,nonbreeding,0.4072,0.0615,0.0803,133.0,40.72,0.008340100059228372,rare,0.8340100059228371,,peak_abundance_with_occupancy_days_modifiers,0.4072
hoomer,US-CA,0.019018005835761846,0.008075,0.0192,nonbreeding,0.0548,0.0517,0.0339,119.0,5.48,0.007931124453808077,rare,0.7931124453808077,,peak_abundance_with_occupancy_days_modifiers,0.0548
bkbmag1,US-CA,0.018330956684723457,0.0185,0.0185,resident,0.0409,0.0062,0.0047,365.0,4.09,0.007644602703324481,rare,0.764460270332448,rare,peak_abundance_with_occupancy_days_modifiers,0.0409
lucwar,US-CA,0.01813457019548269,0.0058000000000000005,0.0183,breeding,0.053,0.0471,0.0211,70.0,5.3,0.007562703176073003,rare,0.7562703176073003,,peak_abundance_with_occupancy_days_modifiers,0.053
labwoo,US-CA,0.017348638334613004,0.0175,0.0175,resident,0.0942,0.0169,0.0137,365.0,9.42,0.007234944132638043,rare,0.7234944132638043,,peak_abundance_with_occupancy_days_modifiers,0.0942
piggui,US-CA,0.0168571170664229,0.00485,0.017,breeding,0.0099,0.0121,0.0147,84.0,0.9900000000000001,0.007029963842728778,very_rare,0.7029963842728778,very_rare,peak_abundance_with_occupancy_days_modifiers,0.0099
vesspa,US-CA,0.01666044089310724,0.013124999999999998,0.0168,postbreeding_migration,0.2661,0.0224,0.0057,133.0,26.61,0.006947943507834789,rare,0.6947943507834788,,peak_abundance_with_occupancy_days_modifiers,0.2661
pelcor,US-CA,0.015578029963318415,0.0157,0.0157,resident,0.0085,0.0107,0.0056,365.0,0.8500000000000001,0.006496543089281262,very_rare,0.6496543089281261,very_rare,peak_abundance_with_occupancy_days_modifiers,0.0085
wesowl1,US-CA,0.015085637418040853,0.0152,0.0152,resident,0.3069,0.1052,0.1209,365.0,30.69,0.006291199448604711,rare,0.6291199448604711,,peak_abundance_with_occupancy_days_modifiers,0.3069
bkcspa,US-CA,0.015085637418040853,0.0060750000000000005,0.0152,breeding,0.075,0.0952,0.0923,98.0,7.5,0.006291199448604711,rare,0.6291199448604711,,peak_abundance_with_occupancy_days_modifiers,0.075
fragul,US-CA,0.014888612493750654,0.004699999999999999,0.015,breeding,0.0091,0.0036,0.0015,84.0,0.91,0.006209033673257707,very_rare,0.6209033673257707,very_rare,peak_abundance_with_occupancy_days_modifiers,0.0091
canwre,US-CA,0.014888612493750654,0.015,0.015,resident,0.1337,0.0573,0.03,365.0,13.370000000000001,0.006209033673257707,rare,0.6209033673257707,,peak_abundance_with_occupancy_days_modifiers,0.1337
retloo,US-CA,0.01459300230290015,0.006975,0.0147,nonbreeding,0.0116,0.007,0.0468,70.0,1.16,0.006085754648437957,rare,0.6085754648437957,rare,peak_abundance_with_occupancy_days_modifiers,0.0116
lecthr,US-CA,0.013409686909917675,0.0135,0.0135,resident,0.0919,0.3948,0.3535,365.0,9.19,0.005592273800293407,rare,0.5592273800293407,,peak_abundance_with_occupancy_days_modifiers,0.0919
semplo,US-CA,0.013409686909917675,0.00985,0.0135,prebreeding_migration,0.0232,0.0089,0.0088,161.0,2.32,0.005592273800293407,rare,0.5592273800293407,rare,peak_abundance_with_occupancy_days_modifiers,0.0232
merlin,US-CA,0.013409686909917675,0.007366666666666666,0.0135,nonbreeding,0.2794,,,,27.939999999999998,0.005592273800293407,rare,0.5592273800293407,,peak_abundance_with_occupancy_days_modifiers,0.2794
belvir,US-CA,0.013311014059672338,0.005725,0.0134,breeding,0.0563,0.0116,0.0081,77.0,5.63,0.005551124025586953,rare,0.5551124025586953,,peak_abundance_with_occupancy_days_modifiers,0.0563
sposan,US-CA,0.012422519998557154,0.009475,0.0125,breeding,0.0909,0.0061,0.0067,154.0,9.09,0.005180593222513795,rare,0.5180593222513795,,peak_abundance_with_occupancy_days_modifiers,0.0909
rolhaw,US-CA,0.012027380212718455,0.0055000000000000005,0.0121,nonbreeding,0.0884,,,,8.84,0.005015807132678637,rare,0.5015807132678637,,peak_abundance_with_occupancy_days_modifiers,0.0884
nutman,US-CA,0.011730922875698666,0.0118,0.0118,resident,0.0099,0.0009,0.0009,365.0,0.9900000000000001,0.004892174820466024,very_rare,0.4892174820466024,very_rare,peak_abundance_with_occupancy_days_modifiers,0.0099
norful,US-CA,0.011613020514979987,0.006539116303945099,0.0116807134236475,nonbreeding,0.0207620247107375,0.0028661422024511,9.804341224907557e-06,154.0,2.07620247107375,0.004843005717020897,rare,0.4843005717020897,rare,peak_abundance_with_occupancy_days_modifiers,0.0207620247107375
burowl,US-CA,0.011335509663745602,0.008075,0.0114,breeding,0.059,0.0048,0.0035,112.0,5.8999999999999995,0.004727274703084514,rare,0.4727274703084514,,peak_abundance_with_occupancy_days_modifiers,0.059
asspet,US-CA,0.011286417733472746,0.006769248833200049,0.011350349640448,nonbreeding,0.0082399285570739,0.0306909315237507,0.005327188361323,112.0,0.82399285570739,0.0047068017780031194,very_rare,0.47068017780031196,very_rare,peak_abundance_with_occupancy_days_modifiers,0.0082399285570739
redpha1,US-CA,0.011214260645382924,0.0071309979638178,0.0112773761769873,postbreeding_migration,0.0206755162744428,0.0148260987602183,0.0015404538884318,168.0,2.06755162744428,0.004676709934998861,rare,0.46767099349988606,rare,peak_abundance_with_occupancy_days_modifiers,0.0206755162744428
grnher,US-CA,0.011137744410455924,0.006225,0.0112,breeding,0.0934,0.02,0.0097,119.0,9.34,0.004644800186564507,rare,0.4644800186564507,,peak_abundance_with_occupancy_days_modifiers,0.0934
snoplo5,US-CA,0.010939940038334364,0.008275,0.011,nonbreeding,0.01,0.075,0.1186,126.0,1.0,0.004562309356224399,rare,0.4562309356224399,rare,peak_abundance_with_occupancy_days_modifiers,0.01
osprey,US-CA,0.010841023177874857,0.006775,0.0109,breeding,0.0537,0.0023,0.0055,147.0,5.37,0.004521057821354797,rare,0.4521057821354797,,peak_abundance_with_occupancy_days_modifiers,0.0537
nopowl,US-CA,0.010742096531902109,0.0108,0.0108,resident,0.1842,0.0765,0.11,365.0,18.42,0.004479802205609206,rare,0.4479802205609206,,peak_abundance_with_occupancy_days_modifiers,0.1842
banswa,US-CA,0.010643160098479827,0.006966666666666666,0.0107,postbreeding_migration,0.0699,,,,6.99,0.004438542508180131,rare,0.4438542508180131,,peak_abundance_with_occupancy_days_modifiers,0.0699
comgal1,US-CA,0.009950330853168083,0.009025000000000002,0.01,breeding,0.0571,0.0075,0.0025,126.0,5.71,0.0041496102711591504,very_rare,0.41496102711591504,,peak_abundance_with_occupancy_days_modifiers,0.0571
sora,US-CA,0.009653257028138304,0.00575,0.0097,nonbreeding,0.1421,0.0913,0.1173,126.0,14.21,0.0040257208634774475,very_rare,0.4025720863477448,,peak_abundance_with_occupancy_days_modifiers,0.1421
wilsap,US-CA,0.009058844488346039,0.005200000000000001,0.0091,breeding,0.0847,0.1766,0.1167,112.0,8.469999999999999,0.0037778315805153456,very_rare,0.37778315805153456,,peak_abundance_with_occupancy_days_modifiers,0.0847
soogro1,US-CA,0.008860628432196557,0.0089,0.0089,resident,0.1233,0.1449,0.0838,365.0,12.33,0.003695169064600562,very_rare,0.3695169064600562,,peak_abundance_with_occupancy_days_modifiers,0.1233
shbdow,US-CA,0.008662373078652657,0.005025,0.0087,prebreeding_migration,0.0115,0.0075,0.0103,147.0,1.15,0.003612490160399499,very_rare,0.3612490160399499,rare,peak_abundance_with_occupancy_days_modifiers,0.0115
purmar,US-CA,0.008364916331627708,0.004566666666666666,0.0084,breeding,0.0572,0.0108,0.003,98.0,5.72,0.003488441061842421,very_rare,0.3488441061842421,,peak_abundance_with_occupancy_days_modifiers,0.0572
calhum,US-CA,0.008364916331627708,0.0038499999999999997,0.0084,breeding,0.1221,0.3337,0.1886,91.0,12.21,0.003488441061842421,very_rare,0.3488441061842421,,peak_abundance_with_occupancy_days_modifiers,0.1221
perfal,US-CA,0.008265744417032617,0.00575,0.0083,nonbreeding,0.144,,,,14.399999999999999,0.0034470831611367143,very_rare,0.3447083161136714,,peak_abundance_with_occupancy_days_modifiers,0.144
greroa,US-CA,0.008166562666393417,0.0082,0.0082,resident,0.1048,0.0282,0.0201,365.0,10.48,0.003405721158482009,very_rare,0.3405721158482009,,peak_abundance_with_occupancy_days_modifiers,0.1048
virrai,US-CA,0.007968169649176874,0.006625000000000001,0.008,postbreeding_migration,0.1595,0.1004,0.2012,112.0,15.950000000000001,0.003322984844070332,very_rare,0.3322984844070332,,peak_abundance_with_occupancy_days_modifiers,0.1595
leater1,US-CA,0.007769737264360664,0.003733333333333333,0.0078,breeding,0.0038,0.0077,0.0079,56.0,0.38,0.0032402321120944214,very_rare,0.32402321120944216,very_rare,peak_abundance_with_occupancy_days_modifiers,0.0038
horgre,US-CA,0.007670506304219701,0.003,0.0077,nonbreeding,0.0107,,,,1.0699999999999998,0.0031988495874835155,very_rare,0.31988495874835154,rare,peak_abundance_with_occupancy_days_modifiers,0.0107
saggro,US-CA,0.006876303939432157,0.0069,0.0069,resident,0.0196,0.0156,0.0102,365.0,1.96,0.0028676414760213194,very_rare,0.2867641476021319,rare,peak_abundance_with_occupancy_days_modifiers,0.0196
lesyel,US-CA,0.006280237957150483,0.00265,0.0063,postbreeding_migration,0.0546,0.0046,0.0008,154.0,5.46,0.002619062653983778,very_rare,0.2619062653983778,,peak_abundance_with_occupancy_days_modifiers,0.0546
blkski,US-CA,0.00608147031586796,0.0042250000000000005,0.0061,breeding,0.0022,0.0011,0.004,63.0,0.22,0.002536170109201979,very_rare,0.2536170109201979,very_rare,peak_abundance_with_occupancy_days_modifiers,0.0022
recpar,US-CA,0.005982071677547464,0.006,0.006,resident,0.0016,0.1642,0.5494,365.0,0.16,0.002494717657358874,very_rare,0.2494717657358874,very_rare,peak_abundance_with_occupancy_days_modifiers,0.0016
abetow,US-CA,0.005882663158155495,0.0059,0.0059,resident,0.0074,0.0749,0.0802,365.0,0.74,0.002453261084788902,very_rare,0.2453261084788902,very_rare,peak_abundance_with_occupancy_days_modifiers,0.0074
blktur,US-CA,0.005882663158155495,0.0028750000000000004,0.0059,nonbreeding,0.0042,0.0371,0.0205,140.0,0.42,0.002453261084788902,very_rare,0.2453261084788902,very_rare,peak_abundance_with_occupancy_days_modifiers,0.0042
comloo,US-CA,0.005584378293900615,0.004,0.0056,nonbreeding,0.0126,0.0216,0.0135,119.0,1.26,0.0023288666345230463,very_rare,0.23288666345230463,rare,peak_abundance_with_occupancy_days_modifiers,0.0126
bkfalb,US-CA,0.005506975833158729,0.0035470371860850496,0.0055221670977459,nonbreeding,0.0089536231565055,0.001353418853713,0.00031350365004267314,210.0,0.89536231565055,0.002296587301217712,very_rare,0.22965873012177118,very_rare,peak_abundance_with_occupancy_days_modifiers,0.0089536231565055
amedip,US-CA,0.005484930230569685,0.0055,0.0055,resident,0.0473,0.0505,0.0526,365.0,4.73,0.0022873935708496436,very_rare,0.22873935708496435,rare,peak_abundance_with_occupancy_days_modifiers,0.0473
rinphe1,US-CA,0.005484930230569685,0.0055,0.0055,resident,0.0227,0.0008,0.0005,365.0,2.27,0.0022873935708496436,very_rare,0.22873935708496435,rare,peak_abundance_with_occupancy_days_modifiers,0.0227
y00478,US-CA,0.005484930230569685,0.0025,0.0055,nonbreeding,0.0264,0.0611,0.0041,70.0,2.64,0.0022873935708496436,very_rare,0.22873935708496435,rare,peak_abundance_with_occupancy_days_modifiers,0.0264
buwtea,US-CA,0.005286004429237355,0.0041,0.0053,nonbreeding,0.0223,0.0122,0.0009,161.0,2.23,0.0022044350682040464,very_rare,0.22044350682040464,rare,peak_abundance_with_occupancy_days_modifiers,0.0223
whtkit,US-CA,0.005186526687300061,0.0052,0.0052,resident,0.0371,0.0083,0.021,365.0,3.71,0.0021629496275904574,very_rare,0.21629496275904575,rare,peak_abundance_with_occupancy_days_modifiers,0.0371
sheowl,US-CA,0.005186526687300061,0.00165,0.0052,nonbreeding,0.0723,,,,7.23,0.0021629496275904574,very_rare,0.21629496275904575,,peak_abundance_with_occupancy_days_modifiers,0.0723
rensap,US-CA,0.004987541511039074,0.001925,0.005,postbreeding_migration,0.1377,0.05,0.0121,98.0,13.77,0.0020799663636762796,very_rare,0.20799663636762797,,peak_abundance_with_occupancy_days_modifiers,0.1377
wooscj2,US-CA,0.004987541511039074,0.005,0.005,resident,0.0149,0.0099,0.0082,365.0,1.49,0.0020799663636762796,very_rare,0.20799663636762797,rare,peak_abundance_with_occupancy_days_modifiers,0.0149
brnowl,US-CA,0.004788516731797177,0.0048,0.0048,resident,0.093,,,,9.3,0.001996966584036358,very_rare,0.19969665840363582,,peak_abundance_with_occupancy_days_modifiers,0.093
swiwhe1,US-CA,0.004688989486131542,0.003425,0.0047,postbreeding_migration,0.004,0.0009,0.0008,147.0,0.4,0.0019554604987645544,very_rare,0.19554604987645544,very_rare,peak_abundance_with_occupancy_days_modifiers,0.004
graspa,US-CA,0.004688989486131542,0.00195,0.0047,breeding,0.0615,0.0102,0.0042,105.0,6.15,0.0019554604987645544,very_rare,0.19554604987645544,,peak_abundance_with_occupancy_days_modifiers,0.0615
royter1,US-CA,0.004390348301292895,0.0028250000000000003,0.0044,nonbreeding,0.0058,0.0114,0.007,84.0,0.58,0.0018309174512735364,very_rare,0.18309174512735363,very_rare,peak_abundance_with_occupancy_days_modifiers,0.0058
bncfly,US-CA,0.004290781417156275,0.001075,0.0043,breeding,0.0371,0.0016,0.001,70.0,3.71,0.0017893948354753858,very_rare,0.17893948354753858,rare,peak_abundance_with_occupancy_days_modifiers,0.0371
gubter2,US-CA,0.004110301919686723,0.002198127628769865,0.0041187607961635,breeding,0.002031406648492,0.0006997595014843008,0.0021791288065057,70.0,0.20314066484920001,0.001714129039042611,very_rare,0.1714129039042611,very_rare,peak_abundance_with_occupancy_days_modifiers,0.002031406648492
loeowl,US-CA,0.004091617903253565,0.0017500000000000003,0.0041,nonbreeding,0.1231,0.0023,0.0008,77.0,12.31,0.0017063371989880915,very_rare,0.17063371989880916,,peak_abundance_with_occupancy_days_modifiers,0.1231
redkno,US-CA,0.0036931718376175702,0.001525,0.0037,prebreeding_migration,0.0029,,,,0.29,0.0015401722833823486,very_rare,0.15401722833823486,very_rare,peak_abundance_with_occupancy_days_modifiers,0.0029
amebit,US-CA,0.0036931718376175702,0.00175,0.0037,prebreeding_migration,0.0575,0.1195,0.1202,119.0,5.75,0.0015401722833823486,very_rare,0.15401722833823486,,peak_abundance_with_occupancy_days_modifiers,0.0575
sumtan,US-CA,0.0036931718376175702,0.001225,0.0037,breeding,0.0529,0.0095,0.002,98.0,5.29,0.0015401722833823486,very_rare,0.15401722833823486,,peak_abundance_with_occupancy_days_modifiers,0.0529
baisan,US-CA,0.0035935355101301704,0.0018,0.0036,postbreeding_migration,0.0473,0.0052,0.0005,98.0,4.73,0.0014986207074575537,very_rare,0.14986207074575536,rare,peak_abundance_with_occupancy_days_modifiers,0.0473
juntit1,US-CA,0.00349388925425578,0.0035,0.0035,resident,0.0223,0.0286,0.0145,365.0,2.23,0.0014570649910737887,very_rare,0.14570649910737887,rare,peak_abundance_with_occupancy_days_modifiers,0.0223
ancmur,US-CA,0.003467235390978653,0.0019477759918292154,0.0034732532046557,nonbreeding,0.0143387733158531,0.005316504418392,0.0004836496119536406,126.0,1.43387733158531,0.0014459494667306285,very_rare,0.14459494667306286,rare,peak_abundance_with_occupancy_days_modifiers,0.0143387733158531
mutswa,US-CA,0.003394233068015547,0.002575,0.0034,nonbreeding,0.0038,,,,0.38,0.0014155051334058092,very_rare,0.1415505133405809,very_rare,peak_abundance_with_occupancy_days_modifiers,0.0038
verfly,US-CA,0.003394233068015547,0.0029,0.0034,breeding,0.0255,0.0022,0.001,112.0,2.55,0.0014155051334058092,very_rare,0.1415505133405809,rare,peak_abundance_with_occupancy_days_modifiers,0.0255
ftspet,US-CA,0.00333077454462853,0.0017677309636187192,0.0033363277379287,postbreeding_migration,0.0041740320512212,0.0006086470594516482,7.187883050126419e-05,84.0,0.41740320512212004,0.0013890408736414832,very_rare,0.13890408736414833,very_rare,peak_abundance_with_occupancy_days_modifiers,0.0041740320512212
bklkit,US-CA,0.003314414669962673,0.002011373769667948,0.0033199134156277,nonbreeding,0.0107486732096214,0.0006938852120934929,4.662296971853624e-05,77.0,1.07486732096214,0.0013822182759861172,very_rare,0.1382218275986117,rare,peak_abundance_with_occupancy_days_modifiers,0.0107486732096214
laugul,US-CA,0.003294566949430031,0.000875,0.0033,postbreeding_migration,0.0034,0.004,0.0005,56.0,0.33999999999999997,0.0013739411336281234,very_rare,0.13739411336281235,very_rare,peak_abundance_with_occupancy_days_modifiers,0.0034
nswowl,US-CA,0.003294566949430031,0.0019,0.0033,nonbreeding,0.2194,0.0985,0.1459,105.0,21.94,0.0013739411336281234,very_rare,0.13739411336281235,,peak_abundance_with_occupancy_days_modifiers,0.2194
rebmer,US-CA,0.003095204907302419,0.001325,0.0031,nonbreeding,0.0062,0.006,0.001,42.0,0.62,0.001290800704440433,very_rare,0.1290800704440433,very_rare,peak_abundance_with_occupancy_days_modifiers,0.0062
blkoys,US-CA,0.003095204907302419,0.0031,0.0031,resident,0.0034,0.0331,0.0219,365.0,0.33999999999999997,0.001290800704440433,very_rare,0.1290800704440433,very_rare,peak_abundance_with_occupancy_days_modifiers,0.0034
whwsco2,US-CA,0.002895803112025565,0.0015249999999999999,0.0029,nonbreeding,0.0061,0.0161,0.0029,119.0,0.61,0.0012076436969017555,very_rare,0.12076436969017555,very_rare,peak_abundance_with_occupancy_days_modifiers,0.0061
flaowl,US-CA,0.002796087302001274,0.00185,0.0028,breeding,0.0692,0.1337,0.0863,42.0,6.92,0.001166058974184524,very_rare,0.1166058974184524,,peak_abundance_with_occupancy_days_modifiers,0.0692
xanmur2,US-CA,0.0027798663957010624,0.0015639173493865806,0.0027837338070887,breeding,0.0051039977413896,0.0314078374455732,0.0131926220150668,98.0,0.51039977413896,0.0011592943308390846,very_rare,0.11592943308390846,very_rare,peak_abundance_with_occupancy_days_modifiers,0.0051039977413896
bkbwoo,US-CA,0.002596625847265978,0.0026,0.0026,resident,0.0472,0.0078,0.0067,365.0,4.72,0.001082877086719314,very_rare,0.1082877086719314,rare,peak_abundance_with_occupancy_days_modifiers,0.0472
issjay,US-CA,0.002596625847265978,0.0026,0.0026,resident,0.0007,1.0,1.0,0.0,0.06999999999999999,0.001082877086719314,very_rare,0.1082877086719314,very_rare,peak_abundance_with_occupancy_days_modifiers,0.0007
pecsan,US-CA,0.0021975835434872217,0.0007333333333333333,0.0022,postbreeding_migration,0.0588,0.0043,0.0003,105.0,5.88,0.0009164635204950369,very_rare,0.0916463520495037,,peak_abundance_with_occupancy_days_modifiers,0.0588
benthr,US-CA,0.0021975835434872217,0.0016,0.0022,breeding,0.0071,0.0409,0.0418,28.0,0.7100000000000001,0.0009164635204950369,very_rare,0.0916463520495037,rare,peak_abundance_with_occupancy_days_modifiers,0.0071
surfbi,US-CA,0.0018981972830802527,0.0011,0.0019,nonbreeding,0.0041,0.0473,0.0338,126.0,0.41000000000000003,0.0007916097523579702,very_rare,0.07916097523579702,very_rare,peak_abundance_with_occupancy_days_modifiers,0.0041
pingro,US-CA,0.0018981972830802527,0.0007333333333333333,0.0019,breeding,0.0334,,,,3.34,0.0007916097523579702,very_rare,0.07916097523579702,rare,peak_abundance_with_occupancy_days_modifiers,0.0334
bulshe,US-CA,0.0018787693814473277,0.001880535374433,0.001880535374433,nonbreeding,0.0068774206854318,0.0036417773705909,0.0008427652993546428,42.0,0.68774206854318,0.0007835076880795853,very_rare,0.07835076880795853,very_rare,peak_abundance_with_occupancy_days_modifiers,0.0068774206854318
gryjay,US-CA,0.0016985566355814774,0.0017,0.0017,resident,0.0133,0.0008,0.0003,365.0,1.3299999999999998,0.00070835313570608,very_rare,0.070835313570608,rare,peak_abundance_with_occupancy_days_modifiers,0.0133
eurwig,US-CA,0.0016985566355814774,0.0009000000000000001,0.0017,nonbreeding,0.0158,0.0018,0.0001,49.0,1.58,0.00070835313570608,very_rare,0.070835313570608,rare,peak_abundance_with_occupancy_days_modifiers,0.0158
parjae,US-CA,0.0015987213636970278,0.0016,0.0016,postbreeding_migration,0.0171,,,,1.71,0.0006667185935236227,very_rare,0.06667185935236226,rare,peak_abundance_with_occupancy_days_modifiers,0.0171
crithr,US-CA,0.0015987213636970278,0.0016,0.0016,resident,0.0095,0.0089,0.0095,365.0,0.95,0.0006667185935236227,very_rare,0.06667185935236226,very_rare,peak_abundance_with_occupancy_days_modifiers,0.0095
cogdov,US-CA,0.0015987213636970278,0.0016,0.0016,resident,0.01,0.0018,0.0006,365.0,1.0,0.0006667185935236227,very_rare,0.06667185935236226,rare,peak_abundance_with_occupancy_days_modifiers,0.01
whtspa,US-CA,0.0014988761237358919,0.000675,0.0015,nonbreeding,0.0442,0.007,0.0002,98.0,4.42,0.0006250798943303071,very_rare,0.06250798943303071,rare,peak_abundance_with_occupancy_days_modifiers,0.0442
spoowl,US-CA,0.00129915573162005,0.0013,0.0013,resident,0.0703,0.2582,0.5509,365.0,7.03,0.0005417900215900586,very_rare,0.05417900215900586,,peak_abundance_with_occupancy_days_modifiers,0.0703
norgos,US-CA,0.00129915573162005,0.0007250000000000001,0.0013,postbreeding_migration,0.1239,,,,12.389999999999999,0.0005417900215900586,very_rare,0.05417900215900586,,peak_abundance_with_occupancy_days_modifiers,0.1239
marmur,US-CA,0.00129915573162005,0.0013,0.0013,resident,0.0017,0.006,0.0018,365.0,0.16999999999999998,0.0005417900215900586,very_rare,0.05417900215900586,very_rare,peak_abundance_with_occupancy_days_modifiers,0.0017
mitpar,US-CA,0.00129915573162005,0.0013,0.0013,resident,0.0004,0.0011,0.0009,0.0,0.04,0.0005417900215900586,very_rare,0.05417900215900586,very_rare,peak_abundance_with_occupancy_days_modifiers,0.0004
norshr4,US-CA,0.0011992805754820971,0.0005666666666666666,0.0012,nonbreeding,0.0359,,,,3.5900000000000003,0.0005001388463819827,very_rare,0.050013884638198274,rare,peak_abundance_with_occupancy_days_modifiers,0.0359
gryvir,US-CA,0.0011992805754820971,0.00047499999999999994,0.0012,breeding,0.0097,0.0181,0.0133,84.0,0.97,0.0005001388463819827,very_rare,0.050013884638198274,very_rare,peak_abundance_with_occupancy_days_modifiers,0.0097
bkcchi,US-CA,0.0011992805754820971,0.0012,0.0012,resident,0.0016,0.0001,0.0001,365.0,0.16,0.0005001388463819827,very_rare,0.050013884638198274,very_rare,peak_abundance_with_occupancy_days_modifiers,0.0016
gilwoo,US-CA,0.0011992805754820971,0.0012,0.0012,resident,0.0036,0.0037,0.0013,365.0,0.36,0.0005001388463819827,very_rare,0.050013884638198274,very_rare,peak_abundance_with_occupancy_days_modifiers,0.0036
rufgro,US-CA,0.0011992805754820971,0.0012,0.0012,resident,0.0379,0.0039,0.0007,365.0,3.7900000000000005,0.0005001388463819827,very_rare,0.050013884638198274,rare,peak_abundance_with_occupancy_days_modifiers,0.0379
calgna,US-CA,0.0010993954433009636,0.0011,0.0011,resident,0.0035,0.0195,0.0274,365.0,0.35000000000000003,0.0004584835108407622,very_rare,0.04584835108407622,very_rare,peak_abundance_with_occupancy_days_modifiers,0.0035
leabit,US-CA,0.0010993954433009636,0.0008749999999999999,0.0011,breeding,0.0137,0.0112,0.0149,49.0,1.37,0.0004584835108407622,very_rare,0.04584835108407622,rare,peak_abundance_with_occupancy_days_modifiers,0.0137
brdowl,US-CA,0.0010993954433009636,0.0011,0.0011,resident,0.0535,0.0069,0.0015,365.0,5.35,0.0004584835108407622,very_rare,0.04584835108407622,,peak_abundance_with_occupancy_days_modifiers,0.0535
laplon,US-CA,0.0009995003330835331,0.0004333333333333333,0.001,nonbreeding,0.0131,,,,1.31,0.00041682401413511066,very_rare,0.04168240141351107,rare,peak_abundance_with_occupancy_days_modifiers,0.0131
yecpar,US-CA,0.0009995003330835331,0.001,0.001,resident,0.0008,0.0001,0.0001,0.0,0.08,0.00041682401413511066,very_rare,0.04168240141351107,very_rare,peak_abundance_with_occupancy_days_modifiers,0.0008
rempar,US-CA,0.0009995003330835331,0.001,0.001,resident,0.0005,0.0043,0.0053,0.0,0.05,0.00041682401413511066,very_rare,0.04168240141351107,very_rare,peak_abundance_with_occupancy_days_modifiers,0.0005
rorpar,US-CA,0.000899595242836093,0.0009,0.0009,resident,0.0004,0.0,0.0,0.0,0.04,0.0003751603554337701,very_rare,0.03751603554337701,very_rare,peak_abundance_with_occupancy_days_modifiers,0.0004
brthum,US-CA,0.0007996801705643322,0.00025,0.0008,breeding,0.0157,0.0091,0.0012,49.0,1.5699999999999998,0.0003334925339049559,very_rare,0.03334925339049559,rare,peak_abundance_with_occupancy_days_modifiers,0.0157
truswa,US-CA,0.0007996801705643322,0.0004333333333333333,0.0008,nonbreeding,0.015,0.0139,0.0006,70.0,1.5,0.0003334925339049559,very_rare,0.03334925339049559,rare,peak_abundance_with_occupancy_days_modifiers,0.015
pitwhy,US-CA,0.0007996801705643322,0.0008,0.0008,resident,0.0023,0.0001,0.0002,365.0,0.22999999999999998,0.0003334925339049559,very_rare,0.03334925339049559,very_rare,peak_abundance_with_occupancy_days_modifiers,0.0023
solsan,US-CA,0.0007996801705643322,0.00030000000000000003,0.0008,postbreeding_migration,0.0429,0.0013,0.0004,91.0,4.29,0.0003334925339049559,very_rare,0.03334925339049559,rare,peak_abundance_with_occupancy_days_modifiers,0.0429
bargol,US-CA,0.0006997551142733419,0.0002666666666666667,0.0007,nonbreeding,0.0058,0.013,0.0007,91.0,0.58,0.0002918205487167264,very_rare,0.02918205487167264,very_rare,peak_abundance_with_occupancy_days_modifiers,0.0058
plsvir,US-CA,0.0006997551142733419,0.00047499999999999994,0.0007,breeding,0.0238,0.0124,0.0027,112.0,2.3800000000000003,0.0002918205487167264,very_rare,0.02918205487167264,rare,peak_abundance_with_occupancy_days_modifiers,0.0238
bkhpar,US-CA,0.0006997551142733419,0.0007,0.0007,resident,0.0002,0.0003,0.0009,0.0,0.02,0.0002918205487167264,very_rare,0.02918205487167264,very_rare,peak_abundance_with_occupancy_days_modifiers,0.0002
calcon,US-CA,0.0006997551142733419,0.0007,0.0007,resident,0.004,0.6621,0.6642,365.0,0.4,0.0002918205487167264,very_rare,0.02918205487167264,very_rare,peak_abundance_with_occupancy_days_modifiers,0.004
sabgul,US-CA,0.0005998200719676155,0.0003,0.0006,postbreeding_migration,0.0128,,,,1.28,0.0002501443990368907,very_rare,0.02501443990368907,rare,peak_abundance_with_occupancy_days_modifiers,0.0128
comter,US-CA,0.0005998200719676155,0.00019999999999999998,0.0006,postbreeding_migration,0.0138,0.0005,0.0,91.0,1.38,0.0002501443990368907,very_rare,0.02501443990368907,rare,peak_abundance_with_occupancy_days_modifiers,0.0138
rengre,US-CA,0.0005998200719676155,0.000225,0.0006,nonbreeding,0.0066,0.01,0.0021,98.0,0.66,0.0002501443990368907,very_rare,0.02501443990368907,very_rare,peak_abundance_with_occupancy_days_modifiers,0.0066
blksco2,US-CA,0.000499875041651048,0.00023333333333333336,0.0005,nonbreeding,0.0038,0.0064,0.0002,105.0,0.38,0.00020846408403300828,very_rare,0.020846408403300827,very_rare,peak_abundance_with_occupancy_days_modifiers,0.0038
stisan,US-CA,0.000499875041651048,0.0004,0.0005,postbreeding_migration,0.008,0.0011,0.0003,84.0,0.8,0.00020846408403300828,very_rare,0.020846408403300827,very_rare,peak_abundance_with_occupancy_days_modifiers,0.008
blkswi,US-CA,0.000499875041651048,0.0003,0.0005,breeding,0.0193,0.0176,0.0056,42.0,1.9300000000000002,0.00020846408403300828,very_rare,0.020846408403300827,rare,peak_abundance_with_occupancy_days_modifiers,0.0193
gilfli,US-CA,0.000499875041651048,0.0005,0.0005,resident,0.0037,0.0072,0.0028,365.0,0.37,0.00020846408403300828,very_rare,0.020846408403300827,very_rare,peak_abundance_with_occupancy_days_modifiers,0.0037
tufpuf,US-CA,0.000414828759160435,0.0003166360204579701,0.0004149148125088715,breeding,0.0041956591602948,0.0004202625618751434,1.0431596566012583e-05,84.0,0.41956591602948,0.000172997029464187,very_rare,0.0172997029464187,very_rare,peak_abundance_with_occupancy_days_modifiers,0.0041956591602948
egygoo,US-CA,0.0003999200213269354,0.0004,0.0004,resident,0.0002,,,,0.02,0.00016677960287238907,very_rare,0.016677960287238905,very_rare,peak_abundance_with_occupancy_days_modifiers,0.0002
incdov,US-CA,0.0003999200213269354,0.0004,0.0004,resident,0.0013,0.0006,0.0002,365.0,0.13,0.00016677960287238907,very_rare,0.016677960287238905,very_rare,peak_abundance_with_occupancy_days_modifiers,0.0013
rewbul,US-CA,0.0003999200213269354,0.0004,0.0004,resident,0.0005,0.0001,0.0001,0.0,0.05,0.00016677960287238907,very_rare,0.016677960287238905,very_rare,peak_abundance_with_occupancy_days_modifiers,0.0005
rudtur,US-CA,0.0003999200213269354,0.000325,0.0004,nonbreeding,0.0012,0.0007,0.0003,0.0,0.12,0.00016677960287238907,very_rare,0.016677960287238905,very_rare,peak_abundance_with_occupancy_days_modifiers,0.0012
wantat1,US-CA,0.00029995500899797546,0.00015,0.0003,postbreeding_migration,0.0051,0.0202,0.0038,77.0,0.51,0.00012509095472209328,very_rare,0.012509095472209329,very_rare,peak_abundance_with_occupancy_days_modifiers,0.0051
grgowl,US-CA,0.0002750109627536776,0.00019278170730672634,0.00027504878173529364,breeding,0.0209364640049127,0.0125825775674406,0.0147982371069859,140.0,2.09364640049127,0.00011468847946507109,very_rare,0.01146884794650711,rare,peak_abundance_with_occupancy_days_modifiers,0.0209364640049127
lcspet,US-CA,0.0002322884539910428,0.0001247968213173484,0.0002323154350430601,prebreeding_migration,0.0015355247442316,0.0006025600192819206,3.70271531763736e-05,42.0,0.15355247442316,9.68718094680941e-05,very_rare,0.00968718094680941,very_rare,peak_abundance_with_occupancy_days_modifiers,0.0015355247442316
blkrai,US-CA,0.00019998000266626675,0.00013333333333333334,0.0002,prebreeding_migration,0.0055,,,,0.5499999999999999,8.339813874893117e-05,very_rare,0.008339813874893118,very_rare,peak_abundance_with_occupancy_days_modifiers,0.0055
whtpta1,US-CA,0.00019998000266626675,0.0002,0.0002,resident,0.0051,0.0042,0.0015,365.0,0.51,8.339813874893117e-05,very_rare,0.008339813874893118,very_rare,peak_abundance_with_occupancy_days_modifiers,0.0051
yebcuc,US-CA,0.00019998000266626675,0.0001,0.0002,breeding,0.0025,0.0002,0.0001,42.0,0.25,8.339813874893117e-05,very_rare,0.008339813874893118,very_rare,peak_abundance_with_occupancy_days_modifiers,0.0025
indbun,US-CA,0.00019998000266626675,7.500000000000001e-05,0.0002,breeding,0.0092,0.0009,0.0,63.0,0.9199999999999999,8.339813874893117e-05,very_rare,0.008339813874893118,very_rare,peak_abundance_with_occupancy_days_modifiers,0.0092
virwar,US-CA,0.00019998000266626675,0.0001,0.0002,breeding,0.0149,0.0142,0.0016,63.0,1.49,8.339813874893117e-05,very_rare,0.008339813874893118,rare,peak_abundance_with_occupancy_days_modifiers,0.0149
licpar,US-CA,0.00019998000266626675,0.0002,0.0002,resident,0.0005,0.0028,0.0021,0.0,0.05,8.339813874893117e-05,very_rare,0.008339813874893118,very_rare,peak_abundance_with_occupancy_days_modifiers,0.0005
spodov,US-CA,0.00019998000266626675,0.0002,0.0002,resident,0.001,0.0001,0.0,0.0,0.1,8.339813874893117e-05,very_rare,0.008339813874893118,very_rare,peak_abundance_with_occupancy_days_modifiers,0.001
elfowl,US-CA,0.00019645114268129188,0.00019647044047069252,0.00019647044047069252,breeding,0.0046600177070487,0.0099332073358093,0.0014889777362188,35.0,0.46600177070487,8.192648983039311e-05,very_rare,0.008192648983039312,very_rare,peak_abundance_with_occupancy_days_modifiers,0.0046600177070487
shtshe,US-CA,0.00017779533125456147,0.00015270136110229725,0.0001778111377812311,prebreeding_migration,0.0030710494884632,0.0009227195258307188,3.750249087455989e-07,91.0,0.30710494884632,7.414641217716727e-05,very_rare,0.007414641217716726,very_rare,peak_abundance_with_occupancy_days_modifiers,0.0030710494884632
sopsku1,US-CA,0.00014240728557038084,0.00014241742596922245,0.00014241742596922245,nonbreeding,0.0061204718678528,0.0039087857902515,0.0006310613733676644,84.0,0.61204718678528,5.938845085764635e-05,very_rare,0.005938845085764635,very_rare,peak_abundance_with_occupancy_days_modifiers,0.0061204718678528
yehpar,US-CA,0.00013560227885168512,0.00013561147325628938,0.00013561147325628938,resident,0.0006959531181694128,0.0026524616459234,0.0032941363850633,0.0,0.06959531181694127,5.655054263207826e-05,very_rare,0.005655054263207826,very_rare,peak_abundance_with_occupancy_days_modifiers,0.0006959531181694128
burpar,US-CA,0.0001193270573088355,0.00011933417706532888,0.00011933417706532888,resident,0.000415626966786367,0.00018942633358473432,8.637047681593742e-06,0.0,0.0415626966786367,4.976324807112361e-05,very_rare,0.004976324807112361,very_rare,peak_abundance_with_occupancy_days_modifiers,0.000415626966786367
ycnher,US-CA,9.999500033330834e-05,0.0001,0.0001,breeding,0.0005,0.0007,0.0004,0.0,0.05,4.170115411946329e-05,very_rare,0.004170115411946329,very_rare,peak_abundance_with_occupancy_days_modifiers,0.0005
semsan,US-CA,9.999500033330834e-05,3.3333333333333335e-05,0.0001,postbreeding_migration,0.0099,0.0013,0.0,77.0,0.9900000000000001,4.170115411946329e-05,very_rare,0.004170115411946329,very_rare,peak_abundance_with_occupancy_days_modifiers,0.0099
souwpw1,US-CA,9.999500033330834e-05,0.0001,0.0001,breeding,0.0019,0.0031,0.0012,42.0,0.19,4.170115411946329e-05,very_rare,0.004170115411946329,very_rare,peak_abundance_with_occupancy_days_modifiers,0.0019
zothaw,US-CA,9.999500033330834e-05,7.500000000000001e-05,0.0001,breeding,0.0104,0.0019,0.0008,126.0,1.04,4.170115411946329e-05,very_rare,0.004170115411946329,rare,peak_abundance_with_occupancy_days_modifiers,0.0104
monpar,US-CA,9.999500033330834e-05,0.0001,0.0001,resident,0.0002,0.0,0.0,0.0,0.02,4.170115411946329e-05,very_rare,0.004170115411946329,very_rare,peak_abundance_with_occupancy_days_modifiers,0.0002
larbun,US-CA,9.999500033330834e-05,3.3333333333333335e-05,0.0001,nonbreeding,0.0025,0.001,0.0,14.0,0.25,4.170115411946329e-05,very_rare,0.004170115411946329,rare,peak_abundance_with_occupancy_days_modifiers,0.0025
bawwar,US-CA,9.999500033330834e-05,5e-05,0.0001,nonbreeding,0.0035,0.0007,0.0001,98.0,0.35000000000000003,4.170115411946329e-05,very_rare,0.004170115411946329,very_rare,peak_abundance_with_occupancy_days_modifiers,0.0035
neocor,US-CA,9.999500033330834e-05,0.0001,0.0001,resident,0.0032,0.0004,0.0,365.0,0.32,4.170115411946329e-05,very_rare,0.004170115411946329,very_rare,peak_abundance_with_occupancy_days_modifiers,0.0032
btbwar,US-CA,9.999500033330834e-05,5e-05,0.0001,postbreeding_migration,0.0321,0.0071,0.0001,21.0,3.2099999999999995,4.170115411946329e-05,very_rare,0.004170115411946329,rare,peak_abundance_with_occupancy_days_modifiers,0.0321
lotduc,US-CA,9.999500033330834e-05,2.5e-05,0.0001,nonbreeding,0.0004,0.0006,0.0,0.0,0.04,4.170115411946329e-05,very_rare,0.004170115411946329,very_rare,peak_abundance_with_occupancy_days_modifiers,0.0004
libher,US-CA,9.999500033330834e-05,7.500000000000001e-05,0.0001,nonbreeding,0.0004,0.0001,0.0,0.0,0.04,4.170115411946329e-05,very_rare,0.004170115411946329,very_rare,peak_abundance_with_occupancy_days_modifiers,0.0004
amtspa,US-CA,9.999500033330834e-05,3.3333333333333335e-05,0.0001,nonbreeding,0.0076,0.001,0.0,21.0,0.76,4.170115411946329e-05,very_rare,0.004170115411946329,rare,peak_abundance_with_occupancy_days_modifiers,0.0076
boboli,US-CA,9.999500033330834e-05,3.3333333333333335e-05,0.0001,breeding,0.0005,0.0002,0.0,0.0,0.05,4.170115411946329e-05,very_rare,0.004170115411946329,very_rare,peak_abundance_with_occupancy_days_modifiers,0.0005
norwat,US-CA,9.999500033330834e-05,3.3333333333333335e-05,0.0001,postbreeding_migration,0.0195,0.0008,0.0001,35.0,1.95,4.170115411946329e-05,very_rare,0.004170115411946329,rare,peak_abundance_with_occupancy_days_modifiers,0.0195
casspa,US-CA,9.999500033330834e-05,6.666666666666667e-05,0.0001,breeding,0.004,0.0013,0.0001,21.0,0.4,4.170115411946329e-05,very_rare,0.004170115411946329,rare,peak_abundance_with_occupancy_days_modifiers,0.004
amered,US-CA,9.999500033330834e-05,5e-05,0.0001,postbreeding_migration,0.0232,0.0011,0.0,77.0,2.32,4.170115411946329e-05,very_rare,0.004170115411946329,rare,peak_abundance_with_occupancy_days_modifiers,0.0232
clcspa,US-CA,9.999500033330834e-05,6.666666666666667e-05,0.0001,nonbreeding,0.006,0.0022,0.0001,105.0,0.6,4.170115411946329e-05,very_rare,0.004170115411946329,very_rare,peak_abundance_with_occupancy_days_modifiers,0.006
ridrai1,US-CA,9.999500033330834e-05,0.0001,0.0001,resident,0.0003,0.0288,0.0494,0.0,0.03,4.170115411946329e-05,very_rare,0.004170115411946329,very_rare,peak_abundance_with_occupancy_days_modifiers,0.0003
robgro,US-CA,9.999500033330834e-05,2.5e-05,0.0001,prebreeding_migration,0.0086,0.0012,0.0001,35.0,0.86,4.170115411946329e-05,very_rare,0.004170115411946329,very_rare,peak_abundance_with_occupancy_days_modifiers,0.0086
glagul,US-CA,9.999500033330834e-05,3.3333333333333335e-05,0.0001,nonbreeding,0.0044,0.0085,0.0002,35.0,0.44,4.170115411946329e-05,very_rare,0.004170115411946329,very_rare,peak_abundance_with_occupancy_days_modifiers,0.0044
cramur,US-CA,9.16968828283591e-05,9.170108711602504e-05,9.170108711602504e-05,nonbreeding,0.0035035916699369,0.0152355873224865,0.0028015302086007,77.0,0.35035916699369,3.824057033204101e-05,very_rare,0.0038240570332041006,very_rare,peak_abundance_with_occupancy_days_modifiers,0.0035035916699369
lsspet,US-CA,2.58665734410965e-05,2.5866907983791777e-05,2.5866907983791777e-05,breeding,0.0023573548890316,0.0010564881944713,6.997400204122514e-06,14.0,0.23573548890315998,1.0787198980088447e-05,very_rare,0.0010787198980088447,rare,peak_abundance_with_occupancy_days_modifiers,0.0023573548890316
coopet,US-CA,2.0473122779971247e-05,2.047333235577965e-05,2.047333235577965e-05,nonbreeding,0.0024222362162527,0.0019829677236592,5.6309861591903426e-05,14.0,0.24222362162527,8.537955352897926e-06,very_rare,0.0008537955352897926,rare,peak_abundance_with_occupancy_days_modifiers,0.0024222362162527
wispet,US-CA,1.9037862988233413e-05,1.903804420949701e-05,1.903804420949701e-05,nonbreeding,0.001578778962379,7.240863864816047e-05,2.696702726188577e-07,56.0,0.1578778962379,7.939405529612928e-06,very_rare,0.0007939405529612928,very_rare,peak_abundance_with_occupancy_days_modifiers,0.001578778962379
redpol1,US-CA,1.6282645375868413e-05,1.6282777938858122e-05,1.6282777938858122e-05,nonbreeding,0.0023179422593275,0.00012107292594976669,2.798534289404802e-07,7.0,0.23179422593274998,6.790390539811538e-06,very_rare,0.0006790390539811538,very_rare,peak_abundance_with_occupancy_days_modifiers,0.0023179422593275
yefgul,US-CA,1.1753949836054872e-05,1.1754018913993892e-05,1.1754018913993892e-05,resident,0.0005502157300789046,0.0110373191848147,3.619487842155701e-05,0.0,0.05502157300789046,4.901777808794974e-06,very_rare,0.0004901777808794974,very_rare,peak_abundance_with_occupancy_days_modifiers,0.0005502157300789046
manshe,US-CA,1.1548213343452786e-05,8.994045609142757e-06,1.154828002432518e-05,postbreeding_migration,0.0017517958349684,0.00020355031964939085,3.206745409996685e-07,14.0,0.17517958349683999,4.81597902726778e-06,very_rare,0.000481597902726778,rare,peak_abundance_with_occupancy_days_modifiers,0.0017517958349684
layalb,US-CA,7.60611321822355e-06,7.606142144776034e-06,7.606142144776034e-06,nonbreeding,0.0027250157432843,0.00032004714345224185,1.8478003051847288e-07,21.0,0.27250157432843,3.171995584844859e-06,very_rare,0.0003171995584844859,rare,peak_abundance_with_occupancy_days_modifiers,0.0027250157432843
falduc,US-CA,2.540843071427795e-07,2.540843394221998e-07,2.540843394221998e-07,nonbreeding,0.00012976265444210994,0.00014840465001236705,2.0509556124641124e-08,0.0,0.012976265444210995,1.0596138619941083e-07,very_rare,1.0596138619941082e-05,very_rare,peak_abundance_with_occupancy_days_modifiers,0.00012976265444210994
bkpwar,US-CA,0.0,0.0,0.0,breeding,0.0,0.0,0.0,0.0,0.0,0.0,very_rare,0.0,very_rare,peak_abundance_with_occupancy_days_modifiers,0.0
comcra,US-CA,0.0,0.0,0.0,postbreeding_migration,0.0023,0.0001,0.0,14.0,0.22999999999999998,0.0,very_rare,0.0,rare,peak_abundance_with_occupancy_days_modifiers,0.0023
yebwar3,US-CA,0.0,0.0,0.0,postbreeding_migration,0.0001,,,,0.01,0.0,very_rare,0.0,very_rare,peak_abundance_with_occupancy_days_modifiers,0.0001
yegvir,US-CA,0.0,0.0,0.0,postbreeding_migration,0.0001,0.0,0.0,0.0,0.01,0.0,very_rare,0.0,very_rare,peak_abundance_with_occupancy_days_modifiers,0.0001
canwar,US-CA,0.0,0.0,0.0,postbreeding_migration,0.0006,0.0001,0.0,0.0,0.06,0.0,very_rare,0.0,very_rare,peak_abundance_with_occupancy_days_modifiers,0.0006
amgplo,US-CA,0.0,0.0,0.0,nonbreeding,0.0,0.0004,0.0,21.0,0.0,0.0,very_rare,0.0,rare,peak_abundance_with_occupancy_days_modifiers,0.0
whiwag,US-CA,0.0,0.0,0.0,nonbreeding,0.0001,0.0,0.0,0.0,0.01,0.0,very_rare,0.0,very_rare,peak_abundance_with_occupancy_days_modifiers,0.0001
cavswa,US-CA,0.0,0.0,0.0,nonbreeding,0.0001,0.0002,0.0,0.0,0.01,0.0,very_rare,0.0,very_rare,peak_abundance_with_occupancy_days_modifiers,0.0001
chclon,US-CA,0.0,0.0,0.0,nonbreeding,0.0015,0.0011,0.0,14.0,0.15,0.0,very_rare,0.0,rare,peak_abundance_with_occupancy_days_modifiers,0.0015
whevir,US-CA,0.0,0.0,0.0,postbreeding_migration,0.0003,0.0,0.0,0.0,0.03,0.0,very_rare,0.0,very_rare,peak_abundance_with_occupancy_days_modifiers,0.0003
chswar,US-CA,0.0,0.0,0.0,breeding,0.0001,0.0003,0.0,21.0,0.01,0.0,very_rare,0.0,rare,peak_abundance_with_occupancy_days_modifiers,0.0001
yelrai,US-CA,0.0,0.0,0.0,breeding,0.0001,0.0001,0.0001,0.0,0.01,0.0,very_rare,0.0,very_rare,peak_abundance_with_occupancy_days_modifiers,0.0001
ameoys,US-CA,0.0,0.0,0.0,breeding,0.0011,0.0032,0.0,0.0,0.11,0.0,very_rare,0.0,very_rare,peak_abundance_with_occupancy_days_modifiers,0.0011
woothr,US-CA,0.0,0.0,0.0,breeding,0.0,0.0,0.0,0.0,0.0,0.0,very_rare,0.0,very_rare,peak_abundance_with_occupancy_days_modifiers,0.0
corplo,US-CA,0.0,0.0,0.0,postbreeding_migration,0.0001,,,,0.01,0.0,very_rare,0.0,very_rare,peak_abundance_with_occupancy_days_modifiers,0.0001
yetvir,US-CA,0.0,0.0,0.0,breeding,0.0,0.0001,0.0,0.0,0.0,0.0,very_rare,0.0,very_rare,peak_abundance_with_occupancy_days_modifiers,0.0
cubthr,US-CA,0.0,0.0,0.0,resident,0.0001,0.0,0.0,0.0,0.01,0.0,very_rare,0.0,very_rare,peak_abundance_with_occupancy_days_modifiers,0.0001
cursan,US-CA,0.0,0.0,0.0,nonbreeding,0.0002,0.0001,0.0,21.0,0.02,0.0,very_rare,0.0,rare,peak_abundance_with_occupancy_days_modifiers,0.0002
dickci,US-CA,0.0,0.0,0.0,postbreeding_migration,0.006,0.0007,0.0,28.0,0.6,0.0,very_rare,0.0,rare,peak_abundance_with_occupancy_days_modifiers,0.006
ducfly,US-CA,0.0,0.0,0.0,breeding,0.0001,0.0001,0.0,0.0,0.01,0.0,very_rare,0.0,very_rare,peak_abundance_with_occupancy_days_modifiers,0.0001
duswar,US-CA,0.0,0.0,0.0,postbreeding_migration,0.0001,,,,0.01,0.0,very_rare,0.0,very_rare,peak_abundance_with_occupancy_days_modifiers,0.0001
easkin,US-CA,0.0,0.0,0.0,breeding,0.0005,0.0,0.0,0.0,0.05,0.0,very_rare,0.0,very_rare,peak_abundance_with_occupancy_days_modifiers,0.0005
yetwar,US-CA,0.0,0.0,0.0,nonbreeding,0.0002,0.0002,0.0,0.0,0.02,0.0,very_rare,0.0,very_rare,peak_abundance_with_occupancy_days_modifiers,0.0002
easpho,US-CA,0.0,0.0,0.0,nonbreeding,0.0032,0.0006,0.0,21.0,0.32,0.0,very_rare,0.0,rare,peak_abundance_with_occupancy_days_modifiers,0.0032
buwwar,US-CA,0.0,0.0,0.0,nonbreeding,0.0001,0.0001,0.0,0.0,0.01,0.0,very_rare,0.0,very_rare,peak_abundance_with_occupancy_days_modifiers,0.0001
buhvir,US-CA,0.0,0.0,0.0,nonbreeding,0.0,0.0,0.0,0.0,0.0,0.0,very_rare,0.0,very_rare,peak_abundance_with_occupancy_days_modifiers,0.0
bubsan,US-CA,0.0,0.0,0.0,nonbreeding,0.0,0.0003,0.0,0.0,0.0,0.0,very_rare,0.0,very_rare,peak_abundance_with_occupancy_days_modifiers,0.0
yebsap,US-CA,0.0,0.0,0.0,nonbreeding,0.0066,0.0009,0.0,112.0,0.66,0.0,very_rare,0.0,very_rare,peak_abundance_with_occupancy_days_modifiers,0.0066
woosto,US-CA,0.0,0.0,0.0,breeding,0.0005,0.0001,0.0,0.0,0.05,0.0,very_rare,0.0,very_rare,peak_abundance_with_occupancy_days_modifiers,0.0005
blkvul,US-CA,0.0,0.0,0.0,resident,0.0002,0.0,0.0,0.0,0.02,0.0,very_rare,0.0,very_rare,peak_abundance_with_occupancy_days_modifiers,0.0002
blujay,US-CA,0.0,0.0,0.0,nonbreeding,0.0002,0.0,0.0,0.0,0.02,0.0,very_rare,0.0,very_rare,peak_abundance_with_occupancy_days_modifiers,0.0002
woewar1,US-CA,0.0,0.0,0.0,nonbreeding,0.0001,0.0001,0.0,0.0,0.01,0.0,very_rare,0.0,very_rare,peak_abundance_with_occupancy_days_modifiers,0.0001
bkhgul,US-CA,0.0,0.0,0.0,nonbreeding,0.0003,0.0001,0.0,0.0,0.03,0.0,very_rare,0.0,very_rare,peak_abundance_with_occupancy_days_modifiers,0.0003
bkbwar,US-CA,0.0,0.0,0.0,nonbreeding,0.0001,0.0001,0.0,0.0,0.01,0.0,very_rare,0.0,very_rare,peak_abundance_with_occupancy_days_modifiers,0.0001
y00678,US-CA,0.0,0.0,0.0,resident,0.0006,0.0,0.0,0.0,0.06,0.0,very_rare,0.0,very_rare,peak_abundance_with_occupancy_days_modifiers,0.0006
winwre3,US-CA,0.0,0.0,0.0,nonbreeding,0.0002,0.0,0.0,0.0,0.02,0.0,very_rare,0.0,very_rare,peak_abundance_with_occupancy_days_modifiers,0.0002
batgod,US-CA,0.0,0.0,0.0,breeding,0.0005,0.0004,0.0,0.0,0.05,0.0,very_rare,0.0,very_rare,peak_abundance_with_occupancy_days_modifiers,0.0005
bohwax,US-CA,0.0,0.0,0.0,nonbreeding,0.0001,0.0,0.0,0.0,0.01,0.0,very_rare,0.0,very_rare,peak_abundance_with_occupancy_days_modifiers,0.0001
empgoo,US-CA,0.0,0.0,0.0,nonbreeding,0.0014,,,,0.13999999999999999,0.0,very_rare,0.0,very_rare,peak_abundance_with_occupancy_days_modifiers,0.0014
brbhum,US-CA,0.0,0.0,0.0,nonbreeding,0.0001,0.0001,0.0,0.0,0.01,0.0,very_rare,0.0,very_rare,peak_abundance_with_occupancy_days_modifiers,0.0001
brnthr,US-CA,0.0,0.0,0.0,nonbreeding,0.0003,0.0001,0.0,0.0,0.03,0.0,very_rare,0.0,very_rare,peak_abundance_with_occupancy_days_modifiers,0.0003
balori,US-CA,0.0,0.0,0.0,nonbreeding,0.0008,0.0003,0.0,0.0,0.08,0.0,very_rare,0.0,very_rare,peak_abundance_with_occupancy_days_modifiers,0.0008
wilplo,US-CA,0.0,0.0,0.0,breeding,0.0002,0.0037,0.0,7.0,0.02,0.0,very_rare,0.0,very_rare,peak_abundance_with_occupancy_days_modifiers,0.0002
brocow,US-CA,0.0,0.0,0.0,resident,0.0004,0.0001,0.0,0.0,0.04,0.0,very_rare,0.0,very_rare,peak_abundance_with_occupancy_days_modifiers,0.0004
babwar,US-CA,0.0,0.0,0.0,nonbreeding,0.0002,0.0002,0.0,0.0,0.02,0.0,very_rare,0.0,very_rare,peak_abundance_with_occupancy_days_modifiers,0.0002
brwhaw,US-CA,0.0,0.0,0.0,nonbreeding,0.0,0.0005,0.0,28.0,0.0,0.0,very_rare,0.0,rare,peak_abundance_with_occupancy_days_modifiers,0.0
yebloo,US-CA,0.0,0.0,0.0,nonbreeding,0.0012,,,,0.12,0.0,very_rare,0.0,very_rare,peak_abundance_with_occupancy_days_modifiers,0.0012
arcloo,US-CA,0.0,0.0,0.0,breeding,0.0,0.0,0.0,0.0,0.0,0.0,very_rare,0.0,very_rare,peak_abundance_with_occupancy_days_modifiers,0.0
btnwar,US-CA,0.0,0.0,0.0,nonbreeding,0.0013,0.0007,0.0,7.0,0.13,0.0,very_rare,0.0,very_rare,peak_abundance_with_occupancy_days_modifiers,0.0013
rubrob,US-CA,0.0,0.0,0.0,nonbreeding,0.0012,0.0015,0.0,0.0,0.12,0.0,very_rare,0.0,very_rare,peak_abundance_with_occupancy_days_modifiers,0.0012
grcfly,US-CA,0.0,0.0,0.0,nonbreeding,0.0001,0.0,0.0,0.0,0.01,0.0,very_rare,0.0,very_rare,peak_abundance_with_occupancy_days_modifiers,0.0001
gargan,US-CA,0.0,0.0,0.0,nonbreeding,0.0001,0.0,0.0,7.0,0.01,0.0,very_rare,0.0,very_rare,peak_abundance_with_occupancy_days_modifiers,0.0001
gloibi,US-CA,0.0,0.0,0.0,breeding,0.0007,,,,0.06999999999999999,0.0,very_rare,0.0,very_rare,peak_abundance_with_occupancy_days_modifiers,0.0007
snoowl1,US-CA,0.0,0.0,0.0,nonbreeding,0.0001,,,,0.01,0.0,very_rare,0.0,very_rare,peak_abundance_with_occupancy_days_modifiers,0.0001
nstspa,US-CA,0.0,0.0,0.0,nonbreeding,0.0003,0.0097,0.0007,0.0,0.03,0.0,very_rare,0.0,very_rare,peak_abundance_with_occupancy_days_modifiers,0.0003
orcori,US-CA,0.0,0.0,0.0,nonbreeding,0.0013,0.0009,0.0001,7.0,0.13,0.0,very_rare,0.0,very_rare,peak_abundance_with_occupancy_days_modifiers,0.0013
snobun,US-CA,0.0,0.0,0.0,postbreeding_migration,0.0008,,,,0.08,0.0,very_rare,0.0,very_rare,peak_abundance_with_occupancy_days_modifiers,0.0008
slbgul,US-CA,0.0,0.0,0.0,nonbreeding,0.0003,0.0007,0.0,0.0,0.03,0.0,very_rare,0.0,very_rare,peak_abundance_with_occupancy_days_modifiers,0.0003
skylar,US-CA,0.0,0.0,0.0,nonbreeding,0.0001,0.0,0.0,0.0,0.01,0.0,very_rare,0.0,very_rare,peak_abundance_with_occupancy_days_modifiers,0.0001
ovenbi1,US-CA,0.0,0.0,0.0,nonbreeding,0.0008,0.0003,0.0,0.0,0.08,0.0,very_rare,0.0,very_rare,peak_abundance_with_occupancy_days_modifiers,0.0008
shtsan,US-CA,0.0,0.0,0.0,nonbreeding,0.0002,0.0,0.0,0.0,0.02,0.0,very_rare,0.0,very_rare,peak_abundance_with_occupancy_days_modifiers,0.0002
pagplo,US-CA,0.0,0.0,0.0,nonbreeding,0.0058,0.0001,0.0,7.0,0.58,0.0,very_rare,0.0,very_rare,peak_abundance_with_occupancy_days_modifiers,0.0058
paibun,US-CA,0.0,0.0,0.0,nonbreeding,0.0002,0.0008,0.0,28.0,0.02,0.0,very_rare,0.0,rare,peak_abundance_with_occupancy_days_modifiers,0.0002
paired,US-CA,0.0,0.0,0.0,nonbreeding,0.0006,0.0009,0.0,0.0,0.06,0.0,very_rare,0.0,very_rare,peak_abundance_with_occupancy_days_modifiers,0.0006
palwar,US-CA,0.0,0.0,0.0,nonbreeding,0.0018,0.0011,0.0,21.0,0.18,0.0,very_rare,0.0,rare,peak_abundance_with_occupancy_days_modifiers,0.0018
phivir,US-CA,0.0,0.0,0.0,postbreeding_migration,0.0001,0.0,0.0,0.0,0.01,0.0,very_rare,0.0,very_rare,peak_abundance_with_occupancy_days_modifiers,0.0001
sctfly,US-CA,0.0,0.0,0.0,nonbreeding,0.0012,0.0029,0.0001,0.0,0.12,0.0,very_rare,0.0,very_rare,peak_abundance_with_occupancy_days_modifiers,0.0012
pinwar,US-CA,0.0,0.0,0.0,nonbreeding,0.0005,0.0002,0.0,0.0,0.05,0.0,very_rare,0.0,very_rare,peak_abundance_with_occupancy_days_modifiers,0.0005
scatan,US-CA,0.0,0.0,0.0,postbreeding_migration,0.0008,0.0001,0.0,0.0,0.08,0.0,very_rare,0.0,very_rare,peak_abundance_with_occupancy_days_modifiers,0.0008
prawar,US-CA,0.0,0.0,0.0,nonbreeding,0.0001,0.0002,0.0,0.0,0.01,0.0,very_rare,0.0,very_rare,peak_abundance_with_occupancy_days_modifiers,0.0001
prowar,US-CA,0.0,0.0,0.0,postbreeding_migration,0.0002,0.0001,0.0,0.0,0.02,0.0,very_rare,0.0,very_rare,peak_abundance_with_occupancy_days_modifiers,0.0002
pursan,US-CA,0.0,0.0,0.0,nonbreeding,0.0001,0.0002,0.0,0.0,0.01,0.0,very_rare,0.0,very_rare,peak_abundance_with_occupancy_days_modifiers,0.0001
redegr,US-CA,0.0,0.0,0.0,resident,0.0002,0.0021,0.0004,0.0,0.02,0.0,very_rare,0.0,very_rare,peak_abundance_with_occupancy_days_modifiers,0.0002
reevir1,US-CA,0.0,0.0,0.0,breeding,0.0003,0.0,0.0,0.0,0.03,0.0,very_rare,0.0,very_rare,peak_abundance_with_occupancy_days_modifiers,0.0003
refwar,US-CA,0.0,0.0,0.0,nonbreeding,0.0006,0.0016,0.0,0.0,0.06,0.0,very_rare,0.0,very_rare,peak_abundance_with_occupancy_days_modifiers,0.0006
rensti,US-CA,0.0,0.0,0.0,postbreeding_migration,0.0001,0.0,0.0,0.0,0.01,0.0,very_rare,0.0,very_rare,peak_abundance_with_occupancy_days_modifiers,0.0001
rusbla,US-CA,0.0,0.0,0.0,nonbreeding,0.0004,0.0002,0.0,0.0,0.04,0.0,very_rare,0.0,very_rare,peak_abundance_with_occupancy_days_modifiers,0.0004
retpip,US-CA,0.0,0.0,0.0,nonbreeding,0.0001,,,,0.01,0.0,very_rare,0.0,very_rare,peak_abundance_with_occupancy_days_modifiers,0.0001
ruff,US-CA,0.0,0.0,0.0,nonbreeding,0.0007,0.0001,0.0,7.0,0.06999999999999999,0.0,very_rare,0.0,very_rare,peak_abundance_with_occupancy_days_modifiers,0.0007
rocsan,US-CA,0.0,0.0,0.0,postbreeding_migration,0.0,0.0008,0.0,0.0,0.0,0.0,very_rare,0.0,very_rare,peak_abundance_with_occupancy_days_modifiers,0.0
norpar,US-CA,0.0,0.0,0.0,breeding,0.0026,0.0004,0.0,21.0,0.26,0.0,very_rare,0.0,rare,peak_abundance_with_occupancy_days_modifiers,0.0026
norgan,US-CA,0.0,0.0,0.0,breeding,0.0013,0.0,0.0,7.0,0.13,0.0,very_rare,0.0,very_rare,peak_abundance_with_occupancy_days_modifiers,0.0013
mouwar,US-CA,0.0,0.0,0.0,postbreeding_migration,0.0002,0.0,0.0,0.0,0.02,0.0,very_rare,0.0,very_rare,peak_abundance_with_occupancy_days_modifiers,0.0002
hoowar,US-CA,0.0,0.0,0.0,breeding,0.0005,0.0002,0.0,0.0,0.05,0.0,very_rare,0.0,very_rare,peak_abundance_with_occupancy_days_modifiers,0.0005
gowwar,US-CA,0.0,0.0,0.0,postbreeding_migration,0.0001,0.0,0.0,0.0,0.01,0.0,very_rare,0.0,very_rare,peak_abundance_with_occupancy_days_modifiers,0.0001
grawar,US-CA,0.0,0.0,0.0,breeding,0.0005,0.0011,0.0001,0.0,0.05,0.0,very_rare,0.0,very_rare,peak_abundance_with_occupancy_days_modifiers,0.0005
rosspo1,US-CA,0.0,0.0,0.0,nonbreeding,0.0002,0.0002,0.0,14.0,0.02,0.0,very_rare,0.0,rare,peak_abundance_with_occupancy_days_modifiers,0.0002
uplsan,US-CA,0.0,0.0,0.0,breeding,0.0002,0.0001,0.0,0.0,0.02,0.0,very_rare,0.0,very_rare,peak_abundance_with_occupancy_days_modifiers,0.0002
grepew,US-CA,0.0,0.0,0.0,nonbreeding,0.0002,0.0001,0.0,0.0,0.02,0.0,very_rare,0.0,very_rare,peak_abundance_with_occupancy_days_modifiers,0.0002
grycat,US-CA,0.0,0.0,0.0,breeding,0.0013,0.0001,0.0,0.0,0.13,0.0,very_rare,0.0,very_rare,peak_abundance_with_occupancy_days_modifiers,0.0013
harduc,US-CA,0.0,0.0,0.0,breeding,0.0004,0.0019,0.0,0.0,0.04,0.0,very_rare,0.0,very_rare,peak_abundance_with_occupancy_days_modifiers,0.0004
tufduc,US-CA,0.0,0.0,0.0,nonbreeding,0.0008,0.0002,0.0,0.0,0.08,0.0,very_rare,0.0,very_rare,peak_abundance_with_occupancy_days_modifiers,0.0008
harspa,US-CA,0.0,0.0,0.0,nonbreeding,0.0019,0.0008,0.0,0.0,0.19,0.0,very_rare,0.0,very_rare,peak_abundance_with_occupancy_days_modifiers,0.0019
trokin,US-CA,0.0,0.0,0.0,breeding,0.0001,0.0,0.0,0.0,0.01,0.0,very_rare,0.0,very_rare,peak_abundance_with_occupancy_days_modifiers,0.0001
triher,US-CA,0.0,0.0,0.0,breeding,0.0001,0.0002,0.0001,0.0,0.01,0.0,very_rare,0.0,very_rare,peak_abundance_with_occupancy_days_modifiers,0.0001
heptan,US-CA,0.0,0.0,0.0,breeding,0.0004,0.0001,0.0,0.0,0.04,0.0,very_rare,0.0,very_rare,peak_abundance_with_occupancy_days_modifiers,0.0004
hrshaw,US-CA,0.0,0.0,0.0,resident,0.0002,0.0001,0.0001,0.0,0.02,0.0,very_rare,0.0,very_rare,peak_abundance_with_occupancy_days_modifiers,0.0002
mcclon,US-CA,0.0,0.0,0.0,nonbreeding,0.0016,0.0018,0.0,14.0,0.16,0.0,very_rare,0.0,rare,peak_abundance_with_occupancy_days_modifiers,0.0016
hudgod,US-CA,0.0,0.0,0.0,postbreeding_migration,0.0003,0.0005,0.0,0.0,0.03,0.0,very_rare,0.0,very_rare,peak_abundance_with_occupancy_days_modifiers,0.0003
thbkin,US-CA,0.0,0.0,0.0,nonbreeding,0.0002,0.0002,0.0001,0.0,0.02,0.0,very_rare,0.0,very_rare,peak_abundance_with_occupancy_days_modifiers,0.0002
tenwar,US-CA,0.0,0.0,0.0,nonbreeding,0.0004,0.0002,0.0,28.0,0.04,0.0,very_rare,0.0,rare,peak_abundance_with_occupancy_days_modifiers,0.0004
swaspa,US-CA,0.0,0.0,0.0,nonbreeding,0.0016,0.0003,0.0,7.0,0.16,0.0,very_rare,0.0,very_rare,peak_abundance_with_occupancy_days_modifiers,0.0016
lbbgul,US-CA,0.0,0.0,0.0,nonbreeding,0.0042,0.0011,0.0,42.0,0.42,0.0,very_rare,0.0,very_rare,peak_abundance_with_occupancy_days_modifiers,0.0042
leafly,US-CA,0.0,0.0,0.0,breeding,0.0002,0.0,0.0,0.0,0.02,0.0,very_rare,0.0,very_rare,peak_abundance_with_occupancy_days_modifiers,0.0002
litsti,US-CA,0.0,0.0,0.0,postbreeding_migration,0.0001,0.0,0.0,0.0,0.01,0.0,very_rare,0.0,very_rare,peak_abundance_with_occupancy_days_modifiers,0.0001
louwat,US-CA,0.0,0.0,0.0,nonbreeding,0.0001,0.0,0.0,0.0,0.01,0.0,very_rare,0.0,very_rare,peak_abundance_with_occupancy_days_modifiers,0.0001
sprpip,US-CA,0.0,0.0,0.0,nonbreeding,0.0007,0.0009,0.0003,14.0,0.06999999999999999,0.0,very_rare,0.0,rare,peak_abundance_with_occupancy_days_modifiers,0.0007
magfri,US-CA,0.0,0.0,0.0,breeding,0.0003,0.0003,0.0,0.0,0.03,0.0,very_rare,0.0,very_rare,peak_abundance_with_occupancy_days_modifiers,0.0003
magwar,US-CA,0.0,0.0,0.0,nonbreeding,0.0001,0.0001,0.0,0.0,0.01,0.0,very_rare,0.0,very_rare,peak_abundance_with_occupancy_days_modifiers,0.0001
marsan,US-CA,0.0,0.0,0.0,prebreeding_migration,0.0012,0.0,0.0,7.0,0.12,0.0,very_rare,0.0,very_rare,peak_abundance_with_occupancy_days_modifiers,0.0012
litgul,US-CA,0.0,0.0,0.0,breeding,0.0003,,,,0.03,0.0,very_rare,0.0,very_rare,peak_abundance_with_occupancy_days_modifiers,0.0003
