species_code,country_code,abundance,abundance_mean_avg,abundance_mean_max,peak_season,range_occupied_percent,range_total_percent,total_pop_percent,range_days_occupation,occupancy,score,frequency,frequency_pct,rarity_cap,commonness_basis,debug_range_occupied_max
blkvul,HN,1.4857323733259475,3.4182,3.4182,resident,0.9768,0.0066,0.0217,365.0,97.68,0.6195985246645409,common,61.95985246645409,,peak_abundance_with_occupancy_days_modifiers,0.9768
categr1,HN,1.3171926457763945,1.5408634030582558,2.7329270050491363,nonbreeding,0.300128788863807,0.0035708337187905,0.0091661185080971,140.0,30.0128788863807,0.54931199903456,common,54.931199903456,,peak_abundance_with_occupancy_days_modifiers,0.300128788863807
turvul,HN,1.1567239517253254,1.6276249999999999,2.1795,postbreeding_migration,0.9825,0.0057,0.0125,126.0,98.25,0.48239135580571685,common,48.239135580571684,,peak_abundance_with_occupancy_days_modifiers,0.9825
brwhaw,HN,1.1562835339504955,0.8047333333333334,2.1781,postbreeding_migration,0.7989,0.0728,0.0978,91.0,79.89,0.48220768732785374,common,48.22076873278537,,peak_abundance_with_occupancy_days_modifiers,0.7989
grtgra,HN,0.9770094669088609,1.350225,1.6565,nonbreeding,0.7625,0.0845,0.0531,126.0,76.25,0.4074445944291303,common,40.744459442913026,,peak_abundance_with_occupancy_days_modifiers,0.7625
clcrob,HN,0.8352108198234132,1.3053,1.3053,resident,0.9454,0.1224,0.2104,365.0,94.54,0.3483099655343633,common,34.83099655343633,,peak_abundance_with_occupancy_days_modifiers,0.9454
melbla1,HN,0.807502124797348,1.2423,1.2423,resident,0.9313,0.1456,0.2033,365.0,93.13,0.3367545421843982,common,33.67545421843982,,peak_abundance_with_occupancy_days_modifiers,0.9313
buwtea,HN,0.7752339515580546,0.8648000000000001,1.1711,nonbreeding,0.1334,0.0204,0.0572,126.0,13.34,0.3232976687315239,common,32.32976687315239,,peak_abundance_with_occupancy_days_modifiers,0.1334
whcswi,HN,0.6397991450580209,0.8961,0.8961,resident,0.5241,0.0186,0.0331,365.0,52.410000000000004,0.26681696749473477,common,26.681696749473478,,peak_abundance_with_occupancy_days_modifiers,0.5241
grbani,HN,0.636153459039825,0.857,0.8892,postbreeding_migration,0.8837,0.0686,0.0846,133.0,88.37,0.2652965983361845,fairly_common,26.529659833618453,,peak_abundance_with_occupancy_days_modifiers,0.8837
brnjay,HN,0.5581289688818571,0.7474,0.7474,resident,0.6728,0.1558,0.1472,365.0,67.28,0.2327578586159496,common,23.27578586159496,,peak_abundance_with_occupancy_days_modifiers,0.6728
barswa,HN,0.5034988483795297,0.34655,0.6545,postbreeding_migration,0.4281,0.0006,0.0005,154.0,42.809999999999995,0.20997532881906933,fairly_common,20.997532881906935,,peak_abundance_with_occupancy_days_modifiers,0.4281
miskit,HN,0.5001083989247855,0.5226500000000001,0.6489,postbreeding_migration,0.2998,0.0325,0.1124,70.0,29.98,0.20856140157495429,fairly_common,20.856140157495428,,peak_abundance_with_occupancy_days_modifiers,0.2998
whwdov,HN,0.49913758397079955,0.5866250000000001,0.6473,breeding,0.5436,0.0299,0.0222,119.0,54.36,0.2081565402930631,fairly_common,20.81565402930631,,peak_abundance_with_occupancy_days_modifiers,0.5436
blhsal1,HN,0.4856308851314346,0.6252,0.6252,resident,0.8239,0.1775,0.2142,365.0,82.39,0.20252380937583564,common,20.252380937583563,,peak_abundance_with_occupancy_days_modifiers,0.8239
bbwduc,HN,0.44513443856637086,0.437175,0.5607,nonbreeding,0.0653,0.0036,0.0075,161.0,6.529999999999999,0.1856354794206229,fairly_common,18.56354794206229,,peak_abundance_with_occupancy_days_modifiers,0.0653
grekis,HN,0.4287258016827163,0.5353,0.5353,resident,0.7469,0.0069,0.0057,365.0,74.69,0.1787925463410203,common,17.87925463410203,,peak_abundance_with_occupancy_days_modifiers,0.7469
monoro1,HN,0.41614124810539893,0.5161,0.5161,resident,0.5201,0.1986,0.2247,365.0,52.01,0.1735443798676651,common,17.35443798676651,,peak_abundance_with_occupancy_days_modifiers,0.5201
gofwoo,HN,0.41574541751572075,0.5155,0.5155,resident,0.8214,0.0774,0.0771,365.0,82.14,0.17337930569025273,common,17.33793056902527,,peak_abundance_with_occupancy_days_modifiers,0.8214
vauswi,HN,0.40566508811083063,0.33952499999999997,0.5003,nonbreeding,0.7766,0.131,0.1461,140.0,77.66,0.16917548181218728,fairly_common,16.917548181218727,,peak_abundance_with_occupancy_days_modifiers,0.7766
incdov,HN,0.3678324666346094,0.4446,0.4446,resident,0.4305,0.0541,0.0585,365.0,43.05,0.1533980532041104,fairly_common,15.33980532041104,,peak_abundance_with_occupancy_days_modifiers,0.4305
oltpar1,HN,0.35886254938414475,0.4317,0.4317,resident,0.4519,0.1216,0.1009,365.0,45.190000000000005,0.14965730716227157,fairly_common,14.965730716227158,,peak_abundance_with_occupancy_days_modifiers,0.4519
whfpar1,HN,0.35627486391739266,0.428,0.428,resident,0.6109,0.1471,0.1052,365.0,61.09,0.14857815850381814,common,14.857815850381813,,peak_abundance_with_occupancy_days_modifiers,0.6109
vigswa,HN,0.3546629211777782,0.1804666666666667,0.4257,nonbreeding,0.4947,0.0607,0.0797,84.0,49.47,0.1479059261682778,fairly_common,14.79059261682778,,peak_abundance_with_occupancy_days_modifiers,0.4947
tenwar,HN,0.35403145299331484,0.2457,0.4248,nonbreeding,0.8791,0.1241,0.236,98.0,87.91,0.14764258348120274,fairly_common,14.764258348120274,,peak_abundance_with_occupancy_days_modifiers,0.8791
weskin,HN,0.3484008074864867,0.1951333333333333,0.4168,nonbreeding,0.3551,0.1094,0.3528,105.0,35.510000000000005,0.14529442192022804,fairly_common,14.529442192022804,,peak_abundance_with_occupancy_days_modifiers,0.3551
socfly1,HN,0.3461396420233496,0.4136,0.4136,resident,0.7333,0.0128,0.031,365.0,73.33,0.14435144267973,common,14.435144267973,,peak_abundance_with_occupancy_days_modifiers,0.7333
houwre,HN,0.3386840744178132,0.34935,0.4031,nonbreeding,0.8776,0.0059,0.0077,126.0,87.76,0.141242229491768,fairly_common,14.1242229491768,,peak_abundance_with_occupancy_days_modifiers,0.8776
whtdov,HN,0.3324642152236741,0.3944,0.3944,resident,0.8577,0.0088,0.0086,365.0,85.77,0.13864834673771415,common,13.864834673771414,,peak_abundance_with_occupancy_days_modifiers,0.8577
trokin,HN,0.331675034137409,0.35117499999999996,0.3933,nonbreeding,0.642,0.0049,0.006,119.0,64.2,0.13831923266204219,fairly_common,13.83192326620422,,peak_abundance_with_occupancy_days_modifiers,0.642
neocor,HN,0.31779897135559165,0.3741,0.3741,resident,0.1004,0.0032,0.0071,365.0,10.040000000000001,0.13253246501658789,fairly_common,13.253246501658788,,peak_abundance_with_occupancy_days_modifiers,0.1004
swahaw,HN,0.31481073984003355,0.17800000000000002,0.37,postbreeding_migration,0.3704,0.0099,0.0222,105.0,37.04,0.13128627568152546,fairly_common,13.128627568152545,,peak_abundance_with_occupancy_days_modifiers,0.3704
bucjay1,HN,0.3126185577418125,0.367,0.367,resident,0.2684,0.5652,0.6558,365.0,26.840000000000003,0.1303720647386669,fairly_common,13.03720647386669,,peak_abundance_with_occupancy_days_modifiers,0.2684
greegr,HN,0.29468251209652535,0.313125,0.3427,nonbreeding,0.2475,0.0009,0.0029,133.0,24.75,0.12289215273051837,fairly_common,12.289215273051838,,peak_abundance_with_occupancy_days_modifiers,0.2475
bknsti,HN,0.29222175249381277,0.2433,0.3394,nonbreeding,0.0735,0.0023,0.0076,140.0,7.35,0.12186593626867892,fairly_common,12.186593626867893,,peak_abundance_with_occupancy_days_modifiers,0.0735
ducfly,HN,0.2834481219197193,0.26917500000000005,0.3277,breeding,0.8973,0.0168,0.0558,133.0,89.73,0.1182070481288919,fairly_common,11.82070481288919,,peak_abundance_with_occupancy_days_modifiers,0.8973
blbgra1,HN,0.282091474138536,0.3259,0.3259,resident,0.667,0.0074,0.005,365.0,66.7,0.11764128206038463,common,11.764128206038462,,peak_abundance_with_occupancy_days_modifiers,0.667
bucmot2,HN,0.281638848904496,0.3253,0.3253,resident,0.7484,0.2121,0.2646,365.0,74.83999999999999,0.11745252267661391,common,11.74525226766139,,peak_abundance_with_occupancy_days_modifiers,0.7484
whcsee1,HN,0.27573600143338034,0.3175,0.3175,resident,0.5993,0.1207,0.0844,365.0,59.93000000000001,0.11499084407952197,common,11.499084407952196,,peak_abundance_with_occupancy_days_modifiers,0.5993
mastit1,HN,0.2681169169569409,0.3075,0.3075,resident,0.775,0.0203,0.0643,365.0,77.5,0.11181343905984915,common,11.181343905984916,,peak_abundance_with_occupancy_days_modifiers,0.775
easkin,HN,0.265743164933027,0.23115000000000002,0.3044,postbreeding_migration,0.3307,0.0076,0.0126,63.0,33.07,0.11082350757666817,fairly_common,11.082350757666818,,peak_abundance_with_occupancy_days_modifiers,0.3307
brocow,HN,0.2558043335537581,0.2915,0.2915,resident,0.8595,0.0486,0.0382,365.0,85.95,0.10667869295860935,common,10.667869295860935,,peak_abundance_with_occupancy_days_modifiers,0.8595
btnwar,HN,0.25572690121022956,0.1677,0.2914,nonbreeding,0.7624,0.108,0.1861,98.0,76.24,0.10664640116321399,fairly_common,10.664640116321399,,peak_abundance_with_occupancy_days_modifiers,0.7624
wlswar,HN,0.2509921541339491,0.16196666666666668,0.2853,nonbreeding,0.6172,0.0488,0.0601,105.0,61.72,0.1046718582672038,fairly_common,10.46718582672038,,peak_abundance_with_occupancy_days_modifiers,0.6172
wessan,HN,0.24966863025356476,0.140375,0.2836,nonbreeding,0.0311,0.012,0.011,147.0,3.11,0.10411990593826005,rare,10.411990593826005,rare,peak_abundance_with_occupancy_days_modifiers,0.0311
whcpar,HN,0.24732871810256477,0.2806,0.2806,resident,0.3816,0.1601,0.153,365.0,38.16,0.10314408677820584,fairly_common,10.314408677820584,,peak_abundance_with_occupancy_days_modifiers,0.3816
rebpig1,HN,0.24513984918610585,0.2778,0.2778,resident,0.8522,0.1316,0.102,365.0,85.22,0.10223125753946082,common,10.223125753946082,,peak_abundance_with_occupancy_days_modifiers,0.8522
bobfly1,HN,0.2424754796137017,0.2744,0.2744,resident,0.8675,0.0098,0.0212,365.0,86.75,0.10112012912504309,common,10.112012912504309,,peak_abundance_with_occupancy_days_modifiers,0.8675
balori,HN,0.2401973058800373,0.1877,0.2715,nonbreeding,0.9549,0.112,0.1504,119.0,95.49,0.10017005688481313,fairly_common,10.017005688481314,,peak_abundance_with_occupancy_days_modifiers,0.9549
magwar,HN,0.2381503834207318,0.14343333333333333,0.2689,nonbreeding,0.9777,0.1299,0.1343,133.0,97.77,0.09931642391654895,fairly_common,9.931642391654895,,peak_abundance_with_occupancy_days_modifiers,0.9777
plawre1,HN,0.2326185216767279,0.2619,0.2619,resident,0.5917,0.3729,0.4332,365.0,59.17,0.09700945838441871,common,9.700945838441871,,peak_abundance_with_occupancy_days_modifiers,0.5917
yefgra1,HN,0.23166712225508665,0.2607,0.2607,resident,0.5244,0.1026,0.0642,365.0,52.44,0.09661269400841199,common,9.6612694008412,,peak_abundance_with_occupancy_days_modifiers,0.5244
snoegr,HN,0.22896656461699844,0.204325,0.2573,nonbreeding,0.181,0.0032,0.0076,119.0,18.099999999999998,0.09548647399842104,fairly_common,9.548647399842105,,peak_abundance_with_occupancy_days_modifiers,0.181
chhoro1,HN,0.22442273281259,0.2516,0.2516,resident,0.3184,0.2432,0.3101,365.0,31.840000000000003,0.0935915489547991,fairly_common,9.359154895479909,,peak_abundance_with_occupancy_days_modifiers,0.3184
indbun,HN,0.22298353851284425,0.13099999999999998,0.2498,nonbreeding,0.8947,0.0794,0.0865,98.0,89.47,0.09299135831425197,fairly_common,9.299135831425197,,peak_abundance_with_occupancy_days_modifiers,0.8947
kebtou1,HN,0.21204215824303588,0.2362,0.2362,resident,0.4212,0.1378,0.1584,365.0,42.120000000000005,0.08842844833485171,fairly_common,8.84284483348517,,peak_abundance_with_occupancy_days_modifiers,0.4212
lesnig,HN,0.2113948042796617,0.138725,0.2354,prebreeding_migration,0.6964,0.0362,0.055,140.0,69.64,0.08815848076340783,fairly_common,8.815848076340783,,peak_abundance_with_occupancy_days_modifiers,0.6964
grycat,HN,0.21017988492235104,0.1229,0.2339,nonbreeding,0.9128,0.0689,0.0586,98.0,91.28,0.08765182003844094,fairly_common,8.765182003844094,,peak_abundance_with_occupancy_days_modifiers,0.9128
yeteup1,HN,0.19597788324144025,0.2165,0.2165,resident,0.5959,0.1773,0.1788,365.0,59.589999999999996,0.08172912531443952,common,8.172912531443952,,peak_abundance_with_occupancy_days_modifiers,0.5959
y00599,HN,0.19119870473155756,0.2107,0.2107,resident,0.3555,0.2056,0.1493,365.0,35.55,0.07973605307141984,fairly_common,7.973605307141984,,peak_abundance_with_occupancy_days_modifiers,0.3555
chswar,HN,0.18904887754338112,0.12866666666666668,0.2081,nonbreeding,0.758,0.1638,0.2557,133.0,75.8,0.07883950549798571,fairly_common,7.883950549798572,,peak_abundance_with_occupancy_days_modifiers,0.758
compau,HN,0.18888331462909566,0.2079,0.2079,resident,0.8439,0.0077,0.0072,365.0,84.39,0.07877046039991008,common,7.877046039991008,,peak_abundance_with_occupancy_days_modifiers,0.8439
subfly,HN,0.1844027229977792,0.12863333333333335,0.2025,breeding,0.8142,0.092,0.0885,91.0,81.42,0.07690190855690676,fairly_common,7.690190855690676,,peak_abundance_with_occupancy_days_modifiers,0.8142
sctfly,HN,0.18057002375514827,0.13436666666666666,0.1979,nonbreeding,0.1342,0.0894,0.1619,91.0,13.420000000000002,0.07530354882614243,uncommon,7.530354882614243,,peak_abundance_with_occupancy_days_modifiers,0.1342
nrwswa,HN,0.1801525395091146,0.11515,0.1974,prebreeding_migration,0.6467,0.0373,0.0189,140.0,64.67,0.07512944437263709,uncommon,7.512944437263709,,peak_abundance_with_occupancy_days_modifiers,0.6467
brnpel,HN,0.17898265552844,0.126775,0.196,nonbreeding,0.0402,0.0187,0.0133,161.0,4.02,0.07464156485848741,rare,7.464156485848742,rare,peak_abundance_with_occupancy_days_modifiers,0.0402
leasan,HN,0.17739276355720188,0.13513333333333336,0.1941,nonbreeding,0.0862,0.0103,0.0164,168.0,8.62,0.07397852840761576,uncommon,7.397852840761576,,peak_abundance_with_occupancy_days_modifiers,0.0862
cliswa,HN,0.17580033980368912,0.08336666666666666,0.1922,postbreeding_migration,0.3938,0.005,0.0032,112.0,39.379999999999995,0.07331443612152755,uncommon,7.331443612152755,,peak_abundance_with_occupancy_days_modifiers,0.3938
rthhum,HN,0.1731967184613961,0.0934,0.1891,nonbreeding,0.814,0.0851,0.1414,98.0,81.39999999999999,0.07222864168678793,uncommon,7.222864168678793,,peak_abundance_with_occupancy_days_modifiers,0.814
squcuc1,HN,0.17050197998861247,0.1859,0.1859,resident,0.8798,0.0078,0.0112,365.0,87.98,0.07110484845722002,fairly_common,7.110484845722002,,peak_abundance_with_occupancy_days_modifiers,0.8798
rucwar4,HN,0.16712331303605787,0.1819,0.1819,resident,0.5364,0.2817,0.2925,365.0,53.64,0.0696958348981701,fairly_common,6.96958348981701,,peak_abundance_with_occupancy_days_modifiers,0.5364
woosto,HN,0.16703869992943715,0.13745,0.1818,postbreeding_migration,0.0648,0.0031,0.0111,161.0,6.4799999999999995,0.06966054849197026,uncommon,6.966054849197026,,peak_abundance_with_occupancy_days_modifiers,0.0648
placha,HN,0.16364829152833335,0.1778,0.1778,resident,0.4554,0.1225,0.0613,365.0,45.540000000000006,0.06824663836855306,uncommon,6.824663836855306,,peak_abundance_with_occupancy_days_modifiers,0.4554
sumtan,HN,0.1605870646479485,0.12353333333333333,0.1742,nonbreeding,0.9388,0.0408,0.0659,98.0,93.88,0.06697000760193397,uncommon,6.697000760193397,,peak_abundance_with_occupancy_days_modifiers,0.9388
varsee3,HN,0.16033153890233942,0.1739,0.1739,resident,0.4462,0.1028,0.0611,365.0,44.62,0.06686344508917216,uncommon,6.686344508917216,,peak_abundance_with_occupancy_days_modifiers,0.4462
lesgre1,HN,0.15879701174699754,0.1721,0.1721,resident,0.4314,0.1191,0.1116,365.0,43.14,0.06622349755987449,uncommon,6.6223497559874485,,peak_abundance_with_occupancy_days_modifiers,0.4314
rugdov,HN,0.15597758145435267,0.1688,0.1688,resident,0.2369,0.0032,0.0026,365.0,23.69,0.06504770380247889,uncommon,6.504770380247889,,peak_abundance_with_occupancy_days_modifiers,0.2369
swtkit,HN,0.15486471056091533,0.1206,0.1675,breeding,0.5117,0.0091,0.0205,98.0,51.17,0.06458360059244224,uncommon,6.458360059244224,,peak_abundance_with_occupancy_days_modifiers,0.5117
yewtan1,HN,0.1540935353374002,0.1666,0.1666,resident,0.5856,0.1969,0.1937,365.0,58.56,0.06426199554477263,fairly_common,6.426199554477263,,peak_abundance_with_occupancy_days_modifiers,0.5856
bawwar,HN,0.1533217649436496,0.1138,0.1657,nonbreeding,0.915,0.054,0.0731,98.0,91.5,0.06394014229183637,uncommon,6.394014229183637,,peak_abundance_with_occupancy_days_modifiers,0.915
yebfly,HN,0.15306437572683676,0.12013333333333333,0.1654,nonbreeding,0.8369,0.1834,0.2784,168.0,83.69,0.06383280265122208,uncommon,6.383280265122209,,peak_abundance_with_occupancy_days_modifiers,0.8369
magfri,HN,0.15263524642359425,0.14185,0.1649,prebreeding_migration,0.0402,0.0198,0.0177,140.0,4.02,0.06365384183166067,rare,6.365384183166068,rare,peak_abundance_with_occupancy_days_modifiers,0.0402
acowoo,HN,0.1479888777134493,0.1595,0.1595,resident,0.2944,0.057,0.0348,365.0,29.439999999999998,0.06171615557703009,uncommon,6.171615557703009,,peak_abundance_with_occupancy_days_modifiers,0.2944
yeofly1,HN,0.14626250697825208,0.1575,0.1575,resident,0.7946,0.0119,0.0225,365.0,79.46,0.06099620306084597,fairly_common,6.0996203060845975,,peak_abundance_with_occupancy_days_modifiers,0.7946
spbwre1,HN,0.14141275295032366,0.1519,0.1519,resident,0.4457,0.1207,0.0715,365.0,44.57,0.05897369854075959,uncommon,5.897369854075959,,peak_abundance_with_occupancy_days_modifiers,0.4457
norjac,HN,0.14019663049328351,0.1505,0.1505,resident,0.1345,0.0882,0.0979,365.0,13.450000000000001,0.058466536084235465,uncommon,5.846653608423546,,peak_abundance_with_occupancy_days_modifiers,0.1345
rtlhum,HN,0.13897902728145098,0.1491,0.1491,resident,0.3773,0.0658,0.0781,365.0,37.730000000000004,0.05795875610499907,uncommon,5.795875610499907,,peak_abundance_with_occupancy_days_modifiers,0.3773
libher,HN,0.13880496287718208,0.09917500000000001,0.1489,nonbreeding,0.227,0.0129,0.0269,133.0,22.7,0.057886165610224985,uncommon,5.788616561022499,,peak_abundance_with_occupancy_days_modifiers,0.227
sthspa1,HN,0.1384567431470159,0.1485,0.1485,resident,0.1591,0.0855,0.0996,365.0,15.909999999999998,0.05774094670341269,uncommon,5.774094670341269,,peak_abundance_with_occupancy_days_modifiers,0.1591
butsal1,HN,0.13697545502707772,0.1468,0.1468,resident,0.4191,0.0066,0.0165,365.0,41.91,0.05712320157636653,uncommon,5.712320157636653,,peak_abundance_with_occupancy_days_modifiers,0.4191
norsho,HN,0.13653936413882692,0.0729,0.1463,nonbreeding,0.0153,0.0005,0.0008,98.0,1.53,0.056941337550360994,rare,5.694133755036099,rare,peak_abundance_with_occupancy_days_modifiers,0.0153
yetvir,HN,0.13120368561534443,0.09396666666666668,0.1402,nonbreeding,0.8929,0.1283,0.1647,98.0,89.29,0.05471618677584211,uncommon,5.471618677584211,,peak_abundance_with_occupancy_days_modifiers,0.8929
barant1,HN,0.1306773236416162,0.1396,0.1396,resident,0.7396,0.0103,0.009,365.0,73.96000000000001,0.054496676783183366,fairly_common,5.449667678318336,,peak_abundance_with_occupancy_days_modifiers,0.7396
linwoo1,HN,0.13006288429816837,0.1389,0.1389,resident,0.8227,0.0088,0.0139,365.0,82.27,0.05424043567440021,fairly_common,5.424043567440021,,peak_abundance_with_occupancy_days_modifiers,0.8227
gubter2,HN,0.12981037191473774,0.10565231313732429,0.1386124499530126,nonbreeding,0.1005105791837006,0.0039812809363861,0.0056963824400822,140.0,10.05105791837006,0.05413512983127388,uncommon,5.413512983127388,,peak_abundance_with_occupancy_days_modifiers,0.1005105791837006
crebob1,HN,0.12874495589056226,0.1374,0.1374,resident,0.3521,0.0482,0.0341,365.0,35.21,0.05369081683885027,uncommon,5.369081683885027,,peak_abundance_with_occupancy_days_modifiers,0.3521
laugul,HN,0.1284811616485401,0.08057500000000001,0.1371,nonbreeding,0.0503,0.0236,0.0085,161.0,5.029999999999999,0.05358080609525583,uncommon,5.358080609525583,,peak_abundance_with_occupancy_days_modifiers,0.0503
reevir1,HN,0.126103876795726,0.107,0.1344,postbreeding_migration,0.947,0.0105,0.0088,126.0,94.69999999999999,0.05258940130799016,uncommon,5.258940130799016,,peak_abundance_with_occupancy_days_modifiers,0.947
whcman1,HN,0.12548662004141595,0.1337,0.1337,resident,0.2908,0.1886,0.2065,365.0,29.080000000000002,0.05233198524761741,uncommon,5.233198524761741,,peak_abundance_with_occupancy_days_modifiers,0.2908
altori,HN,0.12504548897422443,0.1332,0.1332,resident,0.3789,0.1125,0.0901,365.0,37.89,0.05214801930373503,uncommon,5.214801930373502,,peak_abundance_with_occupancy_days_modifiers,0.3789
goowoo1,HN,0.12425096233785679,0.1323,0.1323,resident,0.5636,0.0865,0.1248,365.0,56.36,0.05181667596052041,fairly_common,5.1816675960520415,,peak_abundance_with_occupancy_days_modifiers,0.5636
fepowl,HN,0.12336741395028407,0.1313,0.1313,resident,0.7055,0.0104,0.0194,365.0,70.55,0.05144820766351188,fairly_common,5.144820766351188,,peak_abundance_with_occupancy_days_modifiers,0.7055
orfpar,HN,0.12327901616017127,0.1312,0.1312,resident,0.106,0.0666,0.0546,365.0,10.6,0.05141134292170452,uncommon,5.1411342921704515,,peak_abundance_with_occupancy_days_modifiers,0.106
bugtan,HN,0.12239460821360591,0.1302,0.1302,resident,0.4115,0.0076,0.0059,365.0,41.15,0.0510425161607538,uncommon,5.104251616075381,,peak_abundance_with_occupancy_days_modifiers,0.4115
manswa1,HN,0.12168651825659926,0.1294,0.1294,resident,0.1615,0.1098,0.1099,365.0,16.150000000000002,0.050747219712639784,uncommon,5.074721971263978,,peak_abundance_with_occupancy_days_modifiers,0.1615
rewbla,HN,0.11955923505763925,0.107075,0.127,prebreeding_migration,0.0629,0.001,0.0005,126.0,6.29,0.049860073712940885,uncommon,4.986007371294089,,peak_abundance_with_occupancy_days_modifiers,0.0629
amered,HN,0.11920424747847654,0.08513333333333334,0.1266,nonbreeding,0.7295,0.0583,0.0427,119.0,72.95,0.049712032393876775,uncommon,4.971203239387678,,peak_abundance_with_occupancy_days_modifiers,0.7295
comyel,HN,0.1164488126432468,0.07213333333333333,0.1235,nonbreeding,0.5725,0.0363,0.0279,98.0,57.25,0.0485629268151272,uncommon,4.85629268151272,,peak_abundance_with_occupancy_days_modifiers,0.5725
amwpel,HN,0.11618175428940962,0.07160000000000001,0.1232,nonbreeding,0.0156,0.0063,0.0118,77.0,1.5599999999999998,0.04845155483117667,rare,4.845155483117667,rare,peak_abundance_with_occupancy_days_modifiers,0.0156
russpa1,HN,0.11618175428940962,0.1232,0.1232,resident,0.2906,0.1323,0.2735,365.0,29.060000000000002,0.04845155483117667,uncommon,4.845155483117667,,peak_abundance_with_occupancy_days_modifiers,0.2906
grawar,HN,0.11564742352596188,0.10125,0.1226,nonbreeding,0.5047,0.1746,0.3607,140.0,50.470000000000006,0.04822872159508454,uncommon,4.822872159508454,,peak_abundance_with_occupancy_days_modifiers,0.5047
woothr,HN,0.11511280710050457,0.06506666666666666,0.122,nonbreeding,0.6437,0.1916,0.1815,112.0,64.37,0.048005769228681335,uncommon,4.800576922868133,,peak_abundance_with_occupancy_days_modifiers,0.6437
eawpew,HN,0.11431034617741084,0.057999999999999996,0.1211,postbreeding_migration,0.983,0.0177,0.0127,126.0,98.3,0.047671117030899095,uncommon,4.76711170308991,,peak_abundance_with_occupancy_days_modifiers,0.983
yebori1,HN,0.11288215705667246,0.1195,0.1195,resident,0.2554,0.1121,0.1821,365.0,25.540000000000003,0.04707551590647145,uncommon,4.707551590647145,,peak_abundance_with_occupancy_days_modifiers,0.2554
cotfly1,HN,0.11243542932978817,0.119,0.119,resident,0.3777,0.008,0.0076,365.0,37.769999999999996,0.0468892159742134,uncommon,4.6889215974213405,,peak_abundance_with_occupancy_days_modifiers,0.3777
wbwwre1,HN,0.11037790746960938,0.1167,0.1167,resident,0.3205,0.0247,0.0902,365.0,32.05,0.04603116271245538,uncommon,4.603116271245538,,peak_abundance_with_occupancy_days_modifiers,0.3205
blsspa1,HN,0.10849559615329893,0.1146,0.1146,resident,0.3191,0.0757,0.094,365.0,31.91,0.04524617792280952,uncommon,4.524617792280952,,peak_abundance_with_occupancy_days_modifiers,0.3191
stbori,HN,0.10696922099724239,0.1129,0.1129,resident,0.2233,0.0624,0.0493,365.0,22.33,0.044609630041268694,uncommon,4.460963004126869,,peak_abundance_with_occupancy_days_modifiers,0.2233
dickci,HN,0.10517049760553963,0.0785,0.1109,postbreeding_migration,0.1697,0.01,0.0098,126.0,16.97,0.04385950412371617,uncommon,4.385950412371617,,peak_abundance_with_occupancy_days_modifiers,0.1697
phivir,HN,0.10156331540944123,0.06143333333333333,0.1069,nonbreeding,0.7851,0.2148,0.3542,112.0,78.51,0.04235519230617428,uncommon,4.235519230617428,,peak_abundance_with_occupancy_days_modifiers,0.7851
yebela1,HN,0.10147296893063379,0.1068,0.1068,resident,0.4245,0.0087,0.0079,365.0,42.449999999999996,0.04231751489806045,uncommon,4.2317514898060455,,peak_abundance_with_occupancy_days_modifiers,0.4245
gartro1,HN,0.1003881740312684,0.1056,0.1056,resident,0.5245,0.1445,0.1294,365.0,52.449999999999996,0.04186512028697325,fairly_common,4.186512028697325,,peak_abundance_with_occupancy_days_modifiers,0.5245
heptan,HN,0.10020726041702552,0.08172499999999999,0.1054,postbreeding_migration,0.4519,0.0169,0.0432,140.0,45.190000000000005,0.04178967344978435,uncommon,4.178967344978435,,peak_abundance_with_occupancy_days_modifiers,0.4519
cobtan1,HN,0.09930220107386233,0.1044,0.1044,resident,0.0817,0.0374,0.0582,365.0,8.17,0.04141223438752418,uncommon,4.141223438752418,,peak_abundance_with_occupancy_days_modifiers,0.0817
rtatan1,HN,0.09785240016750463,0.1028,0.1028,resident,0.3008,0.1295,0.0967,365.0,30.080000000000002,0.04080762044845677,uncommon,4.0807620448456765,,peak_abundance_with_occupancy_days_modifiers,0.3008
westan,HN,0.09767102717344615,0.038799999999999994,0.1026,nonbreeding,0.5717,0.0609,0.0779,140.0,57.17,0.040731982035004805,uncommon,4.07319820350048,,peak_abundance_with_occupancy_days_modifiers,0.5717
robgro,HN,0.09667288726026077,0.06796666666666666,0.1015,nonbreeding,0.8602,0.1047,0.1238,98.0,86.02,0.04031572536003307,uncommon,4.031572536003307,,peak_abundance_with_occupancy_days_modifiers,0.8602
rubpep1,HN,0.09521926658093391,0.0999,0.0999,resident,0.5341,0.005,0.0047,365.0,53.410000000000004,0.039709518451909724,fairly_common,3.970951845190972,,peak_abundance_with_occupancy_days_modifiers,0.5341
roahaw,HN,0.09503741533475173,0.0997,0.0997,resident,0.4536,0.0037,0.004,365.0,45.36,0.03963368059183081,uncommon,3.963368059183081,,peak_abundance_with_occupancy_days_modifiers,0.4536
lessca,HN,0.0925791812930932,0.05486666666666667,0.097,nonbreeding,0.0187,0.0083,0.0091,77.0,1.87,0.03860851737075749,rare,3.860851737075749,rare,peak_abundance_with_occupancy_days_modifiers,0.0187
wtmjay1,HN,0.0880108773227133,0.092,0.092,resident,0.1577,0.0822,0.0589,365.0,15.770000000000001,0.03670338664123712,uncommon,3.6703386641237126,,peak_abundance_with_occupancy_days_modifiers,0.1577
laufal1,HN,0.08736964613690709,0.0913,0.0913,resident,0.7781,0.0084,0.0115,365.0,77.81,0.03643597246636451,fairly_common,3.6435972466364506,,peak_abundance_with_occupancy_days_modifiers,0.7781
tubmot1,HN,0.08709470685093376,0.091,0.091,resident,0.3783,0.2177,0.1733,365.0,37.830000000000005,0.03632131387843859,uncommon,3.6321313878438586,,peak_abundance_with_occupancy_days_modifiers,0.3783
swathr,HN,0.08681969195256017,0.06806666666666666,0.0907,postbreeding_migration,0.8045,0.0601,0.0311,91.0,80.45,0.03620662375769256,uncommon,3.620662375769256,,peak_abundance_with_occupancy_days_modifiers,0.8045
bncfly,HN,0.08626943515217579,0.0629,0.0901,prebreeding_migration,0.6008,0.0086,0.0064,140.0,60.08,0.03597714884833083,uncommon,3.597714884833083,,peak_abundance_with_occupancy_days_modifiers,0.6008
grnher,HN,0.08626943515217579,0.074875,0.0901,postbreeding_migration,0.2402,0.0356,0.0475,119.0,24.02,0.03597714884833083,uncommon,3.597714884833083,,peak_abundance_with_occupancy_days_modifiers,0.2402
gryhaw2,HN,0.08571887540253752,0.075475,0.0895,prebreeding_migration,0.6723,0.0881,0.0849,154.0,67.23,0.03574754759931719,uncommon,3.574754759931719,,peak_abundance_with_occupancy_days_modifiers,0.6723
rotbec,HN,0.08516801236987823,0.07925,0.0889,breeding,0.7076,0.0677,0.0606,210.0,70.76,0.0355178198714601,fairly_common,3.55178198714601,,peak_abundance_with_occupancy_days_modifiers,0.7076
blfgro1,HN,0.08305355513528564,0.0866,0.0866,resident,0.1155,0.1713,0.2305,365.0,11.55,0.03463602271435367,uncommon,3.463602271435367,,peak_abundance_with_occupancy_days_modifiers,0.1155
orcori,HN,0.08250122151174369,0.06316666666666666,0.086,nonbreeding,0.3112,0.0599,0.0686,140.0,31.119999999999997,0.03440568170246397,uncommon,3.440568170246397,,peak_abundance_with_occupancy_days_modifiers,0.3112
blugrb1,HN,0.08157998699242287,0.06085,0.085,prebreeding_migration,0.5117,0.0628,0.0451,105.0,51.17,0.034021497067809006,uncommon,3.4021497067809006,,peak_abundance_with_occupancy_days_modifiers,0.5117
legcuc1,HN,0.08065790301745447,0.084,0.084,resident,0.2905,0.1797,0.2331,365.0,29.049999999999997,0.033636958182634,uncommon,3.3636958182634,,peak_abundance_with_occupancy_days_modifiers,0.2905
azchum1,HN,0.07955027875800906,0.0828,0.0828,resident,0.2266,0.4135,0.5821,365.0,22.66,0.033175042988917935,uncommon,3.3175042988917935,,peak_abundance_with_occupancy_days_modifiers,0.2266
gohtan1,HN,0.07945792133471552,0.0827,0.0827,resident,0.2334,0.1068,0.0948,365.0,23.34,0.033136526951816056,uncommon,3.3136526951816054,,peak_abundance_with_occupancy_days_modifiers,0.2334
cinhum1,HN,0.07945792133471552,0.0827,0.0827,resident,0.3374,0.1505,0.1375,365.0,33.739999999999995,0.033136526951816056,uncommon,3.3136526951816054,,peak_abundance_with_occupancy_days_modifiers,0.3374
blkski,HN,0.07733134293632346,0.0418,0.0804,nonbreeding,0.0126,0.0013,0.0115,140.0,1.26,0.03224967487678348,rare,3.224967487678348,rare,peak_abundance_with_occupancy_days_modifiers,0.0126
grcfly,HN,0.07714620917665369,0.04843333333333333,0.0802,nonbreeding,0.8216,0.0981,0.1192,133.0,82.16,0.03217246810225505,uncommon,3.2172468102255047,,peak_abundance_with_occupancy_days_modifiers,0.8216
whlgna2,HN,0.07659060216171254,0.0796,0.0796,resident,0.1722,0.1914,0.1941,365.0,17.22,0.03194076198012207,uncommon,3.194076198012207,,peak_abundance_with_occupancy_days_modifiers,0.1722
easblu,HN,0.07520023256293519,0.055325,0.0781,nonbreeding,0.1614,0.0052,0.0036,105.0,16.14,0.03136093282138036,uncommon,3.1360932821380363,,peak_abundance_with_occupancy_days_modifiers,0.1614
olbeup1,HN,0.07492192651725926,0.0778,0.0778,resident,0.2053,0.1762,0.1539,365.0,20.53,0.03124487018560432,uncommon,3.124487018560432,,peak_abundance_with_occupancy_days_modifiers,0.2053
amekes,HN,0.07436508195530679,0.04875,0.0772,nonbreeding,0.5357,0.0038,0.0042,105.0,53.56999999999999,0.031012647966281632,uncommon,3.101264796628163,,peak_abundance_with_occupancy_days_modifiers,0.5357
whiibi,HN,0.0739936799083263,0.0645,0.0768,nonbreeding,0.0745,0.0146,0.0065,105.0,7.449999999999999,0.030857761282449516,uncommon,3.0857761282449516,,peak_abundance_with_occupancy_days_modifiers,0.0745
norwat,HN,0.07306457085700514,0.05453333333333334,0.0758,nonbreeding,0.5989,0.036,0.0562,147.0,59.89,0.030470292712883183,uncommon,3.0470292712883182,,peak_abundance_with_occupancy_days_modifiers,0.5989
hoowar,HN,0.07269268539344065,0.04623333333333333,0.0754,nonbreeding,0.7213,0.1485,0.1129,119.0,72.13000000000001,0.0303152044286769,uncommon,3.03152044286769,,peak_abundance_with_occupancy_days_modifiers,0.7213
y00475,HN,0.07232066157962612,0.043975,0.075,nonbreeding,0.0246,0.0051,0.0013,112.0,2.46,0.030160058447935078,rare,3.016005844793508,rare,peak_abundance_with_occupancy_days_modifiers,0.0246
orcpar,HN,0.07129688188203376,0.0739,0.0739,resident,0.1447,0.0258,0.0105,365.0,14.469999999999999,0.029733109152356586,uncommon,2.9733109152356585,,peak_abundance_with_occupancy_days_modifiers,0.1447
screup1,HN,0.07017883462124651,0.0727,0.0727,resident,0.2602,0.063,0.0784,365.0,26.02,0.029266847229465112,uncommon,2.9266847229465114,,peak_abundance_with_occupancy_days_modifiers,0.2602
semsan,HN,0.06980587424396292,0.037375,0.0723,prebreeding_migration,0.0175,0.0242,0.0027,133.0,1.7500000000000002,0.029111310671420067,rare,2.9111310671420068,rare,peak_abundance_with_occupancy_days_modifiers,0.0175
brhpar1,HN,0.0697126124113003,0.0722,0.0722,resident,0.1127,0.1105,0.1145,365.0,11.27,0.029072417466316176,uncommon,2.907241746631618,,peak_abundance_with_occupancy_days_modifiers,0.1127
yebcac1,HN,0.06961934188005701,0.0721,0.0721,resident,0.4435,0.1171,0.1243,365.0,44.35,0.02903352063362238,uncommon,2.903352063362238,,peak_abundance_with_occupancy_days_modifiers,0.4435
pavpig2,HN,0.0687795153948257,0.0712,0.0712,resident,0.1284,0.0019,0.0032,365.0,12.839999999999998,0.028683285786104896,uncommon,2.8683285786104897,,peak_abundance_with_occupancy_days_modifiers,0.1284
willet1,HN,0.06812582904760042,0.04555,0.0705,nonbreeding,0.0244,0.017,0.0181,147.0,2.44,0.028410677405480193,rare,2.841067740548019,rare,peak_abundance_with_occupancy_days_modifiers,0.0244
cogdov,HN,0.0678455468950672,0.0702,0.0702,resident,0.1844,0.0092,0.0075,365.0,18.44,0.028293790669135736,uncommon,2.8293790669135737,,peak_abundance_with_occupancy_days_modifiers,0.1844
gybmar,HN,0.06747171511501267,0.04355,0.0698,prebreeding_migration,0.2301,0.0023,0.0023,112.0,23.01,0.028137890707909233,uncommon,2.813789070790923,,peak_abundance_with_occupancy_days_modifiers,0.2301
semplo,HN,0.0673782353299481,0.04835,0.0697,nonbreeding,0.034,0.0139,0.0134,161.0,3.4000000000000004,0.028098906609593934,rare,2.809890660959393,rare,peak_abundance_with_occupancy_days_modifiers,0.034
banswa,HN,0.06634938054153391,0.0315,0.0686,postbreeding_migration,0.2685,,,,26.85,0.02766984083675324,uncommon,2.766984083675324,,peak_abundance_with_occupancy_days_modifiers,0.2685
shbpig,HN,0.06616220225366876,0.0684,0.0684,resident,0.1479,0.121,0.1472,365.0,14.790000000000001,0.027591781427742143,uncommon,2.759178142774214,,peak_abundance_with_occupancy_days_modifiers,0.1479
leafly,HN,0.06597498892353289,0.0468,0.0682,nonbreeding,0.773,0.0677,0.0492,140.0,77.3,0.02751370740496909,uncommon,2.751370740496909,,peak_abundance_with_occupancy_days_modifiers,0.773
relhon1,HN,0.06569410319536247,0.0679,0.0679,resident,0.2528,0.007,0.0156,365.0,25.28,0.027396568958033257,uncommon,2.739656895803326,,peak_abundance_with_occupancy_days_modifiers,0.2528
lesgol,HN,0.06531946612064257,0.045,0.0675,nonbreeding,0.2754,0.0165,0.0075,105.0,27.54,0.02724033316284656,uncommon,2.724033316284656,,peak_abundance_with_occupancy_days_modifiers,0.2754
gowwar,HN,0.06428848988236187,0.03566666666666667,0.0664,nonbreeding,0.7111,0.212,0.3778,140.0,71.11,0.026810382676694836,uncommon,2.6810382676694835,,peak_abundance_with_occupancy_days_modifiers,0.7111
dusant1,HN,0.0641947120419968,0.0663,0.0663,resident,0.2385,0.0171,0.0235,365.0,23.849999999999998,0.026771274279664796,uncommon,2.6771274279664796,,peak_abundance_with_occupancy_days_modifiers,0.2385
ivbwoo1,HN,0.06344417255653478,0.0655,0.0655,resident,0.5217,0.136,0.0766,365.0,52.17,0.02645827500318428,fairly_common,2.6458275003184277,,peak_abundance_with_occupancy_days_modifiers,0.5217
ivbwoo,HN,0.06344417255653478,0.0655,0.0655,resident,0.5217,0.136,0.0766,365.0,52.17,0.02645827500318428,fairly_common,2.6458275003184277,,peak_abundance_with_occupancy_days_modifiers,0.5217
blkter,HN,0.06335031550076171,0.0347,0.0654,postbreeding_migration,0.0593,0.0016,0.0049,133.0,5.93,0.026419133570763118,uncommon,2.641913357076312,,peak_abundance_with_occupancy_days_modifiers,0.0593
yegvir,HN,0.06297479916138844,0.05043333333333333,0.065,breeding,0.5082,0.065,0.05,84.0,50.82,0.026262531093735417,uncommon,2.626253109373542,,peak_abundance_with_occupancy_days_modifiers,0.5082
ocbfly1,HN,0.062317306064861556,0.0643,0.0643,resident,0.3462,0.0081,0.0182,365.0,34.62,0.025988335175345916,uncommon,2.5988335175345916,,peak_abundance_with_occupancy_days_modifiers,0.3462
gycyel,HN,0.06156535565815483,0.0635,0.0635,resident,0.4119,0.1112,0.1183,365.0,41.19,0.02567474749900452,uncommon,2.5674747499004518,,peak_abundance_with_occupancy_days_modifiers,0.4119
ovenbi1,HN,0.061095099359810875,0.0407,0.063,nonbreeding,0.8714,0.0988,0.1009,112.0,87.14,0.025478635390323846,uncommon,2.5478635390323845,,peak_abundance_with_occupancy_days_modifiers,0.8714
spbori,HN,0.06043636880383069,0.0623,0.0623,resident,0.324,0.5936,0.6154,365.0,32.4,0.025203923411259235,uncommon,2.5203923411259233,,peak_abundance_with_occupancy_days_modifiers,0.324
coffal1,HN,0.05958879141165754,0.0614,0.0614,resident,0.5123,0.0098,0.0371,365.0,51.23,0.024850456184484095,fairly_common,2.4850456184484093,,peak_abundance_with_occupancy_days_modifiers,0.5123
buhvir,HN,0.058646195432733424,0.0323,0.0604,nonbreeding,0.4195,0.0382,0.0393,77.0,41.949999999999996,0.024457363129246533,uncommon,2.4457363129246534,,peak_abundance_with_occupancy_days_modifiers,0.4195
norben1,HN,0.05817456405107217,0.0599,0.0599,resident,0.4001,0.1597,0.097,365.0,40.01,0.024260677566281644,uncommon,2.4260677566281643,,peak_abundance_with_occupancy_days_modifiers,0.4001
sposan,HN,0.05770271012828925,0.054766666666666665,0.0594,nonbreeding,0.2205,0.0082,0.019,147.0,22.05,0.024063899196460504,uncommon,2.4063899196460503,,peak_abundance_with_occupancy_days_modifiers,0.2205
sthwoo1,HN,0.0573250666192694,0.059,0.059,resident,0.4479,0.0783,0.0588,365.0,44.79,0.02390640962078813,uncommon,2.390640962078813,,peak_abundance_with_occupancy_days_modifiers,0.4479
bkmtou1,HN,0.056947280441750125,0.0586,0.0586,resident,0.1808,0.0857,0.0802,365.0,18.08,0.02374886054773026,uncommon,2.374886054773026,,peak_abundance_with_occupancy_days_modifiers,0.1808
royter1,HN,0.056947280441750125,0.03765,0.0586,nonbreeding,0.0444,0.0246,0.0262,126.0,4.44,0.02374886054773026,rare,2.374886054773026,rare,peak_abundance_with_occupancy_days_modifiers,0.0444
meapar,HN,0.056474846927978946,0.0581,0.0581,resident,0.1145,0.0028,0.003,365.0,11.450000000000001,0.023551840469693323,uncommon,2.3551840469693324,,peak_abundance_with_occupancy_days_modifiers,0.1145
wewpew,HN,0.05590763193829598,0.0334,0.0575,postbreeding_migration,0.7655,0.0152,0.0119,133.0,76.55,0.023315293446094187,uncommon,2.3315293446094185,,peak_abundance_with_occupancy_days_modifiers,0.7655
grbher3,HN,0.05562390374799708,0.03515,0.0572,nonbreeding,0.1652,0.0089,0.0098,175.0,16.520000000000003,0.023196969600379286,uncommon,2.3196969600379287,,peak_abundance_with_occupancy_days_modifiers,0.1652
grasal2,HN,0.055245474225978516,0.0568,0.0568,resident,0.2958,0.07,0.0503,365.0,29.580000000000002,0.023039152231826364,uncommon,2.3039152231826363,,peak_abundance_with_occupancy_days_modifiers,0.2958
lesyel,HN,0.05420405401351211,0.039066666666666666,0.0557,nonbreeding,0.0755,0.0022,0.0037,147.0,7.55,0.022604846270144002,uncommon,2.2604846270144003,,peak_abundance_with_occupancy_days_modifiers,0.0755
whehum,HN,0.05410932564703195,0.050699999999999995,0.0556,nonbreeding,0.2144,0.0704,0.0696,161.0,21.44,0.022565341472935072,uncommon,2.2565341472935074,,peak_abundance_with_occupancy_days_modifiers,0.2144
tropar,HN,0.05382508669490746,0.04865,0.0553,nonbreeding,0.4385,0.0109,0.009,203.0,43.85,0.0224468046229946,uncommon,2.2446804622994603,,peak_abundance_with_occupancy_days_modifiers,0.4385
easmea,HN,0.05211795426210667,0.0432,0.0535,breeding,0.2289,0.0071,0.0039,119.0,22.89,0.021734875102065877,uncommon,2.173487510206588,,peak_abundance_with_occupancy_days_modifiers,0.2289
tropew4,HN,0.05157637183293211,0.0529295973848237,0.0529295973848237,resident,0.2418244832855559,0.0431678088531619,0.0592502963508546,365.0,24.18244832855559,0.021509017686473775,uncommon,2.1509017686473775,,peak_abundance_with_occupancy_days_modifiers,0.2418244832855559
purmar,HN,0.05126329393754153,0.018333333333333333,0.0526,postbreeding_migration,0.1575,0.0032,0.0011,98.0,15.75,0.021378454063057006,uncommon,2.1378454063057006,,peak_abundance_with_occupancy_days_modifiers,0.1575
noremt1,HN,0.05126329393754153,0.0526,0.0526,resident,0.1329,0.1962,0.2345,365.0,13.29,0.021378454063057006,uncommon,2.1378454063057006,,peak_abundance_with_occupancy_days_modifiers,0.1329
yeceup1,HN,0.05097824476462945,0.0523,0.0523,resident,0.2514,0.1545,0.0765,365.0,25.14,0.021259579324803986,uncommon,2.1259579324803988,,peak_abundance_with_occupancy_days_modifiers,0.2514
y00678,HN,0.050407902543845695,0.0517,0.0517,resident,0.2622,0.0027,0.0009,365.0,26.22,0.02102172814454035,uncommon,2.102172814454035,,peak_abundance_with_occupancy_days_modifiers,0.2622
caneme1,HN,0.04926624130291806,0.0505,0.0505,resident,0.3223,0.1417,0.161,365.0,32.23,0.020545618427039888,uncommon,2.054561842703989,,peak_abundance_with_occupancy_days_modifiers,0.3223
comnig,HN,0.04907583764659263,0.037700000000000004,0.0503,postbreeding_migration,0.3073,0.0056,0.0035,112.0,30.73,0.020466213934906583,uncommon,2.0466213934906583,,peak_abundance_with_occupancy_days_modifiers,0.3073
slcsol1,HN,0.04879016416943201,0.05,0.05,resident,0.083,0.2708,0.3855,365.0,8.3,0.020347078841559823,rare,2.0347078841559822,,peak_abundance_with_occupancy_days_modifiers,0.083
stther2,HN,0.04831386027855063,0.0495,0.0495,resident,0.2409,0.0802,0.0996,365.0,24.09,0.020148444690900907,rare,2.014844469090091,,peak_abundance_with_occupancy_days_modifiers,0.2409
rcatan1,HN,0.04783732941416013,0.049,0.049,resident,0.2078,0.0098,0.0327,365.0,20.78,0.019949715884936606,rare,1.9949715884936607,,peak_abundance_with_occupancy_days_modifiers,0.2078
towwar,HN,0.047646653467353035,0.027333333333333334,0.0488,nonbreeding,0.1798,0.0381,0.0381,112.0,17.98,0.019870197838852573,rare,1.9870197838852572,,peak_abundance_with_occupancy_days_modifiers,0.1798
brratt1,HN,0.04726519246711422,0.0484,0.0484,resident,0.2705,0.0054,0.0061,365.0,27.05,0.019711116245687915,rare,1.9711116245687914,,peak_abundance_with_occupancy_days_modifiers,0.2705
paibun,HN,0.04716980447638992,0.0201,0.0483,nonbreeding,0.4712,0.0605,0.0545,133.0,47.12,0.01967133636380301,rare,1.967133636380301,,peak_abundance_with_occupancy_days_modifiers,0.4712
blhtro1,HN,0.046597285376782184,0.0477,0.0477,resident,0.2234,0.0807,0.0457,365.0,22.34,0.019432577354557567,rare,1.9432577354557568,,peak_abundance_with_occupancy_days_modifiers,0.2234
bkbwar,HN,0.04621542379696299,0.02613333333333333,0.0473,postbreeding_migration,0.8667,0.0238,0.0232,98.0,86.67,0.019273328706732457,rare,1.9273328706732458,,peak_abundance_with_occupancy_days_modifiers,0.8667
shbdow,HN,0.044973365642731154,0.023475,0.046,nonbreeding,0.0307,0.0194,0.0131,147.0,3.0700000000000003,0.018755350224385226,rare,1.8755350224385225,rare,peak_abundance_with_occupancy_days_modifiers,0.0307
grepew,HN,0.04487775877808546,0.02975,0.0459,nonbreeding,0.2576,0.0458,0.0412,119.0,25.759999999999998,0.018715479064985458,rare,1.8715479064985459,,peak_abundance_with_occupancy_days_modifiers,0.2576
lobher,HN,0.04449523988655121,0.0455,0.0455,resident,0.1768,0.1161,0.1558,365.0,17.68,0.018555956296884,rare,1.8555956296883998,,peak_abundance_with_occupancy_days_modifiers,0.1768
trogna2,HN,0.04430392555652441,0.0453,0.0453,resident,0.3478,0.0828,0.0314,365.0,34.78,0.018476172024319115,rare,1.8476172024319115,,peak_abundance_with_occupancy_days_modifiers,0.3478
slaspi1,HN,0.0436972865053945,0.0446660725018829,0.0446660725018829,resident,0.2243245025535042,0.0770490573503221,0.070672813790876,365.0,22.43245025535042,0.01822318389009508,rare,1.822318389009508,,peak_abundance_with_occupancy_days_modifiers,0.2243245025535042
crfpar,HN,0.04363403702006131,0.0446,0.0446,resident,0.0494,0.0498,0.0411,365.0,4.9399999999999995,0.018196806805970252,rare,1.8196806805970251,rare,peak_abundance_with_occupancy_days_modifiers,0.0494
grcfly1,HN,0.04334680450336586,0.0443,0.0443,resident,0.1877,0.0131,0.0242,365.0,18.77,0.018077021542637954,rare,1.8077021542637954,,peak_abundance_with_occupancy_days_modifiers,0.1877
kenwar,HN,0.04325104199431494,0.033,0.0442,nonbreeding,0.5322,0.1913,0.2095,126.0,53.22,0.01803708547447967,rare,1.8037085474479668,,peak_abundance_with_occupancy_days_modifiers,0.5322
littin1,HN,0.04325104199431494,0.0442,0.0442,resident,0.2142,0.0048,0.0077,365.0,21.42,0.01803708547447967,rare,1.8037085474479668,,peak_abundance_with_occupancy_days_modifiers,0.2142
bubgro1,HN,0.04267627428043631,0.0436,0.0436,resident,0.2154,0.0914,0.1217,365.0,21.54,0.017797388720247442,rare,1.7797388720247442,,peak_abundance_with_occupancy_days_modifiers,0.2154
pabwoo1,HN,0.04238876649178663,0.0433,0.0433,resident,0.272,0.1067,0.0872,365.0,27.200000000000003,0.017677488659593694,rare,1.7677488659593694,,peak_abundance_with_occupancy_days_modifiers,0.272
shthaw,HN,0.042292912190251455,0.0432,0.0432,resident,0.7818,0.0185,0.0379,365.0,78.18,0.017637514310996184,uncommon,1.7637514310996183,,peak_abundance_with_occupancy_days_modifiers,0.7818
recman1,HN,0.04219704869978835,0.0431,0.0431,resident,0.1185,0.1124,0.1695,365.0,11.85,0.017597536130318087,rare,1.7597536130318088,,peak_abundance_with_occupancy_days_modifiers,0.1185
louwat,HN,0.04210117601863539,0.03153333333333333,0.043,nonbreeding,0.7397,0.069,0.0877,119.0,73.97,0.017557554116824615,rare,1.7557554116824616,,peak_abundance_with_occupancy_days_modifiers,0.7397
paired,HN,0.04210117601863539,0.025724999999999998,0.043,nonbreeding,0.2343,0.0571,0.0419,91.0,23.43,0.017557554116824615,rare,1.7557554116824616,,peak_abundance_with_occupancy_days_modifiers,0.2343
blcwoo1,HN,0.04181350281341039,0.0427,0.0427,resident,0.1404,0.083,0.0819,365.0,14.04,0.01743758507210097,rare,1.743758507210097,,peak_abundance_with_occupancy_days_modifiers,0.1404
comblh1,HN,0.0417175933518685,0.0295,0.0426,nonbreeding,0.7952,0.0639,0.1059,98.0,79.52,0.017397587719993945,rare,1.7397587719993945,,peak_abundance_with_occupancy_days_modifiers,0.7952
sltred,HN,0.04152574682849831,0.0424,0.0424,resident,0.1144,0.0222,0.0213,365.0,11.44,0.01731758150556646,rare,1.731758150556646,,peak_abundance_with_occupancy_days_modifiers,0.1144
rosspo1,HN,0.04152574682849831,0.020975,0.0424,postbreeding_migration,0.0922,0.0031,0.0048,189.0,9.22,0.01731758150556646,rare,1.731758150556646,,peak_abundance_with_occupancy_days_modifiers,0.0922
blgdov1,HN,0.041237908016244745,0.0421,0.0421,resident,0.1572,0.0032,0.0117,365.0,15.72,0.017197543397347654,rare,1.7197543397347654,,peak_abundance_with_occupancy_days_modifiers,0.1572
banwre1,HN,0.04114194333117518,0.042,0.042,resident,0.1141,0.0949,0.0687,365.0,11.41,0.01715752301524082,rare,1.715752301524082,,peak_abundance_with_occupancy_days_modifiers,0.1141
triher,HN,0.04075799247216774,0.034375,0.0416,nonbreeding,0.0872,0.0394,0.0366,196.0,8.72,0.016997403070319574,rare,1.6997403070319574,,peak_abundance_with_occupancy_days_modifiers,0.0872
santer1,HN,0.04056596174666165,0.032475,0.0414,prebreeding_migration,0.0327,0.0137,0.0116,133.0,3.27,0.016917320037634843,rare,1.6917320037634842,rare,peak_abundance_with_occupancy_days_modifiers,0.0327
crowoo1,HN,0.04056596174666165,0.0414,0.0414,resident,0.1781,0.1253,0.1445,365.0,17.810000000000002,0.016917320037634843,rare,1.6917320037634842,,peak_abundance_with_occupancy_days_modifiers,0.1781
sander,HN,0.04037389413827326,0.027666666666666662,0.0412,nonbreeding,0.0242,0.007,0.0043,77.0,2.42,0.01683722162359342,rare,1.683722162359342,rare,peak_abundance_with_occupancy_days_modifiers,0.0242
treswa,HN,0.04027784649857016,0.016066666666666667,0.0411,nonbreeding,0.0154,0.003,0.0014,84.0,1.54,0.016797166646717387,rare,1.6797166646717387,rare,peak_abundance_with_occupancy_days_modifiers,0.0154
killde,HN,0.04018178963283183,0.022366666666666663,0.041,nonbreeding,0.0953,0.0051,0.0018,70.0,9.53,0.016757107822285816,rare,1.6757107822285815,,peak_abundance_with_occupancy_days_modifiers,0.0953
tbsfin1,HN,0.03825871211709034,0.039,0.039,resident,0.2153,0.0799,0.0876,365.0,21.529999999999998,0.015955122207001946,rare,1.5955122207001946,,peak_abundance_with_occupancy_days_modifiers,0.2153
grnkin,HN,0.03777736433402994,0.0385,0.0385,resident,0.3311,0.006,0.0094,365.0,33.11,0.01575438458992553,rare,1.5754384589925527,,peak_abundance_with_occupancy_days_modifiers,0.3311
macwar,HN,0.037295784743696894,0.021599999999999998,0.038,nonbreeding,0.3611,0.0494,0.0463,119.0,36.11,0.01555355030170785,rare,1.555355030170785,,peak_abundance_with_occupancy_days_modifiers,0.3611
rudtur,HN,0.03719944098910626,0.025725,0.0379,nonbreeding,0.0247,0.0042,0.0071,119.0,2.4699999999999998,0.01551337183533213,rare,1.551337183533213,rare,peak_abundance_with_occupancy_days_modifiers,0.0247
rethaw,HN,0.03700672562909567,0.0242,0.0377,nonbreeding,0.5106,0.0068,0.002,112.0,51.06,0.015433003287882741,rare,1.543300328788274,,peak_abundance_with_occupancy_days_modifiers,0.5106
eleeup1,HN,0.03623549258209542,0.0369,0.0369,resident,0.2276,0.0945,0.0866,365.0,22.759999999999998,0.015111374125946762,rare,1.5111374125946762,,peak_abundance_with_occupancy_days_modifiers,0.2276
grehon1,HN,0.03575316970581786,0.0364,0.0364,resident,0.1847,0.0052,0.0089,365.0,18.47,0.014910229863414132,rare,1.4910229863414133,,peak_abundance_with_occupancy_days_modifiers,0.1847
obnthr1,HN,0.03498096889524552,0.0356,0.0356,resident,0.1352,0.0456,0.0616,365.0,13.52,0.014588197112721444,rare,1.4588197112721444,,peak_abundance_with_occupancy_days_modifiers,0.1352
bkbplo,HN,0.0344014267173324,0.025025000000000002,0.035,nonbreeding,0.0245,0.0044,0.0038,140.0,2.45,0.014346509252335056,rare,1.4346509252335056,rare,peak_abundance_with_occupancy_days_modifiers,0.0245
olsfly,HN,0.03362818097998405,0.020566666666666667,0.0342,postbreeding_migration,0.7583,0.0324,0.0274,98.0,75.83,0.014024040733330106,rare,1.4024040733330105,,peak_abundance_with_occupancy_days_modifiers,0.7583
lobgna5,HN,0.03343477608623739,0.034,0.034,resident,0.2002,0.0054,0.0067,365.0,20.02,0.013943384627977793,rare,1.3943384627977793,,peak_abundance_with_occupancy_days_modifiers,0.2002
blhsis1,HN,0.033144598592302024,0.0337,0.0337,resident,0.0726,0.0608,0.1017,365.0,7.26,0.013822371213744447,rare,1.3822371213744447,,peak_abundance_with_occupancy_days_modifiers,0.0726
buwwar,HN,0.033144598592302024,0.018333333333333333,0.0337,nonbreeding,0.8201,0.1908,0.2573,119.0,82.01,0.013822371213744447,rare,1.3822371213744447,,peak_abundance_with_occupancy_days_modifiers,0.8201
scamac1,HN,0.03275756423817219,0.0333,0.0333,resident,0.0682,0.0018,0.0035,365.0,6.819999999999999,0.01366096535147836,rare,1.366096535147836,,peak_abundance_with_occupancy_days_modifiers,0.0682
coltro1,HN,0.032370380030450716,0.0329,0.0329,resident,0.1674,0.0057,0.0157,365.0,16.74,0.0134994969954105,rare,1.34994969954105,,peak_abundance_with_occupancy_days_modifiers,0.1674
batpig1,HN,0.03207989346341168,0.026025,0.0326,breeding,0.0738,0.0093,0.0063,112.0,7.380000000000001,0.013378354687681606,rare,1.3378354687681606,,peak_abundance_with_occupancy_days_modifiers,0.0738
wnbfin1,HN,0.03198304585305077,0.0325,0.0325,resident,0.0755,0.1093,0.1856,365.0,7.55,0.013337966097129075,rare,1.3337966097129075,,peak_abundance_with_occupancy_days_modifiers,0.0755
snowca1,HN,0.031715269714979726,0.0322235581513588,0.0322235581513588,resident,0.4240997239348731,0.4427776884991574,0.5258396695811512,365.0,42.40997239348731,0.01322629477390297,rare,1.3226294773902971,,peak_abundance_with_occupancy_days_modifiers,0.4240997239348731
norfli,HN,0.03159556158975056,0.027975,0.0321,breeding,0.1227,0.002,0.0012,112.0,12.27,0.013176372608165746,rare,1.3176372608165745,,peak_abundance_with_occupancy_days_modifiers,0.1227
chispa,HN,0.03130484982841249,0.016875,0.0318,nonbreeding,0.0991,0.0039,0.0008,147.0,9.91,0.013055136387119784,rare,1.3055136387119783,,peak_abundance_with_occupancy_days_modifiers,0.0991
greyel,HN,0.030820142339886263,0.015000000000000001,0.0313,nonbreeding,0.0537,0.0032,0.0044,182.0,5.37,0.012852997664038477,rare,1.2852997664038477,,peak_abundance_with_occupancy_days_modifiers,0.0537
viosab1,HN,0.03072317264284058,0.0312,0.0312,resident,0.1008,0.1906,0.3428,365.0,10.08,0.012812558159383744,rare,1.2812558159383745,,peak_abundance_with_occupancy_days_modifiers,0.1008
amakin1,HN,0.03072317264284058,0.0312,0.0312,resident,0.2081,0.004,0.0058,365.0,20.810000000000002,0.012812558159383744,rare,1.2812558159383745,,peak_abundance_with_occupancy_days_modifiers,0.2081
nobtyr,HN,0.030335199796072947,0.0274,0.0308,breeding,0.6068,0.0503,0.0309,210.0,60.68,0.012650760915288583,uncommon,1.2650760915288584,,peak_abundance_with_occupancy_days_modifiers,0.6068
plukit1,HN,0.030141156911986842,0.017166666666666667,0.0306,breeding,0.4072,0.0072,0.0051,98.0,40.72,0.012569838747299309,rare,1.256983874729931,,peak_abundance_with_occupancy_days_modifiers,0.4072
wilplo,HN,0.030141156911986842,0.019525,0.0306,postbreeding_migration,0.0166,0.0133,0.0676,119.0,1.66,0.012569838747299309,rare,1.256983874729931,rare,peak_abundance_with_occupancy_days_modifiers,0.0166
yenpar1,HN,0.029752958149347798,0.0302,0.0302,resident,0.0617,0.1304,0.1199,365.0,6.17,0.01240794728896803,rare,1.240794728896803,,peak_abundance_with_occupancy_days_modifiers,0.0617
ycnher,HN,0.029752958149347798,0.015725000000000003,0.0302,nonbreeding,0.1256,0.0258,0.0412,147.0,12.559999999999999,0.01240794728896803,rare,1.240794728896803,,peak_abundance_with_occupancy_days_modifiers,0.1256
kinvul1,HN,0.029170377299779858,0.0296,0.0296,resident,0.1844,0.0035,0.0065,365.0,18.44,0.01216499220407477,rare,1.216499220407477,,peak_abundance_with_occupancy_days_modifiers,0.1844
whbeme1,HN,0.028587456851912555,0.029,0.029,resident,0.2194,0.1146,0.0757,365.0,21.94,0.011921895495690513,rare,1.1921895495690513,,peak_abundance_with_occupancy_days_modifiers,0.2194
whfnun1,HN,0.02848796383456287,0.028897626777942,0.028897626777942,resident,0.1616422276064122,0.0036792986917856,0.002835912689617,365.0,16.16422276064122,0.01188040368473517,rare,1.188040368473517,,peak_abundance_with_occupancy_days_modifiers,0.1616422276064122
tromoc,HN,0.028198654358678774,0.0286,0.0286,resident,0.102,0.0096,0.0055,365.0,10.2,0.011759752262145538,rare,1.1759752262145537,,peak_abundance_with_occupancy_days_modifiers,0.102
orbspa1,HN,0.027615167032973367,0.028,0.028,resident,0.1338,0.0843,0.101,365.0,13.38,0.0115164191473409,rare,1.15164191473409,,peak_abundance_with_occupancy_days_modifiers,0.1338
herwar,HN,0.027323295648890352,0.013233333333333333,0.0277,nonbreeding,0.1681,0.0761,0.083,133.0,16.81,0.01139469932604847,rare,1.139469932604847,,peak_abundance_with_occupancy_days_modifiers,0.1681
blkpho,HN,0.027323295648890352,0.020575,0.0277,postbreeding_migration,0.3881,0.0204,0.0059,112.0,38.81,0.01139469932604847,rare,1.139469932604847,,peak_abundance_with_occupancy_days_modifiers,0.3881
moudov,HN,0.027323295648890352,0.014975,0.0277,nonbreeding,0.1484,0.0028,0.0004,105.0,14.84,0.01139469932604847,rare,1.139469932604847,,peak_abundance_with_occupancy_days_modifiers,0.1484
yerwar,HN,0.027225986253591457,0.010466666666666666,0.0276,nonbreeding,0.3396,0.0082,0.0005,91.0,33.96,0.01135411815621893,rare,1.135411815621893,,peak_abundance_with_occupancy_days_modifiers,0.3396
rinkin1,HN,0.02712866738825262,0.0275,0.0275,resident,0.1432,0.0025,0.0036,365.0,14.32,0.011313533037075985,rare,1.1313533037075985,,peak_abundance_with_occupancy_days_modifiers,0.1432
fuwduc,HN,0.026934001240080944,0.02485,0.0273,nonbreeding,0.0179,,,,1.79,0.01123235094777461,rare,1.1232350947774612,rare,peak_abundance_with_occupancy_days_modifiers,0.0179
gcrwar,HN,0.02673929718962161,0.0271,0.0271,resident,0.105,0.0043,0.0034,365.0,10.5,0.011151153051991488,rare,1.1151153051991487,,peak_abundance_with_occupancy_days_modifiers,0.105
rawwre1,HN,0.02673929718962161,0.0271,0.0271,resident,0.2297,0.1647,0.108,365.0,22.97,0.011151153051991488,rare,1.1151153051991487,,peak_abundance_with_occupancy_days_modifiers,0.2297
gnbman,HN,0.02615495747685121,0.0195,0.0265,breeding,0.2727,0.1149,0.1101,280.0,27.27,0.010907464464170718,rare,1.0907464464170717,,peak_abundance_with_occupancy_days_modifiers,0.2727
strcuc1,HN,0.02615495747685121,0.0265,0.0265,resident,0.4987,0.0074,0.0034,365.0,49.87,0.010907464464170718,rare,1.0907464464170717,,peak_abundance_with_occupancy_days_modifiers,0.4987
crctan1,HN,0.025960101669531634,0.0263,0.0263,resident,0.1279,0.3584,0.3309,365.0,12.790000000000001,0.010826203280861342,rare,1.0826203280861342,,peak_abundance_with_occupancy_days_modifiers,0.1279
bkttro7,HN,0.025813845491633354,0.0261499082608126,0.0261499082608126,resident,0.3002017963105267,0.2887122820721273,0.2072488431661707,365.0,30.020179631052667,0.01076520971723183,rare,1.0765209717231832,,peak_abundance_with_occupancy_days_modifiers,0.3002017963105267
greela,HN,0.025765207886026414,0.0195,0.0261,nonbreeding,0.6078,0.0098,0.0111,154.0,60.78,0.010744926260252448,rare,1.0744926260252448,,peak_abundance_with_occupancy_days_modifiers,0.6078
rubsee1,HN,0.025082780367463153,0.0254,0.0254,resident,0.0142,0.0016,0.0107,365.0,1.4200000000000002,0.01046033188021233,rare,1.046033188021233,rare,peak_abundance_with_occupancy_days_modifiers,0.0142
lyhvul1,HN,0.0249852526939085,0.0253,0.0253,resident,0.0806,0.0018,0.0025,365.0,8.06,0.010419659681279796,rare,1.0419659681279796,,peak_abundance_with_occupancy_days_modifiers,0.0806
grrswi1,HN,0.024497471600387438,0.0248,0.0248,resident,0.0607,0.0018,0.0035,365.0,6.069999999999999,0.010216239165357105,rare,1.0216239165357104,,peak_abundance_with_occupancy_days_modifiers,0.0607
paltyr3,HN,0.023618865598633996,0.0239,0.0239,resident,0.2275,0.1782,0.1067,365.0,22.75,0.00984983200332621,rare,0.984983200332621,,peak_abundance_with_occupancy_days_modifiers,0.2275
whnjac1,HN,0.023521195041345824,0.0238,0.0238,resident,0.1339,0.0035,0.0089,365.0,13.389999999999999,0.00980910021724859,rare,0.980910021724859,,peak_abundance_with_occupancy_days_modifiers,0.1339
bcnher,HN,0.023423514943588058,0.0202,0.0237,postbreeding_migration,0.1038,0.0014,0.0008,112.0,10.38,0.00976836445248612,rare,0.976836445248612,,peak_abundance_with_occupancy_days_modifiers,0.1038
slttro1,HN,0.02332582530349669,0.0236,0.0236,resident,0.102,0.0825,0.0947,365.0,10.2,0.009727624708261448,rare,0.9727624708261449,,peak_abundance_with_occupancy_days_modifiers,0.102
honeme1,HN,0.023275202218639865,0.0235481835219066,0.0235481835219066,resident,0.1305027189441999,1.0,1.0,365.0,13.050271894419991,0.00970651324212234,rare,0.970651324212234,,peak_abundance_with_occupancy_days_modifiers,0.1305027189441999
scatan,HN,0.023032699110572687,0.0187,0.0233,postbreeding_migration,0.6975,0.0202,0.0154,77.0,69.75,0.009605381591037278,rare,0.9605381591037278,,peak_abundance_with_occupancy_days_modifiers,0.6975
babwre1,HN,0.022881119650274232,0.0231449004935233,0.0231449004935233,resident,0.1799519107321449,0.0599090899471017,0.0588607638935836,365.0,17.99519107321449,0.009542168046218198,rare,0.9542168046218198,,peak_abundance_with_occupancy_days_modifiers,0.1799519107321449
burwar1,HN,0.02273948696948943,0.023,0.023,resident,0.2026,0.0193,0.02,365.0,20.26,0.009483102630646627,rare,0.9483102630646627,,peak_abundance_with_occupancy_days_modifiers,0.2026
pirfly1,HN,0.022543964434894502,0.013366666666666666,0.0228,prebreeding_migration,0.2958,0.0056,0.0043,91.0,29.580000000000002,0.009401563400467184,rare,0.9401563400467183,,peak_abundance_with_occupancy_days_modifiers,0.2958
norfli1,HN,0.022364873522905674,0.0226168422166546,0.0226168422166546,resident,0.181379217056646,0.3578936327771498,0.1898998116784424,365.0,18.1379217056646,0.009326876689158164,rare,0.9326876689158164,,peak_abundance_with_occupancy_days_modifiers,0.181379217056646
osprey,HN,0.022348403663761812,0.015425,0.0226,nonbreeding,0.1342,0.0025,0.0056,147.0,13.420000000000002,0.009320008224412958,rare,0.9320008224412958,,peak_abundance_with_occupancy_days_modifiers,0.1342
scbhum1,HN,0.022295659791792658,0.022546065538893,0.022546065538893,resident,0.2170704551285031,0.1497946866972683,0.1373196934456726,365.0,21.70704551285031,0.009298012321352678,rare,0.9298012321352679,,peak_abundance_with_occupancy_days_modifiers,0.2170704551285031
anhing,HN,0.02185933435289352,0.018075,0.0221,prebreeding_migration,0.1424,0.0029,0.0047,105.0,14.24,0.009116050480129367,rare,0.9116050480129367,,peak_abundance_with_occupancy_days_modifiers,0.1424
yebcha,HN,0.02185933435289352,0.014433333333333334,0.0221,postbreeding_migration,0.5401,0.0727,0.0303,133.0,54.010000000000005,0.009116050480129367,rare,0.9116050480129367,,peak_abundance_with_occupancy_days_modifiers,0.5401
brbsol1,HN,0.02185933435289352,0.0221,0.0221,resident,0.04,0.0167,0.0173,365.0,4.0,0.009116050480129367,rare,0.9116050480129367,rare,peak_abundance_with_occupancy_days_modifiers,0.04
bkcori,HN,0.021370025736192483,0.0216,0.0216,resident,0.1268,0.0888,0.0787,365.0,12.68,0.008911992937562067,rare,0.8911992937562067,,peak_abundance_with_occupancy_days_modifiers,0.1268
woewar1,HN,0.021076325601916215,0.0129,0.0213,nonbreeding,0.4862,0.1198,0.1435,133.0,48.620000000000005,0.008789510468203225,rare,0.8789510468203224,,peak_abundance_with_occupancy_days_modifiers,0.4862
canwar,HN,0.020880477579355235,0.011466666666666667,0.0211,postbreeding_migration,0.7546,0.0274,0.025,63.0,75.46000000000001,0.008707835498998829,rare,0.8707835498998829,,peak_abundance_with_occupancy_days_modifiers,0.7546
btther1,HN,0.020782539182528505,0.021,0.021,resident,0.1438,0.0719,0.0671,365.0,14.38,0.008666992015157925,rare,0.8666992015157925,,peak_abundance_with_occupancy_days_modifiers,0.1438
webwoo1,HN,0.020684591192832683,0.0209,0.0209,resident,0.1467,0.0031,0.0026,365.0,14.67,0.008626144530779884,rare,0.8626144530779885,,peak_abundance_with_occupancy_days_modifiers,0.1467
olitan1,HN,0.02058663360838838,0.0208,0.0208,resident,0.0647,0.1666,0.2371,365.0,6.47,0.008585293045080938,rare,0.8585293045080938,,peak_abundance_with_occupancy_days_modifiers,0.0647
zothaw,HN,0.02058663360838838,0.013425000000000001,0.0208,nonbreeding,0.8637,0.0275,0.0458,126.0,86.37,0.008585293045080938,rare,0.8585293045080938,,peak_abundance_with_occupancy_days_modifiers,0.8637
rucspa1,HN,0.020292703267762432,0.0205,0.0205,resident,0.0248,0.0004,0.0002,365.0,2.48,0.00846271457221757,rare,0.846271457221757,rare,peak_abundance_with_occupancy_days_modifiers,0.0248
mouela1,HN,0.020194707285519278,0.0204,0.0204,resident,0.0687,0.0778,0.1091,365.0,6.87,0.008421847073392743,rare,0.8421847073392743,,peak_abundance_with_occupancy_days_modifiers,0.0687
cocwoo1,HN,0.02009670169912241,0.0203,0.0203,resident,0.1575,0.0648,0.0499,365.0,15.75,0.008380975569324727,rare,0.8380975569324727,,peak_abundance_with_occupancy_days_modifiers,0.1575
oliwoo1,HN,0.019704583274335403,0.0199,0.0199,resident,0.2076,0.0031,0.0027,365.0,20.76,0.00821744948491431,rare,0.821744948491431,,peak_abundance_with_occupancy_days_modifiers,0.2076
batfal1,HN,0.019312311032372815,0.0195,0.0195,resident,0.2421,0.0053,0.0069,365.0,24.21,0.00805385925375932,rare,0.8053859253759321,,peak_abundance_with_occupancy_days_modifiers,0.2421
gretin1,HN,0.01911611719223005,0.0193,0.0193,resident,0.0958,0.0029,0.0048,365.0,9.58,0.007972040067421885,rare,0.7972040067421885,,peak_abundance_with_occupancy_days_modifiers,0.0958
grhcha1,HN,0.018919884852510872,0.0191,0.0191,resident,0.1619,0.1567,0.0654,365.0,16.189999999999998,0.00789020482551394,rare,0.789020482551394,,peak_abundance_with_occupancy_days_modifiers,0.1619
pecsan,HN,0.018330956684723457,0.01065,0.0185,prebreeding_migration,0.0674,0.0018,0.001,112.0,6.74,0.007644602703324481,rare,0.764460270332448,,peak_abundance_with_occupancy_days_modifiers,0.0674
slcsee1,HN,0.017755817301418463,0.0179143889582332,0.0179143889582332,resident,0.2602731060416308,0.0237707078463867,0.1115977215895181,365.0,26.027310604163077,0.007404750950902534,rare,0.7404750950902533,,peak_abundance_with_occupancy_days_modifiers,0.2602731060416308
grsvir1,HN,0.017643435172595243,0.0178,0.0178,resident,0.1,0.1648,0.147,365.0,10.0,0.00735788396296607,rare,0.735788396296607,,peak_abundance_with_occupancy_days_modifiers,0.1
giacow,HN,0.017545179215748816,0.0177,0.0177,resident,0.3029,0.0082,0.0048,365.0,30.29,0.007316908046310731,rare,0.731690804631073,,peak_abundance_with_occupancy_days_modifiers,0.3029
purgal2,HN,0.017446913603720648,0.01175,0.0176,breeding,0.1682,0.0043,0.0048,112.0,16.82,0.007275928103131861,rare,0.7275928103131861,,peak_abundance_with_occupancy_days_modifiers,0.1682
shihon1,HN,0.01715205881756557,0.0173,0.0173,resident,0.1296,0.2293,0.1583,365.0,12.959999999999999,0.007152964106538737,rare,0.7152964106538737,,peak_abundance_with_occupancy_days_modifiers,0.1296
bltgol1,HN,0.016955440649413473,0.0171,0.0171,resident,0.1732,0.1942,0.1975,365.0,17.32,0.007070967961676732,rare,0.7070967961676732,,peak_abundance_with_occupancy_days_modifiers,0.1732
yelfly1,HN,0.0168571170664229,0.017,0.017,resident,0.0685,0.2398,0.2572,365.0,6.8500000000000005,0.007029963842728778,rare,0.7029963842728778,,peak_abundance_with_occupancy_days_modifiers,0.0685
ccbfin,HN,0.01666044089310724,0.0168,0.0168,resident,0.0619,0.0506,0.072,365.0,6.1899999999999995,0.006947943507834789,rare,0.6947943507834788,,peak_abundance_with_occupancy_days_modifiers,0.0619
manrai1,HN,0.016627217127479523,0.0167662186362849,0.0167662186362849,resident,0.1539380905201232,0.0229276199181803,0.0450450066243078,365.0,15.393809052012319,0.006934088121402979,rare,0.6934088121402979,,peak_abundance_with_occupancy_days_modifiers,0.1539380905201232
vesowl,HN,0.015643474587889516,0.0157664742803453,0.0157664742803453,resident,0.5673455602761085,0.1609463499433518,0.0335126945748109,365.0,56.73455602761085,0.006523835617572026,uncommon,0.6523835617572026,,peak_abundance_with_occupancy_days_modifiers,0.5673455602761085
whihaw1,HN,0.015479570848386318,0.0156,0.0156,resident,0.1139,0.0076,0.0208,365.0,11.39,0.006455482449123619,rare,0.6455482449123618,,peak_abundance_with_occupancy_days_modifiers,0.1139
hamfly,HN,0.015479570848386318,0.007966666666666665,0.0156,nonbreeding,0.2821,0.0484,0.0431,126.0,28.21,0.006455482449123619,rare,0.6455482449123618,,peak_abundance_with_occupancy_days_modifiers,0.2821
blcchl1,HN,0.015282623531156904,0.0154,0.0154,resident,0.0524,0.3338,0.3422,365.0,5.24,0.0063733490384348555,rare,0.6373349038434856,,peak_abundance_with_occupancy_days_modifiers,0.0524
hofwoo1,HN,0.015282623531156904,0.0154,0.0154,resident,0.0345,0.0433,0.0296,365.0,3.45,0.0063733490384348555,rare,0.6373349038434856,rare,peak_abundance_with_occupancy_days_modifiers,0.0345
amewig,HN,0.015282623531156904,0.008733333333333334,0.0154,nonbreeding,0.0075,0.0009,0.0008,84.0,0.75,0.0063733490384348555,very_rare,0.6373349038434856,very_rare,peak_abundance_with_occupancy_days_modifiers,0.0075
scapig2,HN,0.015085637418040853,0.0152,0.0152,resident,0.0817,0.0022,0.003,365.0,8.17,0.006291199448604711,rare,0.6291199448604711,,peak_abundance_with_occupancy_days_modifiers,0.0817
stthum1,HN,0.015085637418040853,0.0152,0.0152,resident,0.0961,0.3374,0.4811,365.0,9.610000000000001,0.006291199448604711,rare,0.6291199448604711,,peak_abundance_with_occupancy_days_modifiers,0.0961
acafly,HN,0.015085637418040853,0.0078000000000000005,0.0152,postbreeding_migration,0.8354,0.04,0.0129,77.0,83.54,0.006291199448604711,rare,0.6291199448604711,,peak_abundance_with_occupancy_days_modifiers,0.8354
prowar,HN,0.015085637418040853,0.009333333333333334,0.0152,postbreeding_migration,0.2032,0.0348,0.0202,105.0,20.32,0.006291199448604711,rare,0.6291199448604711,,peak_abundance_with_occupancy_days_modifiers,0.2032
fotfly,HN,0.014987129808248345,0.008225,0.0151,nonbreeding,0.1437,0.0094,0.0009,126.0,14.37,0.0062501185845193685,rare,0.6250118584519369,,peak_abundance_with_occupancy_days_modifiers,0.1437
broher,HN,0.014934897187564092,0.0150469800514409,0.0150469800514409,resident,0.3188618438700823,0.1127155707960866,0.1416290909275752,365.0,31.88618438700823,0.006228335889805148,rare,0.6228335889805148,,peak_abundance_with_occupancy_days_modifiers,0.3188618438700823
thitin1,HN,0.01479008547263543,0.0149,0.0149,resident,0.1204,0.0538,0.0337,365.0,12.04,0.0061679447140221225,rare,0.6167944714022122,,peak_abundance_with_occupancy_days_modifiers,0.1204
blfant1,HN,0.01479008547263543,0.0149,0.0149,resident,0.0993,0.0036,0.0043,365.0,9.93,0.0061679447140221225,rare,0.6167944714022122,,peak_abundance_with_occupancy_days_modifiers,0.0993
scrcac1,HN,0.014691548742989757,0.0148,0.0148,resident,0.0837,0.0625,0.0433,365.0,8.37,0.006126851706014866,rare,0.6126851706014866,,peak_abundance_with_occupancy_days_modifiers,0.0837
caster1,HN,0.014691548742989757,0.0070999999999999995,0.0148,nonbreeding,0.0559,0.0046,0.0017,126.0,5.59,0.006126851706014866,rare,0.6126851706014866,,peak_abundance_with_occupancy_days_modifiers,0.0559
grcdov1,HN,0.014691548742989757,0.0148,0.0148,resident,0.1154,0.1458,0.1803,365.0,11.540000000000001,0.006126851706014866,rare,0.6126851706014866,,peak_abundance_with_occupancy_days_modifiers,0.1154
yehpar,HN,0.014476102114146563,0.0145813883114712,0.0145813883114712,resident,0.0241898336434261,0.0009273429350037916,0.0035627256109247,365.0,2.41898336434261,0.00603700348316411,rare,0.6037003483164111,rare,peak_abundance_with_occupancy_days_modifiers,0.0241898336434261
grnpar,HN,0.014395880283732383,0.0145,0.0145,resident,0.0184,0.1589,0.0814,365.0,1.8399999999999999,0.006003548381382055,rare,0.6003548381382056,rare,peak_abundance_with_occupancy_days_modifiers,0.0184
cregua1,HN,0.014297304700824425,0.0144,0.0144,resident,0.0637,0.038,0.0421,365.0,6.370000000000001,0.005962439170305915,rare,0.5962439170305915,,peak_abundance_with_occupancy_days_modifiers,0.0637
nobwoo1,HN,0.014297304700824425,0.0144,0.0144,resident,0.15,0.1214,0.1074,365.0,15.0,0.005962439170305915,rare,0.5962439170305915,,peak_abundance_with_occupancy_days_modifiers,0.15
plsvir,HN,0.014001519635813609,0.013325,0.0141,postbreeding_migration,0.4624,0.0709,0.0436,112.0,46.239999999999995,0.005839087217296892,rare,0.5839087217296892,,peak_abundance_with_occupancy_days_modifiers,0.4624
fragul,HN,0.013902905168991422,0.005433333333333334,0.014,prebreeding_migration,0.0061,0.0065,0.0004,84.0,0.61,0.005797961790369012,very_rare,0.5797961790369013,very_rare,peak_abundance_with_occupancy_days_modifiers,0.0061
rutjac1,HN,0.013311014059672338,0.0134,0.0134,resident,0.0853,0.0019,0.0014,365.0,8.53,0.005551124025586953,rare,0.5551124025586953,,peak_abundance_with_occupancy_days_modifiers,0.0853
redcro,HN,0.013311014059672338,0.0092,0.0134,nonbreeding,0.1671,,,,16.71,0.005551124025586953,rare,0.5551124025586953,,peak_abundance_with_occupancy_days_modifiers,0.1671
chcwoo1,HN,0.013212331472134811,0.0133,0.0133,resident,0.0888,0.1195,0.1157,365.0,8.88,0.005509970190114249,rare,0.550997019011425,,peak_abundance_with_occupancy_days_modifiers,0.0888
rocpig,HN,0.013014937077494654,0.0131,0.0131,resident,0.004,0.0,0.0,365.0,0.4,0.005427650333663732,very_rare,0.5427650333663732,very_rare,peak_abundance_with_occupancy_days_modifiers,0.004
whcpig2,HN,0.012916225266546328,0.013,0.013,resident,0.0049,0.0087,0.0157,365.0,0.49,0.005386484311082047,very_rare,0.5386484311082047,very_rare,peak_abundance_with_occupancy_days_modifiers,0.0049
bhnthr1,HN,0.012916225266546328,0.013,0.013,resident,0.0732,0.2557,0.4276,365.0,7.32,0.005386484311082047,rare,0.5386484311082047,,peak_abundance_with_occupancy_days_modifiers,0.0732
shshaw,HN,0.012718772407774689,0.010175,0.0128,postbreeding_migration,0.3841,0.0058,0.0126,126.0,38.41,0.0053041400731949654,rare,0.5304140073194965,,peak_abundance_with_occupancy_days_modifiers,0.3841
lobdow,HN,0.012620031356102263,0.0067666666666666665,0.0127,nonbreeding,0.0286,0.0096,0.0021,63.0,2.86,0.0052629618562842735,rare,0.5262961856284274,rare,peak_abundance_with_occupancy_days_modifiers,0.0286
gbmgem1,HN,0.012620031356102263,0.0127,0.0127,resident,0.0445,0.9113,0.9126,365.0,4.45,0.0052629618562842735,rare,0.5262961856284274,rare,peak_abundance_with_occupancy_days_modifiers,0.0445
blctit1,HN,0.012620031356102263,0.0127,0.0127,resident,0.111,0.0024,0.0067,365.0,11.1,0.0052629618562842735,rare,0.5262961856284274,,peak_abundance_with_occupancy_days_modifiers,0.111
spoant1,HN,0.012620031356102263,0.0127,0.0127,resident,0.0902,0.1618,0.1706,365.0,9.02,0.0052629618562842735,rare,0.5262961856284274,,peak_abundance_with_occupancy_days_modifiers,0.0902
stisan,HN,0.012620031356102263,0.0121,0.0127,postbreeding_migration,0.0237,0.0049,0.0039,105.0,2.37,0.0052629618562842735,rare,0.5262961856284274,rare,peak_abundance_with_occupancy_days_modifiers,0.0237
gbwwre1,HN,0.012521280553671745,0.0126,0.0126,resident,0.0392,0.0134,0.0089,365.0,3.92,0.005221779572991616,rare,0.5221779572991616,rare,peak_abundance_with_occupancy_days_modifiers,0.0392
fatwar,HN,0.012521280553671745,0.0126,0.0126,resident,0.1657,0.1301,0.1432,365.0,16.57,0.005221779572991616,rare,0.5221779572991616,,peak_abundance_with_occupancy_days_modifiers,0.1657
phecuc1,HN,0.012508538282475922,0.0125870972583924,0.0125870972583924,resident,0.4806909351621631,0.0188493763672784,0.0269538704779571,365.0,48.06909351621631,0.005216465633162649,rare,0.5216465633162649,,peak_abundance_with_occupancy_days_modifiers,0.4806909351621631
tawwoo1,HN,0.01246790045457619,0.0125459487542991,0.0125459487542991,resident,0.1901857936730617,0.110944157101126,0.0499627313546408,365.0,19.01857936730617,0.005199518342611377,rare,0.5199518342611377,,peak_abundance_with_occupancy_days_modifiers,0.1901857936730617
thlsch2,HN,0.012323749688831936,0.0124,0.0124,resident,0.082,0.1083,0.0746,365.0,8.200000000000001,0.00513940280404738,rare,0.513940280404738,,peak_abundance_with_occupancy_days_modifiers,0.082
rufmou1,HN,0.01222496962256897,0.0123,0.0123,resident,0.0892,0.0982,0.1528,365.0,8.92,0.005098208316788695,rare,0.5098208316788695,,peak_abundance_with_occupancy_days_modifiers,0.0892
lottyr1,HN,0.01222496962256897,0.0123,0.0123,resident,0.1093,0.007,0.0086,365.0,10.93,0.005098208316788695,rare,0.5098208316788695,,peak_abundance_with_occupancy_days_modifiers,0.1093
leater1,HN,0.012126179797840565,0.008266666666666667,0.0122,breeding,0.0204,0.0168,0.0049,84.0,2.04,0.00505700975993383,rare,0.5057009759933829,rare,peak_abundance_with_occupancy_days_modifiers,0.0204
wesant1,HN,0.012027380212718455,0.0121,0.0121,resident,0.0707,0.0447,0.028,365.0,7.07,0.005015807132678637,rare,0.5015807132678637,,peak_abundance_with_occupancy_days_modifiers,0.0707
gchwar,HN,0.0118297517535772,0.0055000000000000005,0.0119,nonbreeding,0.13,0.4577,0.6126,105.0,13.0,0.004933389663749479,rare,0.4933389663749479,,peak_abundance_with_occupancy_days_modifiers,0.13
blthum1,HN,0.011632084229707653,0.0117,0.0117,resident,0.1469,0.6261,0.5136,365.0,14.69,0.004850955903563262,rare,0.4850955903563262,,peak_abundance_with_occupancy_days_modifiers,0.1469
cedwax,HN,0.01153323581367303,0.00835,0.0116,prebreeding_migration,0.0578,0.0013,0.0003,56.0,5.779999999999999,0.00480973291223585,rare,0.480973291223585,,peak_abundance_with_occupancy_days_modifiers,0.0578
comgal1,HN,0.011434377625663104,0.0098,0.0115,postbreeding_migration,0.0447,0.0015,0.0008,126.0,4.47,0.004768505845678206,rare,0.47685058456782065,rare,peak_abundance_with_occupancy_days_modifiers,0.0447
graspa,HN,0.011434377625663104,0.006233333333333334,0.0115,nonbreeding,0.1595,0.0121,0.01,84.0,15.950000000000001,0.004768505845678206,rare,0.47685058456782065,,peak_abundance_with_occupancy_days_modifiers,0.1595
belkin1,HN,0.011434377625663104,0.0073,0.0115,nonbreeding,0.0969,0.004,0.0053,112.0,9.69,0.004768505845678206,rare,0.47685058456782065,,peak_abundance_with_occupancy_days_modifiers,0.0969
whnpuf2,HN,0.01133008587679011,0.0113945143967496,0.0113945143967496,resident,0.236934492881338,0.0080008339470176,0.0107049108307376,365.0,23.6934492881338,0.004725012808239835,rare,0.4725012808239835,,peak_abundance_with_occupancy_days_modifiers,0.236934492881338
nigwre1,HN,0.010643160098479827,0.0107,0.0107,resident,0.103,0.4447,0.4536,365.0,10.299999999999999,0.004438542508180131,rare,0.4438542508180131,,peak_abundance_with_occupancy_days_modifiers,0.103
whevir,HN,0.010643160098479827,0.0057666666666666665,0.0107,nonbreeding,0.1994,0.0197,0.0046,70.0,19.939999999999998,0.004438542508180131,rare,0.4438542508180131,,peak_abundance_with_occupancy_days_modifiers,0.1994
lsspet,HN,0.010302561346255967,0.0103558154588673,0.0103558154588673,nonbreeding,0.0377347458864526,0.00021409183010284057,7.278870342658442e-05,28.0,3.77347458864526,0.0042965017960240924,rare,0.42965017960240925,rare,peak_abundance_with_occupancy_days_modifiers,0.0377347458864526
houspa,HN,0.010247316451549523,0.0103,0.0103,resident,0.0071,0.0,0.0,365.0,0.7100000000000001,0.0042734628854707085,very_rare,0.42734628854707085,very_rare,peak_abundance_with_occupancy_days_modifiers,0.0071
grnvie1,HN,0.01014833105181515,0.0055249999999999995,0.0102,postbreeding_migration,0.0455,0.0772,0.0572,147.0,4.55,0.004232182767503403,rare,0.4232182767503403,rare,peak_abundance_with_occupancy_days_modifiers,0.0455
buggna,HN,0.01014833105181515,0.0057,0.0102,nonbreeding,0.3003,0.012,0.0007,91.0,30.03,0.004232182767503403,rare,0.4232182767503403,,peak_abundance_with_occupancy_days_modifiers,0.3003
blheag1,HN,0.01014833105181515,0.0102,0.0102,resident,0.12,0.0028,0.0069,365.0,12.0,0.004232182767503403,rare,0.4232182767503403,,peak_abundance_with_occupancy_days_modifiers,0.12
flctan,HN,0.01004933585300144,0.0101,0.0101,resident,0.0561,0.0474,0.0598,365.0,5.609999999999999,0.004190898563002608,rare,0.41908985630026085,,peak_abundance_with_occupancy_days_modifiers,0.0561
bcwpar1,HN,0.009851316050374183,0.0099,0.0099,resident,0.0624,0.6241,0.5267,365.0,6.239999999999999,0.0041083178911636145,very_rare,0.4108317891163614,,peak_abundance_with_occupancy_days_modifiers,0.0624
moutro1,HN,0.009851316050374183,0.0099,0.0099,resident,0.0344,0.0291,0.0549,365.0,3.44,0.0041083178911636145,very_rare,0.4108317891163614,rare,peak_abundance_with_occupancy_days_modifiers,0.0344
pucfai1,HN,0.009810155290794167,0.0098584326043788,0.0098584326043788,resident,0.1728963242392394,0.0680837491961616,0.0362809408541108,365.0,17.28963242392394,0.0040911525211631584,very_rare,0.40911525211631583,,peak_abundance_with_occupancy_days_modifiers,0.1728963242392394
lotman1,HN,0.009752291442678272,0.0098,0.0098,resident,0.0316,0.0987,0.0646,365.0,3.16,0.004067021422206345,very_rare,0.4067021422206345,rare,peak_abundance_with_occupancy_days_modifiers,0.0316
solsan,HN,0.009653257028138304,0.007633333333333333,0.0097,nonbreeding,0.1328,0.0023,0.0023,119.0,13.28,0.0040257208634774475,very_rare,0.4025720863477448,,peak_abundance_with_occupancy_days_modifiers,0.1328
plcsta,HN,0.009653257028138304,0.0097,0.0097,resident,0.1141,0.1096,0.1063,365.0,11.41,0.0040257208634774475,very_rare,0.4025720863477448,,peak_abundance_with_occupancy_days_modifiers,0.1141
kebmot1,HN,0.009653257028138304,0.0097,0.0097,resident,0.0693,0.49,0.5989,365.0,6.93,0.0040257208634774475,very_rare,0.4025720863477448,,peak_abundance_with_occupancy_days_modifiers,0.0693
yucvir,HN,0.009455158770755135,0.0095,0.0095,resident,0.0047,0.1238,0.4286,365.0,0.47000000000000003,0.003943107473463978,very_rare,0.39431074734639776,very_rare,peak_abundance_with_occupancy_days_modifiers,0.0047
brtplu1,HN,0.009455158770755135,0.0095,0.0095,resident,0.1253,0.2238,0.3696,365.0,12.53,0.003943107473463978,very_rare,0.39431074734639776,,peak_abundance_with_occupancy_days_modifiers,0.1253
bludac1,HN,0.009356094924024954,0.0094,0.0094,resident,0.1436,0.0021,0.0008,365.0,14.360000000000001,0.00390179464055841,very_rare,0.390179464055841,,peak_abundance_with_occupancy_days_modifiers,0.1436
yetwar,HN,0.009356094924024954,0.006000000000000001,0.0094,nonbreeding,0.209,0.049,0.0205,98.0,20.9,0.00390179464055841,very_rare,0.390179464055841,,peak_abundance_with_occupancy_days_modifiers,0.209
stejay,HN,0.009257021262676763,0.0093,0.0093,resident,0.0303,0.0027,0.0013,365.0,3.0300000000000002,0.003860477714639222,very_rare,0.3860477714639222,rare,peak_abundance_with_occupancy_days_modifiers,0.0303
whtrob1,HN,0.008959741371471904,0.009,0.009,resident,0.0668,0.0371,0.0203,365.0,6.68,0.003736502370687642,very_rare,0.3736502370687642,,peak_abundance_with_occupancy_days_modifiers,0.0668
dstkne,HN,0.00876150566857275,0.0088,0.0088,resident,0.018,0.0042,0.0066,365.0,1.7999999999999998,0.0036538316614419504,very_rare,0.365383166144195,rare,peak_abundance_with_occupancy_days_modifiers,0.018
bkvori,HN,0.008464078412129412,0.0085,0.0085,resident,0.0268,0.0209,0.0411,365.0,2.68,0.003529794861412646,very_rare,0.35297948614126456,rare,peak_abundance_with_occupancy_days_modifiers,0.0268
btfgle1,HN,0.008364916331627708,0.0084,0.0084,resident,0.0632,0.002,0.0037,365.0,6.32,0.003488441061842421,very_rare,0.3488441061842421,,peak_abundance_with_occupancy_days_modifiers,0.0632
manvir1,HN,0.008364916331627708,0.0084,0.0084,resident,0.0244,0.0191,0.0224,365.0,2.44,0.003488441061842421,very_rare,0.3488441061842421,rare,peak_abundance_with_occupancy_days_modifiers,0.0244
yebtyr1,HN,0.008322719990698316,0.008357450107538,0.008357450107538,resident,0.1493402830806547,0.1243588489830762,0.068205901353304,365.0,14.93402830806547,0.003470843820875332,very_rare,0.3470843820875332,,peak_abundance_with_occupancy_days_modifiers,0.1493402830806547
yebsap,HN,0.008265744417032617,0.0033333333333333335,0.0083,nonbreeding,0.4391,0.0158,0.0024,112.0,43.91,0.0034470831611367143,very_rare,0.3447083161136714,,peak_abundance_with_occupancy_days_modifiers,0.4391
bicant2,HN,0.008166562666393417,0.0082,0.0082,resident,0.0775,0.1171,0.0733,365.0,7.75,0.003405721158482009,very_rare,0.3405721158482009,,peak_abundance_with_occupancy_days_modifiers,0.0775
motowl,HN,0.008166562666393417,0.0082,0.0082,resident,0.0912,0.0069,0.0281,365.0,9.120000000000001,0.003405721158482009,very_rare,0.3405721158482009,,peak_abundance_with_occupancy_days_modifiers,0.0912
whtfly1,HN,0.008129528912977172,0.004319567874190714,0.0081626632611698,breeding,0.1479464526063778,0.1068450447540114,0.1272534211344557,98.0,14.794645260637779,0.00339027688373141,very_rare,0.339027688373141,,peak_abundance_with_occupancy_days_modifiers,0.1479464526063778
norpar,HN,0.008067371077758796,0.005,0.0081,nonbreeding,0.1231,0.0222,0.0051,91.0,12.31,0.0033643550530645483,very_rare,0.33643550530645483,,peak_abundance_with_occupancy_days_modifiers,0.1231
stfgle1,HN,0.007997354220988432,0.0080294184776668,0.0080294184776668,resident,0.1176189262138983,0.1608291636883488,0.1294573061881096,365.0,11.76189262138983,0.0033351557558455986,very_rare,0.33351557558455985,,peak_abundance_with_occupancy_days_modifiers,0.1176189262138983
gloibi,HN,0.00786895837869518,0.0032250000000000004,0.0079,postbreeding_migration,0.0643,,,,6.43,0.0032816105306851177,very_rare,0.3281610530685118,,peak_abundance_with_occupancy_days_modifiers,0.0643
rufpih1,HN,0.007769737264360664,0.0078,0.0078,resident,0.083,0.0767,0.0939,365.0,8.3,0.0032402321120944214,very_rare,0.32402321120944216,,peak_abundance_with_occupancy_days_modifiers,0.083
grnjay,HN,0.007670506304219701,0.0077,0.0077,resident,0.0206,0.0042,0.0035,365.0,2.06,0.0031988495874835155,very_rare,0.31988495874835154,rare,peak_abundance_with_occupancy_days_modifiers,0.0206
higgua1,HN,0.007670506304219701,0.0077,0.0077,resident,0.051,0.2392,0.1961,365.0,5.1,0.0031988495874835155,very_rare,0.31988495874835154,,peak_abundance_with_occupancy_days_modifiers,0.051
margod,HN,0.007670506304219701,0.00395,0.0077,nonbreeding,0.0091,0.0145,0.0014,140.0,0.91,0.0031988495874835155,very_rare,0.31988495874835154,very_rare,peak_abundance_with_occupancy_days_modifiers,0.0091
spowoo1,HN,0.007571265496318075,0.0076,0.0076,resident,0.0483,0.0918,0.1243,365.0,4.83,0.0031574629560374313,very_rare,0.3157462956037431,rare,peak_abundance_with_occupancy_days_modifiers,0.0483
srwswa1,HN,0.007571265496318075,0.0076,0.0076,breeding,0.1896,0.0017,0.0003,56.0,18.96,0.0031574629560374313,very_rare,0.3157462956037431,,peak_abundance_with_occupancy_days_modifiers,0.1896
grhtan1,HN,0.0074765278081830415,0.007504546827013,0.007504546827013,resident,0.0716516350733078,0.0020157001645297,0.0021545719618829,365.0,7.16516350733078,0.0031179542713964353,very_rare,0.31179542713964353,,peak_abundance_with_occupancy_days_modifiers,0.0716516350733078
rudcra1,HN,0.007472014838700995,0.0075,0.0075,resident,0.0721,0.1039,0.0763,365.0,7.21,0.0031160722169409553,very_rare,0.31160722169409555,,peak_abundance_with_occupancy_days_modifiers,0.0721
baffal1,HN,0.007472014838700995,0.0075,0.0075,resident,0.0991,0.0028,0.0043,365.0,9.91,0.0031160722169409553,very_rare,0.31160722169409555,,peak_abundance_with_occupancy_days_modifiers,0.0991
smbwoo1,HN,0.007372754329413085,0.0074,0.0074,resident,0.0857,0.0249,0.0282,365.0,8.57,0.003074677369378634,very_rare,0.3074677369378634,,peak_abundance_with_occupancy_days_modifiers,0.0857
oliwar,HN,0.007174203748000358,0.0072,0.0072,resident,0.052,0.0373,0.022,365.0,5.2,0.0029918753455934195,very_rare,0.29918753455934194,,peak_abundance_with_occupancy_days_modifiers,0.052
eyrfla1,HN,0.00707491367196188,0.0071,0.0071,resident,0.109,0.1166,0.0694,365.0,10.9,0.002950468167738402,very_rare,0.2950468167738402,,peak_abundance_with_occupancy_days_modifiers,0.109
berhum,HN,0.00707491367196188,0.0071,0.0071,resident,0.0533,0.0272,0.0151,365.0,5.33,0.002950468167738402,very_rare,0.2950468167738402,,peak_abundance_with_occupancy_days_modifiers,0.0533
ruwtan1,HN,0.00707491367196188,0.0071,0.0071,resident,0.0822,0.2002,0.1565,365.0,8.219999999999999,0.002950468167738402,very_rare,0.2950468167738402,,peak_abundance_with_occupancy_days_modifiers,0.0822
spemou1,HN,0.006789632855143802,0.0068127346669752,0.0068127346669752,resident,0.2722369976591199,0.2319183610058985,0.2206699836274731,365.0,27.22369976591199,0.0028314968264732928,very_rare,0.28314968264732926,,peak_abundance_with_occupancy_days_modifiers,0.2722369976591199
cibflo1,HN,0.006677654753240569,0.0067,0.0067,resident,0.0324,0.0963,0.0965,365.0,3.2399999999999998,0.00278479833084937,very_rare,0.27847983308493696,rare,peak_abundance_with_occupancy_days_modifiers,0.0324
resque1,HN,0.006677654753240569,0.0067,0.0067,resident,0.0232,0.2359,0.2511,365.0,2.32,0.00278479833084937,very_rare,0.27847983308493696,rare,peak_abundance_with_occupancy_days_modifiers,0.0232
tactan1,HN,0.006578315360122567,0.0066,0.0066,resident,0.0544,0.1015,0.0105,365.0,5.4399999999999995,0.002743370586174741,very_rare,0.2743370586174741,,peak_abundance_with_occupancy_days_modifiers,0.0544
babwar,HN,0.006578315360122567,0.0044,0.0066,prebreeding_migration,0.1726,0.0062,0.0077,70.0,17.26,0.002743370586174741,very_rare,0.2743370586174741,,peak_abundance_with_occupancy_days_modifiers,0.1726
banana,HN,0.006478966097709122,0.0065,0.0065,resident,0.1039,0.0014,0.0004,365.0,10.39,0.002701938725684232,very_rare,0.2701938725684232,,peak_abundance_with_occupancy_days_modifiers,0.1039
musduc,HN,0.006379606964039027,0.0064,0.0064,resident,0.056,0.0012,0.0007,365.0,5.6000000000000005,0.002660502748559955,very_rare,0.26605027485599547,,peak_abundance_with_occupancy_days_modifiers,0.056
thiant1,HN,0.006180859075081115,0.0062,0.0062,resident,0.1659,0.2049,0.1733,365.0,16.59,0.0025776184411373257,very_rare,0.2577618441137326,,peak_abundance_with_occupancy_days_modifiers,0.1659
rubwre2,HN,0.006180859075081115,0.0062,0.0062,resident,0.0209,0.2178,0.199,365.0,2.09,0.0025776184411373257,very_rare,0.2577618441137326,rare,peak_abundance_with_occupancy_days_modifiers,0.0209
grgmac,HN,0.006180859075081115,0.0062,0.0062,resident,0.0568,0.0889,0.0679,365.0,5.680000000000001,0.0025776184411373257,very_rare,0.2577618441137326,,peak_abundance_with_occupancy_days_modifiers,0.0568
whstan1,HN,0.00608147031586796,0.0061,0.0061,resident,0.0788,0.0024,0.0032,365.0,7.88,0.002536170109201979,very_rare,0.2536170109201979,,peak_abundance_with_occupancy_days_modifiers,0.0788
wilfly,HN,0.00608147031586796,0.003866666666666667,0.0061,nonbreeding,0.2473,0.0288,0.0766,168.0,24.73,0.002536170109201979,very_rare,0.2536170109201979,,peak_abundance_with_occupancy_days_modifiers,0.2473
bltbob1,HN,0.005982071677547464,0.006,0.006,resident,0.0537,0.102,0.0285,365.0,5.37,0.002494717657358874,very_rare,0.2494717657358874,,peak_abundance_with_occupancy_days_modifiers,0.0537
runwor1,HN,0.005882663158155495,0.0059,0.0059,resident,0.062,0.0739,0.0501,365.0,6.2,0.002453261084788902,very_rare,0.2453261084788902,,peak_abundance_with_occupancy_days_modifiers,0.062
wilpha,HN,0.005783244755727333,0.0035666666666666663,0.0058,postbreeding_migration,0.0098,0.0009,0.0001,77.0,0.98,0.002411800390672712,very_rare,0.2411800390672712,very_rare,peak_abundance_with_occupancy_days_modifiers,0.0098
whtcra1,HN,0.005783244755727333,0.0058,0.0058,resident,0.1004,0.0653,0.0261,365.0,10.040000000000001,0.002411800390672712,very_rare,0.2411800390672712,,peak_abundance_with_occupancy_days_modifiers,0.1004
rufmot1,HN,0.005783244755727333,0.0058,0.0058,resident,0.0894,0.0065,0.0044,365.0,8.94,0.002411800390672712,very_rare,0.2411800390672712,,peak_abundance_with_occupancy_days_modifiers,0.0894
slcgro1,HN,0.005683816468297671,0.0057,0.0057,resident,0.0865,0.0028,0.0012,365.0,8.649999999999999,0.002370335574190707,very_rare,0.2370335574190707,,peak_abundance_with_occupancy_days_modifiers,0.0865
chiswi,HN,0.005683816468297671,0.0057,0.0057,postbreeding_migration,0.0897,0.005,0.0006,63.0,8.97,0.002370335574190707,very_rare,0.2370335574190707,,peak_abundance_with_occupancy_days_modifiers,0.0897
slbtin1,HN,0.005683816468297671,0.0057,0.0057,resident,0.059,0.1312,0.0979,365.0,5.8999999999999995,0.002370335574190707,very_rare,0.2370335574190707,,peak_abundance_with_occupancy_days_modifiers,0.059
roster,HN,0.005683816468297671,0.0053,0.0057,postbreeding_migration,0.0151,,,,1.51,0.002370335574190707,very_rare,0.2370335574190707,rare,peak_abundance_with_occupancy_days_modifiers,0.0151
rcnthr1,HN,0.005584378293900615,0.0056,0.0056,resident,0.0187,0.0507,0.071,365.0,1.87,0.0023288666345230463,very_rare,0.23288666345230463,rare,peak_abundance_with_occupancy_days_modifiers,0.0187
snakit,HN,0.005584378293900615,0.0056,0.0056,resident,0.0012,0.0001,0.0007,365.0,0.12,0.0023288666345230463,very_rare,0.23288666345230463,very_rare,peak_abundance_with_occupancy_days_modifiers,0.0012
barpar1,HN,0.005484930230569685,0.0055,0.0055,resident,0.0183,0.0446,0.0313,365.0,1.83,0.0022873935708496436,very_rare,0.22873935708496435,rare,peak_abundance_with_occupancy_days_modifiers,0.0183
blcswa1,HN,0.005484930230569685,0.0055,0.0055,resident,0.0138,0.1112,0.049,365.0,1.38,0.0022873935708496436,very_rare,0.22873935708496435,rare,peak_abundance_with_occupancy_days_modifiers,0.0138
haiwoo,HN,0.005385472276337817,0.0054,0.0054,resident,0.0416,0.0008,0.0006,365.0,4.16,0.0022459163823501686,very_rare,0.22459163823501685,rare,peak_abundance_with_occupancy_days_modifiers,0.0416
linspa,HN,0.005385472276337817,0.002766666666666667,0.0054,nonbreeding,0.0908,0.0032,0.0007,70.0,9.08,0.0022459163823501686,very_rare,0.22459163823501685,,peak_abundance_with_occupancy_days_modifiers,0.0908
rucrob1,HN,0.005286004429237355,0.0053,0.0053,resident,0.0148,0.1094,0.0625,365.0,1.48,0.0022044350682040464,very_rare,0.22044350682040464,rare,peak_abundance_with_occupancy_days_modifiers,0.0148
greant1,HN,0.005186526687300061,0.0052,0.0052,resident,0.0556,0.0006,0.0003,365.0,5.56,0.0021629496275904574,very_rare,0.21629496275904575,,peak_abundance_with_occupancy_days_modifiers,0.0556
maghum1,HN,0.005087039048557106,0.0038749999999999995,0.0051,nonbreeding,0.0996,0.0558,0.0434,119.0,9.959999999999999,0.002121460059688336,very_rare,0.21214600596883357,,peak_abundance_with_occupancy_days_modifiers,0.0996
whwtan1,HN,0.005087039048557106,0.0051,0.0051,resident,0.0492,0.0365,0.0323,365.0,4.92,0.002121460059688336,very_rare,0.21214600596883357,rare,peak_abundance_with_occupancy_days_modifiers,0.0492
brcvir1,HN,0.004987541511039074,0.005,0.005,resident,0.0427,0.0216,0.015,365.0,4.2700000000000005,0.0020799663636762796,very_rare,0.20799663636762797,rare,peak_abundance_with_occupancy_days_modifiers,0.0427
spcwoo1,HN,0.004888034072775962,0.0049,0.0049,resident,0.0315,0.0592,0.0599,365.0,3.15,0.002038468538732918,very_rare,0.2038468538732918,rare,peak_abundance_with_occupancy_days_modifiers,0.0315
bawmoc1,HN,0.004888034072775962,0.0049,0.0049,resident,0.0231,0.1245,0.1003,365.0,2.31,0.002038468538732918,very_rare,0.2038468538732918,rare,peak_abundance_with_occupancy_days_modifiers,0.0231
lesroa1,HN,0.004694429683148115,0.00470546578081,0.00470546578081,resident,0.6126796784459747,0.1405496368075405,0.1192442495949557,365.0,61.26796784459747,0.0019577292371362686,rare,0.19577292371362687,,peak_abundance_with_occupancy_days_modifiers,0.6126796784459747
lstswi1,HN,0.004688989486131542,0.0047,0.0047,resident,0.1394,0.0042,0.0033,365.0,13.94,0.0019554604987645544,very_rare,0.19554604987645544,,peak_abundance_with_occupancy_days_modifiers,0.1394
chcswi1,HN,0.004641903155219891,0.0046526934770871,0.0046526934770871,resident,0.6090036149412216,0.0674313248365166,0.0129221397491564,365.0,60.90036149412216,0.0019358239735811423,rare,0.19358239735811422,,peak_abundance_with_occupancy_days_modifiers,0.6090036149412216
brncre,HN,0.0045894523338072864,0.0021,0.0046,nonbreeding,0.0695,0.0016,0.001,119.0,6.950000000000001,0.0019139502820952148,very_rare,0.19139502820952148,,peak_abundance_with_occupancy_days_modifiers,0.0695
wfqdov1,HN,0.0045894523338072864,0.0046,0.0046,resident,0.0483,0.2111,0.1792,365.0,4.83,0.0019139502820952148,very_rare,0.19139502820952148,rare,peak_abundance_with_occupancy_days_modifiers,0.0483
wfqdov,HN,0.0045894523338072864,0.0046,0.0046,resident,0.0483,0.2111,0.1792,365.0,4.83,0.0019139502820952148,very_rare,0.19139502820952148,rare,peak_abundance_with_occupancy_days_modifiers,0.0483
tatlea1,HN,0.004537600987722778,0.0045479114881649,0.0045479114881649,resident,0.164566182189622,0.2156464906906338,0.2148173948574206,365.0,16.4566182189622,0.0018923265912390113,very_rare,0.18923265912390114,,peak_abundance_with_occupancy_days_modifiers,0.164566182189622
grecur1,HN,0.004390348301292895,0.0044,0.0044,resident,0.0527,0.0566,0.0449,365.0,5.27,0.0018309174512735364,very_rare,0.18309174512735363,,peak_abundance_with_occupancy_days_modifiers,0.0527
doccor,HN,0.004390348301292895,0.00255,0.0044,breeding,0.0142,0.0017,0.0002,35.0,1.4200000000000002,0.0018309174512735364,very_rare,0.18309174512735363,rare,peak_abundance_with_occupancy_days_modifiers,0.0142
fasant1,HN,0.004290781417156275,0.0043,0.0043,resident,0.0762,0.0019,0.0008,365.0,7.62,0.0017893948354753858,very_rare,0.17893948354753858,,peak_abundance_with_occupancy_days_modifiers,0.0762
spwqua1,HN,0.004290781417156275,0.0043,0.0043,resident,0.0325,0.1133,0.0775,365.0,3.25,0.0017893948354753858,very_rare,0.17893948354753858,rare,peak_abundance_with_occupancy_days_modifiers,0.0325
royfly1,HN,0.004191204618468071,0.0042,0.0042,resident,0.0752,0.0024,0.0077,365.0,7.5200000000000005,0.0017478680849880779,very_rare,0.1747868084988078,,peak_abundance_with_occupancy_days_modifiers,0.0752
olipic1,HN,0.004163038924808587,0.0041717164087425,0.0041717164087425,resident,0.1515025628943563,0.0637470733859479,0.013393393362209,365.0,15.15025628943563,0.0017361220784051384,very_rare,0.17361220784051384,,peak_abundance_with_occupancy_days_modifiers,0.1515025628943563
gtmgem1,HN,0.003992021269537453,0.004,0.004,resident,0.0167,0.1685,0.1704,365.0,1.67,0.0016648021766516613,very_rare,0.16648021766516613,rare,peak_abundance_with_occupancy_days_modifiers,0.0167
whwpuf1,HN,0.003920434761359518,0.0039281297182913,0.0039281297182913,resident,0.0995081363265866,0.0430993748846044,0.0196208537199372,365.0,9.95081363265866,0.0016349482839525344,very_rare,0.16349482839525345,,peak_abundance_with_occupancy_days_modifiers,0.0995081363265866
aldfly,HN,0.0038924147153438387,0.00355,0.0039,postbreeding_migration,0.397,0.0048,0.0005,70.0,39.7,0.001623263017154774,very_rare,0.1623263017154774,,peak_abundance_with_occupancy_days_modifiers,0.397
bucnig,HN,0.0038924147153438387,0.0039,0.0039,breeding,0.0806,0.0269,0.011,14.0,8.06,0.001623263017154774,very_rare,0.1623263017154774,rare,peak_abundance_with_occupancy_days_modifiers,0.0806
oceant1,HN,0.0038924147153438387,0.0039,0.0039,resident,0.0586,0.1139,0.0672,365.0,5.86,0.001623263017154774,very_rare,0.1623263017154774,,peak_abundance_with_occupancy_days_modifiers,0.0586
perfal,HN,0.0036931718376175702,0.002225,0.0037,nonbreeding,0.1071,,,,10.71,0.0015401722833823486,very_rare,0.15401722833823486,,peak_abundance_with_occupancy_days_modifiers,0.1071
mourob1,HN,0.0035935355101301704,0.0036,0.0036,resident,0.0319,0.2291,0.0676,365.0,3.19,0.0014986207074575537,very_rare,0.14986207074575536,rare,peak_abundance_with_occupancy_days_modifiers,0.0319
sttspa1,HN,0.0035935355101301704,0.0036,0.0036,resident,0.0691,0.0917,0.0253,365.0,6.909999999999999,0.0014986207074575537,very_rare,0.14986207074575536,,peak_abundance_with_occupancy_days_modifiers,0.0691
bkfant2,HN,0.00349388925425578,0.0035,0.0035,resident,0.0209,0.0264,0.0127,365.0,2.09,0.0014570649910737887,very_rare,0.14570649910737887,rare,peak_abundance_with_occupancy_days_modifiers,0.0209
bltwre1,HN,0.00349388925425578,0.0035,0.0035,resident,0.0695,0.2999,0.1694,365.0,6.950000000000001,0.0014570649910737887,very_rare,0.14570649910737887,,peak_abundance_with_occupancy_days_modifiers,0.0695
comrav,HN,0.003394233068015547,0.0034,0.0034,resident,0.1349,0.0004,0.0,365.0,13.489999999999998,0.0014155051334058092,very_rare,0.1415505133405809,,peak_abundance_with_occupancy_days_modifiers,0.1349
vihhum1,HN,0.003394233068015547,0.0034,0.0034,resident,0.0874,0.0972,0.0873,365.0,8.74,0.0014155051334058092,very_rare,0.1415505133405809,,peak_abundance_with_occupancy_days_modifiers,0.0874
pibgre,HN,0.003394233068015547,0.0026,0.0034,nonbreeding,0.0125,0.0006,0.0009,168.0,1.25,0.0014155051334058092,very_rare,0.1415505133405809,rare,peak_abundance_with_occupancy_days_modifiers,0.0125
whbcha1,HN,0.003294566949430031,0.0033,0.0033,resident,0.0096,0.0561,0.0347,365.0,0.96,0.0013739411336281234,very_rare,0.13739411336281235,very_rare,peak_abundance_with_occupancy_days_modifiers,0.0096
bobher1,HN,0.003194890896519197,0.0032,0.0032,resident,0.0182,0.0009,0.0035,365.0,1.82,0.0013323729909149931,very_rare,0.1332372990914993,rare,peak_abundance_with_occupancy_days_modifiers,0.0182
ameavo,HN,0.003194890896519197,0.0016666666666666668,0.0032,nonbreeding,0.0061,0.0044,0.0005,63.0,0.61,0.0013323729909149931,very_rare,0.1332372990914993,very_rare,peak_abundance_with_occupancy_days_modifiers,0.0061
thwbel,HN,0.003194890896519197,0.0016,0.0032,breeding,0.0325,0.1975,0.0886,28.0,3.25,0.0013323729909149931,very_rare,0.1332372990914993,rare,peak_abundance_with_occupancy_days_modifiers,0.0325
yebcuc,HN,0.003194890896519197,0.00285,0.0032,prebreeding_migration,0.4733,0.0079,0.001,112.0,47.33,0.0013323729909149931,very_rare,0.1332372990914993,,peak_abundance_with_occupancy_days_modifiers,0.4733
cavswa,HN,0.003095204907302419,0.0018666666666666666,0.0031,nonbreeding,0.0092,0.0054,0.0025,49.0,0.9199999999999999,0.001290800704440433,very_rare,0.1290800704440433,very_rare,peak_abundance_with_occupancy_days_modifiers,0.0092
whfant2,HN,0.003095204907302419,0.0031,0.0031,resident,0.0816,0.0018,0.0003,365.0,8.16,0.001290800704440433,very_rare,0.1290800704440433,,peak_abundance_with_occupancy_days_modifiers,0.0816
whtkit,HN,0.003095204907302419,0.0031,0.0031,resident,0.0382,0.0024,0.0035,365.0,3.82,0.001290800704440433,very_rare,0.1290800704440433,rare,peak_abundance_with_occupancy_days_modifiers,0.0382
rutfly2,HN,0.003095204907302419,0.0031,0.0031,resident,0.0796,0.002,0.0013,365.0,7.960000000000001,0.001290800704440433,very_rare,0.1290800704440433,,peak_abundance_with_occupancy_days_modifiers,0.0796
rudwoo1,HN,0.002995508979798479,0.003,0.003,resident,0.0684,0.0758,0.032,365.0,6.84,0.001249224273378119,very_rare,0.12492242733781189,,peak_abundance_with_occupancy_days_modifiers,0.0684
ruqdov,HN,0.002995508979798479,0.003,0.003,resident,0.0817,0.0019,0.0013,365.0,8.17,0.001249224273378119,very_rare,0.12492242733781189,,peak_abundance_with_occupancy_days_modifiers,0.0817
wtstan1,HN,0.002995508979798479,0.003,0.003,resident,0.0714,0.4125,0.251,365.0,7.140000000000001,0.001249224273378119,very_rare,0.12492242733781189,,peak_abundance_with_occupancy_days_modifiers,0.0714
sungre1,HN,0.0029528193341171946,0.0029571831993052,0.0029571831993052,resident,0.14774814460768,0.0026112372878182,0.0025689952770552,365.0,14.774814460767999,0.0012314213083506266,very_rare,0.12314213083506266,,peak_abundance_with_occupancy_days_modifiers,0.14774814460768
cerwar,HN,0.002895803112025565,0.0021999999999999997,0.0029,postbreeding_migration,0.4579,0.091,0.0451,70.0,45.79,0.0012076436969017555,very_rare,0.12076436969017555,,peak_abundance_with_occupancy_days_modifiers,0.4579
smbani,HN,0.002895803112025565,0.0029,0.0029,resident,0.0023,0.0,0.0,365.0,0.22999999999999998,0.0012076436969017555,very_rare,0.12076436969017555,very_rare,peak_abundance_with_occupancy_days_modifiers,0.0023
emchum1,HN,0.002796087302001274,0.0028,0.0028,resident,0.0402,0.2413,0.1259,365.0,4.02,0.001166058974184524,very_rare,0.1166058974184524,rare,peak_abundance_with_occupancy_days_modifiers,0.0402
tuffly,HN,0.002796087302001274,0.0028,0.0028,resident,0.0305,0.0131,0.0056,365.0,3.05,0.001166058974184524,very_rare,0.1166058974184524,rare,peak_abundance_with_occupancy_days_modifiers,0.0305
sctlea1,HN,0.0027095889324362946,0.0027132631863508,0.0027132631863508,resident,0.1800707647637632,0.1763451423053045,0.0541428220023551,365.0,18.007076476376323,0.0011299863522706204,very_rare,0.11299863522706204,,peak_abundance_with_occupancy_days_modifiers,0.1800707647637632
bubfly,HN,0.0026963615477426086,0.00175,0.0027,nonbreeding,0.0606,0.0227,0.0136,119.0,6.0600000000000005,0.0011244701043994507,very_rare,0.11244701043994507,,peak_abundance_with_occupancy_days_modifiers,0.0606
cinbec1,HN,0.0026963615477426086,0.0027,0.0027,resident,0.0711,0.0356,0.0071,365.0,7.109999999999999,0.0011244701043994507,very_rare,0.11244701043994507,,peak_abundance_with_occupancy_days_modifiers,0.0711
sunbit1,HN,0.002620014827729573,0.0026234500660483,0.0026234500660483,resident,0.2570402093826451,0.0060705945554669,0.0012829815311658,365.0,25.70402093826451,0.0010926310491750277,very_rare,0.10926310491750277,,peak_abundance_with_occupancy_days_modifiers,0.2570402093826451
wetsab1,HN,0.002596625847265978,0.0026,0.0026,resident,0.0497,0.0607,0.016,365.0,4.97,0.001082877086719314,very_rare,0.1082877086719314,rare,peak_abundance_with_occupancy_days_modifiers,0.0497
orheag1,HN,0.002596625847265978,0.0026,0.0026,resident,0.0589,0.0023,0.004,365.0,5.89,0.001082877086719314,very_rare,0.1082877086719314,,peak_abundance_with_occupancy_days_modifiers,0.0589
palwar,HN,0.002596625847265978,0.0014666666666666665,0.0026,nonbreeding,0.0159,0.0026,0.0005,84.0,1.59,0.001082877086719314,very_rare,0.1082877086719314,rare,peak_abundance_with_occupancy_days_modifiers,0.0159
tafqua1,HN,0.002596625847265978,0.0026,0.0026,resident,0.0947,0.1466,0.3209,365.0,9.47,0.001082877086719314,very_rare,0.1082877086719314,,peak_abundance_with_occupancy_days_modifiers,0.0947
dowant1,HN,0.002517787067309515,0.0025209593549906,0.0025209593549906,resident,0.2771392206132601,0.0124696228656682,0.0114518462515677,365.0,27.713922061326006,0.0010499987617771421,very_rare,0.10499987617771421,,peak_abundance_with_occupancy_days_modifiers,0.2771392206132601
eleter1,HN,0.002496880198587199,0.001225,0.0025,postbreeding_migration,0.0117,0.0197,0.0015,161.0,1.17,0.0010412799203166443,very_rare,0.10412799203166442,rare,peak_abundance_with_occupancy_days_modifiers,0.0117
crcwar,HN,0.002496880198587199,0.0025,0.0025,resident,0.0105,0.012,0.0088,365.0,1.05,0.0010412799203166443,very_rare,0.10412799203166442,rare,peak_abundance_with_occupancy_days_modifiers,0.0105
peakit1,HN,0.002418832794418857,0.0024217605305547,0.0024217605305547,resident,0.0836936264144789,0.0010615804243944,0.0013051390681647,365.0,8.369362641447891,0.001008731624711914,very_rare,0.10087316247119141,,peak_abundance_with_occupancy_days_modifiers,0.0836936264144789
stcant2,HN,0.0023707686823848093,0.0023735811766094,0.0023735811766094,resident,0.3490957865422098,0.1822663771539499,0.0473991781906181,365.0,34.90957865422098,0.0009886873331286727,very_rare,0.09886873331286727,,peak_abundance_with_occupancy_days_modifiers,0.3490957865422098
mouwar,HN,0.0022973590486834897,0.0015000000000000002,0.0023,postbreeding_migration,0.4651,0.02,0.0045,56.0,46.51,0.0009580731380325941,very_rare,0.09580731380325941,,peak_abundance_with_occupancy_days_modifiers,0.4651
comter,HN,0.0022973590486834897,0.001275,0.0023,prebreeding_migration,0.0258,0.0002,0.0,133.0,2.58,0.0009580731380325941,very_rare,0.09580731380325941,rare,peak_abundance_with_occupancy_days_modifiers,0.0258
whrman1,HN,0.0022973590486834897,0.0023,0.0023,resident,0.0439,0.1427,0.0379,365.0,4.390000000000001,0.0009580731380325941,very_rare,0.09580731380325941,rare,peak_abundance_with_occupancy_days_modifiers,0.0439
ameoys,HN,0.0022973590486834897,0.001725,0.0023,nonbreeding,0.0077,0.0073,0.002,98.0,0.77,0.0009580731380325941,very_rare,0.09580731380325941,very_rare,peak_abundance_with_occupancy_days_modifiers,0.0077
scaant1,HN,0.0022453733302470096,0.002247896068753,0.002247896068753,resident,0.1902679889270787,0.0514921590135424,0.0322465231274963,365.0,19.02679889270787,0.0009363934095531701,very_rare,0.09363934095531701,,peak_abundance_with_occupancy_days_modifiers,0.1902679889270787
shtfly1,HN,0.0021975835434872217,0.0022,0.0022,resident,0.0822,0.0071,0.0019,365.0,8.219999999999999,0.0009164635204950369,very_rare,0.0916463520495037,,peak_abundance_with_occupancy_days_modifiers,0.0822
colplo1,HN,0.0021975835434872217,0.0022,0.0022,resident,0.0066,0.0022,0.0024,365.0,0.66,0.0009164635204950369,very_rare,0.0916463520495037,very_rare,peak_abundance_with_occupancy_days_modifiers,0.0066
ampkin1,HN,0.0021975835434872217,0.0022,0.0022,resident,0.0356,0.0015,0.0025,365.0,3.56,0.0009164635204950369,very_rare,0.0916463520495037,rare,peak_abundance_with_occupancy_days_modifiers,0.0356
blubun,HN,0.0021975835434872217,0.0022,0.0022,resident,0.0991,0.0599,0.0061,365.0,9.91,0.0009164635204950369,very_rare,0.0916463520495037,,peak_abundance_with_occupancy_days_modifiers,0.0991
unijay1,HN,0.002123781371176194,0.0021260381922145,0.0021260381922145,resident,0.0236321935212783,0.0676635091562425,0.0294247019517849,365.0,2.36321935212783,0.0008856856240839038,very_rare,0.08856856240839038,rare,peak_abundance_with_occupancy_days_modifiers,0.0236321935212783
grbspa1,HN,0.002097798082146129,0.0021,0.0021,resident,0.0304,0.0219,0.0033,365.0,3.04,0.0008748497509225938,very_rare,0.08748497509225937,rare,peak_abundance_with_occupancy_days_modifiers,0.0304
slaant1,HN,0.002097798082146129,0.0021,0.0021,resident,0.058,0.1001,0.0465,365.0,5.800000000000001,0.0008748497509225938,very_rare,0.08748497509225937,,peak_abundance_with_occupancy_days_modifiers,0.058
trimun,HN,0.001998002662673056,0.002,0.002,resident,0.0065,0.0006,0.0004,365.0,0.65,0.000833231828486557,very_rare,0.0833231828486557,very_rare,peak_abundance_with_occupancy_days_modifiers,0.0065
grhowl,HN,0.001998002662673056,0.002,0.002,resident,0.0372,0.0005,0.0003,365.0,3.7199999999999998,0.000833231828486557,very_rare,0.0833231828486557,rare,peak_abundance_with_occupancy_days_modifiers,0.0372
surfly1,HN,0.001998002662673056,0.002,0.002,resident,0.0541,0.078,0.0417,365.0,5.41,0.000833231828486557,very_rare,0.0833231828486557,,peak_abundance_with_occupancy_days_modifiers,0.0541
stbwre1,HN,0.001998002662673056,0.002,0.002,resident,0.0367,0.1733,0.0654,365.0,3.6700000000000004,0.000833231828486557,very_rare,0.0833231828486557,rare,peak_abundance_with_occupancy_days_modifiers,0.0367
whthaw,HN,0.0018981972830802527,0.0019,0.0019,resident,0.0349,0.0007,0.0007,365.0,3.49,0.0007916097523579702,very_rare,0.07916097523579702,rare,peak_abundance_with_occupancy_days_modifiers,0.0349
pregrs1,HN,0.0018981972830802527,0.0019,0.0019,resident,0.0107,0.2171,0.1757,365.0,1.0699999999999998,0.0007916097523579702,very_rare,0.07916097523579702,rare,peak_abundance_with_occupancy_days_modifiers,0.0107
rufgle1,HN,0.0018981972830802527,0.0019,0.0019,resident,0.0343,,,,3.4299999999999997,0.0007916097523579702,very_rare,0.07916097523579702,rare,peak_abundance_with_occupancy_days_modifiers,0.0343
leagre,HN,0.0018981972830802527,0.0019,0.0019,resident,0.0068,0.0006,0.0013,365.0,0.6799999999999999,0.0007916097523579702,very_rare,0.07916097523579702,very_rare,peak_abundance_with_occupancy_days_modifiers,0.0068
blarob1,HN,0.0018981972830802527,0.0019,0.0019,resident,0.0147,0.0651,0.0619,365.0,1.47,0.0007916097523579702,very_rare,0.07916097523579702,rare,peak_abundance_with_occupancy_days_modifiers,0.0147
bewqua1,HN,0.0017983819413793735,0.0018,0.0018,resident,0.0702,,,,7.02,0.0007499835217076287,very_rare,0.07499835217076287,,peak_abundance_with_occupancy_days_modifiers,0.0702
coohaw,HN,0.0017983819413793735,0.0007,0.0018,postbreeding_migration,0.2934,0.0045,0.0007,63.0,29.34,0.0007499835217076287,very_rare,0.07499835217076287,,peak_abundance_with_occupancy_days_modifiers,0.2934
soulap1,HN,0.0017983819413793735,0.000725,0.0018,breeding,0.0155,0.0001,0.0,154.0,1.55,0.0007499835217076287,very_rare,0.07499835217076287,rare,peak_abundance_with_occupancy_days_modifiers,0.0155
grbhaw1,HN,0.0017983819413793735,0.0018,0.0018,resident,0.0944,0.0024,0.0006,365.0,9.44,0.0007499835217076287,very_rare,0.07499835217076287,,peak_abundance_with_occupancy_days_modifiers,0.0944
gyhdov1,HN,0.0017983819413793735,0.0018,0.0018,resident,0.0444,0.0592,0.0185,365.0,4.44,0.0007499835217076287,very_rare,0.07499835217076287,rare,peak_abundance_with_occupancy_days_modifiers,0.0444
capowl1,HN,0.0017983819413793735,0.0018,0.0018,resident,0.0581,0.1223,0.1158,365.0,5.81,0.0007499835217076287,very_rare,0.07499835217076287,,peak_abundance_with_occupancy_days_modifiers,0.0581
gocspa1,HN,0.0016985566355814774,0.0017,0.0017,resident,0.063,0.0037,0.0032,365.0,6.3,0.00070835313570608,very_rare,0.070835313570608,,peak_abundance_with_occupancy_days_modifiers,0.063
gycthr,HN,0.0016985566355814774,0.0006333333333333333,0.0017,postbreeding_migration,0.1302,0.0056,0.0023,63.0,13.020000000000001,0.00070835313570608,very_rare,0.070835313570608,,peak_abundance_with_occupancy_days_modifiers,0.1302
lobsta1,HN,0.0016985566355814774,0.0017,0.0017,resident,0.0745,0.0035,0.003,365.0,7.449999999999999,0.00070835313570608,very_rare,0.070835313570608,,peak_abundance_with_occupancy_days_modifiers,0.0745
secfly1,HN,0.0016985566355814774,0.0017,0.0017,resident,0.0467,0.0016,0.0008,365.0,4.67,0.00070835313570608,very_rare,0.070835313570608,rare,peak_abundance_with_occupancy_days_modifiers,0.0467
yucwoo,HN,0.0015987213636970278,0.0016,0.0016,resident,0.0009,0.0009,0.0097,0.0,0.09,0.0006667185935236227,very_rare,0.06667185935236226,very_rare,peak_abundance_with_occupancy_days_modifiers,0.0009
gobwar1,HN,0.0015987213636970278,0.0016,0.0016,resident,0.0213,0.0481,0.0086,365.0,2.13,0.0006667185935236227,very_rare,0.06667185935236226,rare,peak_abundance_with_occupancy_days_modifiers,0.0213
whrsan,HN,0.0014988761237358919,0.0015,0.0015,prebreeding_migration,0.0151,0.0011,0.0001,49.0,1.51,0.0006250798943303071,very_rare,0.06250798943303071,rare,peak_abundance_with_occupancy_days_modifiers,0.0151
rusant1,HN,0.0014988761237358919,0.0015,0.0015,resident,0.0451,0.0821,0.0483,365.0,4.51,0.0006250798943303071,very_rare,0.06250798943303071,rare,peak_abundance_with_occupancy_days_modifiers,0.0451
verfly,HN,0.0014988761237358919,0.0009333333333333333,0.0015,nonbreeding,0.0667,0.0019,0.0002,21.0,6.67,0.0006250798943303071,very_rare,0.06250798943303071,rare,peak_abundance_with_occupancy_days_modifiers,0.0667
merlin,HN,0.001399020913707341,0.0009333333333333333,0.0014,prebreeding_migration,0.0944,,,,9.44,0.0005834370372959348,very_rare,0.05834370372959348,,peak_abundance_with_occupancy_days_modifiers,0.0944
sora,HN,0.001399020913707341,0.0006000000000000001,0.0014,nonbreeding,0.0741,0.0133,0.0048,105.0,7.41,0.0005834370372959348,very_rare,0.05834370372959348,,peak_abundance_with_occupancy_days_modifiers,0.0741
spthum1,HN,0.001399020913707341,0.0014,0.0014,resident,0.0347,0.1922,0.3058,365.0,3.47,0.0005834370372959348,very_rare,0.05834370372959348,rare,peak_abundance_with_occupancy_days_modifiers,0.0347
snocot1,HN,0.001399020913707341,0.0014,0.0014,resident,0.0421,0.3091,0.1906,365.0,4.21,0.0005834370372959348,very_rare,0.05834370372959348,rare,peak_abundance_with_occupancy_days_modifiers,0.0421
bltmot1,HN,0.001399020913707341,0.0014,0.0014,resident,0.0097,0.077,0.051,365.0,0.97,0.0005834370372959348,very_rare,0.05834370372959348,very_rare,peak_abundance_with_occupancy_days_modifiers,0.0097
gstswi1,HN,0.001399020913707341,0.0014,0.0014,resident,0.0279,0.0322,0.1898,365.0,2.79,0.0005834370372959348,very_rare,0.05834370372959348,rare,peak_abundance_with_occupancy_days_modifiers,0.0279
dotkit1,HN,0.001399020913707341,0.0014,0.0014,resident,0.0942,0.0025,0.0008,365.0,9.42,0.0005834370372959348,very_rare,0.05834370372959348,,peak_abundance_with_occupancy_days_modifiers,0.0942
limpki,HN,0.001399020913707341,0.0014,0.0014,resident,0.0025,0.0001,0.0002,365.0,0.25,0.0005834370372959348,very_rare,0.05834370372959348,very_rare,peak_abundance_with_occupancy_days_modifiers,0.0025
sleshe1,HN,0.0013473340751023208,0.0013482421374326,0.0013482421374326,resident,0.1695119796227772,0.4443031279871924,0.2377837024780048,365.0,16.95119796227772,0.0005618819513873275,very_rare,0.05618819513873275,,peak_abundance_with_occupancy_days_modifiers,0.1695119796227772
camwar,HN,0.00129915573162005,0.0006,0.0013,nonbreeding,0.0178,0.0088,0.0022,119.0,1.78,0.0005417900215900586,very_rare,0.05417900215900586,rare,peak_abundance_with_occupancy_days_modifiers,0.0178
whwbec1,HN,0.00129915573162005,0.0012000000000000001,0.0013,nonbreeding,0.1151,0.002,0.0002,112.0,11.51,0.0005417900215900586,very_rare,0.05417900215900586,,peak_abundance_with_occupancy_days_modifiers,0.1151
souwpw1,HN,0.00129915573162005,0.0009,0.0013,nonbreeding,0.048,0.0203,0.0147,147.0,4.8,0.0005417900215900586,very_rare,0.05417900215900586,rare,peak_abundance_with_occupancy_days_modifiers,0.048
leabit,HN,0.00129915573162005,0.0008749999999999999,0.0013,prebreeding_migration,0.0581,0.0126,0.0033,49.0,5.81,0.0005417900215900586,very_rare,0.05417900215900586,,peak_abundance_with_occupancy_days_modifiers,0.0581
rinduc,HN,0.0011992805754820971,0.0006666666666666666,0.0012,nonbreeding,0.0019,0.0003,0.0001,35.0,0.19,0.0005001388463819827,very_rare,0.050013884638198274,very_rare,peak_abundance_with_occupancy_days_modifiers,0.0019
hrshaw,HN,0.0011992805754820971,0.0012,0.0012,resident,0.005,0.0004,0.0012,365.0,0.5,0.0005001388463819827,very_rare,0.050013884638198274,very_rare,peak_abundance_with_occupancy_days_modifiers,0.005
plaant1,HN,0.0011788859239476833,0.0011795810831028,0.0011795810831028,resident,0.089415815596231,0.0066173051725823,0.0004979428467904343,365.0,8.941581559623101,0.0004916336160802792,very_rare,0.04916336160802792,,peak_abundance_with_occupancy_days_modifiers,0.089415815596231
bacant1,HN,0.0010993954433009636,0.0011,0.0011,resident,0.0485,0.1565,0.0817,365.0,4.8500000000000005,0.0004584835108407622,very_rare,0.04584835108407622,rare,peak_abundance_with_occupancy_days_modifiers,0.0485
withum1,HN,0.0010993954433009636,0.0011,0.0011,resident,0.015,0.2883,0.2123,365.0,1.5,0.0004584835108407622,very_rare,0.04584835108407622,rare,peak_abundance_with_occupancy_days_modifiers,0.015
ruwwoo1,HN,0.0009995003330835331,0.001,0.001,resident,0.0543,0.3051,0.0806,365.0,5.43,0.00041682401413511066,very_rare,0.04168240141351107,,peak_abundance_with_occupancy_days_modifiers,0.0543
stbwoo1,HN,0.0009995003330835331,0.001,0.001,resident,0.0168,0.0008,0.0015,365.0,1.68,0.00041682401413511066,very_rare,0.04168240141351107,rare,peak_abundance_with_occupancy_days_modifiers,0.0168
brvear1,HN,0.0009995003330835331,0.001,0.001,resident,0.0126,0.0448,0.1104,365.0,1.26,0.00041682401413511066,very_rare,0.04168240141351107,rare,peak_abundance_with_occupancy_days_modifiers,0.0126
whrfly,HN,0.0009701247827837552,0.0009705955060386324,0.0009705955060386324,resident,0.0469031607388163,0.0133688654498348,0.0049079495445161,365.0,4.69031607388163,0.0004045734581442311,very_rare,0.04045734581442311,rare,peak_abundance_with_occupancy_days_modifiers,0.0469031607388163
pinbit1,HN,0.0009299794186435058,0.0009304119835848276,0.0009304119835848276,resident,0.043319592597888,0.0037241830525374,0.0052451700111311,365.0,4.3319592597888,0.00038783154093226165,very_rare,0.03878315409322616,rare,peak_abundance_with_occupancy_days_modifiers,0.043319592597888
grykin,HN,0.000899595242836093,0.0007,0.0009,breeding,0.0021,0.0009,0.0002,70.0,0.21,0.0003751603554337701,very_rare,0.03751603554337701,very_rare,peak_abundance_with_occupancy_days_modifiers,0.0021
veery,HN,0.000899595242836093,0.00045,0.0009,postbreeding_migration,0.1442,0.0058,0.0013,56.0,14.42,0.0003751603554337701,very_rare,0.03751603554337701,,peak_abundance_with_occupancy_days_modifiers,0.1442
whveup1,HN,0.0008910279615074524,0.0008914250448502426,0.0008914250448502426,resident,0.1065435969302688,0.0027213623372746,0.0013309484523859,365.0,10.65435969302688,0.0003715875216132982,very_rare,0.037158752161329814,,peak_abundance_with_occupancy_days_modifiers,0.1065435969302688
azhjay1,HN,0.0007996801705643322,0.0008,0.0008,resident,0.009,0.0621,0.0923,365.0,0.8999999999999999,0.0003334925339049559,very_rare,0.03334925339049559,very_rare,peak_abundance_with_occupancy_days_modifiers,0.009
yetori1,HN,0.0007996801705643322,0.0008,0.0008,resident,0.0419,0.0196,0.0026,365.0,4.19,0.0003334925339049559,very_rare,0.03334925339049559,rare,peak_abundance_with_occupancy_days_modifiers,0.0419
norpin,HN,0.0007996801705643322,0.0008,0.0008,prebreeding_migration,0.0041,0.0,0.0,21.0,0.41000000000000003,0.0003334925339049559,very_rare,0.03334925339049559,rare,peak_abundance_with_occupancy_days_modifiers,0.0041
amthum1,HN,0.000776720188894293,0.0007770219141338494,0.0007770219141338494,resident,0.1551422315299928,0.0639493116581633,0.0134295684209322,365.0,15.514223152999278,0.0003239174778420873,very_rare,0.03239174778420873,,peak_abundance_with_occupancy_days_modifiers,0.1551422315299928
grcbec1,HN,0.0006997551142733419,0.0007,0.0007,resident,0.0329,0.0138,0.008,365.0,3.29,0.0002918205487167264,very_rare,0.02918205487167264,rare,peak_abundance_with_occupancy_days_modifiers,0.0329
pbgdov1,HN,0.0006997551142733419,0.0007,0.0007,resident,0.0075,0.0003,0.0001,365.0,0.75,0.0002918205487167264,very_rare,0.02918205487167264,very_rare,peak_abundance_with_occupancy_days_modifiers,0.0075
bkbcuc,HN,0.0006997551142733419,0.00035,0.0007,postbreeding_migration,0.2925,0.0133,0.0025,70.0,29.25,0.0002918205487167264,very_rare,0.02918205487167264,,peak_abundance_with_occupancy_days_modifiers,0.2925
bawhae1,HN,0.0006997551142733419,0.0007,0.0007,resident,0.0662,0.0041,0.0055,365.0,6.619999999999999,0.0002918205487167264,very_rare,0.02918205487167264,,peak_abundance_with_occupancy_days_modifiers,0.0662
mancuc,HN,0.0006997551142733419,0.0007,0.0007,resident,0.0318,0.0187,0.0088,365.0,3.18,0.0002918205487167264,very_rare,0.02918205487167264,rare,peak_abundance_with_occupancy_days_modifiers,0.0318
yeetou1,HN,0.0006997551142733419,0.0007,0.0007,resident,0.0407,0.1496,0.0409,365.0,4.07,0.0002918205487167264,very_rare,0.02918205487167264,rare,peak_abundance_with_occupancy_days_modifiers,0.0407
rocwre,HN,0.0006997551142733419,0.00035,0.0007,postbreeding_migration,0.0741,0.0029,0.0002,42.0,7.41,0.0002918205487167264,very_rare,0.02918205487167264,,peak_abundance_with_occupancy_days_modifiers,0.0741
bltjay1,HN,0.0006997551142733419,0.0007,0.0007,resident,0.0139,0.2635,0.046,365.0,1.39,0.0002918205487167264,very_rare,0.02918205487167264,rare,peak_abundance_with_occupancy_days_modifiers,0.0139
fulowl1,HN,0.0005998200719676155,0.0006,0.0006,resident,0.0074,0.1693,0.2247,365.0,0.74,0.0002501443990368907,very_rare,0.02501443990368907,very_rare,peak_abundance_with_occupancy_days_modifiers,0.0074
crahaw,HN,0.0005998200719676155,0.0006,0.0006,resident,0.0377,0.0005,0.0002,365.0,3.7699999999999996,0.0002501443990368907,very_rare,0.02501443990368907,rare,peak_abundance_with_occupancy_days_modifiers,0.0377
prawar,HN,0.0005998200719676155,0.00036666666666666667,0.0006,nonbreeding,0.0053,0.0018,0.0012,91.0,0.53,0.0002501443990368907,very_rare,0.02501443990368907,very_rare,peak_abundance_with_occupancy_days_modifiers,0.0053
norhar2,HN,0.0005998200719676155,0.0003333333333333333,0.0006,nonbreeding,0.0175,0.0006,0.0001,63.0,1.7500000000000002,0.0002501443990368907,very_rare,0.02501443990368907,rare,peak_abundance_with_occupancy_days_modifiers,0.0175
todmot1,HN,0.0005998200719676155,0.0006,0.0006,resident,0.0046,0.0111,0.0088,365.0,0.45999999999999996,0.0002501443990368907,very_rare,0.02501443990368907,very_rare,peak_abundance_with_occupancy_days_modifiers,0.0046
astfly,HN,0.0005998200719676155,0.0003666666666666666,0.0006,nonbreeding,0.1154,0.0105,0.0005,98.0,11.540000000000001,0.0002501443990368907,very_rare,0.02501443990368907,,peak_abundance_with_occupancy_days_modifiers,0.1154
strowl1,HN,0.0005986425819876413,0.0005988218042196948,0.0005988218042196948,resident,0.0916857008631083,0.0013020168113896,0.0003788547126276399,365.0,9.16857008631083,0.00024965334757467804,very_rare,0.024965334757467803,,peak_abundance_with_occupancy_days_modifiers,0.0916857008631083
butfog9,HN,0.0005805671674692972,0.0005807357292061606,0.0005807357292061606,resident,0.179085002080876,0.2320943881307374,0.0604834210637503,365.0,17.9085002080876,0.00024211531423215906,very_rare,0.024211531423215905,,peak_abundance_with_occupancy_days_modifiers,0.179085002080876
hobkit,HN,0.000499875041651048,0.0005,0.0005,resident,0.0517,0.0012,0.0011,365.0,5.17,0.00020846408403300828,very_rare,0.020846408403300827,,peak_abundance_with_occupancy_days_modifiers,0.0517
strfly1,HN,0.000499875041651048,0.0005,0.0005,nonbreeding,0.0602,0.0007,0.0001,49.0,6.02,0.00020846408403300828,very_rare,0.020846408403300827,,peak_abundance_with_occupancy_days_modifiers,0.0602
brbmot1,HN,0.000499875041651048,0.0005,0.0005,resident,0.0288,0.0026,0.0007,365.0,2.88,0.00020846408403300828,very_rare,0.020846408403300827,rare,peak_abundance_with_occupancy_days_modifiers,0.0288
whbwre1,HN,0.000499875041651048,0.0005,0.0005,resident,0.0027,0.0016,0.001,365.0,0.27,0.00020846408403300828,very_rare,0.020846408403300827,very_rare,peak_abundance_with_occupancy_days_modifiers,0.0027
pacpar1,HN,0.000499875041651048,0.0005,0.0005,resident,0.0004,0.0047,0.0054,0.0,0.04,0.00020846408403300828,very_rare,0.020846408403300827,very_rare,peak_abundance_with_occupancy_days_modifiers,0.0004
amgplo,HN,0.0003999200213269354,0.0004,0.0004,prebreeding_migration,0.0134,0.0005,0.0,56.0,1.34,0.00016677960287238907,very_rare,0.016677960287238905,rare,peak_abundance_with_occupancy_days_modifiers,0.0134
sinqua1,HN,0.0003999200213269354,0.0004,0.0004,resident,0.0035,0.0065,0.0067,365.0,0.35000000000000003,0.00016677960287238907,very_rare,0.016677960287238905,very_rare,peak_abundance_with_occupancy_days_modifiers,0.0035
spnthr1,HN,0.0003999200213269354,0.0004,0.0004,resident,0.0143,0.2927,0.0593,365.0,1.43,0.00016677960287238907,very_rare,0.016677960287238905,rare,peak_abundance_with_occupancy_days_modifiers,0.0143
gathum1,HN,0.0003999200213269354,0.0004,0.0004,resident,0.008,0.0697,0.0305,365.0,0.8,0.00016677960287238907,very_rare,0.016677960287238905,very_rare,peak_abundance_with_occupancy_days_modifiers,0.008
redegr,HN,0.0003999200213269354,0.0004,0.0004,resident,0.0025,0.0064,0.0013,365.0,0.25,0.00016677960287238907,very_rare,0.016677960287238905,very_rare,peak_abundance_with_occupancy_days_modifiers,0.0025
jabiru,HN,0.0003999200213269354,0.0004,0.0004,resident,0.0063,0.0006,0.0001,365.0,0.63,0.00016677960287238907,very_rare,0.016677960287238905,very_rare,peak_abundance_with_occupancy_days_modifiers,0.0063
norpot1,HN,0.0003685737485198919,0.0003686416801696255,0.0003686416801696255,resident,0.0719728620424157,0.0242929492344418,0.0055229832458245,365.0,7.1972862042415695,0.00015370719176143456,very_rare,0.015370719176143455,,peak_abundance_with_occupancy_days_modifiers,0.0719728620424157
swawar,HN,0.00029995500899797546,0.00023333333333333333,0.0003,nonbreeding,0.0163,0.0225,0.0643,133.0,1.63,0.00012509095472209328,very_rare,0.012509095472209329,rare,peak_abundance_with_occupancy_days_modifiers,0.0163
boboli,HN,0.00019998000266626675,0.0002,0.0002,postbreeding_migration,0.0166,0.0006,0.0,42.0,1.66,8.339813874893117e-05,very_rare,0.008339813874893118,rare,peak_abundance_with_occupancy_days_modifiers,0.0166
btstan1,HN,0.00019998000266626675,0.0002,0.0002,resident,0.0026,0.011,0.0038,365.0,0.26,8.339813874893117e-05,very_rare,0.008339813874893118,very_rare,peak_abundance_with_occupancy_days_modifiers,0.0026
eucdov,HN,0.00019998000266626675,0.0002,0.0002,resident,0.0003,0.0,0.0,0.0,0.03,8.339813874893117e-05,very_rare,0.008339813874893118,very_rare,peak_abundance_with_occupancy_days_modifiers,0.0003
unicra1,HN,0.00019998000266626675,0.0002,0.0002,resident,0.02,0.0027,0.0006,365.0,2.0,8.339813874893117e-05,very_rare,0.008339813874893118,rare,peak_abundance_with_occupancy_days_modifiers,0.02
chtant1,HN,0.00019998000266626675,0.0002,0.0002,resident,0.0091,0.0206,0.003,365.0,0.91,8.339813874893117e-05,very_rare,0.008339813874893118,very_rare,peak_abundance_with_occupancy_days_modifiers,0.0091
hoogro1,HN,0.00019998000266626675,0.0002,0.0002,resident,0.0018,0.0106,0.0074,365.0,0.18,8.339813874893117e-05,very_rare,0.008339813874893118,very_rare,peak_abundance_with_occupancy_days_modifiers,0.0018
cardov1,HN,0.00019998000266626675,0.0002,0.0002,resident,0.0015,0.0029,0.0028,365.0,0.15,8.339813874893117e-05,very_rare,0.008339813874893118,very_rare,peak_abundance_with_occupancy_days_modifiers,0.0015
carwre,HN,0.00019998000266626675,0.0002,0.0002,resident,0.004,0.0002,0.0,365.0,0.4,8.339813874893117e-05,very_rare,0.008339813874893118,very_rare,peak_abundance_with_occupancy_days_modifiers,0.004
brnowl,HN,0.00019998000266626675,0.0002,0.0002,resident,0.0056,,,,0.5599999999999999,8.339813874893117e-05,very_rare,0.008339813874893118,very_rare,peak_abundance_with_occupancy_days_modifiers,0.0056
surfbi,HN,0.00019998000266626675,0.0002,0.0002,postbreeding_migration,0.0024,0.0024,0.0006,35.0,0.24,8.339813874893117e-05,very_rare,0.008339813874893118,very_rare,peak_abundance_with_occupancy_days_modifiers,0.0024
shtnig1,HN,0.0001802894809466506,0.00012163285670827338,0.00018030573407186177,breeding,0.0665306099539588,0.0005715807556391036,1.1545425669616789e-05,161.0,6.65306099539588,7.518655338783626e-05,very_rare,0.007518655338783625,,peak_abundance_with_occupancy_days_modifiers,0.0665306099539588
creowl1,HN,0.00015789121199383328,0.0001579036774673,0.0001579036774673,resident,0.3395032960951513,0.0076496055139412,9.359802439925144e-05,365.0,33.95032960951513,6.584574972264581e-05,very_rare,0.0065845749722645815,,peak_abundance_with_occupancy_days_modifiers,0.3395032960951513
yebcra1,HN,0.00014748627571497446,0.00014749715235044816,0.00014749715235044816,resident,0.0147120428470169,0.0012489764605828,0.0027531992562028,365.0,1.47120428470169,6.150655426370045e-05,very_rare,0.006150655426370045,rare,peak_abundance_with_occupancy_days_modifiers,0.0147120428470169
grepot1,HN,0.000102818541432128,0.00010282382743952409,0.00010282382743952409,resident,0.0300332261312455,0.0001221008261025091,2.25491101247468e-05,365.0,3.00332261312455,4.2878662216151725e-05,very_rare,0.004287866221615173,rare,peak_abundance_with_occupancy_days_modifiers,0.0300332261312455
caskin,HN,9.999500033330834e-05,5e-05,0.0001,nonbreeding,0.0054,0.0011,0.0001,42.0,0.54,4.170115411946329e-05,very_rare,0.004170115411946329,very_rare,peak_abundance_with_occupancy_days_modifiers,0.0054
naswar,HN,9.999500033330834e-05,5e-05,0.0001,postbreeding_migration,0.0094,0.0001,0.0,42.0,0.9400000000000001,4.170115411946329e-05,very_rare,0.004170115411946329,very_rare,peak_abundance_with_occupancy_days_modifiers,0.0094
redkno,HN,9.999500033330834e-05,5e-05,0.0001,postbreeding_migration,0.0069,,,,0.69,4.170115411946329e-05,very_rare,0.004170115411946329,very_rare,peak_abundance_with_occupancy_days_modifiers,0.0069
uplsan,HN,9.999500033330834e-05,5e-05,0.0001,prebreeding_migration,0.0174,0.0005,0.0,35.0,1.7399999999999998,4.170115411946329e-05,very_rare,0.004170115411946329,rare,peak_abundance_with_occupancy_days_modifiers,0.0174
yeltyr1,HN,9.999500033330834e-05,0.0001,0.0001,resident,0.0019,0.0001,0.0001,365.0,0.19,4.170115411946329e-05,very_rare,0.004170115411946329,very_rare,peak_abundance_with_occupancy_days_modifiers,0.0019
masduc,HN,9.999500033330834e-05,0.0001,0.0001,resident,0.0086,0.0019,0.0003,365.0,0.86,4.170115411946329e-05,very_rare,0.004170115411946329,very_rare,peak_abundance_with_occupancy_days_modifiers,0.0086
nopowl,HN,9.999500033330834e-05,0.0001,0.0001,resident,0.0055,0.0006,0.0003,365.0,0.5499999999999999,4.170115411946329e-05,very_rare,0.004170115411946329,very_rare,peak_abundance_with_occupancy_days_modifiers,0.0055
rubspi2,HN,9.999500033330834e-05,0.0001,0.0001,resident,0.0007,0.0012,0.0008,0.0,0.06999999999999999,4.170115411946329e-05,very_rare,0.004170115411946329,very_rare,peak_abundance_with_occupancy_days_modifiers,0.0007
bawowl1,HN,9.999500033330834e-05,0.0001,0.0001,resident,0.003,0.0041,0.0017,365.0,0.3,4.170115411946329e-05,very_rare,0.004170115411946329,very_rare,peak_abundance_with_occupancy_days_modifiers,0.003
whtswi,HN,9.999500033330834e-05,0.0001,0.0001,prebreeding_migration,0.0042,0.0003,0.0,14.0,0.42,4.170115411946329e-05,very_rare,0.004170115411946329,rare,peak_abundance_with_occupancy_days_modifiers,0.0042
btbwar,HN,9.999500033330834e-05,0.0001,0.0001,nonbreeding,0.025,0.0091,0.0002,77.0,2.5,4.170115411946329e-05,very_rare,0.004170115411946329,rare,peak_abundance_with_occupancy_days_modifiers,0.025
lobcur,HN,9.999500033330834e-05,0.0001,0.0001,postbreeding_migration,0.0026,0.0002,0.0,70.0,0.26,4.170115411946329e-05,very_rare,0.004170115411946329,very_rare,peak_abundance_with_occupancy_days_modifiers,0.0026
whsowl1,HN,9.999500033330834e-05,0.0001,0.0001,resident,0.0012,0.0021,0.0026,365.0,0.12,4.170115411946329e-05,very_rare,0.004170115411946329,very_rare,peak_abundance_with_occupancy_days_modifiers,0.0012
chwwid,HN,9.999500033330834e-05,0.0001,0.0001,postbreeding_migration,0.1435,0.0238,0.0025,35.0,14.35,4.170115411946329e-05,very_rare,0.004170115411946329,,peak_abundance_with_occupancy_days_modifiers,0.1435
speowl1,HN,9.999500033330834e-05,0.0001,0.0001,resident,0.0091,0.0002,0.0,365.0,0.91,4.170115411946329e-05,very_rare,0.004170115411946329,very_rare,peak_abundance_with_occupancy_days_modifiers,0.0091
pasowl4,HN,9.999500033330834e-05,0.0001,0.0001,resident,0.0015,0.0107,0.0048,365.0,0.15,4.170115411946329e-05,very_rare,0.004170115411946329,very_rare,peak_abundance_with_occupancy_days_modifiers,0.0015
sporai,HN,8.774130666081856e-05,8.774515604184826e-05,8.774515604184826e-05,resident,0.0109746863705492,0.00033015810905000063,0.0001665593805159301,365.0,1.09746863705492,3.659096694348322e-05,very_rare,0.0036590966943483225,rare,peak_abundance_with_occupancy_days_modifiers,0.0109746863705492
lovcot1,HN,6.157745116224805e-05,6.157934709240918e-05,6.157934709240918e-05,resident,0.0597182222380489,0.1129353233830845,0.3923325200991051,365.0,5.971822223804891,2.567979171599348e-05,very_rare,0.002567979171599348,,peak_abundance_with_occupancy_days_modifiers,0.0597182222380489
blccoq1,HN,4.391821423035936e-05,4.391917864924842e-05,4.391917864924842e-05,resident,0.1548375144900639,0.2871076182017279,0.1654516150678079,365.0,15.48375144900639,1.831531790755307e-05,very_rare,0.001831531790755307,,peak_abundance_with_occupancy_days_modifiers,0.1548375144900639
ocequa1,HN,3.876007729973091e-05,3.87608284812323e-05,3.87608284812323e-05,resident,0.20059620079612,0.5704134642287065,0.0515491550022242,365.0,20.059620079612,1.6164207728127878e-05,very_rare,0.0016164207728127879,,peak_abundance_with_occupancy_days_modifiers,0.20059620079612
grbcra1,HN,3.251652005641598e-05,3.2517048724184396e-05,3.2517048724184396e-05,resident,0.0259071888048833,0.00037505947739639354,0.0003239167166004239,365.0,2.59071888048833,1.356044211988226e-05,very_rare,0.001356044211988226,rare,peak_abundance_with_occupancy_days_modifiers,0.0259071888048833
styowl1,HN,2.918109046566912e-05,2.918151623783099e-05,2.918151623783099e-05,resident,0.0193203999127286,0.0024195652178816,0.0007567606366466281,365.0,1.9320399912728599,1.2169459941283625e-05,very_rare,0.0012169459941283626,rare,peak_abundance_with_occupancy_days_modifiers,0.0193203999127286
rnwrai1,HN,2.7191599609949336e-05,2.719196930484487e-05,2.719196930484487e-05,resident,0.0228869558655802,0.0142002673867419,0.0057029229311879,365.0,2.2886955865580196,1.1339777812009136e-05,very_rare,0.0011339777812009136,rare,peak_abundance_with_occupancy_days_modifiers,0.0228869558655802
sonwre1,HN,9.210947794402196e-06,9.210990215312077e-06,9.210990215312077e-06,resident,0.0019987504858529,0.0007974481658692185,5.6248459253935466e-05,0.0,0.19987504858529,3.841263585947066e-06,very_rare,0.0003841263585947066,very_rare,peak_abundance_with_occupancy_days_modifiers,0.0019987504858529
blbwoo1,HN,0.0,0.0,0.0,resident,0.0133,0.0004,0.0,365.0,1.3299999999999998,0.0,very_rare,0.0,rare,peak_abundance_with_occupancy_days_modifiers,0.0133
yelpar1,HN,0.0,0.0,0.0,resident,0.0006,0.001,0.0001,0.0,0.06,0.0,very_rare,0.0,very_rare,peak_abundance_with_occupancy_days_modifiers,0.0006
grhkit1,HN,0.0,0.0,0.0,resident,0.0012,0.0,0.0,365.0,0.12,0.0,very_rare,0.0,very_rare,peak_abundance_with_occupancy_days_modifiers,0.0012
wibant1,HN,0.0,0.0,0.0,resident,0.0288,0.0029,0.0,365.0,2.88,0.0,very_rare,0.0,rare,peak_abundance_with_occupancy_days_modifiers,0.0288
yucnig1,HN,0.0,0.0,0.0,nonbreeding,0.0013,0.0011,0.0001,7.0,0.13,0.0,very_rare,0.0,very_rare,peak_abundance_with_occupancy_days_modifiers,0.0013
agaher1,HN,0.0,0.0,0.0,resident,0.0008,0.0002,0.0002,0.0,0.08,0.0,very_rare,0.0,very_rare,peak_abundance_with_occupancy_days_modifiers,0.0008
bichaw1,HN,0.0,0.0,0.0,resident,0.0089,0.0005,0.0003,365.0,0.89,0.0,very_rare,0.0,very_rare,peak_abundance_with_occupancy_days_modifiers,0.0089
wilsni1,HN,0.0,0.0,0.0,postbreeding_migration,0.005,0.0001,0.0,7.0,0.5,0.0,very_rare,0.0,very_rare,peak_abundance_with_occupancy_days_modifiers,0.005
bawori1,HN,0.0,0.0,0.0,resident,0.0003,0.0392,0.0303,0.0,0.03,0.0,very_rare,0.0,very_rare,peak_abundance_with_occupancy_days_modifiers,0.0003
amedip,HN,0.0,0.0,0.0,resident,0.0098,0.0029,0.0001,365.0,0.98,0.0,very_rare,0.0,very_rare,peak_abundance_with_occupancy_days_modifiers,0.0098
bkwvir,HN,0.0,0.0,0.0,postbreeding_migration,0.0129,0.0035,0.0001,42.0,1.29,0.0,very_rare,0.0,rare,peak_abundance_with_occupancy_days_modifiers,0.0129
hooori,HN,0.0,0.0,0.0,nonbreeding,0.0003,0.0001,0.0,0.0,0.03,0.0,very_rare,0.0,very_rare,peak_abundance_with_occupancy_days_modifiers,0.0003
yelgro,HN,0.0,0.0,0.0,breeding,0.0001,0.0003,0.0,0.0,0.01,0.0,very_rare,0.0,very_rare,peak_abundance_with_occupancy_days_modifiers,0.0001
baisan,HN,0.0,0.0,0.0,prebreeding_migration,0.0071,0.0004,0.0,7.0,0.7100000000000001,0.0,very_rare,0.0,very_rare,peak_abundance_with_occupancy_days_modifiers,0.0071
forter,HN,0.0,0.0,0.0,postbreeding_migration,0.0001,0.0,0.0,0.0,0.01,0.0,very_rare,0.0,very_rare,peak_abundance_with_occupancy_days_modifiers,0.0001
yehcar1,HN,0.0,0.0,0.0,resident,0.0013,0.0,0.0,365.0,0.13,0.0,very_rare,0.0,very_rare,peak_abundance_with_occupancy_days_modifiers,0.0013
nisfin1,HN,0.0,0.0,0.0,resident,0.0004,0.0157,0.0001,0.0,0.04,0.0,very_rare,0.0,very_rare,peak_abundance_with_occupancy_days_modifiers,0.0004
varbun,HN,0.0,0.0,0.0,nonbreeding,0.0002,0.0,0.0,0.0,0.02,0.0,very_rare,0.0,very_rare,peak_abundance_with_occupancy_days_modifiers,0.0002
renpha,HN,0.0,0.0,0.0,postbreeding_migration,0.0006,,,,0.06,0.0,very_rare,0.0,very_rare,peak_abundance_with_occupancy_days_modifiers,0.0006
refwar,HN,0.0,0.0,0.0,nonbreeding,0.0075,0.0054,0.0004,42.0,0.75,0.0,very_rare,0.0,very_rare,peak_abundance_with_occupancy_days_modifiers,0.0075
labwoo,HN,0.0,0.0,0.0,resident,0.0011,0.0001,0.0,365.0,0.11,0.0,very_rare,0.0,very_rare,peak_abundance_with_occupancy_days_modifiers,0.0011
batbar1,HN,0.0,0.0,0.0,resident,0.0001,0.0002,0.0001,0.0,0.01,0.0,very_rare,0.0,very_rare,peak_abundance_with_occupancy_days_modifiers,0.0001
blkswi,HN,0.0,0.0,0.0,prebreeding_migration,0.0004,0.0001,0.0,0.0,0.04,0.0,very_rare,0.0,very_rare,peak_abundance_with_occupancy_days_modifiers,0.0004
clcspa,HN,0.0,0.0,0.0,postbreeding_migration,0.0002,0.0,0.0,0.0,0.02,0.0,very_rare,0.0,very_rare,peak_abundance_with_occupancy_days_modifiers,0.0002
clarai11,HN,0.0,0.0,0.0,nonbreeding,0.0023,0.0039,0.0001,7.0,0.22999999999999998,0.0,very_rare,0.0,very_rare,peak_abundance_with_occupancy_days_modifiers,0.0023
hudgod,HN,0.0,0.0,0.0,prebreeding_migration,0.0004,0.0001,0.0,0.0,0.04,0.0,very_rare,0.0,very_rare,peak_abundance_with_occupancy_days_modifiers,0.0004
snogoo,HN,0.0,0.0,0.0,postbreeding_migration,0.0014,0.0,0.0,14.0,0.13999999999999999,0.0,very_rare,0.0,rare,peak_abundance_with_occupancy_days_modifiers,0.0014
