species_code,country_code,abundance,abundance_mean_avg,abundance_mean_max,peak_season,range_occupied_percent,range_total_percent,total_pop_percent,range_days_occupation,occupancy,score,frequency,frequency_pct,rarity_cap,commonness_basis,debug_range_occupied_max
rewbla,US-TX,2.551380796393327,6.254675,11.8248,nonbreeding,0.7587,0.1273,0.0823,126.0,75.87,1.0,abundant,100.0,,peak_abundance_with_occupancy_days_modifiers,0.7587
sancra,US-TX,2.368634971455545,6.646000000000001,9.6828,nonbreeding,0.4698,0.3734,0.5413,77.0,46.98,0.9877975065572073,abundant,98.77975065572073,,peak_abundance_with_occupancy_days_modifiers,0.4698
snogoo,US-TX,1.7592534950051273,1.8289749999999998,4.8081,nonbreeding,0.1403,0.1585,0.0252,119.0,14.030000000000001,0.7336656921434515,common,73.36656921434515,,peak_abundance_with_occupancy_days_modifiers,0.1403
amerob,US-TX,1.5753432386632717,1.609125,3.8324,nonbreeding,0.7316,0.0815,0.1299,98.0,73.16,0.6569691581337614,common,65.69691581337615,,peak_abundance_with_occupancy_days_modifiers,0.7316
bnhcow,US-TX,1.4625143870312998,2.244825,3.3168,nonbreeding,0.6429,0.1894,0.2432,147.0,64.29,0.6099158723160286,common,60.991587231602864,,peak_abundance_with_occupancy_days_modifiers,0.6429
moudov,US-TX,1.4416817631994485,2.6858500000000003,3.2278,breeding,0.9978,0.1103,0.1721,119.0,99.78,0.60122799337979,common,60.122799337979004,,peak_abundance_with_occupancy_days_modifiers,0.9978
turvul,US-TX,1.2020709970363397,1.649525,2.327,postbreeding_migration,0.9935,0.0254,0.0821,126.0,99.35000000000001,0.5013025425557928,common,50.130254255579274,,peak_abundance_with_occupancy_days_modifiers,0.9935
whcspa,US-TX,1.1882092091464578,1.197,2.2812,nonbreeding,0.8622,0.1462,0.1895,112.0,86.22,0.49552172800265964,common,49.552172800265964,,peak_abundance_with_occupancy_days_modifiers,0.8622
norcar,US-TX,1.1116272257456044,2.0393,2.0393,resident,0.7592,0.124,0.1778,365.0,75.92,0.46358456032498985,common,46.358456032498985,,peak_abundance_with_occupancy_days_modifiers,0.7592
categr1,US-TX,1.10079980448365,1.1167933518161786,2.0065697305215275,postbreeding_migration,0.3117406932428578,0.0224154867498926,0.0484022805079906,140.0,31.17406932428578,0.4590691749431593,common,45.90691749431593,,peak_abundance_with_occupancy_days_modifiers,0.3117406932428578
comgra,US-TX,1.0888649372132297,0.9581500000000001,1.9709,nonbreeding,0.2301,0.0909,0.0484,112.0,23.01,0.454091948704045,common,45.4091948704045,,peak_abundance_with_occupancy_days_modifiers,0.2301
brebla,US-TX,1.054242340932169,0.8986,1.8698,nonbreeding,0.4902,0.2688,0.2888,105.0,49.02,0.439653204579638,common,43.965320457963806,,peak_abundance_with_occupancy_days_modifiers,0.4902
cedwax,US-TX,1.0541726472359358,1.0,1.8696,nonbreeding,0.6014,0.11,0.2455,119.0,60.14000000000001,0.4396241400508307,common,43.962414005083076,,peak_abundance_with_occupancy_days_modifiers,0.6014
barswa,US-TX,0.9915837159095864,0.8271499999999999,1.6955,postbreeding_migration,0.936,0.0116,0.0106,154.0,93.60000000000001,0.41352252834311526,common,41.35225283431153,,peak_abundance_with_occupancy_days_modifiers,0.936
cliswa,US-TX,0.9884625451671223,0.9522666666666667,1.6871,breeding,0.7916,0.0992,0.1104,126.0,79.16,0.41222089904434206,common,41.222089904434206,,peak_abundance_with_occupancy_days_modifiers,0.7916
purmar,US-TX,0.9745973751352082,0.6957333333333334,1.6501,postbreeding_migration,0.5084,0.1583,0.2029,140.0,50.839999999999996,0.4064386740284292,common,40.64386740284292,,peak_abundance_with_occupancy_days_modifiers,0.5084
grtgra,US-TX,0.9268349457498262,1.219475,1.5265,nonbreeding,0.2108,0.1636,0.2941,126.0,21.08,0.3865201938816116,common,38.65201938816116,,peak_abundance_with_occupancy_days_modifiers,0.2108
redhea,US-TX,0.9001206987115172,0.591925,1.4599,nonbreeding,0.1416,0.4987,0.7156,119.0,14.16,0.37537948755412753,common,37.537948755412756,,peak_abundance_with_occupancy_days_modifiers,0.1416
normoc,US-TX,0.882030495189041,0.99005,1.4158,breeding,0.9791,0.1418,0.2685,112.0,97.91,0.36783528671779786,common,36.783528671779784,,peak_abundance_with_occupancy_days_modifiers,0.9791
savspa,US-TX,0.8123070457292031,0.7072333333333334,1.2531,nonbreeding,0.8826,0.216,0.2835,112.0,88.26,0.3387583498512141,common,33.875834985121415,,peak_abundance_with_occupancy_days_modifiers,0.8826
wesmea,US-TX,0.7971918308465463,0.7537250000000001,1.2193,nonbreeding,0.7192,0.2142,0.2953,112.0,71.92,0.33245481564180845,common,33.24548156418084,,peak_abundance_with_occupancy_days_modifiers,0.7192
norpin,US-TX,0.795794017520088,0.576125,1.2162,nonbreeding,0.3393,0.0611,0.0471,147.0,33.93,0.3318718822075108,common,33.18718822075108,,peak_abundance_with_occupancy_days_modifiers,0.3393
eursta,US-TX,0.771865935271336,0.8090250000000001,1.1638,nonbreeding,0.467,0.0269,0.0064,140.0,46.7,0.32189309684511774,common,32.18930968451178,,peak_abundance_with_occupancy_days_modifiers,0.467
amegfi,US-TX,0.757060506303598,0.373675,1.132,nonbreeding,0.7608,0.0892,0.1122,112.0,76.08,0.31571875339664013,common,31.57187533966401,,peak_abundance_with_occupancy_days_modifiers,0.7608
yerwar,US-TX,0.7336651288628335,0.438725,1.0827,nonbreeding,0.7951,0.1137,0.125,119.0,79.51,0.30596212319424526,common,30.596212319424527,,peak_abundance_with_occupancy_days_modifiers,0.7951
daejun,US-TX,0.7140766237409751,0.408975,1.0423,nonbreeding,0.6468,0.0711,0.0401,98.0,64.68,0.2977930820588506,common,29.77930820588506,,peak_abundance_with_occupancy_days_modifiers,0.6468
whwdov,US-TX,0.7106923597756942,0.682625,1.0354,postbreeding_migration,0.4827,0.1413,0.1526,119.0,48.27,0.29638173436419857,common,29.638173436419855,,peak_abundance_with_occupancy_days_modifiers,0.4827
larbun,US-TX,0.6850646043665893,0.45107499999999995,0.9839,nonbreeding,0.5493,0.3837,0.4092,119.0,54.93,0.2856941302391039,fairly_common,28.56941302391039,,peak_abundance_with_occupancy_days_modifiers,0.5493
laugul,US-TX,0.68299582950357,0.7844249999999999,0.9798,breeding,0.0469,0.0999,0.2337,161.0,4.6899999999999995,0.28483138411066056,rare,28.483138411066054,rare,peak_abundance_with_occupancy_days_modifiers,0.0469
amecro,US-TX,0.6469985245339651,0.6722250000000001,0.9098,nonbreeding,0.5203,0.0764,0.0494,147.0,52.03,0.26981934193435836,fairly_common,26.981934193435837,,peak_abundance_with_occupancy_days_modifiers,0.5203
paibun,US-TX,0.6385325872867224,0.35725,0.8937,breeding,0.7861,0.4653,0.6779,112.0,78.61,0.2662887718784931,fairly_common,26.62887718784931,,peak_abundance_with_occupancy_days_modifiers,0.7861
chispa,US-TX,0.6264195985092359,0.44955,0.8709,nonbreeding,0.5874,0.1391,0.1377,147.0,58.74,0.2612372632013229,fairly_common,26.123726320132292,,peak_abundance_with_occupancy_days_modifiers,0.5874
pinsis,US-TX,0.6214363330059449,0.376325,0.8616,nonbreeding,0.6171,0.0857,0.0849,105.0,61.71,0.25915908007138355,fairly_common,25.915908007138356,,peak_abundance_with_occupancy_days_modifiers,0.6171
gwfgoo,US-TX,0.6198235161411019,0.4756666666666667,0.8586,nonbreeding,0.2141,0.0803,0.0057,42.0,21.41,0.25848648319730866,fairly_common,25.848648319730867,,peak_abundance_with_occupancy_days_modifiers,0.2141
cacgoo1,US-TX,0.6036600140584092,0.27812499999999996,0.8288,nonbreeding,0.0296,0.1218,0.1507,56.0,2.96,0.2517457792699725,rare,25.174577926997248,rare,peak_abundance_with_occupancy_days_modifiers,0.0296
weskin,US-TX,0.583443915467982,0.326575,0.7922,breeding,0.4596,0.1033,0.2423,112.0,45.96,0.2433150113295384,fairly_common,24.33150113295384,,peak_abundance_with_occupancy_days_modifiers,0.4596
blkvul,US-TX,0.5803703429569844,0.7867,0.7867,resident,0.5693,0.023,0.0297,365.0,56.93,0.24203323203506122,common,24.203323203506123,,peak_abundance_with_occupancy_days_modifiers,0.5693
gnwtea,US-TX,0.5751516223222378,0.5251250000000001,0.7774,nonbreeding,0.4811,0.0396,0.012,147.0,48.11,0.23985685648857774,fairly_common,23.985685648857775,,peak_abundance_with_occupancy_days_modifiers,0.4811
y00475,US-TX,0.5741383939777431,0.5048250000000001,0.7756,nonbreeding,0.0747,0.093,0.0808,112.0,7.470000000000001,0.23943430744901428,fairly_common,23.943430744901427,,peak_abundance_with_occupancy_days_modifiers,0.0747
larspa,US-TX,0.5556077665378839,0.482375,0.743,postbreeding_migration,0.8492,0.249,0.2506,126.0,84.92,0.23170643557317802,fairly_common,23.170643557317803,,peak_abundance_with_occupancy_days_modifiers,0.8492
amewig,US-TX,0.5547468108239189,0.352675,0.7415,nonbreeding,0.4784,0.3491,0.2329,126.0,47.839999999999996,0.23134738915287284,fairly_common,23.134738915287283,,peak_abundance_with_occupancy_days_modifiers,0.4784
killde,US-TX,0.5488148096700253,0.48987499999999995,0.7312,postbreeding_migration,0.7623,0.1868,0.1289,161.0,76.23,0.2288735525257332,fairly_common,22.887355252573318,,peak_abundance_with_occupancy_days_modifiers,0.7623
doccor,US-TX,0.5478901679028068,0.329725,0.7296,nonbreeding,0.1337,0.174,0.1403,147.0,13.370000000000001,0.22848794695833935,fairly_common,22.848794695833934,,peak_abundance_with_occupancy_days_modifiers,0.1337
cangoo,US-TX,0.5478323493950864,0.3002,0.7295,nonbreeding,0.079,0.0246,0.0136,119.0,7.9,0.22846383476779614,fairly_common,22.846383476779614,,peak_abundance_with_occupancy_days_modifiers,0.079
horlar,US-TX,0.534034208902872,0.369575,0.7058,nonbreeding,0.2763,,,,27.63,0.22270956324112023,fairly_common,22.270956324112024,,peak_abundance_with_occupancy_days_modifiers,0.2763
norsho,US-TX,0.5247285289349821,0.40675,0.69,prebreeding_migration,0.3314,0.0433,0.0211,147.0,33.14,0.2188287932702824,fairly_common,21.882879327028242,,peak_abundance_with_occupancy_days_modifiers,0.3314
easmea,US-TX,0.5121647267672202,0.38895,0.6689,nonbreeding,0.8164,0.1633,0.2386,119.0,81.64,0.21358928080687953,fairly_common,21.358928080687953,,peak_abundance_with_occupancy_days_modifiers,0.8164
gadwal,US-TX,0.4981050593566103,0.35634999999999994,0.6456,nonbreeding,0.4943,0.0808,0.04,140.0,49.43,0.20772594408400336,fairly_common,20.772594408400337,,peak_abundance_with_occupancy_days_modifiers,0.4943
sctfly,US-TX,0.4923153610068938,0.33147499999999996,0.6361,breeding,0.7951,0.4803,0.6705,119.0,79.51,0.20531145233559606,fairly_common,20.531145233559606,,peak_abundance_with_occupancy_days_modifiers,0.7951
amepip,US-TX,0.4498009219282161,0.3471666666666667,0.568,nonbreeding,0.5601,0.2069,0.2254,56.0,56.010000000000005,0.18758155413655467,fairly_common,18.758155413655466,,peak_abundance_with_occupancy_days_modifiers,0.5601
ribgul,US-TX,0.4461590944357204,0.22012500000000002,0.5623,nonbreeding,0.0563,0.0848,0.0657,105.0,5.63,0.18606279410820462,fairly_common,18.606279410820463,,peak_abundance_with_occupancy_days_modifiers,0.0563
carchi,US-TX,0.44532664153329504,0.561,0.561,resident,0.4291,0.1471,0.1474,365.0,42.91,0.18571563428355808,fairly_common,18.57156342835581,,peak_abundance_with_occupancy_days_modifiers,0.4291
whtspa,US-TX,0.4415398522451549,0.3047,0.5551,nonbreeding,0.5084,0.1349,0.0972,98.0,50.839999999999996,0.18413642049090528,fairly_common,18.413642049090527,,peak_abundance_with_occupancy_days_modifiers,0.5084
ruckin,US-TX,0.43217195093672833,0.3557666666666666,0.5406,nonbreeding,0.8627,0.1288,0.1547,98.0,86.27,0.18022970220562587,fairly_common,18.022970220562588,,peak_abundance_with_occupancy_days_modifiers,0.8627
buwtea,US-TX,0.4305478884756275,0.24860000000000002,0.5381,postbreeding_migration,0.4081,0.1143,0.0761,161.0,40.81,0.17955241555365067,fairly_common,17.955241555365067,,peak_abundance_with_occupancy_days_modifiers,0.4081
sonspa,US-TX,0.4000504754066655,0.25393333333333334,0.4919,nonbreeding,0.883,0.1155,0.0826,77.0,88.3,0.16683400644924834,fairly_common,16.683400644924834,,peak_abundance_with_occupancy_days_modifiers,0.883
vesspa,US-TX,0.38947121835381493,0.238325,0.4762,nonbreeding,0.8164,0.3073,0.3097,112.0,81.64,0.16242211358100622,fairly_common,16.242211358100622,,peak_abundance_with_occupancy_days_modifiers,0.8164
blujay,US-TX,0.38757265526657614,0.32825000000000004,0.4734,postbreeding_migration,0.405,0.0441,0.0371,112.0,40.5,0.1616303512764653,fairly_common,16.16303512764653,,peak_abundance_with_occupancy_days_modifiers,0.405
cavswa,US-TX,0.3874369055887732,0.24625,0.4732,postbreeding_migration,0.7092,0.4851,0.4859,133.0,70.92,0.16157373926369603,fairly_common,16.157373926369605,,peak_abundance_with_occupancy_days_modifiers,0.7092
easblu,US-TX,0.38410526898675484,0.293225,0.4683,nonbreeding,0.6543,0.1254,0.113,105.0,65.42999999999999,0.16018433888419972,fairly_common,16.018433888419974,,peak_abundance_with_occupancy_days_modifiers,0.6543
carwre,US-TX,0.37411203045014213,0.4537,0.4537,resident,0.4609,0.1211,0.1031,365.0,46.089999999999996,0.15601683471920322,fairly_common,15.601683471920321,,peak_abundance_with_occupancy_days_modifiers,0.4609
whevir,US-TX,0.3683169124726592,0.26275,0.4453,breeding,0.5984,0.1902,0.2135,112.0,59.84,0.1536000828104679,fairly_common,15.360008281046788,,peak_abundance_with_occupancy_days_modifiers,0.5984
mallar3,US-TX,0.35739468486308124,0.261675,0.4296,nonbreeding,0.1757,0.0122,0.0021,126.0,17.57,0.14904516011076563,fairly_common,14.904516011076563,,peak_abundance_with_occupancy_days_modifiers,0.1757
easpho,US-TX,0.3472708638634385,0.251425,0.4152,nonbreeding,0.7045,0.2017,0.2842,119.0,70.45,0.14482319882893363,fairly_common,14.482319882893362,,peak_abundance_with_occupancy_days_modifiers,0.7045
dickci,US-TX,0.3378284593923531,0.254975,0.4019,breeding,0.6111,0.1961,0.1902,119.0,61.11,0.1408854103115619,fairly_common,14.08854103115619,,peak_abundance_with_occupancy_days_modifiers,0.6111
laplon,US-TX,0.3223733122417113,0.15153333333333333,0.3804,nonbreeding,0.1295,,,,12.950000000000001,0.13444011333551614,fairly_common,13.444011333551614,,peak_abundance_with_occupancy_days_modifiers,0.1295
houfin,US-TX,0.31852645574676197,0.3751,0.3751,resident,0.4065,0.0929,0.0587,365.0,40.65,0.1328358495719615,fairly_common,13.283584957196151,,peak_abundance_with_occupancy_days_modifiers,0.4065
fragul,US-TX,0.3156862688613783,0.10635,0.3712,prebreeding_migration,0.2087,0.0884,0.0595,91.0,20.87,0.13165139964305816,fairly_common,13.165139964305816,,peak_abundance_with_occupancy_days_modifiers,0.2087
rinduc,US-TX,0.301363059507645,0.156075,0.3517,nonbreeding,0.4637,0.3967,0.2255,119.0,46.37,0.12567815739340069,fairly_common,12.567815739340068,,peak_abundance_with_occupancy_days_modifiers,0.4637
buggna,US-TX,0.29750863326951654,0.224725,0.3465,postbreeding_migration,0.9267,0.0931,0.1181,112.0,92.67,0.12407073680174559,fairly_common,12.407073680174559,,peak_abundance_with_occupancy_days_modifiers,0.9267
bewwre,US-TX,0.2974343638944592,0.29205,0.3464,breeding,0.5686,0.1696,0.2461,126.0,56.86,0.12403976406665582,fairly_common,12.403976406665581,,peak_abundance_with_occupancy_days_modifiers,0.5686
comnig,US-TX,0.29736008900305205,0.24003333333333332,0.3463,breeding,0.8013,0.0746,0.1682,112.0,80.13,0.12400878903106956,fairly_common,12.400878903106955,,peak_abundance_with_occupancy_days_modifiers,0.8013
moublu,US-TX,0.28870654749796876,0.16103333333333333,0.3347,nonbreeding,0.4667,0.1776,0.1878,70.0,46.67,0.12039998192291566,fairly_common,12.039998192291566,,peak_abundance_with_occupancy_days_modifiers,0.4667
eucdov,US-TX,0.2864563215259622,0.3317,0.3317,resident,0.524,0.0233,0.0084,365.0,52.400000000000006,0.11946156480456485,common,11.946156480456485,,peak_abundance_with_occupancy_days_modifiers,0.524
norbob,US-TX,0.2852541273771135,0.3301,0.3301,resident,0.5669,0.1821,0.3351,365.0,56.69,0.11896021090371421,common,11.896021090371422,,peak_abundance_with_occupancy_days_modifiers,0.5669
dunlin,US-TX,0.26903427807929786,0.10342499999999999,0.3087,nonbreeding,0.0211,0.0105,0.0247,70.0,2.11,0.11219600836250526,rare,11.219600836250526,rare,peak_abundance_with_occupancy_days_modifiers,0.0211
blugrb1,US-TX,0.26819339586791846,0.129525,0.3076,breeding,0.8947,0.1316,0.109,98.0,89.47,0.11184533324298758,fairly_common,11.184533324298759,,peak_abundance_with_occupancy_days_modifiers,0.8947
wilpha,US-TX,0.26788744512360135,0.16344999999999998,0.3072,prebreeding_migration,0.2243,0.0818,0.0478,112.0,22.43,0.111717741872427,fairly_common,11.1717741872427,,peak_abundance_with_occupancy_days_modifiers,0.2243
brwhaw,US-TX,0.2654364635044612,0.10164999999999999,0.304,postbreeding_migration,0.3971,0.0495,0.1008,112.0,39.71,0.11069560314646015,fairly_common,11.069560314646015,,peak_abundance_with_occupancy_days_modifiers,0.3971
swahaw,US-TX,0.25688775727837054,0.11285,0.2929,postbreeding_migration,0.7815,0.1576,0.1598,119.0,78.14999999999999,0.10713051574541017,fairly_common,10.713051574541018,,peak_abundance_with_occupancy_days_modifiers,0.7815
rethaw,US-TX,0.2550297401765315,0.1679,0.2905,nonbreeding,0.9886,0.0789,0.0924,112.0,98.86,0.10635566243012311,fairly_common,10.635566243012311,,peak_abundance_with_occupancy_days_modifiers,0.9886
yebcuc,US-TX,0.2542545463392624,0.14803333333333332,0.2895,breeding,0.7899,0.1236,0.1755,84.0,78.99000000000001,0.10603238149034941,fairly_common,10.60323814903494,,peak_abundance_with_occupancy_days_modifiers,0.7899
linspa,US-TX,0.2541769938943827,0.23173333333333335,0.2894,nonbreeding,0.9333,0.1951,0.2341,105.0,93.33,0.10600003960880051,fairly_common,10.600003960880052,,peak_abundance_with_occupancy_days_modifiers,0.9333
bbwduc,US-TX,0.2506808943072979,0.223225,0.2849,breeding,0.2611,0.0447,0.0377,161.0,26.11,0.10454205283734117,fairly_common,10.454205283734117,,peak_abundance_with_occupancy_days_modifiers,0.2611
greegr,US-TX,0.24865534048293306,0.17827500000000002,0.2823,breeding,0.355,0.0077,0.0135,133.0,35.5,0.10369733128200777,fairly_common,10.369733128200776,,peak_abundance_with_occupancy_days_modifiers,0.355
fiespa,US-TX,0.24842135849847827,0.14032499999999998,0.282,nonbreeding,0.7142,0.1997,0.226,119.0,71.41999999999999,0.10359975321548041,fairly_common,10.359975321548042,,peak_abundance_with_occupancy_days_modifiers,0.7142
lessca,US-TX,0.2465475290932259,0.12112500000000001,0.2796,nonbreeding,0.0976,0.2581,0.156,126.0,9.76,0.10281830565748695,fairly_common,10.281830565748695,,peak_abundance_with_occupancy_days_modifiers,0.0976
blctit4,US-TX,0.24137631957526948,0.273,0.273,resident,0.3696,0.6899,0.8091,365.0,36.96,0.10066174378565777,fairly_common,10.066174378565778,,peak_abundance_with_occupancy_days_modifiers,0.3696
brnpel,US-TX,0.24074768526256682,0.178075,0.2722,breeding,0.0145,0.0476,0.0704,161.0,1.4500000000000002,0.10039958291490002,rare,10.039958291490002,rare,peak_abundance_with_occupancy_days_modifiers,0.0145
casspa,US-TX,0.23980399220731702,0.141425,0.271,breeding,0.6216,0.3607,0.55,112.0,62.160000000000004,0.1000060323432987,fairly_common,10.000603234329871,,peak_abundance_with_occupancy_days_modifiers,0.6216
norfli,US-TX,0.23625719045959287,0.144975,0.2665,nonbreeding,0.8895,0.0833,0.0697,112.0,88.94999999999999,0.09852690112853763,fairly_common,9.852690112853763,,peak_abundance_with_occupancy_days_modifiers,0.8895
astfly,US-TX,0.23451860933571494,0.11115,0.2643,breeding,0.5907,0.1419,0.1447,105.0,59.07,0.09780185648476176,fairly_common,9.780185648476177,,peak_abundance_with_occupancy_days_modifiers,0.5907
yehbla,US-TX,0.22912562299175723,0.112925,0.2575,prebreeding_migration,0.4104,0.1367,0.0388,175.0,41.04,0.0955528064928228,fairly_common,9.55528064928228,,peak_abundance_with_occupancy_days_modifiers,0.4104
leasan,US-TX,0.21503073120365931,0.1447,0.2399,postbreeding_migration,0.2354,0.1457,0.1014,168.0,23.54,0.08967478006356634,fairly_common,8.967478006356634,,peak_abundance_with_occupancy_days_modifiers,0.2354
wiltur,US-TX,0.2139817095218235,0.2386,0.2386,resident,0.4345,0.0862,0.1313,365.0,43.45,0.08923730404293444,fairly_common,8.923730404293444,,peak_abundance_with_occupancy_days_modifiers,0.4345
lobdow,US-TX,0.2139009699472772,0.13495000000000001,0.2385,prebreeding_migration,0.2512,0.1595,0.1607,168.0,25.119999999999997,0.08920363302507882,fairly_common,8.920363302507882,,peak_abundance_with_occupancy_days_modifiers,0.2512
chclon,US-TX,0.21204215824303588,0.12843333333333332,0.2362,nonbreeding,0.2159,0.264,0.1671,84.0,21.59,0.08842844833485171,fairly_common,8.84284483348517,,peak_abundance_with_occupancy_days_modifiers,0.2159
houspa,US-TX,0.2091257595460057,0.2326,0.2326,resident,0.201,0.0071,0.0029,365.0,20.1,0.08721221561188264,fairly_common,8.721221561188264,,peak_abundance_with_occupancy_days_modifiers,0.201
whiibi,US-TX,0.20530539318432994,0.19105,0.2279,prebreeding_migration,0.058,0.1043,0.1212,105.0,5.800000000000001,0.08561899909195626,fairly_common,8.561899909195626,,peak_abundance_with_occupancy_days_modifiers,0.058
amwpel,US-TX,0.2047351516308547,0.137325,0.2272,nonbreeding,0.0499,0.1198,0.1295,119.0,4.99,0.08538118989322104,rare,8.538118989322104,rare,peak_abundance_with_occupancy_days_modifiers,0.0499
rebwoo,US-TX,0.2025325974100854,0.2245,0.2245,resident,0.343,0.0748,0.0635,365.0,34.300000000000004,0.08446265343929198,fairly_common,8.446265343929198,,peak_abundance_with_occupancy_days_modifiers,0.343
rosgoo,US-TX,0.2014703756327155,0.09686666666666667,0.2232,nonbreeding,0.1341,0.1886,0.1013,70.0,13.41,0.08401967255125256,fairly_common,8.401967255125257,,peak_abundance_with_occupancy_days_modifiers,0.1341
bulori,US-TX,0.19671743707768702,0.10685,0.2174,breeding,0.4842,0.1515,0.1904,112.0,48.42,0.08203754321935652,fairly_common,8.203754321935651,,peak_abundance_with_occupancy_days_modifiers,0.4842
whfibi,US-TX,0.19581346364225366,0.13824999999999998,0.2163,postbreeding_migration,0.3011,0.0522,0.0124,119.0,30.11,0.08166055701579374,fairly_common,8.166055701579374,,peak_abundance_with_occupancy_days_modifiers,0.3011
bktspa,US-TX,0.19540229633248507,0.17937499999999998,0.2158,nonbreeding,0.3312,0.1784,0.1624,126.0,33.12,0.08148908692932548,fairly_common,8.148908692932547,,peak_abundance_with_occupancy_days_modifiers,0.3312
amekes,US-TX,0.19441480448133794,0.131875,0.2146,nonbreeding,0.9595,0.0409,0.07,105.0,95.95,0.0810772708411296,fairly_common,8.10772708411296,,peak_abundance_with_occupancy_days_modifiers,0.9595
wessan,US-TX,0.1906203596086497,0.0804,0.21,nonbreeding,0.027,0.1825,0.0484,140.0,2.7,0.07949486442174498,rare,7.949486442174498,rare,peak_abundance_with_occupancy_days_modifiers,0.027
belvir,US-TX,0.18880052289166377,0.106375,0.2078,breeding,0.4994,0.171,0.2277,77.0,49.94,0.07873593356365868,fairly_common,7.873593356365868,,peak_abundance_with_occupancy_days_modifiers,0.4994
labwoo,US-TX,0.18506778246197983,0.2033,0.2033,resident,0.6176,0.1842,0.265,365.0,61.760000000000005,0.07717925989570164,common,7.717925989570164,,peak_abundance_with_occupancy_days_modifiers,0.6176
gofwoo,US-TX,0.1849846742134383,0.2032,0.2032,resident,0.3645,0.2044,0.1808,365.0,36.449999999999996,0.0771446010640653,fairly_common,7.714460106406531,,peak_abundance_with_occupancy_days_modifiers,0.3645
scaqua,US-TX,0.17848085740801675,0.1954,0.1954,resident,0.2442,0.2321,0.2716,365.0,24.42,0.07443229878831513,uncommon,7.443229878831513,,peak_abundance_with_occupancy_days_modifiers,0.2442
ameavo,US-TX,0.17588421482994923,0.142075,0.1923,postbreeding_migration,0.155,0.1044,0.0942,168.0,15.5,0.07334941472430957,uncommon,7.334941472430957,,peak_abundance_with_occupancy_days_modifiers,0.155
tuftit,US-TX,0.17479329037316305,0.191,0.191,resident,0.2168,0.0625,0.0471,365.0,21.68,0.07289446388923289,uncommon,7.289446388923289,,peak_abundance_with_occupancy_days_modifiers,0.2168
pyrrhu,US-TX,0.17412136022861466,0.1902,0.1902,resident,0.4251,0.3035,0.3992,365.0,42.51,0.07261424725418178,uncommon,7.261424725418178,,peak_abundance_with_occupancy_days_modifiers,0.4251
orcwar,US-TX,0.1722712209404532,0.12073333333333335,0.188,nonbreeding,0.5597,0.1543,0.1822,119.0,55.97,0.07184267924237187,uncommon,7.1842679242371865,,peak_abundance_with_occupancy_days_modifiers,0.5597
clcspa,US-TX,0.17050197998861247,0.10523333333333333,0.1859,prebreeding_migration,0.7469,0.2174,0.1337,105.0,74.69,0.07110484845722002,uncommon,7.110484845722002,,peak_abundance_with_occupancy_days_modifiers,0.7469
spotow,US-TX,0.16991153671727313,0.08562499999999999,0.1852,nonbreeding,0.5656,0.1764,0.1689,98.0,56.56,0.07085861448777306,uncommon,7.0858614487773055,,peak_abundance_with_occupancy_days_modifiers,0.5656
logshr,US-TX,0.1667001758909978,0.11785000000000001,0.1814,nonbreeding,0.8041,0.1809,0.203,133.0,80.41,0.06951937300266531,uncommon,6.951937300266531,,peak_abundance_with_occupancy_days_modifiers,0.8041
norhar2,US-TX,0.1624589276977029,0.08589999999999999,0.1764,nonbreeding,0.6852,0.1284,0.1611,161.0,68.52000000000001,0.0677506351259918,uncommon,6.77506351259918,,peak_abundance_with_occupancy_days_modifiers,0.6852
grbher3,US-TX,0.15683279402678837,0.1483,0.1698,postbreeding_migration,0.7458,0.1791,0.1526,175.0,74.58,0.06540435514673777,uncommon,6.540435514673777,,peak_abundance_with_occupancy_days_modifiers,0.7458
sumtan,US-TX,0.15657630704209669,0.089425,0.1695,breeding,0.5529,0.1659,0.1528,91.0,55.28999999999999,0.06529739176614262,uncommon,6.529739176614262,,peak_abundance_with_occupancy_days_modifiers,0.5529
bknsti,US-TX,0.15529288440603534,0.108625,0.168,postbreeding_migration,0.157,0.0275,0.0207,140.0,15.7,0.06476216295501792,uncommon,6.476216295501793,,peak_abundance_with_occupancy_days_modifiers,0.157
bkchum,US-TX,0.15520726430238269,0.080175,0.1679,breeding,0.388,0.2212,0.3981,126.0,38.800000000000004,0.06472645659843769,uncommon,6.472645659843769,,peak_abundance_with_occupancy_days_modifiers,0.388
pinwar,US-TX,0.1510028735365274,0.107875,0.163,nonbreeding,0.2081,0.1288,0.1319,119.0,20.810000000000002,0.06297308946287106,uncommon,6.297308946287106,,peak_abundance_with_occupancy_days_modifiers,0.2081
mcclon,US-TX,0.14988444953729207,0.06926666666666667,0.1617,nonbreeding,0.1773,0.3381,0.4874,84.0,17.73,0.06250667042784366,uncommon,6.250667042784366,,peak_abundance_with_occupancy_days_modifiers,0.1773
houwre,US-TX,0.14755756435761466,0.0896,0.159,postbreeding_migration,0.9579,0.0293,0.0146,126.0,95.78999999999999,0.061536283936793175,uncommon,6.153628393679318,,peak_abundance_with_occupancy_days_modifiers,0.9579
blkter,US-TX,0.14427348915642474,0.061125,0.1552,postbreeding_migration,0.0991,0.0162,0.0696,126.0,9.91,0.06016671820202388,uncommon,6.016671820202387,,peak_abundance_with_occupancy_days_modifiers,0.0991
brespa,US-TX,0.13967498207248205,0.1018,0.1499,prebreeding_migration,0.3116,0.1355,0.0883,119.0,31.16,0.058248991795825884,uncommon,5.824899179582588,,peak_abundance_with_occupancy_days_modifiers,0.3116
lesgol,US-TX,0.1368010414921453,0.10772499999999999,0.1466,breeding,0.2559,0.0656,0.0558,105.0,25.590000000000003,0.05705046548279692,uncommon,5.705046548279692,,peak_abundance_with_occupancy_days_modifiers,0.2559
indbun,US-TX,0.13348139137448095,0.08424999999999999,0.1428,breeding,0.4297,0.085,0.0504,112.0,42.970000000000006,0.05566606385553557,uncommon,5.566606385553556,,peak_abundance_with_occupancy_days_modifiers,0.4297
rudduc,US-TX,0.12645642395255924,0.10594999999999999,0.1348,postbreeding_migration,0.1108,0.1891,0.0613,126.0,11.08,0.052736424891894125,uncommon,5.273642489189412,,peak_abundance_with_occupancy_days_modifiers,0.1108
yebcha,US-TX,0.1238976366562374,0.053724999999999995,0.1319,breeding,0.4715,0.1079,0.1119,84.0,47.15,0.05166932770656302,uncommon,5.1669327706563015,,peak_abundance_with_occupancy_days_modifiers,0.4715
orcori,US-TX,0.12142085520433943,0.08952500000000001,0.1291,postbreeding_migration,0.9397,0.1337,0.1597,91.0,93.97,0.05063642961464281,uncommon,5.063642961464281,,peak_abundance_with_occupancy_days_modifiers,0.9397
y00678,US-TX,0.12080070014570415,0.1284,0.1284,resident,0.3668,0.0228,0.0138,365.0,36.68,0.05037780486748633,uncommon,5.037780486748633,,peak_abundance_with_occupancy_days_modifiers,0.3668
snoegr,US-TX,0.11893792407151377,0.07699999999999999,0.1263,postbreeding_migration,0.1662,0.0156,0.0232,119.0,16.619999999999997,0.04960096690657885,uncommon,4.960096690657885,,peak_abundance_with_occupancy_days_modifiers,0.1662
uplsan,US-TX,0.11600367575630613,0.0649,0.123,postbreeding_migration,0.7554,0.1315,0.1977,112.0,75.53999999999999,0.04837729031465521,uncommon,4.837729031465521,,peak_abundance_with_occupancy_days_modifiers,0.7554
harspa,US-TX,0.11395349007584525,0.041949999999999994,0.1207,nonbreeding,0.317,0.231,0.1329,119.0,31.7,0.047522296477468876,uncommon,4.752229647746888,,peak_abundance_with_occupancy_days_modifiers,0.317
herthr,US-TX,0.1127034899130848,0.042324999999999995,0.1193,nonbreeding,0.6543,0.1298,0.1386,98.0,65.42999999999999,0.047001005920312165,uncommon,4.700100592031217,,peak_abundance_with_occupancy_days_modifiers,0.6543
chirav,US-TX,0.10634003577132656,0.1122,0.1122,resident,0.4122,0.3803,0.2665,365.0,41.22,0.044347239421856234,uncommon,4.434723942185624,,peak_abundance_with_occupancy_days_modifiers,0.4122
wlswar,US-TX,0.09984533496971613,0.04426666666666667,0.105,postbreeding_migration,0.7462,0.0437,0.0391,105.0,74.62,0.041638738814975644,uncommon,4.163873881497564,,peak_abundance_with_occupancy_days_modifiers,0.7462
royter1,US-TX,0.09730818246699792,0.04895,0.1022,breeding,0.0138,0.0463,0.099,126.0,1.38,0.04058066403935908,rare,4.058066403935908,rare,peak_abundance_with_occupancy_days_modifiers,0.0138
bncfly,US-TX,0.09667288726026077,0.0325,0.1015,breeding,0.1811,0.013,0.0404,70.0,18.11,0.04031572536003307,uncommon,4.031572536003307,,peak_abundance_with_occupancy_days_modifiers,0.1811
amgplo,US-TX,0.09621885774054292,0.03403333333333334,0.101,prebreeding_migration,0.1661,0.0387,0.0383,112.0,16.61,0.040126380343647954,uncommon,4.012638034364795,,peak_abundance_with_occupancy_days_modifiers,0.1661
miskit,US-TX,0.09612802709422041,0.08479999999999999,0.1009,breeding,0.3962,0.2691,0.2656,91.0,39.62,0.04008850102199747,uncommon,4.008850102199747,,peak_abundance_with_occupancy_days_modifiers,0.3962
forter,US-TX,0.0927614800813111,0.059800000000000006,0.0972,nonbreeding,0.0308,0.1861,0.2833,147.0,3.08,0.038684541870361744,rare,3.8684541870361744,rare,peak_abundance_with_occupancy_days_modifiers,0.0308
santer1,US-TX,0.08993210750060718,0.0329,0.0941,breeding,0.0128,0.0221,0.0488,133.0,1.28,0.03750460185680064,rare,3.750460185680064,rare,peak_abundance_with_occupancy_days_modifiers,0.0128
treswa,US-TX,0.0891091750717759,0.062725,0.0932,prebreeding_migration,0.1817,0.0577,0.0136,161.0,18.17,0.03716141237802451,uncommon,3.7161412378024514,,peak_abundance_with_occupancy_days_modifiers,0.1817
reshaw,US-TX,0.08828556486736039,0.07732499999999999,0.0923,prebreeding_migration,0.4931,0.1331,0.1164,126.0,49.309999999999995,0.036817940244875745,uncommon,3.6817940244875746,,peak_abundance_with_occupancy_days_modifiers,0.4931
whrsan,US-TX,0.08700304362157402,0.04545,0.0909,prebreeding_migration,0.1982,0.0843,0.0521,70.0,19.82,0.036283087342693025,uncommon,3.6283087342693023,,peak_abundance_with_occupancy_days_modifiers,0.1982
easkin,US-TX,0.08645288773019902,0.0767,0.0903,postbreeding_migration,0.5916,0.0581,0.0352,84.0,59.160000000000004,0.0360536545156568,uncommon,3.60536545156568,,peak_abundance_with_occupancy_days_modifiers,0.5916
greyel,US-TX,0.08470872792695418,0.05962500000000001,0.0884,nonbreeding,0.3165,0.1109,0.0738,182.0,31.65,0.035326283381883546,uncommon,3.5326283381883545,,peak_abundance_with_occupancy_days_modifiers,0.3165
swaspa,US-TX,0.08452495506968792,0.0551,0.0882,nonbreeding,0.4405,0.1291,0.064,84.0,44.05,0.03524964414773894,uncommon,3.524964414773894,,peak_abundance_with_occupancy_days_modifiers,0.4405
cacwre,US-TX,0.08452495506968792,0.0882,0.0882,resident,0.2388,0.1441,0.1031,365.0,23.880000000000003,0.03524964414773894,uncommon,3.524964414773894,,peak_abundance_with_occupancy_days_modifiers,0.2388
verfly,US-TX,0.08369755902156674,0.06520000000000001,0.0873,breeding,0.3324,0.0435,0.0439,112.0,33.239999999999995,0.03490459319513595,uncommon,3.4904593195135947,,peak_abundance_with_occupancy_days_modifiers,0.3324
grhowl,US-TX,0.08194858264716741,0.0854,0.0854,resident,0.6832,0.0554,0.0787,365.0,68.32000000000001,0.03417521339517568,fairly_common,3.417521339517568,,peak_abundance_with_occupancy_days_modifiers,0.6832
lesnig,US-TX,0.08130345106403479,0.0421,0.0847,breeding,0.3326,0.1166,0.0723,126.0,33.26,0.033906172628278615,uncommon,3.3906172628278615,,peak_abundance_with_occupancy_days_modifiers,0.3326
graspa,US-TX,0.080750149685109,0.055999999999999994,0.0841,prebreeding_migration,0.6726,0.234,0.2148,126.0,67.25999999999999,0.03367542803104689,uncommon,3.367542803104689,,peak_abundance_with_occupancy_days_modifiers,0.6726
rthhum,US-TX,0.08065790301745447,0.037025,0.084,postbreeding_migration,0.3711,0.053,0.0972,126.0,37.11,0.033636958182634,uncommon,3.3636958182634,,peak_abundance_with_occupancy_days_modifiers,0.3711
reevir1,US-TX,0.08028883122880298,0.05513333333333333,0.0836,breeding,0.2934,0.0301,0.0319,91.0,29.34,0.03348304329200538,uncommon,3.348304329200538,,peak_abundance_with_occupancy_days_modifiers,0.2934
dowwoo,US-TX,0.07797904131658864,0.0811,0.0811,resident,0.2998,0.0397,0.0322,365.0,29.98,0.03251978608122705,uncommon,3.251978608122705,,peak_abundance_with_occupancy_days_modifiers,0.2998
grnjay,US-TX,0.07714620917665369,0.0802,0.0802,resident,0.1019,0.1232,0.2154,365.0,10.190000000000001,0.03217246810225505,uncommon,3.2172468102255047,,peak_abundance_with_occupancy_days_modifiers,0.1019
nrwswa,US-TX,0.076497970972725,0.039925,0.0795,postbreeding_migration,0.5102,0.0659,0.034,140.0,51.019999999999996,0.03190213177385804,uncommon,3.1902131773858042,,peak_abundance_with_occupancy_days_modifiers,0.5102
brocow,US-TX,0.07622002591140908,0.0792,0.0792,resident,0.2622,0.0882,0.0617,365.0,26.22,0.03178621968025292,uncommon,3.178621968025292,,peak_abundance_with_occupancy_days_modifiers,0.2622
verdin,US-TX,0.0760346862759976,0.079,0.079,resident,0.3307,0.1778,0.09,365.0,33.07,0.031708927048871585,uncommon,3.1708927048871587,,peak_abundance_with_occupancy_days_modifiers,0.3307
rocpig,US-TX,0.0752929840354313,0.0782,0.0782,resident,0.0397,0.0016,0.0011,365.0,3.9699999999999998,0.03139961318976353,rare,3.1399613189763533,rare,peak_abundance_with_occupancy_days_modifiers,0.0397
chiswi,US-TX,0.07390080783953423,0.06745000000000001,0.0767,postbreeding_migration,0.1525,0.0508,0.0522,126.0,15.25,0.030819030621504644,uncommon,3.0819030621504644,,peak_abundance_with_occupancy_days_modifiers,0.1525
yebsap,US-TX,0.07362213987061368,0.0362,0.0764,nonbreeding,0.6091,0.1307,0.1306,112.0,60.91,0.03070281705201239,uncommon,3.070281705201239,,peak_abundance_with_occupancy_days_modifiers,0.6091
bubsan,US-TX,0.07259969241434357,0.0577,0.0753,postbreeding_migration,0.0476,0.2523,0.8339,84.0,4.760000000000001,0.030276423344218376,rare,3.0276423344218375,rare,peak_abundance_with_occupancy_days_modifiers,0.0476
cubthr,US-TX,0.07259969241434357,0.0753,0.0753,resident,0.3068,0.1749,0.1223,365.0,30.680000000000003,0.030276423344218376,uncommon,3.0276423344218375,,peak_abundance_with_occupancy_days_modifiers,0.3068
comrav,US-TX,0.07148310162186426,0.0741,0.0741,resident,0.3006,0.0051,0.0015,365.0,30.06,0.029810768815788494,uncommon,2.9810768815788493,,peak_abundance_with_occupancy_days_modifiers,0.3006
lobcur,US-TX,0.07064483956933203,0.0503,0.0732,postbreeding_migration,0.2255,0.2542,0.1221,154.0,22.55,0.02946118638738073,uncommon,2.946118638738073,,peak_abundance_with_occupancy_days_modifiers,0.2255
neocor,US-TX,0.06989912737966718,0.0724,0.0724,resident,0.0345,0.0065,0.0082,365.0,3.45,0.02915020024961062,rare,2.9150200249610623,rare,peak_abundance_with_occupancy_days_modifiers,0.0345
pibgre,US-TX,0.06915285868831662,0.04335000000000001,0.0716,nonbreeding,0.1969,0.0544,0.107,168.0,19.689999999999998,0.02883898203261169,uncommon,2.883898203261169,,peak_abundance_with_occupancy_days_modifiers,0.1969
brnthr,US-TX,0.06747171511501267,0.0364,0.0698,postbreeding_migration,0.5351,0.1883,0.1511,112.0,53.510000000000005,0.028137890707909233,uncommon,2.813789070790923,,peak_abundance_with_occupancy_days_modifiers,0.5351
libher,US-TX,0.06644295654871397,0.0407,0.0687,breeding,0.1503,0.0863,0.0613,133.0,15.03,0.02770886506280747,uncommon,2.770886506280747,,peak_abundance_with_occupancy_days_modifiers,0.1503
lesyel,US-TX,0.06616220225366876,0.037025,0.0684,postbreeding_migration,0.2139,0.0246,0.0155,154.0,21.39,0.027591781427742143,uncommon,2.759178142774214,,peak_abundance_with_occupancy_days_modifiers,0.2139
wooduc,US-TX,0.0652257849177074,0.057075,0.0674,nonbreeding,0.2028,0.1505,0.1233,133.0,20.28,0.02720126506675502,uncommon,2.720126506675502,,peak_abundance_with_occupancy_days_modifiers,0.2028
bcnher,US-TX,0.06494468864038216,0.028725000000000004,0.0671,breeding,0.1327,0.0088,0.0095,112.0,13.270000000000001,0.027084038814001628,uncommon,2.7084038814001627,,peak_abundance_with_occupancy_days_modifiers,0.1327
stisan,US-TX,0.0644760191843648,0.032100000000000004,0.0666,postbreeding_migration,0.1806,0.092,0.0521,133.0,18.060000000000002,0.026888588469971227,uncommon,2.688858846997123,,peak_abundance_with_occupancy_days_modifiers,0.1806
sander,US-TX,0.06363186024477342,0.05756666666666666,0.0657,prebreeding_migration,0.0208,0.0172,0.0313,77.0,2.08,0.026536546848651327,rare,2.6536546848651326,rare,peak_abundance_with_occupancy_days_modifiers,0.0208
fuwduc,US-TX,0.06325644963501485,0.024624999999999998,0.0653,breeding,0.0503,,,,5.029999999999999,0.0263799884642976,uncommon,2.63799884642976,,peak_abundance_with_occupancy_days_modifiers,0.0503
grcfly,US-TX,0.06203539091945264,0.038075,0.064,breeding,0.458,0.0762,0.0751,77.0,45.800000000000004,0.02587076742807733,uncommon,2.587076742807733,,peak_abundance_with_occupancy_days_modifiers,0.458
baisan,US-TX,0.059871397037390334,0.0342,0.0617,postbreeding_migration,0.1792,0.066,0.0186,126.0,17.919999999999998,0.02496831188441346,uncommon,2.496831188441346,,peak_abundance_with_occupancy_days_modifiers,0.1792
grnher,US-TX,0.05958879141165754,0.026975,0.0614,breeding,0.3884,0.0929,0.0884,119.0,38.84,0.024850456184484095,uncommon,2.4850456184484093,,peak_abundance_with_occupancy_days_modifiers,0.3884
canvas,US-TX,0.0565693514878943,0.026975,0.0582,nonbreeding,0.1414,0.4004,0.1054,119.0,14.14,0.023591251932315316,uncommon,2.359125193231532,,peak_abundance_with_occupancy_days_modifiers,0.1414
wilsni1,US-TX,0.05600219011528479,0.03853333333333333,0.0576,nonbreeding,0.3687,0.2613,0.1775,140.0,36.870000000000005,0.02335472726877254,uncommon,2.335472726877254,,peak_abundance_with_occupancy_days_modifiers,0.3687
cogdov,US-TX,0.055434706888100586,0.057,0.057,resident,0.1727,0.0514,0.036,365.0,17.27,0.0231180683814467,uncommon,2.31180683814467,,peak_abundance_with_occupancy_days_modifiers,0.1727
foxspa,US-TX,0.054488185284069734,0.028566666666666667,0.056,nonbreeding,0.5177,0.1596,0.1125,56.0,51.77,0.022723338213383043,uncommon,2.272333821338304,,peak_abundance_with_occupancy_days_modifiers,0.5177
comyel,US-TX,0.05373032242096779,0.043775,0.0552,postbreeding_migration,0.7618,0.0905,0.0559,133.0,76.18,0.02240728485121196,uncommon,2.2407284851211964,,peak_abundance_with_occupancy_days_modifiers,0.7618
olispa,US-TX,0.052212871446934234,0.0536,0.0536,resident,0.1273,0.2319,0.274,365.0,12.73,0.02177445864264177,uncommon,2.177445864264177,,peak_abundance_with_occupancy_days_modifiers,0.1273
pecsan,US-TX,0.052023028067151915,0.01815,0.0534,prebreeding_migration,0.2535,0.0413,0.0171,126.0,25.35,0.021695287803975005,uncommon,2.1695287803975005,,peak_abundance_with_occupancy_days_modifiers,0.2535
cantow,US-TX,0.05164323315183845,0.053,0.053,resident,0.1686,0.1306,0.0753,365.0,16.86,0.02153690102219108,uncommon,2.153690102219108,,peak_abundance_with_occupancy_days_modifiers,0.1686
willet1,US-TX,0.05164323315183845,0.042775,0.053,nonbreeding,0.0161,0.0731,0.0808,147.0,1.6099999999999999,0.02153690102219108,rare,2.153690102219108,rare,peak_abundance_with_occupancy_days_modifiers,0.0161
saypho,US-TX,0.04993236874820901,0.03755,0.0512,nonbreeding,0.3568,0.141,0.0872,126.0,35.68,0.02082341514854287,uncommon,2.082341514854287,,peak_abundance_with_occupancy_days_modifiers,0.3568
gockin,US-TX,0.04879016416943201,0.025333333333333333,0.05,nonbreeding,0.4238,0.0509,0.0159,98.0,42.38,0.020347078841559823,rare,2.0347078841559822,,peak_abundance_with_occupancy_days_modifiers,0.4238
greroa,US-TX,0.04879016416943201,0.05,0.05,resident,0.5264,0.2353,0.2038,365.0,52.64,0.020347078841559823,uncommon,2.0347078841559822,,peak_abundance_with_occupancy_days_modifiers,0.5264
woosto,US-TX,0.048409139207687545,0.022525,0.0496,breeding,0.0806,0.0135,0.0135,77.0,8.06,0.020188179090571214,rare,2.0188179090571214,,peak_abundance_with_occupancy_days_modifiers,0.0806
rehwoo,US-TX,0.04688358589885042,0.03315,0.048,breeding,0.2109,0.0847,0.0562,168.0,21.09,0.01955197394594168,rare,1.9551973945941679,,peak_abundance_with_occupancy_days_modifiers,0.2109
leater1,US-TX,0.046024438311279336,0.0317,0.0471,breeding,0.0209,0.0714,0.1271,84.0,2.09,0.019193681572910487,rare,1.9193681572910486,rare,peak_abundance_with_occupancy_days_modifiers,0.0209
rucspa,US-TX,0.04573789167385374,0.0468,0.0468,resident,0.1632,0.1825,0.1728,365.0,16.32,0.01907418234345033,rare,1.907418234345033,,peak_abundance_with_occupancy_days_modifiers,0.1632
pilwoo,US-TX,0.04353830201448342,0.0445,0.0445,resident,0.1466,0.0215,0.03,365.0,14.66,0.018156882207651097,rare,1.8156882207651097,,peak_abundance_with_occupancy_days_modifiers,0.1466
hoowar,US-TX,0.04258044753511839,0.023075,0.0435,prebreeding_migration,0.1071,0.0496,0.0713,91.0,10.71,0.01775742586348511,rare,1.775742586348511,,peak_abundance_with_occupancy_days_modifiers,0.1071
lobthr,US-TX,0.042292912190251455,0.0432,0.0432,resident,0.1183,0.5964,0.6574,365.0,11.83,0.017637514310996184,rare,1.7637514310996183,,peak_abundance_with_occupancy_days_modifiers,0.1183
buffle,US-TX,0.04181350281341039,0.03006666666666667,0.0427,nonbreeding,0.0579,0.0866,0.032,91.0,5.79,0.01743758507210097,rare,1.743758507210097,,peak_abundance_with_occupancy_days_modifiers,0.0579
banswa,US-TX,0.04027784649857016,0.020274999999999998,0.0411,postbreeding_migration,0.3872,,,,38.72,0.016797166646717387,rare,1.6797166646717387,,peak_abundance_with_occupancy_days_modifiers,0.3872
eargre,US-TX,0.039797469874066085,0.019025,0.0406,breeding,0.0817,0.0122,0.0119,140.0,8.17,0.016596834034216166,rare,1.6596834034216166,,peak_abundance_with_occupancy_days_modifiers,0.0817
blkski,US-TX,0.03950913309471249,0.033175,0.0403,prebreeding_migration,0.0087,0.0094,0.0372,140.0,0.8699999999999999,0.01647658825758678,very_rare,1.647658825758678,very_rare,peak_abundance_with_occupancy_days_modifiers,0.0087
leafly,US-TX,0.03941300235683504,0.0123,0.0402,postbreeding_migration,0.7183,0.0557,0.0343,112.0,71.83,0.016436498626080376,rare,1.6436498626080376,,peak_abundance_with_occupancy_days_modifiers,0.7183
amhgul1,US-TX,0.03925801126230356,0.01657272283135041,0.0400387907567896,nonbreeding,0.0289793759629881,0.0555988195381908,0.0115681983472653,133.0,2.89793759629881,0.01637186231927846,rare,1.6371862319278458,rare,peak_abundance_with_occupancy_days_modifiers,0.0289793759629881
purfin,US-TX,0.03873982831593056,0.021133333333333334,0.0395,nonbreeding,0.186,0.0552,0.0352,77.0,18.6,0.01615576324595729,rare,1.6155763245957289,,peak_abundance_with_occupancy_days_modifiers,0.186
amtspa,US-TX,0.03777736433402994,0.016966666666666668,0.0385,nonbreeding,0.0641,0.0144,0.0063,70.0,6.41,0.01575438458992553,rare,1.5754384589925527,,peak_abundance_with_occupancy_days_modifiers,0.0641
coukin,US-TX,0.036139046615873194,0.0368,0.0368,resident,0.1213,0.1942,0.2612,365.0,12.13,0.015071153034009892,rare,1.5071153034009892,,peak_abundance_with_occupancy_days_modifiers,0.1213
wesblu,US-TX,0.03507752661269611,0.0171,0.0357,nonbreeding,0.1057,0.0658,0.0259,63.0,10.57,0.014628464808540322,rare,1.4628464808540322,,peak_abundance_with_occupancy_days_modifiers,0.1057
belkin1,US-TX,0.03391821820346067,0.02325,0.0345,nonbreeding,0.4762,0.1164,0.0943,154.0,47.620000000000005,0.014144995650238594,rare,1.4144995650238594,,peak_abundance_with_occupancy_days_modifiers,0.4762
rosspo1,US-TX,0.03391821820346067,0.025575,0.0345,postbreeding_migration,0.068,0.0137,0.0232,189.0,6.800000000000001,0.014144995650238594,rare,1.4144995650238594,,peak_abundance_with_occupancy_days_modifiers,0.068
lilmea2,US-TX,0.033144598592302024,0.0314,0.0337,nonbreeding,0.1069,0.1234,0.1175,98.0,10.69,0.013822371213744447,rare,1.3822371213744447,,peak_abundance_with_occupancy_days_modifiers,0.1069
burowl,US-TX,0.03217673169522125,0.017825,0.0327,breeding,0.1476,0.0133,0.0165,112.0,14.760000000000002,0.01341873936707444,rare,1.341873936707444,,peak_abundance_with_occupancy_days_modifiers,0.1476
rocwre,US-TX,0.03169244673248972,0.02195,0.0322,nonbreeding,0.2452,0.0885,0.0827,112.0,24.52,0.013216776850935733,rare,1.3216776850935732,,peak_abundance_with_occupancy_days_modifiers,0.2452
eawpew,US-TX,0.03149866705937099,0.024733333333333333,0.032,breeding,0.2784,0.0493,0.0316,112.0,27.839999999999996,0.013135964450445627,rare,1.3135964450445627,,peak_abundance_with_occupancy_days_modifiers,0.2784
bongul,US-TX,0.031207927124193163,0.017033333333333334,0.0317,nonbreeding,0.0191,0.0869,0.055,77.0,1.91,0.0130147164799959,rare,1.30147164799959,rare,peak_abundance_with_occupancy_days_modifiers,0.0191
comgal1,US-TX,0.030917102634721517,0.02035,0.0314,postbreeding_migration,0.0467,0.0092,0.0135,126.0,4.67,0.01289343324766682,rare,1.2893433247666821,rare,peak_abundance_with_occupancy_days_modifiers,0.0467
norpar,US-TX,0.029752958149347798,0.01295,0.0302,prebreeding_migration,0.2154,0.0354,0.0261,105.0,21.54,0.01240794728896803,rare,1.240794728896803,,peak_abundance_with_occupancy_days_modifiers,0.2154
naswar,US-TX,0.0295588022415444,0.018466666666666666,0.03,prebreeding_migration,0.4942,0.056,0.0326,119.0,49.419999999999995,0.012326977986427646,rare,1.2326977986427645,,peak_abundance_with_occupancy_days_modifiers,0.4942
bawwar,US-TX,0.0295588022415444,0.0116,0.03,prebreeding_migration,0.3785,0.0363,0.0346,126.0,37.85,0.012326977986427646,rare,1.2326977986427645,,peak_abundance_with_occupancy_days_modifiers,0.3785
bkcvir1,US-TX,0.029364608629903935,0.02035,0.0298,breeding,0.1162,0.765,0.7941,28.0,11.62,0.012245992960165918,rare,1.224599296016592,rare,peak_abundance_with_occupancy_days_modifiers,0.1162
triher,US-TX,0.02780970063926723,0.0193,0.0282,breeding,0.0241,0.0839,0.1087,196.0,2.41,0.011597545962386005,rare,1.1597545962386004,rare,peak_abundance_with_occupancy_days_modifiers,0.0241
coohaw,US-TX,0.027712438566535786,0.019075,0.0281,postbreeding_migration,0.739,0.115,0.1074,112.0,73.9,0.011556984527599937,rare,1.1556984527599936,,peak_abundance_with_occupancy_days_modifiers,0.739
semsan,US-TX,0.027615167032973367,0.009525,0.028,prebreeding_migration,0.1727,0.054,0.0062,119.0,17.27,0.0115164191473409,rare,1.15164191473409,,peak_abundance_with_occupancy_days_modifiers,0.1727
bkbplo,US-TX,0.02703133905103043,0.016225,0.0274,nonbreeding,0.0149,0.0198,0.0179,140.0,1.49,0.011272943967850873,rare,1.1272943967850872,rare,peak_abundance_with_occupancy_days_modifiers,0.0149
yetvir,US-TX,0.02703133905103043,0.021633333333333338,0.0274,prebreeding_migration,0.2621,0.0683,0.0816,91.0,26.21,0.011272943967850873,rare,1.1272943967850872,,peak_abundance_with_occupancy_days_modifiers,0.2621
sposan,US-TX,0.026934001240080944,0.013025,0.0273,prebreeding_migration,0.423,0.028,0.0246,154.0,42.3,0.01123235094777461,rare,1.1232350947774612,,peak_abundance_with_occupancy_days_modifiers,0.423
sedwre,US-TX,0.026447170014848292,0.015266666666666666,0.0268,nonbreeding,0.251,0.2293,0.2975,112.0,25.1,0.011029326557695776,rare,1.1029326557695776,,peak_abundance_with_occupancy_days_modifiers,0.251
sedwre1,US-TX,0.026447170014848292,0.015266666666666666,0.0268,nonbreeding,0.251,0.2293,0.2975,112.0,25.1,0.011029326557695776,rare,1.1029326557695776,,peak_abundance_with_occupancy_days_modifiers,0.251
scoori,US-TX,0.02605753431928962,0.011574999999999998,0.0264,breeding,0.1203,0.078,0.0849,126.0,12.030000000000001,0.010866835851792711,rare,1.086683585179271,,peak_abundance_with_occupancy_days_modifiers,0.1203
grekis,US-TX,0.02586265952572737,0.0262,0.0262,resident,0.0682,0.0037,0.0017,365.0,6.819999999999999,0.010785566750605149,rare,1.078556675060515,,peak_abundance_with_occupancy_days_modifiers,0.0682
hooori,US-TX,0.025277807184268544,0.0121,0.0256,breeding,0.1375,0.1079,0.056,91.0,13.750000000000002,0.010541664380016531,rare,1.054166438001653,,peak_abundance_with_occupancy_days_modifiers,0.1375
marwre,US-TX,0.0246926125903715,0.014125,0.025,nonbreeding,0.3259,0.1749,0.1158,126.0,32.59,0.010297619279075043,rare,1.0297619279075043,,peak_abundance_with_occupancy_days_modifiers,0.3259
wooscj2,US-TX,0.024595046855380207,0.0249,0.0249,resident,0.0547,0.0606,0.0682,365.0,5.47,0.010256931207290565,rare,1.0256931207290565,,peak_abundance_with_occupancy_days_modifiers,0.0547
botgra,US-TX,0.024302292522964862,0.0246,0.0246,resident,0.0073,0.0458,0.0399,365.0,0.73,0.010134843167943598,very_rare,1.0134843167943597,very_rare,peak_abundance_with_occupancy_days_modifiers,0.0073
anhing,US-TX,0.024009452460351865,0.011474999999999999,0.0243,postbreeding_migration,0.0769,0.0091,0.0272,105.0,7.6899999999999995,0.010012719376327289,rare,1.0012719376327288,,peak_abundance_with_occupancy_days_modifiers,0.0769
ferhaw,US-TX,0.023814178099254877,0.00965,0.0241,nonbreeding,0.2981,0.149,0.1793,133.0,29.81,0.009931283642535179,rare,0.9931283642535179,,peak_abundance_with_occupancy_days_modifiers,0.2981
hoomer,US-TX,0.023716526617316044,0.0103,0.024,nonbreeding,0.1323,0.2077,0.0704,84.0,13.23,0.009890559811496108,rare,0.9890559811496108,,peak_abundance_with_occupancy_days_modifiers,0.1323
wewpew,US-TX,0.023130417388854383,0.012833333333333335,0.0234,postbreeding_migration,0.2469,0.0291,0.0288,84.0,24.69,0.009646133278314949,rare,0.9646133278314949,,peak_abundance_with_occupancy_days_modifiers,0.2469
rudtur,US-TX,0.023130417388854383,0.0137,0.0234,prebreeding_migration,0.0146,0.0109,0.0145,119.0,1.46,0.009646133278314949,rare,0.9646133278314949,rare,peak_abundance_with_occupancy_days_modifiers,0.0146
balori,US-TX,0.02293497128249588,0.010075,0.0232,postbreeding_migration,0.6099,0.0815,0.0348,112.0,60.99,0.009564625921185715,rare,0.9564625921185714,,peak_abundance_with_occupancy_days_modifiers,0.6099
gnttow,US-TX,0.022837233902757225,0.016666666666666666,0.0231,nonbreeding,0.2553,0.1186,0.0858,133.0,25.53,0.009523866267981677,rare,0.9523866267981678,,peak_abundance_with_occupancy_days_modifiers,0.2553
chwwid,US-TX,0.02264173048082465,0.0122,0.0229,breeding,0.1681,0.1362,0.198,84.0,16.81,0.009442335008401522,rare,0.9442335008401522,,peak_abundance_with_occupancy_days_modifiers,0.1681
gubter2,US-TX,0.0223802653417774,0.012190229500334349,0.0226325822709989,breeding,0.0243832295218736,0.0184032566274375,0.0199291575654292,140.0,2.43832295218736,0.00933329557619063,rare,0.933329557619063,rare,peak_abundance_with_occupancy_days_modifiers,0.0243832295218736
yetwar,US-TX,0.022054990780831327,0.009399999999999999,0.0223,breeding,0.1191,0.0714,0.0581,119.0,11.91,0.009197645548169788,rare,0.9197645548169788,,peak_abundance_with_occupancy_days_modifiers,0.1191
hrshaw,US-TX,0.02097840638519171,0.0212,0.0212,resident,0.1215,0.0603,0.1346,365.0,12.15,0.00874867498308622,rare,0.874867498308622,,peak_abundance_with_occupancy_days_modifiers,0.1215
sagspa1,US-TX,0.020880477579355235,0.009766666666666667,0.0211,nonbreeding,0.0635,0.0733,0.0711,84.0,6.35,0.008707835498998829,rare,0.8707835498998829,,peak_abundance_with_occupancy_days_modifiers,0.0635
eastow,US-TX,0.01960652963891831,0.0092,0.0198,nonbreeding,0.2073,0.0761,0.0185,105.0,20.73,0.008176557942848484,rare,0.8176557942848485,,peak_abundance_with_occupancy_days_modifiers,0.2073
buhvir,US-TX,0.019312311032372815,0.011366666666666666,0.0195,nonbreeding,0.1971,0.1069,0.0756,105.0,19.71,0.00805385925375932,rare,0.8053859253759321,,peak_abundance_with_occupancy_days_modifiers,0.1971
shshaw,US-TX,0.019018005835761846,0.011425,0.0192,nonbreeding,0.7363,0.0872,0.0901,98.0,73.63,0.007931124453808077,rare,0.7931124453808077,,peak_abundance_with_occupancy_days_modifiers,0.7363
caskin,US-TX,0.018919884852510872,0.013999999999999999,0.0191,breeding,0.0498,0.0508,0.0248,112.0,4.9799999999999995,0.00789020482551394,rare,0.789020482551394,rare,peak_abundance_with_occupancy_days_modifiers,0.0498
wilfly,US-TX,0.01842913546836719,0.010249999999999999,0.0186,postbreeding_migration,0.4844,0.0631,0.0508,77.0,48.44,0.007685546436254547,rare,0.7685546436254547,,peak_abundance_with_occupancy_days_modifiers,0.4844
canwre,US-TX,0.01842913546836719,0.0186,0.0186,resident,0.0787,0.0561,0.0621,365.0,7.870000000000001,0.007685546436254547,rare,0.7685546436254547,,peak_abundance_with_occupancy_days_modifiers,0.0787
cintea,US-TX,0.018330956684723457,0.00875,0.0185,prebreeding_migration,0.0642,0.0482,0.0256,168.0,6.419999999999999,0.007644602703324481,rare,0.764460270332448,,peak_abundance_with_occupancy_days_modifiers,0.0642
sagthr,US-TX,0.017545179215748816,0.011866666666666666,0.0177,prebreeding_migration,0.449,0.2262,0.1405,91.0,44.9,0.007316908046310731,rare,0.731690804631073,,peak_abundance_with_occupancy_days_modifiers,0.449
ycnher,US-TX,0.017250353406527592,0.010025,0.0174,postbreeding_migration,0.1787,0.1364,0.1246,147.0,17.87,0.00719395613403763,rare,0.7193956134037629,,peak_abundance_with_occupancy_days_modifiers,0.1787
acafly,US-TX,0.016955440649413473,0.008433333333333334,0.0171,breeding,0.133,0.0584,0.0281,70.0,13.3,0.007070967961676732,rare,0.7070967961676732,,peak_abundance_with_occupancy_days_modifiers,0.133
grycat,US-TX,0.0168571170664229,0.010275,0.017,prebreeding_migration,0.3626,0.0604,0.0167,126.0,36.26,0.007029963842728778,rare,0.7029963842728778,,peak_abundance_with_occupancy_days_modifiers,0.3626
merlin,US-TX,0.01646372603066508,0.0102,0.0166,nonbreeding,0.6504,,,,65.03999999999999,0.006865907038321851,rare,0.6865907038321851,,peak_abundance_with_occupancy_days_modifiers,0.6504
gchwar,US-TX,0.01646372603066508,0.009366666666666667,0.0166,breeding,0.0482,1.0,1.0,63.0,4.82,0.006865907038321851,rare,0.6865907038321851,rare,peak_abundance_with_occupancy_days_modifiers,0.0482
winwre3,US-TX,0.01626697246387197,0.006900000000000001,0.0164,nonbreeding,0.4168,0.1237,0.053,91.0,41.68,0.006783854427840878,rare,0.6783854427840877,,peak_abundance_with_occupancy_days_modifiers,0.4168
solsan,US-TX,0.01587334915629015,0.007533333333333333,0.016,postbreeding_migration,0.3916,0.0214,0.0121,154.0,39.160000000000004,0.006619700758559729,rare,0.6619700758559729,,peak_abundance_with_occupancy_days_modifiers,0.3916
compoo,US-TX,0.014888612493750654,0.0066749999999999995,0.015,prebreeding_migration,0.2321,0.0794,0.053,84.0,23.21,0.006209033673257707,rare,0.6209033673257707,,peak_abundance_with_occupancy_days_modifiers,0.2321
rebmer,US-TX,0.014691548742989757,0.007666666666666668,0.0148,nonbreeding,0.0125,0.0204,0.0078,42.0,1.25,0.006126851706014866,rare,0.6126851706014866,rare,peak_abundance_with_occupancy_days_modifiers,0.0125
olsfly,US-TX,0.01459300230290015,0.0057666666666666665,0.0147,postbreeding_migration,0.6085,0.0416,0.042,77.0,60.85,0.006085754648437957,rare,0.6085754648437957,,peak_abundance_with_occupancy_days_modifiers,0.6085
westan,US-TX,0.014395880283732383,0.006775,0.0145,postbreeding_migration,0.1312,0.0184,0.0133,119.0,13.120000000000001,0.006003548381382055,rare,0.6003548381382056,,peak_abundance_with_occupancy_days_modifiers,0.1312
brdowl,US-TX,0.014395880283732383,0.0145,0.0145,resident,0.1296,0.0278,0.0351,365.0,12.959999999999999,0.006003548381382055,rare,0.6003548381382056,,peak_abundance_with_occupancy_days_modifiers,0.1296
mouplo,US-TX,0.014297304700824425,0.0042,0.0144,nonbreeding,0.0279,0.1166,0.1854,63.0,2.79,0.005962439170305915,rare,0.5962439170305915,rare,peak_abundance_with_occupancy_days_modifiers,0.0279
bktgna,US-TX,0.014297304700824425,0.0144,0.0144,resident,0.0883,0.098,0.0531,365.0,8.83,0.005962439170305915,rare,0.5962439170305915,,peak_abundance_with_occupancy_days_modifiers,0.0883
brncre,US-TX,0.013902905168991422,0.007199999999999999,0.014,nonbreeding,0.2492,0.0347,0.0177,84.0,24.92,0.005797961790369012,rare,0.5797961790369013,,peak_abundance_with_occupancy_days_modifiers,0.2492
blkpho,US-TX,0.013902905168991422,0.010425,0.014,postbreeding_migration,0.1231,0.0351,0.019,112.0,12.31,0.005797961790369012,rare,0.5797961790369013,,peak_abundance_with_occupancy_days_modifiers,0.1231
caster1,US-TX,0.013705647056111932,0.013,0.0138,postbreeding_migration,0.0203,0.0103,0.0141,126.0,2.03,0.0057156987678270545,rare,0.5715698767827054,rare,peak_abundance_with_occupancy_days_modifiers,0.0203
shbdow,US-TX,0.013607003406216902,0.00655,0.0137,nonbreeding,0.0095,0.0357,0.0231,147.0,0.95,0.005674561170612519,very_rare,0.5674561170612519,very_rare,peak_abundance_with_occupancy_days_modifiers,0.0095
whtswi,US-TX,0.013508350024792243,0.00825,0.0136,nonbreeding,0.031,0.0204,0.0253,112.0,3.1,0.0056334195150349094,rare,0.563341951503491,rare,peak_abundance_with_occupancy_days_modifiers,0.031
prowar,US-TX,0.013409686909917675,0.006466666666666667,0.0135,breeding,0.0813,0.0647,0.035,77.0,8.129999999999999,0.005592273800293407,rare,0.5592273800293407,,peak_abundance_with_occupancy_days_modifiers,0.0813
semplo,US-TX,0.012916225266546328,0.007875,0.013,prebreeding_migration,0.0619,0.0234,0.0125,161.0,6.1899999999999995,0.005386484311082047,rare,0.5386484311082047,,peak_abundance_with_occupancy_days_modifiers,0.0619
audori,US-TX,0.012620031356102263,0.0127,0.0127,resident,0.0562,0.3143,0.3073,365.0,5.62,0.0052629618562842735,rare,0.5262961856284274,,peak_abundance_with_occupancy_days_modifiers,0.0562
fiscro,US-TX,0.01222496962256897,0.0094,0.0123,prebreeding_migration,0.0453,0.0365,0.0158,147.0,4.53,0.005098208316788695,rare,0.5098208316788695,rare,peak_abundance_with_occupancy_days_modifiers,0.0453
gamqua,US-TX,0.012126179797840565,0.0122,0.0122,resident,0.029,0.0417,0.0139,365.0,2.9000000000000004,0.00505700975993383,rare,0.5057009759933829,rare,peak_abundance_with_occupancy_days_modifiers,0.029
hudgod,US-TX,0.0118297517535772,0.003966666666666667,0.0119,prebreeding_migration,0.0579,0.0627,0.0482,70.0,5.79,0.004933389663749479,rare,0.4933389663749479,,peak_abundance_with_occupancy_days_modifiers,0.0579
snoplo5,US-TX,0.011730922875698666,0.00745,0.0118,breeding,0.0274,0.2297,0.1693,126.0,2.74,0.004892174820466024,rare,0.4892174820466024,rare,peak_abundance_with_occupancy_days_modifiers,0.0274
sprpip,US-TX,0.011632084229707653,0.0063,0.0117,postbreeding_migration,0.5021,0.3496,0.3735,91.0,50.21,0.004850955903563262,rare,0.4850955903563262,,peak_abundance_with_occupancy_days_modifiers,0.5021
motduc,US-TX,0.011434377625663104,0.0115,0.0115,resident,0.0222,0.2008,0.182,365.0,2.22,0.004768505845678206,rare,0.47685058456782065,rare,peak_abundance_with_occupancy_days_modifiers,0.0222
sheowl,US-TX,0.011335509663745602,0.004366666666666667,0.0114,nonbreeding,0.2125,,,,21.25,0.004727274703084514,rare,0.4727274703084514,,peak_abundance_with_occupancy_days_modifiers,0.2125
grbani,US-TX,0.010939940038334364,0.004775,0.011,breeding,0.0539,0.0211,0.0062,105.0,5.390000000000001,0.004562309356224399,rare,0.4562309356224399,,peak_abundance_with_occupancy_days_modifiers,0.0539
prafal,US-TX,0.010445257861538649,0.004325,0.0105,nonbreeding,0.3286,0.0787,0.0689,133.0,32.86,0.004356010865040352,rare,0.43560108650403523,,peak_abundance_with_occupancy_days_modifiers,0.3286
osprey,US-TX,0.010445257861538649,0.006325,0.0105,nonbreeding,0.0472,0.0053,0.0155,147.0,4.72,0.004356010865040352,rare,0.43560108650403523,rare,peak_abundance_with_occupancy_days_modifiers,0.0472
easowl1,US-TX,0.0103462920541443,0.0104,0.0104,resident,0.3561,0.1017,0.1058,365.0,35.61,0.004314738917713461,rare,0.4314738917713461,,peak_abundance_with_occupancy_days_modifiers,0.3561
rusbla,US-TX,0.010247316451549523,0.005366666666666666,0.0103,nonbreeding,0.0477,0.0305,0.0133,49.0,4.77,0.0042734628854707085,rare,0.42734628854707085,rare,peak_abundance_with_occupancy_days_modifiers,0.0477
whthaw,US-TX,0.01014833105181515,0.0102,0.0102,resident,0.0745,0.0095,0.0232,365.0,7.449999999999999,0.004232182767503403,rare,0.4232182767503403,,peak_abundance_with_occupancy_days_modifiers,0.0745
rinphe1,US-TX,0.009950330853168083,0.01,0.01,resident,0.0841,0.0048,0.0014,365.0,8.41,0.0041496102711591504,very_rare,0.41496102711591504,,peak_abundance_with_occupancy_days_modifiers,0.0841
elfowl,US-TX,0.009874609614567651,0.009923524444462,0.009923524444462,breeding,0.0603982289699751,0.214271613277302,0.1251686103704777,35.0,6.03982289699751,0.004118032061943997,very_rare,0.41180320619439964,,peak_abundance_with_occupancy_days_modifiers,0.0603982289699751
haiwoo,US-TX,0.009554212804811658,0.0096,0.0096,resident,0.1165,0.0127,0.0069,365.0,11.65,0.0039844162141667834,very_rare,0.3984416214166783,,peak_abundance_with_occupancy_days_modifiers,0.1165
crithr,US-TX,0.009455158770755135,0.0095,0.0095,resident,0.065,0.1006,0.0923,365.0,6.5,0.003943107473463978,very_rare,0.39431074734639776,,peak_abundance_with_occupancy_days_modifiers,0.065
comloo,US-TX,0.009058844488346039,0.004600000000000001,0.0091,nonbreeding,0.0142,0.0404,0.0361,70.0,1.4200000000000002,0.0037778315805153456,very_rare,0.37778315805153456,rare,peak_abundance_with_occupancy_days_modifiers,0.0142
baleag,US-TX,0.009058844488346039,0.00505,0.0091,nonbreeding,0.0937,0.0153,0.0053,154.0,9.370000000000001,0.0037778315805153456,very_rare,0.37778315805153456,,peak_abundance_with_occupancy_days_modifiers,0.0937
amered,US-TX,0.008959741371471904,0.00275,0.009,prebreeding_migration,0.4864,0.0388,0.004,70.0,48.64,0.003736502370687642,very_rare,0.3736502370687642,,peak_abundance_with_occupancy_days_modifiers,0.4864
redegr,US-TX,0.008959741371471904,0.009,0.009,resident,0.0076,0.1156,0.1639,365.0,0.76,0.003736502370687642,very_rare,0.3736502370687642,very_rare,peak_abundance_with_occupancy_days_modifiers,0.0076
swathr,US-TX,0.008959741371471904,0.004699999999999999,0.009,prebreeding_migration,0.3095,0.0178,0.0029,56.0,30.95,0.003736502370687642,very_rare,0.3736502370687642,,peak_abundance_with_occupancy_days_modifiers,0.3095
wilplo,US-TX,0.008563230660487873,0.003375,0.0086,breeding,0.0107,0.0442,0.0834,98.0,1.0699999999999998,0.003571144560660661,very_rare,0.3571144560660661,rare,peak_abundance_with_occupancy_days_modifiers,0.0107
rufhum,US-TX,0.008166562666393417,0.0029333333333333334,0.0082,postbreeding_migration,0.0376,0.0198,0.0204,105.0,3.7600000000000002,0.003405721158482009,very_rare,0.3405721158482009,rare,peak_abundance_with_occupancy_days_modifiers,0.0376
bushti,US-TX,0.008166562666393417,0.0082,0.0082,resident,0.0237,0.0147,0.0053,365.0,2.37,0.003405721158482009,very_rare,0.3405721158482009,rare,peak_abundance_with_occupancy_days_modifiers,0.0237
commer,US-TX,0.008067371077758796,0.0031999999999999997,0.0081,nonbreeding,0.0012,0.0003,0.0007,28.0,0.12,0.0033643550530645483,very_rare,0.33643550530645483,rare,peak_abundance_with_occupancy_days_modifiers,0.0012
kenwar,US-TX,0.007670506304219701,0.004733333333333333,0.0077,breeding,0.0705,0.0516,0.034,70.0,7.049999999999999,0.0031988495874835155,very_rare,0.31988495874835154,,peak_abundance_with_occupancy_days_modifiers,0.0705
tenwar,US-TX,0.007372754329413085,0.002533333333333333,0.0074,prebreeding_migration,0.1728,0.0159,0.0056,70.0,17.28,0.003074677369378634,very_rare,0.3074677369378634,,peak_abundance_with_occupancy_days_modifiers,0.1728
bnhnut,US-TX,0.006578315360122567,0.0066,0.0066,resident,0.0192,0.0304,0.0247,365.0,1.92,0.002743370586174741,very_rare,0.2743370586174741,rare,peak_abundance_with_occupancy_days_modifiers,0.0192
rensap,US-TX,0.006478966097709122,0.0028666666666666662,0.0065,postbreeding_migration,0.0872,0.0261,0.0262,98.0,8.72,0.002701938725684232,very_rare,0.2701938725684232,,peak_abundance_with_occupancy_days_modifiers,0.0872
swawar,US-TX,0.006379606964039027,0.0031333333333333335,0.0064,breeding,0.0775,0.1097,0.1049,77.0,7.75,0.002660502748559955,very_rare,0.26605027485599547,,peak_abundance_with_occupancy_days_modifiers,0.0775
whbnut,US-TX,0.006280237957150483,0.0063,0.0063,resident,0.0291,0.0063,0.0032,365.0,2.91,0.002619062653983778,very_rare,0.2619062653983778,rare,peak_abundance_with_occupancy_days_modifiers,0.0291
btnwar,US-TX,0.006280237957150483,0.0029999999999999996,0.0063,prebreeding_migration,0.1735,0.0352,0.0108,119.0,17.349999999999998,0.002619062653983778,very_rare,0.2619062653983778,,peak_abundance_with_occupancy_days_modifiers,0.1735
prawar,US-TX,0.00608147031586796,0.0026,0.0061,breeding,0.0457,0.0318,0.0151,56.0,4.569999999999999,0.002536170109201979,very_rare,0.2536170109201979,rare,peak_abundance_with_occupancy_days_modifiers,0.0457
lecspa,US-TX,0.00608147031586796,0.0028666666666666667,0.0061,nonbreeding,0.1999,0.321,0.2722,105.0,19.99,0.002536170109201979,very_rare,0.2536170109201979,,peak_abundance_with_occupancy_days_modifiers,0.1999
woothr,US-TX,0.00608147031586796,0.00265,0.0061,breeding,0.0543,0.0178,0.0116,91.0,5.43,0.002536170109201979,very_rare,0.2536170109201979,,peak_abundance_with_occupancy_days_modifiers,0.0543
goleag,US-TX,0.005882663158155495,0.00265,0.0059,nonbreeding,0.1679,0.0091,0.0049,119.0,16.79,0.002453261084788902,very_rare,0.2453261084788902,,peak_abundance_with_occupancy_days_modifiers,0.1679
smilon,US-TX,0.005783244755727333,0.0029,0.0058,nonbreeding,0.0147,0.085,0.1006,84.0,1.47,0.002411800390672712,very_rare,0.2411800390672712,rare,peak_abundance_with_occupancy_days_modifiers,0.0147
macwar,US-TX,0.005683816468297671,0.0034999999999999996,0.0057,prebreeding_migration,0.1639,0.0351,0.0119,70.0,16.39,0.002370335574190707,very_rare,0.2370335574190707,,peak_abundance_with_occupancy_days_modifiers,0.1639
comgol,US-TX,0.005484930230569685,0.002433333333333333,0.0055,nonbreeding,0.0109,,,,1.09,0.0022873935708496436,very_rare,0.22873935708496435,rare,peak_abundance_with_occupancy_days_modifiers,0.0109
rolhaw,US-TX,0.005385472276337817,0.0023333333333333335,0.0054,nonbreeding,0.0862,,,,8.62,0.0022459163823501686,very_rare,0.22459163823501685,,peak_abundance_with_occupancy_days_modifiers,0.0862
rebnut,US-TX,0.005286004429237355,0.0030333333333333336,0.0053,nonbreeding,0.1229,0.0168,0.0015,119.0,12.29,0.0022044350682040464,very_rare,0.22044350682040464,,peak_abundance_with_occupancy_days_modifiers,0.1229
sora,US-TX,0.004888034072775962,0.0027749999999999997,0.0049,postbreeding_migration,0.1561,0.1465,0.07,112.0,15.61,0.002038468538732918,very_rare,0.2038468538732918,,peak_abundance_with_occupancy_days_modifiers,0.1561
brthum,US-TX,0.004888034072775962,0.002225,0.0049,postbreeding_migration,0.0229,0.0132,0.0153,112.0,2.29,0.002038468538732918,very_rare,0.2038468538732918,rare,peak_abundance_with_occupancy_days_modifiers,0.0229
bkhgro,US-TX,0.004888034072775962,0.0032749999999999997,0.0049,prebreeding_migration,0.0572,0.0211,0.0081,112.0,5.72,0.002038468538732918,very_rare,0.2038468538732918,,peak_abundance_with_occupancy_days_modifiers,0.0572
amewoo,US-TX,0.004788516731797177,0.002125,0.0048,nonbreeding,0.1445,0.1432,0.0866,56.0,14.45,0.001996966584036358,very_rare,0.19969665840363582,,peak_abundance_with_occupancy_days_modifiers,0.1445
lazbun,US-TX,0.004688989486131542,0.0023,0.0047,postbreeding_migration,0.1526,0.0285,0.0062,84.0,15.260000000000002,0.0019554604987645544,very_rare,0.19554604987645544,,peak_abundance_with_occupancy_days_modifiers,0.1526
towwar,US-TX,0.0045894523338072864,0.0016333333333333332,0.0046,postbreeding_migration,0.0951,0.0189,0.0098,91.0,9.51,0.0019139502820952148,very_rare,0.19139502820952148,,peak_abundance_with_occupancy_days_modifiers,0.0951
horgre,US-TX,0.004489905272852052,0.0020666666666666667,0.0045,nonbreeding,0.0074,,,,0.74,0.0018724359332058032,very_rare,0.18724359332058033,very_rare,peak_abundance_with_occupancy_days_modifiers,0.0074
compau,US-TX,0.004390348301292895,0.0044,0.0044,resident,0.0321,0.0017,0.0009,365.0,3.2099999999999995,0.0018309174512735364,very_rare,0.18309174512735363,rare,peak_abundance_with_occupancy_days_modifiers,0.0321
purgal2,US-TX,0.004390348301292895,0.0014000000000000002,0.0044,breeding,0.0362,0.0044,0.0069,112.0,3.62,0.0018309174512735364,very_rare,0.18309174512735363,rare,peak_abundance_with_occupancy_days_modifiers,0.0362
zothaw,US-TX,0.004290781417156275,0.00255,0.0043,breeding,0.0879,0.0187,0.0379,126.0,8.790000000000001,0.0017893948354753858,very_rare,0.17893948354753858,,peak_abundance_with_occupancy_days_modifiers,0.0879
ameoys,US-TX,0.004091617903253565,0.002725,0.0041,prebreeding_migration,0.0072,0.0308,0.0173,98.0,0.72,0.0017063371989880915,very_rare,0.17063371989880916,very_rare,peak_abundance_with_occupancy_days_modifiers,0.0072
margod,US-TX,0.004091617903253565,0.0023750000000000004,0.0041,nonbreeding,0.0084,0.0796,0.0045,140.0,0.84,0.0017063371989880915,very_rare,0.17063371989880916,very_rare,peak_abundance_with_occupancy_days_modifiers,0.0084
incdov,US-TX,0.003992021269537453,0.004,0.004,resident,0.0259,0.0194,0.0032,365.0,2.59,0.0016648021766516613,very_rare,0.16648021766516613,rare,peak_abundance_with_occupancy_days_modifiers,0.0259
magwar,US-TX,0.0038924147153438387,0.0013666666666666664,0.0039,prebreeding_migration,0.1408,0.0168,0.0045,63.0,14.08,0.001623263017154774,very_rare,0.1623263017154774,,peak_abundance_with_occupancy_days_modifiers,0.1408
hutvir,US-TX,0.0038924147153438387,0.0039,0.0039,resident,0.0319,0.0424,0.0234,365.0,3.19,0.001623263017154774,very_rare,0.1623263017154774,rare,peak_abundance_with_occupancy_days_modifiers,0.0319
pipplo,US-TX,0.0038924147153438387,0.0020499999999999997,0.0039,nonbreeding,0.0072,0.1664,0.1488,119.0,0.72,0.001623263017154774,very_rare,0.1623263017154774,very_rare,peak_abundance_with_occupancy_days_modifiers,0.0072
magfri,US-TX,0.003792798238696237,0.0013250000000000002,0.0038,breeding,0.0093,0.0156,0.002,126.0,0.9299999999999999,0.0015817197196731716,very_rare,0.15817197196731717,very_rare,peak_abundance_with_occupancy_days_modifiers,0.0093
louwat,US-TX,0.003792798238696237,0.002025,0.0038,prebreeding_migration,0.1251,0.0615,0.0195,105.0,12.509999999999998,0.0015817197196731716,very_rare,0.15817197196731717,,peak_abundance_with_occupancy_days_modifiers,0.1251
comter,US-TX,0.0036931718376175702,0.00175,0.0037,prebreeding_migration,0.0044,0.0004,0.0003,126.0,0.44,0.0015401722833823486,very_rare,0.15401722833823486,very_rare,peak_abundance_with_occupancy_days_modifiers,0.0044
brnowl,US-TX,0.0035935355101301704,0.0036,0.0036,resident,0.2007,,,,20.07,0.0014986207074575537,very_rare,0.14986207074575536,,peak_abundance_with_occupancy_days_modifiers,0.2007
towsol,US-TX,0.00349388925425578,0.0023666666666666667,0.0035,nonbreeding,0.0495,0.0144,0.0037,105.0,4.95,0.0014570649910737887,very_rare,0.14570649910737887,rare,peak_abundance_with_occupancy_days_modifiers,0.0495
virwar,US-TX,0.003194890896519197,0.0012000000000000001,0.0032,postbreeding_migration,0.0867,0.0385,0.0378,77.0,8.67,0.0013323729909149931,very_rare,0.1332372990914993,,peak_abundance_with_occupancy_days_modifiers,0.0867
robgro,US-TX,0.003095204907302419,0.0010666666666666665,0.0031,prebreeding_migration,0.1232,0.0163,0.0044,42.0,12.32,0.001290800704440433,very_rare,0.1290800704440433,,peak_abundance_with_occupancy_days_modifiers,0.1232
chswar,US-TX,0.002596625847265978,0.0008666666666666666,0.0026,prebreeding_migration,0.1234,0.0231,0.0061,49.0,12.34,0.001082877086719314,very_rare,0.1082877086719314,,peak_abundance_with_occupancy_days_modifiers,0.1234
varbun,US-TX,0.002496880198587199,0.0025,0.0025,prebreeding_migration,0.0467,0.0335,0.0114,49.0,4.67,0.0010412799203166443,very_rare,0.10412799203166442,rare,peak_abundance_with_occupancy_days_modifiers,0.0467
acowoo,US-TX,0.002496880198587199,0.0025,0.0025,resident,0.0032,0.0036,0.0032,365.0,0.32,0.0010412799203166443,very_rare,0.10412799203166442,very_rare,peak_abundance_with_occupancy_days_modifiers,0.0032
gryfly,US-TX,0.002496880198587199,0.001425,0.0025,prebreeding_migration,0.0446,0.0293,0.0115,112.0,4.46,0.0010412799203166443,very_rare,0.10412799203166442,rare,peak_abundance_with_occupancy_days_modifiers,0.0446
whtdov,US-TX,0.0023971245997214934,0.0024,0.0024,resident,0.0158,0.001,0.0003,365.0,1.58,0.000999678604363726,very_rare,0.09996786043637261,rare,peak_abundance_with_occupancy_days_modifiers,0.0158
vigswa,US-TX,0.0023971245997214934,0.0022333333333333333,0.0024,prebreeding_migration,0.0262,0.006,0.0016,91.0,2.62,0.000999678604363726,very_rare,0.09996786043637261,rare,peak_abundance_with_occupancy_days_modifiers,0.0262
norwat,US-TX,0.0022973590486834897,0.0015333333333333334,0.0023,postbreeding_migration,0.2645,0.0183,0.002,84.0,26.450000000000003,0.0009580731380325941,very_rare,0.09580731380325941,,peak_abundance_with_occupancy_days_modifiers,0.2645
leabit,US-TX,0.0021975835434872217,0.001,0.0022,breeding,0.026,0.0354,0.0509,49.0,2.6,0.0009164635204950369,very_rare,0.0916463520495037,rare,peak_abundance_with_occupancy_days_modifiers,0.026
perfal,US-TX,0.0021975835434872217,0.001425,0.0022,prebreeding_migration,0.2838,,,,28.38,0.0009164635204950369,very_rare,0.0916463520495037,,peak_abundance_with_occupancy_days_modifiers,0.2838
seaspa,US-TX,0.002097798082146129,0.001325,0.0021,prebreeding_migration,0.0082,0.2462,0.1575,112.0,0.8200000000000001,0.0008748497509225938,very_rare,0.08748497509225937,very_rare,peak_abundance_with_occupancy_days_modifiers,0.0082
whocra,US-TX,0.001998002662673056,0.0011,0.002,prebreeding_migration,0.0025,0.2083,0.721,35.0,0.25,0.000833231828486557,very_rare,0.0833231828486557,very_rare,peak_abundance_with_occupancy_days_modifiers,0.0025
virrai,US-TX,0.001998002662673056,0.0014,0.002,postbreeding_migration,0.1545,0.1484,0.0543,112.0,15.45,0.000833231828486557,very_rare,0.0833231828486557,,peak_abundance_with_occupancy_days_modifiers,0.1545
gryvir,US-TX,0.001998002662673056,0.0011333333333333334,0.002,breeding,0.0228,0.046,0.039,77.0,2.2800000000000002,0.000833231828486557,very_rare,0.0833231828486557,rare,peak_abundance_with_occupancy_days_modifiers,0.0228
luchum,US-TX,0.001998002662673056,0.0010333333333333334,0.002,postbreeding_migration,0.0079,0.0563,0.1202,63.0,0.79,0.000833231828486557,very_rare,0.0833231828486557,very_rare,peak_abundance_with_occupancy_days_modifiers,0.0079
clarai11,US-TX,0.0018981972830802527,0.0015999999999999999,0.0019,prebreeding_migration,0.0069,0.1089,0.091,119.0,0.69,0.0007916097523579702,very_rare,0.07916097523579702,very_rare,peak_abundance_with_occupancy_days_modifiers,0.0069
grnpar,US-TX,0.0017983819413793735,0.0018,0.0018,resident,0.0003,0.0151,0.0613,0.0,0.03,0.0007499835217076287,very_rare,0.07499835217076287,very_rare,peak_abundance_with_occupancy_days_modifiers,0.0003
bkcspa,US-TX,0.0016985566355814774,0.001375,0.0017,breeding,0.006,0.0231,0.0308,119.0,0.6,0.00070835313570608,very_rare,0.070835313570608,very_rare,peak_abundance_with_occupancy_days_modifiers,0.006
bkbwar,US-TX,0.0016985566355814774,0.00085,0.0017,prebreeding_migration,0.1143,0.021,0.0049,42.0,11.43,0.00070835313570608,very_rare,0.070835313570608,,peak_abundance_with_occupancy_days_modifiers,0.1143
whtkit,US-TX,0.0016985566355814774,0.0017,0.0017,resident,0.0421,0.0157,0.0112,365.0,4.21,0.00070835313570608,very_rare,0.070835313570608,rare,peak_abundance_with_occupancy_days_modifiers,0.0421
dusfly,US-TX,0.0015987213636970278,0.0015,0.0016,postbreeding_migration,0.1225,0.0244,0.0084,84.0,12.25,0.0006667185935236227,very_rare,0.06667185935236226,,peak_abundance_with_occupancy_days_modifiers,0.1225
wesfly,US-TX,0.0014988761237358919,0.000575,0.0015,postbreeding_migration,0.0688,0.0146,0.0032,77.0,6.88,0.0006250798943303071,very_rare,0.06250798943303071,,peak_abundance_with_occupancy_days_modifiers,0.0688
trokin,US-TX,0.0014988761237358919,0.001225,0.0015,postbreeding_migration,0.0037,0.0002,0.0001,119.0,0.37,0.0006250798943303071,very_rare,0.06250798943303071,very_rare,peak_abundance_with_occupancy_days_modifiers,0.0037
leagre,US-TX,0.001399020913707341,0.0014,0.0014,resident,0.0107,0.0055,0.0054,365.0,1.0699999999999998,0.0005834370372959348,very_rare,0.05834370372959348,rare,peak_abundance_with_occupancy_days_modifiers,0.0107
aldfly,US-TX,0.001399020913707341,0.0011,0.0014,postbreeding_migration,0.1553,0.0113,0.0011,56.0,15.53,0.0005834370372959348,very_rare,0.05834370372959348,,peak_abundance_with_occupancy_days_modifiers,0.1553
boboli,US-TX,0.00129915573162005,0.0013,0.0013,prebreeding_migration,0.0119,0.004,0.0006,35.0,1.1900000000000002,0.0005417900215900586,very_rare,0.05417900215900586,rare,peak_abundance_with_occupancy_days_modifiers,0.0119
plsvir,US-TX,0.00129915573162005,0.000825,0.0013,postbreeding_migration,0.0351,0.0112,0.0085,77.0,3.51,0.0005417900215900586,very_rare,0.05417900215900586,rare,peak_abundance_with_occupancy_days_modifiers,0.0351
mexduc,US-TX,0.00129915573162005,0.0013,0.0013,resident,0.003,0.0163,0.0037,365.0,0.3,0.0005417900215900586,very_rare,0.05417900215900586,very_rare,peak_abundance_with_occupancy_days_modifiers,0.003
recwoo,US-TX,0.00129915573162005,0.0013,0.0013,resident,0.0037,0.0794,0.0758,365.0,0.37,0.0005417900215900586,very_rare,0.05417900215900586,very_rare,peak_abundance_with_occupancy_days_modifiers,0.0037
annhum,US-TX,0.0011992805754820971,0.0004333333333333333,0.0012,prebreeding_migration,0.0389,0.0548,0.0047,140.0,3.8899999999999997,0.0005001388463819827,very_rare,0.050013884638198274,rare,peak_abundance_with_occupancy_days_modifiers,0.0389
casfin,US-TX,0.0011992805754820971,0.0006666666666666666,0.0012,nonbreeding,0.0059,0.0047,0.0036,84.0,0.59,0.0005001388463819827,very_rare,0.050013884638198274,very_rare,peak_abundance_with_occupancy_days_modifiers,0.0059
lepchi,US-TX,0.0011992805754820971,0.0012,0.0012,resident,0.0044,0.1346,0.0689,365.0,0.44,0.0005001388463819827,very_rare,0.050013884638198274,very_rare,peak_abundance_with_occupancy_days_modifiers,0.0044
phaino,US-TX,0.0011992805754820971,0.0012,0.0012,resident,0.0074,0.0075,0.003,365.0,0.74,0.0005001388463819827,very_rare,0.050013884638198274,very_rare,peak_abundance_with_occupancy_days_modifiers,0.0074
heptan,US-TX,0.0011992805754820971,0.0005499999999999999,0.0012,breeding,0.0045,0.0009,0.0026,119.0,0.44999999999999996,0.0005001388463819827,very_rare,0.050013884638198274,very_rare,peak_abundance_with_occupancy_days_modifiers,0.0045
mouwar,US-TX,0.0010993954433009636,0.00075,0.0011,postbreeding_migration,0.0796,0.0142,0.0099,63.0,7.960000000000001,0.0004584835108407622,very_rare,0.04584835108407622,,peak_abundance_with_occupancy_days_modifiers,0.0796
redkno,US-TX,0.0010993954433009636,0.000375,0.0011,postbreeding_migration,0.0024,,,,0.24,0.0004584835108407622,very_rare,0.04584835108407622,very_rare,peak_abundance_with_occupancy_days_modifiers,0.0024
lucwar,US-TX,0.0010993954433009636,0.0007333333333333333,0.0011,breeding,0.0157,0.0282,0.0038,63.0,1.5699999999999998,0.0004584835108407622,very_rare,0.04584835108407622,rare,peak_abundance_with_occupancy_days_modifiers,0.0157
kinrai4,US-TX,0.0009995003330835331,0.000775,0.001,prebreeding_migration,0.0147,0.1806,0.1094,154.0,1.47,0.00041682401413511066,very_rare,0.04168240141351107,rare,peak_abundance_with_occupancy_days_modifiers,0.0147
calhum,US-TX,0.0009995003330835331,0.0003333333333333333,0.001,postbreeding_migration,0.0147,0.0116,0.0285,105.0,1.47,0.00041682401413511066,very_rare,0.04168240141351107,rare,peak_abundance_with_occupancy_days_modifiers,0.0147
gresca,US-TX,0.0009995003330835331,0.0005,0.001,nonbreeding,0.0095,0.0267,0.0005,49.0,0.95,0.00041682401413511066,very_rare,0.04168240141351107,very_rare,peak_abundance_with_occupancy_days_modifiers,0.0095
bacspa,US-TX,0.0009995003330835331,0.001,0.001,resident,0.0033,0.0234,0.0343,365.0,0.33,0.00041682401413511066,very_rare,0.04168240141351107,very_rare,peak_abundance_with_occupancy_days_modifiers,0.0033
egygoo,US-TX,0.000899595242836093,0.0009,0.0009,resident,0.0014,,,,0.13999999999999999,0.0003751603554337701,very_rare,0.03751603554337701,very_rare,peak_abundance_with_occupancy_days_modifiers,0.0014
casvir,US-TX,0.000899595242836093,0.00039999999999999996,0.0009,postbreeding_migration,0.0639,0.0139,0.0049,70.0,6.39,0.0003751603554337701,very_rare,0.03751603554337701,,peak_abundance_with_occupancy_days_modifiers,0.0639
wesowl1,US-TX,0.000899595242836093,0.0009,0.0009,resident,0.0381,0.0217,0.0118,365.0,3.81,0.0003751603554337701,very_rare,0.03751603554337701,rare,peak_abundance_with_occupancy_days_modifiers,0.0381
woewar1,US-TX,0.000899595242836093,0.00030000000000000003,0.0009,prebreeding_migration,0.0521,0.032,0.0088,70.0,5.21,0.0003751603554337701,very_rare,0.03751603554337701,,peak_abundance_with_occupancy_days_modifiers,0.0521
swtkit,US-TX,0.0007996801705643322,0.0004666666666666667,0.0008,breeding,0.0157,0.0022,0.0006,98.0,1.5699999999999998,0.0003334925339049559,very_rare,0.03334925339049559,rare,peak_abundance_with_occupancy_days_modifiers,0.0157
baispa,US-TX,0.0007996801705643322,0.0008,0.0008,nonbreeding,0.0193,0.0937,0.0666,119.0,1.9300000000000002,0.0003334925339049559,very_rare,0.03334925339049559,rare,peak_abundance_with_occupancy_days_modifiers,0.0193
yebfly,US-TX,0.0007996801705643322,0.00046666666666666666,0.0008,postbreeding_migration,0.1102,0.0117,0.0015,77.0,11.020000000000001,0.0003334925339049559,very_rare,0.03334925339049559,,peak_abundance_with_occupancy_days_modifiers,0.1102
recpar,US-TX,0.0006997551142733419,0.0007,0.0007,resident,0.0002,0.0278,0.1038,0.0,0.02,0.0002918205487167264,very_rare,0.02918205487167264,very_rare,peak_abundance_with_occupancy_days_modifiers,0.0002
babwar,US-TX,0.0006997551142733419,0.00035,0.0007,prebreeding_migration,0.0346,0.0074,0.0048,35.0,3.46,0.0002918205487167264,very_rare,0.02918205487167264,rare,peak_abundance_with_occupancy_days_modifiers,0.0346
renpha,US-TX,0.0006997551142733419,0.00045,0.0007,postbreeding_migration,0.0391,,,,3.91,0.0002918205487167264,very_rare,0.02918205487167264,rare,peak_abundance_with_occupancy_days_modifiers,0.0391
palwar,US-TX,0.0006997551142733419,0.00036666666666666667,0.0007,nonbreeding,0.0222,0.0215,0.0008,84.0,2.22,0.0002918205487167264,very_rare,0.02918205487167264,rare,peak_abundance_with_occupancy_days_modifiers,0.0222
phivir,US-TX,0.0005998200719676155,0.0003,0.0006,prebreeding_migration,0.0594,0.0111,0.0032,49.0,5.94,0.0002501443990368907,very_rare,0.02501443990368907,,peak_abundance_with_occupancy_days_modifiers,0.0594
mexjay4,US-TX,0.0005998200719676155,0.0006,0.0006,resident,0.0003,0.0008,0.0013,0.0,0.03,0.0002501443990368907,very_rare,0.02501443990368907,very_rare,peak_abundance_with_occupancy_days_modifiers,0.0003
monpar,US-TX,0.0005998200719676155,0.0006,0.0006,resident,0.0004,0.0001,0.0,0.0,0.04,0.0002501443990368907,very_rare,0.02501443990368907,very_rare,peak_abundance_with_occupancy_days_modifiers,0.0004
botspa,US-TX,0.000499875041651048,0.0005,0.0005,resident,0.0056,0.0164,0.022,365.0,0.5599999999999999,0.00020846408403300828,very_rare,0.020846408403300827,very_rare,peak_abundance_with_occupancy_days_modifiers,0.0056
clagre,US-TX,0.000499875041651048,0.000275,0.0005,breeding,0.0004,0.0045,0.0133,0.0,0.04,0.00020846408403300828,very_rare,0.020846408403300827,very_rare,peak_abundance_with_occupancy_days_modifiers,0.0004
hamfly,US-TX,0.000499875041651048,0.00023333333333333333,0.0005,postbreeding_migration,0.0348,0.007,0.0032,70.0,3.4799999999999995,0.00020846408403300828,very_rare,0.020846408403300827,rare,peak_abundance_with_occupancy_days_modifiers,0.0348
mouchi,US-TX,0.0003999200213269354,0.00030000000000000003,0.0004,nonbreeding,0.0042,0.0023,0.0002,119.0,0.42,0.00016677960287238907,very_rare,0.016677960287238905,very_rare,peak_abundance_with_occupancy_days_modifiers,0.0042
fepowl,US-TX,0.0003999200213269354,0.0004,0.0004,resident,0.0031,0.0003,0.0003,365.0,0.31,0.00016677960287238907,very_rare,0.016677960287238905,very_rare,peak_abundance_with_occupancy_days_modifiers,0.0031
btywar,US-TX,0.0003999200213269354,0.00025,0.0004,postbreeding_migration,0.0253,0.012,0.0012,98.0,2.53,0.00016677960287238907,very_rare,0.016677960287238905,rare,peak_abundance_with_occupancy_days_modifiers,0.0253
amebit,US-TX,0.0003999200213269354,0.00036666666666666667,0.0004,postbreeding_migration,0.0494,0.0842,0.0504,98.0,4.9399999999999995,0.00016677960287238907,very_rare,0.016677960287238905,rare,peak_abundance_with_occupancy_days_modifiers,0.0494
lbbgul,US-TX,0.0003999200213269354,0.00022500000000000002,0.0004,nonbreeding,0.0036,0.0015,0.0001,105.0,0.36,0.00016677960287238907,very_rare,0.016677960287238905,very_rare,peak_abundance_with_occupancy_days_modifiers,0.0036
canwar,US-TX,0.00029995500899797546,0.00019999999999999998,0.0003,prebreeding_migration,0.0199,0.0053,0.003,42.0,1.9900000000000002,0.00012509095472209328,very_rare,0.012509095472209329,rare,peak_abundance_with_occupancy_days_modifiers,0.0199
blksco2,US-TX,0.00029995500899797546,9.999999999999999e-05,0.0003,nonbreeding,0.0047,0.013,0.0002,70.0,0.47000000000000003,0.00012509095472209328,very_rare,0.012509095472209329,very_rare,peak_abundance_with_occupancy_days_modifiers,0.0047
wesgre,US-TX,0.00029995500899797546,0.00019999999999999998,0.0003,nonbreeding,0.0008,0.0088,0.0011,0.0,0.08,0.00012509095472209328,very_rare,0.012509095472209329,very_rare,peak_abundance_with_occupancy_days_modifiers,0.0008
comblh1,US-TX,0.00029995500899797546,0.000125,0.0003,breeding,0.0059,0.0133,0.0025,42.0,0.59,0.00012509095472209328,very_rare,0.012509095472209329,very_rare,peak_abundance_with_occupancy_days_modifiers,0.0059
gloibi,US-TX,0.00029995500899797546,0.00017499999999999997,0.0003,breeding,0.0252,,,,2.52,0.00012509095472209328,very_rare,0.012509095472209329,rare,peak_abundance_with_occupancy_days_modifiers,0.0252
norshr4,US-TX,0.00029995500899797546,9.999999999999999e-05,0.0003,nonbreeding,0.0212,,,,2.12,0.00012509095472209328,very_rare,0.012509095472209329,rare,peak_abundance_with_occupancy_days_modifiers,0.0212
nstspa,US-TX,0.00029995500899797546,0.0002,0.0003,nonbreeding,0.0046,0.2352,0.1813,70.0,0.45999999999999996,0.00012509095472209328,very_rare,0.012509095472209329,very_rare,peak_abundance_with_occupancy_days_modifiers,0.0046
tropar,US-TX,0.00029995500899797546,0.0001333333333333333,0.0003,breeding,0.0131,0.0018,0.0003,70.0,1.31,0.00012509095472209328,very_rare,0.012509095472209329,rare,peak_abundance_with_occupancy_days_modifiers,0.0131
bubhum,US-TX,0.00019998000266626675,0.0002,0.0002,resident,0.0007,0.0027,0.005,0.0,0.06999999999999999,8.339813874893117e-05,very_rare,0.008339813874893118,very_rare,peak_abundance_with_occupancy_days_modifiers,0.0007
wilsap,US-TX,0.00019998000266626675,0.0001,0.0002,nonbreeding,0.0041,0.0113,0.0113,77.0,0.41000000000000003,8.339813874893117e-05,very_rare,0.008339813874893118,very_rare,peak_abundance_with_occupancy_days_modifiers,0.0041
ovenbi1,US-TX,0.00019998000266626675,6.666666666666667e-05,0.0002,prebreeding_migration,0.0217,0.0032,0.0001,56.0,2.17,8.339813874893117e-05,very_rare,0.008339813874893118,rare,peak_abundance_with_occupancy_days_modifiers,0.0217
loeowl,US-TX,0.00019998000266626675,0.0001,0.0002,nonbreeding,0.0262,,,,2.62,8.339813874893117e-05,very_rare,0.008339813874893118,rare,peak_abundance_with_occupancy_days_modifiers,0.0262
gryhaw2,US-TX,0.00019998000266626675,0.000125,0.0002,postbreeding_migration,0.0038,0.0027,0.0012,70.0,0.38,8.339813874893117e-05,very_rare,0.008339813874893118,very_rare,peak_abundance_with_occupancy_days_modifiers,0.0038
buwwar,US-TX,0.00019998000266626675,0.0001,0.0002,prebreeding_migration,0.0429,0.0243,0.0031,42.0,4.29,8.339813874893117e-05,very_rare,0.008339813874893118,rare,peak_abundance_with_occupancy_days_modifiers,0.0429
maghum1,US-TX,0.00019998000266626675,0.00013333333333333334,0.0002,breeding,0.0018,0.007,0.0059,105.0,0.18,8.339813874893117e-05,very_rare,0.008339813874893118,very_rare,peak_abundance_with_occupancy_days_modifiers,0.0018
batpig1,US-TX,0.00019998000266626675,0.00013333333333333334,0.0002,breeding,0.0014,0.0015,0.0003,56.0,0.13999999999999999,8.339813874893117e-05,very_rare,0.008339813874893118,very_rare,peak_abundance_with_occupancy_days_modifiers,0.0014
grnkin,US-TX,0.00019998000266626675,0.0002,0.0002,resident,0.0015,0.0002,0.0002,365.0,0.15,8.339813874893117e-05,very_rare,0.008339813874893118,very_rare,peak_abundance_with_occupancy_days_modifiers,0.0015
nutman,US-TX,0.00019998000266626675,0.0002,0.0002,resident,0.0001,0.0,0.0,0.0,0.01,8.339813874893117e-05,very_rare,0.008339813874893118,very_rare,peak_abundance_with_occupancy_days_modifiers,0.0001
scatan,US-TX,0.00019998000266626675,0.0001,0.0002,prebreeding_migration,0.0174,0.003,0.001,42.0,1.7399999999999998,8.339813874893117e-05,very_rare,0.008339813874893118,rare,peak_abundance_with_occupancy_days_modifiers,0.0174
placha,US-TX,0.00019998000266626675,0.0002,0.0002,resident,0.0007,0.0012,0.0004,0.0,0.06999999999999999,8.339813874893117e-05,very_rare,0.008339813874893118,very_rare,peak_abundance_with_occupancy_days_modifiers,0.0007
grawar,US-TX,0.00019998000266626675,7.500000000000001e-05,0.0002,breeding,0.0016,0.0026,0.0019,42.0,0.16,8.339813874893117e-05,very_rare,0.008339813874893118,very_rare,peak_abundance_with_occupancy_days_modifiers,0.0016
stejay,US-TX,9.999500033330834e-05,0.0001,0.0001,resident,0.0004,0.0002,0.0001,0.0,0.04,4.170115411946329e-05,very_rare,0.004170115411946329,very_rare,peak_abundance_with_occupancy_days_modifiers,0.0004
gowwar,US-TX,9.999500033330834e-05,3.3333333333333335e-05,0.0001,prebreeding_migration,0.0084,0.0053,0.0016,35.0,0.84,4.170115411946329e-05,very_rare,0.004170115411946329,very_rare,peak_abundance_with_occupancy_days_modifiers,0.0084
henspa,US-TX,9.999500033330834e-05,3.3333333333333335e-05,0.0001,nonbreeding,0.0296,0.2037,0.0376,119.0,2.96,4.170115411946329e-05,very_rare,0.004170115411946329,rare,peak_abundance_with_occupancy_days_modifiers,0.0296
clcrob,US-TX,9.999500033330834e-05,0.0001,0.0001,resident,0.0002,0.0002,0.0001,0.0,0.02,4.170115411946329e-05,very_rare,0.004170115411946329,very_rare,peak_abundance_with_occupancy_days_modifiers,0.0002
cerwar,US-TX,9.999500033330834e-05,5e-05,0.0001,prebreeding_migration,0.0116,0.0092,0.0017,28.0,1.16,4.170115411946329e-05,very_rare,0.004170115411946329,rare,peak_abundance_with_occupancy_days_modifiers,0.0116
gycthr,US-TX,9.999500033330834e-05,0.0001,0.0001,prebreeding_migration,0.0051,0.0011,0.0001,42.0,0.51,4.170115411946329e-05,very_rare,0.004170115411946329,very_rare,peak_abundance_with_occupancy_days_modifiers,0.0051
veery,US-TX,9.999500033330834e-05,5e-05,0.0001,prebreeding_migration,0.0069,0.0015,0.0002,35.0,0.69,4.170115411946329e-05,very_rare,0.004170115411946329,very_rare,peak_abundance_with_occupancy_days_modifiers,0.0069
aplfal,US-TX,9.999500033330834e-05,0.0001,0.0001,resident,0.0056,0.0006,0.0001,365.0,0.5599999999999999,4.170115411946329e-05,very_rare,0.004170115411946329,very_rare,peak_abundance_with_occupancy_days_modifiers,0.0056
rinkin1,US-TX,9.999500033330834e-05,0.0001,0.0001,resident,0.0013,0.0001,0.0001,365.0,0.13,4.170115411946329e-05,very_rare,0.004170115411946329,very_rare,peak_abundance_with_occupancy_days_modifiers,0.0013
easwpw1,US-TX,9.999500033330834e-05,0.0001,0.0001,prebreeding_migration,0.0183,0.0129,0.0012,49.0,1.83,4.170115411946329e-05,very_rare,0.004170115411946329,rare,peak_abundance_with_occupancy_days_modifiers,0.0183
redcro,US-TX,9.999500033330834e-05,2.5e-05,0.0001,nonbreeding,0.002,,,,0.2,4.170115411946329e-05,very_rare,0.004170115411946329,very_rare,peak_abundance_with_occupancy_days_modifiers,0.002
revbul,US-TX,9.999500033330834e-05,0.0001,0.0001,resident,0.0001,0.0,0.0,0.0,0.01,4.170115411946329e-05,very_rare,0.004170115411946329,very_rare,peak_abundance_with_occupancy_days_modifiers,0.0001
blkrai,US-TX,9.999500033330834e-05,6.666666666666667e-05,0.0001,breeding,0.002,,,,0.2,4.170115411946329e-05,very_rare,0.004170115411946329,very_rare,peak_abundance_with_occupancy_days_modifiers,0.002
souwpw1,US-TX,9.999500033330834e-05,0.0001,0.0001,breeding,0.0007,0.0019,0.0045,0.0,0.06999999999999999,4.170115411946329e-05,very_rare,0.004170115411946329,very_rare,peak_abundance_with_occupancy_days_modifiers,0.0007
monqua,US-TX,9.999500033330834e-05,0.0001,0.0001,resident,0.0076,0.0161,0.003,365.0,0.76,4.170115411946329e-05,very_rare,0.004170115411946329,very_rare,peak_abundance_with_occupancy_days_modifiers,0.0076
altori,US-TX,9.999500033330834e-05,0.0001,0.0001,resident,0.0002,0.0004,0.0002,0.0,0.02,4.170115411946329e-05,very_rare,0.004170115411946329,very_rare,peak_abundance_with_occupancy_days_modifiers,0.0002
paired,US-TX,9.999500033330834e-05,7.500000000000001e-05,0.0001,breeding,0.0007,0.0083,0.0007,28.0,0.06999999999999999,4.170115411946329e-05,very_rare,0.004170115411946329,rare,peak_abundance_with_occupancy_days_modifiers,0.0007
audshe,US-TX,6.193469651009504e-05,3.217909851510149e-05,6.19366145030075e-05,postbreeding_migration,0.0024169792010091,0.0007999724740654085,2.030894383024623e-05,35.0,0.24169792010091,2.582877459770887e-05,very_rare,0.0025828774597708866,very_rare,peak_abundance_with_occupancy_days_modifiers,0.0024169792010091
tamcro,US-TX,2.2606769636747018e-06,2.260679519006794e-06,2.260679519006794e-06,resident,0.0002468957248342655,0.0020712961953559,3.6837490850925545e-05,0.0,0.02468957248342655,9.42775520361637e-07,very_rare,9.427755203616371e-05,very_rare,peak_abundance_with_occupancy_days_modifiers,0.0002468957248342655
lcspet,US-TX,5.847559818555087e-07,5.847561528253211e-07,5.847561528253211e-07,postbreeding_migration,0.00019491767750073592,4.3040001377280046e-05,7.477607700429171e-08,0.0,0.019491767750073594,2.4386218551591755e-07,very_rare,2.4386218551591755e-05,very_rare,peak_abundance_with_occupancy_days_modifiers,0.00019491767750073592
whwsco2,US-TX,0.0,0.0,0.0,nonbreeding,0.0011,0.005,0.0,0.0,0.11,0.0,very_rare,0.0,very_rare,peak_abundance_with_occupancy_days_modifiers,0.0011
fotfly,US-TX,0.0,0.0,0.0,breeding,0.0003,0.0001,0.0,0.0,0.03,0.0,very_rare,0.0,very_rare,peak_abundance_with_occupancy_days_modifiers,0.0003
rugdov,US-TX,0.0,0.0,0.0,resident,0.0001,0.0,0.0,0.0,0.01,0.0,very_rare,0.0,very_rare,peak_abundance_with_occupancy_days_modifiers,0.0001
batfal1,US-TX,0.0,0.0,0.0,resident,0.0001,0.0,0.0,0.0,0.01,0.0,very_rare,0.0,very_rare,peak_abundance_with_occupancy_days_modifiers,0.0001
jabiru,US-TX,0.0,0.0,0.0,resident,0.0001,0.0,0.0,0.0,0.01,0.0,very_rare,0.0,very_rare,peak_abundance_with_occupancy_days_modifiers,0.0001
bkbcuc,US-TX,0.0,0.0,0.0,postbreeding_migration,0.0001,0.0009,0.0003,14.0,0.01,0.0,very_rare,0.0,rare,peak_abundance_with_occupancy_days_modifiers,0.0001
lotduc,US-TX,0.0,0.0,0.0,postbreeding_migration,0.0001,0.0,0.0,0.0,0.01,0.0,very_rare,0.0,very_rare,peak_abundance_with_occupancy_days_modifiers,0.0001
masduc,US-TX,0.0,0.0,0.0,resident,0.0029,0.0039,0.0,365.0,0.29,0.0,very_rare,0.0,very_rare,peak_abundance_with_occupancy_days_modifiers,0.0029
sabgul,US-TX,0.0,0.0,0.0,postbreeding_migration,0.0004,,,,0.04,0.0,very_rare,0.0,very_rare,peak_abundance_with_occupancy_days_modifiers,0.0004
retloo,US-TX,0.0,0.0,0.0,nonbreeding,0.0002,0.0002,0.0,0.0,0.02,0.0,very_rare,0.0,very_rare,peak_abundance_with_occupancy_days_modifiers,0.0002
flaowl,US-TX,0.0,0.0,0.0,prebreeding_migration,0.0001,0.0004,0.0004,0.0,0.01,0.0,very_rare,0.0,very_rare,peak_abundance_with_occupancy_days_modifiers,0.0001
rubrob,US-TX,0.0,0.0,0.0,nonbreeding,0.0013,0.0027,0.0,14.0,0.13,0.0,very_rare,0.0,rare,peak_abundance_with_occupancy_days_modifiers,0.0013
rucwar,US-TX,0.0,0.0,0.0,resident,0.0001,0.0002,0.0,0.0,0.01,0.0,very_rare,0.0,very_rare,peak_abundance_with_occupancy_days_modifiers,0.0001
evegro,US-TX,0.0,0.0,0.0,prebreeding_migration,0.0001,0.0,0.0,0.0,0.01,0.0,very_rare,0.0,very_rare,peak_abundance_with_occupancy_days_modifiers,0.0001
ducfly,US-TX,0.0,0.0,0.0,breeding,0.0014,0.0001,0.0,21.0,0.13999999999999999,0.0,very_rare,0.0,rare,peak_abundance_with_occupancy_days_modifiers,0.0014
gargan,US-TX,0.0,0.0,0.0,prebreeding_migration,0.0005,0.0,0.0,0.0,0.05,0.0,very_rare,0.0,very_rare,peak_abundance_with_occupancy_days_modifiers,0.0005
lawgol,US-TX,0.0,0.0,0.0,nonbreeding,0.0003,0.0006,0.0001,0.0,0.03,0.0,very_rare,0.0,very_rare,peak_abundance_with_occupancy_days_modifiers,0.0003
y00478,US-TX,0.0,0.0,0.0,nonbreeding,0.0013,0.005,0.0,0.0,0.13,0.0,very_rare,0.0,very_rare,peak_abundance_with_occupancy_days_modifiers,0.0013
litgul,US-TX,0.0,0.0,0.0,nonbreeding,0.0001,0.001,0.0,0.0,0.01,0.0,very_rare,0.0,very_rare,peak_abundance_with_occupancy_days_modifiers,0.0001
eurwig,US-TX,0.0,0.0,0.0,nonbreeding,0.0001,0.0,0.0,0.0,0.01,0.0,very_rare,0.0,very_rare,peak_abundance_with_occupancy_days_modifiers,0.0001
yebloo,US-TX,0.0,0.0,0.0,nonbreeding,0.0,,,,0.0,0.0,very_rare,0.0,very_rare,peak_abundance_with_occupancy_days_modifiers,0.0
limpki,US-TX,0.0,0.0,0.0,resident,0.0002,0.0,0.0,0.0,0.02,0.0,very_rare,0.0,very_rare,peak_abundance_with_occupancy_days_modifiers,0.0002
yeejun,US-TX,0.0,0.0,0.0,resident,0.0001,0.0002,0.0,0.0,0.01,0.0,very_rare,0.0,very_rare,peak_abundance_with_occupancy_days_modifiers,0.0001
yegvir,US-TX,0.0,0.0,0.0,breeding,0.0024,0.0018,0.0001,21.0,0.24,0.0,very_rare,0.0,rare,peak_abundance_with_occupancy_days_modifiers,0.0024
rotbec,US-TX,0.0,0.0,0.0,nonbreeding,0.0001,0.0001,0.0,0.0,0.01,0.0,very_rare,0.0,very_rare,peak_abundance_with_occupancy_days_modifiers,0.0001
allhum,US-TX,0.0,0.0,0.0,nonbreeding,0.0016,0.0953,0.0005,0.0,0.16,0.0,very_rare,0.0,very_rare,peak_abundance_with_occupancy_days_modifiers,0.0016
lewwoo,US-TX,0.0,0.0,0.0,nonbreeding,0.0007,0.0022,0.0001,0.0,0.06999999999999999,0.0,very_rare,0.0,very_rare,peak_abundance_with_occupancy_days_modifiers,0.0007
mewgul2,US-TX,0.0,0.0,0.0,nonbreeding,0.0001,0.0003,0.0,0.0,0.01,0.0,very_rare,0.0,very_rare,peak_abundance_with_occupancy_days_modifiers,0.0001
whehum,US-TX,0.0,0.0,0.0,breeding,0.0003,0.0005,0.0,0.0,0.03,0.0,very_rare,0.0,very_rare,peak_abundance_with_occupancy_days_modifiers,0.0003
gbbgul,US-TX,0.0,0.0,0.0,resident,0.0004,0.0005,0.0,0.0,0.04,0.0,very_rare,0.0,very_rare,peak_abundance_with_occupancy_days_modifiers,0.0004
grnvie1,US-TX,0.0,0.0,0.0,breeding,0.0096,0.0504,0.0011,42.0,0.96,0.0,very_rare,0.0,very_rare,peak_abundance_with_occupancy_days_modifiers,0.0096
pomjae,US-TX,0.0,0.0,0.0,breeding,0.0002,0.0002,0.0,0.0,0.02,0.0,very_rare,0.0,very_rare,peak_abundance_with_occupancy_days_modifiers,0.0002
varthr,US-TX,0.0,0.0,0.0,postbreeding_migration,0.0001,0.0,0.0,0.0,0.01,0.0,very_rare,0.0,very_rare,peak_abundance_with_occupancy_days_modifiers,0.0001
norwhe,US-TX,0.0,0.0,0.0,nonbreeding,0.0006,,,,0.06,0.0,very_rare,0.0,very_rare,peak_abundance_with_occupancy_days_modifiers,0.0006
tunswa,US-TX,0.0,0.0,0.0,nonbreeding,0.0005,0.0006,0.0,0.0,0.05,0.0,very_rare,0.0,very_rare,peak_abundance_with_occupancy_days_modifiers,0.0005
btbwar,US-TX,0.0,0.0,0.0,nonbreeding,0.0001,0.0003,0.0,0.0,0.01,0.0,very_rare,0.0,very_rare,peak_abundance_with_occupancy_days_modifiers,0.0001
grpchi,US-TX,0.0,0.0,0.0,resident,0.0001,0.0001,0.0,0.0,0.01,0.0,very_rare,0.0,very_rare,peak_abundance_with_occupancy_days_modifiers,0.0001
snoowl1,US-TX,0.0,0.0,0.0,nonbreeding,0.0001,,,,0.01,0.0,very_rare,0.0,very_rare,peak_abundance_with_occupancy_days_modifiers,0.0001
bkpwar,US-TX,0.0,0.0,0.0,postbreeding_migration,0.0,0.0006,0.0,28.0,0.0,0.0,very_rare,0.0,rare,peak_abundance_with_occupancy_days_modifiers,0.0
pacloo,US-TX,0.0,0.0,0.0,nonbreeding,0.0002,0.0012,0.0,0.0,0.02,0.0,very_rare,0.0,very_rare,peak_abundance_with_occupancy_days_modifiers,0.0002
pacwre1,US-TX,0.0,0.0,0.0,nonbreeding,0.0002,0.0002,0.0,0.0,0.02,0.0,very_rare,0.0,very_rare,peak_abundance_with_occupancy_days_modifiers,0.0002
spoowl,US-TX,0.0,0.0,0.0,resident,0.0001,0.0008,0.0005,0.0,0.01,0.0,very_rare,0.0,very_rare,peak_abundance_with_occupancy_days_modifiers,0.0001
calgul,US-TX,0.0,0.0,0.0,postbreeding_migration,0.0001,0.0001,0.0,0.0,0.01,0.0,very_rare,0.0,very_rare,peak_abundance_with_occupancy_days_modifiers,0.0001
stbori,US-TX,0.0,0.0,0.0,resident,0.0008,0.0014,0.0,0.0,0.08,0.0,very_rare,0.0,very_rare,peak_abundance_with_occupancy_days_modifiers,0.0008
sursco,US-TX,0.0,0.0,0.0,nonbreeding,0.0013,0.0067,0.0,14.0,0.13,0.0,very_rare,0.0,rare,peak_abundance_with_occupancy_days_modifiers,0.0013
pursan,US-TX,0.0,0.0,0.0,nonbreeding,0.0001,0.0003,0.0,0.0,0.01,0.0,very_rare,0.0,very_rare,peak_abundance_with_occupancy_days_modifiers,0.0001
brbhum,US-TX,0.0,0.0,0.0,breeding,0.0013,0.0021,0.0001,14.0,0.13,0.0,very_rare,0.0,rare,peak_abundance_with_occupancy_days_modifiers,0.0013
vichum,US-TX,0.0,0.0,0.0,breeding,0.0001,0.0003,0.0,0.0,0.01,0.0,very_rare,0.0,very_rare,peak_abundance_with_occupancy_days_modifiers,0.0001
heegul,US-TX,0.0,0.0,0.0,breeding,0.0003,0.006,0.0,0.0,0.03,0.0,very_rare,0.0,very_rare,peak_abundance_with_occupancy_days_modifiers,0.0003
glagul,US-TX,0.0,0.0,0.0,nonbreeding,0.0003,0.001,0.0,0.0,0.03,0.0,very_rare,0.0,very_rare,peak_abundance_with_occupancy_days_modifiers,0.0003
rebpig1,US-TX,0.0,0.0,0.0,resident,0.0002,0.0002,0.0001,0.0,0.02,0.0,very_rare,0.0,very_rare,peak_abundance_with_occupancy_days_modifiers,0.0002
wesgul,US-TX,0.0,0.0,0.0,resident,0.0001,0.0018,0.0,0.0,0.01,0.0,very_rare,0.0,very_rare,peak_abundance_with_occupancy_days_modifiers,0.0001
nobtyr,US-TX,0.0,0.0,0.0,breeding,0.0007,0.0004,0.0001,0.0,0.06999999999999999,0.0,very_rare,0.0,very_rare,peak_abundance_with_occupancy_days_modifiers,0.0007
blumoc,US-TX,0.0,0.0,0.0,resident,0.0002,0.0003,0.0,0.0,0.02,0.0,very_rare,0.0,very_rare,peak_abundance_with_occupancy_days_modifiers,0.0002
herwar,US-TX,0.0,0.0,0.0,nonbreeding,0.0,0.0052,0.0003,28.0,0.0,0.0,very_rare,0.0,rare,peak_abundance_with_occupancy_days_modifiers,0.0
hobkit,US-TX,0.0,0.0,0.0,resident,0.0001,0.0,0.0,0.0,0.01,0.0,very_rare,0.0,very_rare,peak_abundance_with_occupancy_days_modifiers,0.0001
whcsee1,US-TX,0.0,0.0,0.0,resident,0.0002,0.0002,0.0001,0.0,0.02,0.0,very_rare,0.0,very_rare,peak_abundance_with_occupancy_days_modifiers,0.0002
buthum,US-TX,0.0,0.0,0.0,breeding,0.0001,0.0014,0.0006,0.0,0.01,0.0,very_rare,0.0,very_rare,peak_abundance_with_occupancy_days_modifiers,0.0001
musduc,US-TX,0.0,0.0,0.0,resident,0.0001,0.0,0.0,0.0,0.01,0.0,very_rare,0.0,very_rare,peak_abundance_with_occupancy_days_modifiers,0.0001
bktgod,US-TX,0.0,0.0,0.0,breeding,0.0006,0.0,0.0,0.0,0.06,0.0,very_rare,0.0,very_rare,peak_abundance_with_occupancy_days_modifiers,0.0006
colwar,US-TX,0.0,0.0,0.0,breeding,0.0001,0.0134,0.0351,0.0,0.01,0.0,very_rare,0.0,very_rare,peak_abundance_with_occupancy_days_modifiers,0.0001
comcra,US-TX,0.0,0.0,0.0,nonbreeding,0.0002,0.0,0.0,0.0,0.02,0.0,very_rare,0.0,very_rare,peak_abundance_with_occupancy_days_modifiers,0.0002
crcgro,US-TX,0.0,0.0,0.0,resident,0.0002,0.0097,0.0,0.0,0.02,0.0,very_rare,0.0,very_rare,peak_abundance_with_occupancy_days_modifiers,0.0002
