species_code,country_code,abundance,abundance_mean_avg,abundance_mean_max,peak_season,range_occupied_percent,range_total_percent,total_pop_percent,range_days_occupation,occupancy,score,frequency,frequency_pct,rarity_cap,commonness_basis,debug_range_occupied_max
purmar,BR,0.947440500866371,0.6388666666666666,1.5791,prebreeding_migration,0.1562,0.8656,0.9793,70.0,15.620000000000001,0.39511337780848843,common,39.51133778084884,,peak_abundance_with_occupancy_days_modifiers,0.1562
picpig2,BR,0.7483926547859238,1.1136,1.1136,resident,0.5901,0.6413,0.5661,365.0,59.01,0.3121039785497142,common,31.210397854971422,,peak_abundance_with_occupancy_days_modifiers,0.5901
blkvul,BR,0.6058994119956651,0.8329,0.8329,resident,0.9252,0.4599,0.3874,365.0,92.52,0.2526796807470969,common,25.26796807470969,,peak_abundance_with_occupancy_days_modifiers,0.9252
eardov1,BR,0.5630384952129249,0.756,0.756,resident,0.3398,0.401,0.2222,365.0,33.98,0.23480529012255513,fairly_common,23.480529012255513,,peak_abundance_with_occupancy_days_modifiers,0.3398
soulap1,BR,0.5596729291599747,0.685425,0.7501,nonbreeding,0.9011,0.574,0.3508,175.0,90.11,0.23340174006299702,fairly_common,23.3401740062997,,peak_abundance_with_occupancy_days_modifiers,0.9011
categr1,BR,0.55512858982322,0.5206022980615462,0.7421649950597801,breeding,0.3906827407236573,0.3380901594478978,0.2669787384650885,140.0,39.068274072365725,0.23150660336194698,fairly_common,23.150660336194697,,peak_abundance_with_occupancy_days_modifiers,0.3906827407236573
blbgra1,BR,0.5150964906166366,0.6738,0.6738,resident,0.6848,0.5558,0.7552,365.0,68.47999999999999,0.21481192129609278,common,21.481192129609276,,peak_abundance_with_occupancy_days_modifiers,0.6848
rugdov,BR,0.4777857696877905,0.6125,0.6125,resident,0.6552,0.656,0.6937,365.0,65.52,0.19925214212137346,common,19.925214212137345,,peak_abundance_with_occupancy_days_modifiers,0.6552
grekis,BR,0.4738088800867145,0.6061,0.6061,resident,0.8033,0.5436,0.475,365.0,80.33,0.19759365034060652,common,19.759365034060654,,peak_abundance_with_occupancy_days_modifiers,0.8033
smbani,BR,0.4696910804074357,0.5995,0.5995,resident,0.748,0.5914,0.6087,365.0,74.8,0.1958763944929508,common,19.58763944929508,,peak_abundance_with_occupancy_days_modifiers,0.748
whepar2,BR,0.41982813094393184,0.5217,0.5217,resident,0.6485,0.7375,0.7591,365.0,64.85,0.1750819294347195,common,17.50819294347195,,peak_abundance_with_occupancy_days_modifiers,0.6485
trokin,BR,0.415019320912976,0.4374,0.5144,nonbreeding,0.9949,0.5955,0.5206,119.0,99.49,0.1730764998876051,fairly_common,17.30764998876051,,peak_abundance_with_occupancy_days_modifiers,0.9949
whttou1,BR,0.39377582500146235,0.4825681567047992,0.4825681567047992,resident,0.6256224953979982,0.5821724488840359,0.6335735760693697,365.0,62.56224953979982,0.16421727398541539,common,16.421727398541538,,peak_abundance_with_occupancy_days_modifiers,0.6256224953979982
scrpih1,BR,0.38934396994274934,0.47601216784651,0.47601216784651,resident,0.448199382305727,0.6084818845889496,0.6947076867474965,365.0,44.819938230572696,0.1623690468718346,fairly_common,16.236904687183458,,peak_abundance_with_occupancy_days_modifiers,0.448199382305727
trsowl,BR,0.3438376754707819,0.4103496825775856,0.4103496825775856,resident,0.9655276474647344,0.5891435429602102,0.5888451514947696,365.0,96.55276474647344,0.1433914480633341,common,14.33914480633341,,peak_abundance_with_occupancy_days_modifiers,0.9655276474647344
bbwduc,BR,0.33482802850872373,0.253675,0.3977,nonbreeding,0.2314,0.4871,0.3641,161.0,23.14,0.13963413344485875,fairly_common,13.963413344485875,,peak_abundance_with_occupancy_days_modifiers,0.2314
saffin,BR,0.3293756870009099,0.3901,0.3901,resident,0.4774,0.5341,0.4372,365.0,47.74,0.13736033042699347,fairly_common,13.736033042699347,,peak_abundance_with_occupancy_days_modifiers,0.4774
yecpar,BR,0.32923180210857533,0.3899,0.3899,resident,0.3459,0.898,0.8962,365.0,34.589999999999996,0.13730032576625337,fairly_common,13.730032576625337,,peak_abundance_with_occupancy_days_modifiers,0.3459
saytan1,BR,0.30856538282901785,0.33169130628411314,0.3614705234320187,breeding,0.5150655547245958,0.7966256761702533,0.7239448097316291,168.0,51.50655547245958,0.1286817595119234,fairly_common,12.86817595119234,,peak_abundance_with_occupancy_days_modifiers,0.5150655547245958
semsan,BR,0.3026938300722188,0.1318,0.3535,nonbreeding,0.0073,0.418,0.8883,112.0,0.73,0.12623313182438184,very_rare,12.623313182438183,very_rare,peak_abundance_with_occupancy_days_modifiers,0.0073
srwswa1,BR,0.2949803749328925,0.3042,0.3431,nonbreeding,0.9467,0.6732,0.7151,224.0,94.67,0.12301637118148494,common,12.301637118148493,,peak_abundance_with_occupancy_days_modifiers,0.9467
cliswa,BR,0.2774044380406467,0.19696666666666665,0.3197,nonbreeding,0.141,0.4022,0.639,63.0,14.099999999999998,0.11568663618779008,fairly_common,11.56866361877901,,peak_abundance_with_occupancy_days_modifiers,0.141
brcmar1,BR,0.2696453849656295,0.243925,0.3095,postbreeding_migration,0.8916,0.7211,0.4821,126.0,89.16,0.11245085972872797,fairly_common,11.245085972872797,,peak_abundance_with_occupancy_days_modifiers,0.8916
guicuc1,BR,0.26781094280936907,0.3071,0.3071,resident,0.5185,0.6417,0.4603,365.0,51.849999999999994,0.11168583792937321,common,11.168583792937321,,peak_abundance_with_occupancy_days_modifiers,0.5185
pigdov1,BR,0.25912826503371983,0.2958,0.2958,resident,0.3343,0.4835,0.1989,365.0,33.43,0.1080648800526281,fairly_common,10.80648800526281,,peak_abundance_with_occupancy_days_modifiers,0.3343
scadov1,BR,0.2561140029841185,0.2919,0.2919,resident,0.4733,0.838,0.7407,365.0,47.33,0.10680783514170351,fairly_common,10.68078351417035,,peak_abundance_with_occupancy_days_modifiers,0.4733
blhpar1,BR,0.2561140029841185,0.2919,0.2919,resident,0.4441,0.5884,0.5847,365.0,44.41,0.10680783514170351,fairly_common,10.68078351417035,,peak_abundance_with_occupancy_days_modifiers,0.4441
wfwduc1,BR,0.253323519815342,0.2883,0.2883,resident,0.2376,0.2722,0.1331,365.0,23.76,0.10564411327259951,fairly_common,10.56441132725995,,peak_abundance_with_occupancy_days_modifiers,0.2376
whtdov,BR,0.25192535273966177,0.2865,0.2865,resident,0.7559,0.5658,0.4558,365.0,75.59,0.10506103231341794,common,10.506103231341795,,peak_abundance_with_occupancy_days_modifiers,0.7559
shicow,BR,0.249356958130113,0.2832,0.2832,resident,0.5605,0.5244,0.294,365.0,56.05,0.10398992856727664,common,10.398992856727665,,peak_abundance_with_occupancy_days_modifiers,0.5605
compau,BR,0.2424754796137017,0.2744,0.2744,resident,0.9436,0.6276,0.6959,365.0,94.36,0.10112012912504309,common,10.112012912504309,,peak_abundance_with_occupancy_days_modifiers,0.9436
gybmar,BR,0.2402759500545106,0.23475000000000001,0.2716,postbreeding_migration,0.8402,0.6963,0.673,112.0,84.02,0.10020285405296533,fairly_common,10.020285405296534,,peak_abundance_with_occupancy_days_modifiers,0.8402
houwre,BR,0.22976160361578515,0.2148,0.2583,prebreeding_migration,0.7266,0.327,0.2789,126.0,72.66,0.09581803101336063,fairly_common,9.581803101336064,,peak_abundance_with_occupancy_days_modifiers,0.7266
baymac,BR,0.2284096609867096,0.2566,0.2566,resident,0.4574,0.7224,0.753,365.0,45.739999999999995,0.09525422714568885,fairly_common,9.525422714568885,,peak_abundance_with_occupancy_days_modifiers,0.4574
chcbla2,BR,0.22641818384786702,0.2541,0.2541,resident,0.1802,0.5651,0.3507,365.0,18.02,0.09442371667201063,fairly_common,9.442371667201064,,peak_abundance_with_occupancy_days_modifiers,0.1802
sibtan2,BR,0.22154226994723591,0.248,0.248,resident,0.6475,0.6524,0.5759,365.0,64.75,0.09239030263765173,common,9.239030263765173,,peak_abundance_with_occupancy_days_modifiers,0.6475
orwpar,BR,0.22033962398147552,0.2465,0.2465,resident,0.5895,0.7274,0.6592,365.0,58.95,0.09188876031451393,common,9.188876031451393,,peak_abundance_with_occupancy_days_modifiers,0.5895
rufhor2,BR,0.2179299842613223,0.2435,0.2435,resident,0.4183,0.5713,0.3275,365.0,41.83,0.09088386249954761,fairly_common,9.08838624995476,,peak_abundance_with_occupancy_days_modifiers,0.4183
barswi,BR,0.20726909221763676,0.2303135950545437,0.2303135950545437,resident,0.2576454263397373,0.6283289095744782,0.506049752753089,365.0,25.76454263397373,0.08643792519585367,fairly_common,8.643792519585366,,peak_abundance_with_occupancy_days_modifiers,0.2576454263397373
yercac1,BR,0.20579391297909677,0.2285,0.2285,resident,0.5245,0.6177,0.4485,365.0,52.449999999999996,0.08582272767022593,common,8.582272767022593,,peak_abundance_with_occupancy_days_modifiers,0.5245
greegr,BR,0.20514250020465719,0.213625,0.2277,postbreeding_migration,0.5068,0.1433,0.1406,133.0,50.68,0.08555106744309712,fairly_common,8.555106744309713,,peak_abundance_with_occupancy_days_modifiers,0.5068
yebfly3,BR,0.20453915408503887,0.2269594953817022,0.2269594953817022,resident,0.4924495171650185,0.8092825799535018,0.8885316360569948,365.0,49.24495171650185,0.08529945256797616,fairly_common,8.529945256797616,,peak_abundance_with_occupancy_days_modifiers,0.4924495171650185
relser1,BR,0.20236925209773263,0.2243,0.2243,resident,0.4115,0.8768,0.9513,365.0,41.15,0.08439453315305359,fairly_common,8.439453315305359,,peak_abundance_with_occupancy_days_modifiers,0.4115
turvul,BR,0.20106152816800735,0.195625,0.2227,prebreeding_migration,0.984,0.399,0.1166,126.0,98.4,0.0838491699153176,fairly_common,8.38491699153176,,peak_abundance_with_occupancy_days_modifiers,0.984
mabpar,BR,0.20083082403796043,0.2224179505964238,0.2224179505964238,resident,0.1449494437560151,0.7857483385475438,0.8857154781958735,365.0,14.49494437560151,0.08375295882025267,fairly_common,8.375295882025267,,peak_abundance_with_occupancy_days_modifiers,0.1449494437560151
soumar,BR,0.19729226772377617,0.0696,0.2181,nonbreeding,0.0037,0.6768,0.9012,49.0,0.37,0.08227726621835901,very_rare,8.2277266218359,very_rare,peak_abundance_with_occupancy_days_modifiers,0.0037
swatan1,BR,0.19648800048223009,0.14924471684240687,0.2171207159289091,prebreeding_migration,0.4396786777469843,0.8072146824205135,0.8826507354348697,203.0,43.96786777469843,0.08194186072727284,fairly_common,8.194186072727284,,peak_abundance_with_occupancy_days_modifiers,0.4396786777469843
graspa1,BR,0.19095088349200912,0.2104,0.2104,resident,0.484,0.6494,0.7136,365.0,48.4,0.07963270358724515,fairly_common,7.9632703587245155,,peak_abundance_with_occupancy_days_modifiers,0.484
y00678,BR,0.18979357163265562,0.209,0.209,resident,0.6071,0.4658,0.2767,365.0,60.709999999999994,0.07915006705491538,common,7.915006705491538,,peak_abundance_with_occupancy_days_modifiers,0.6071
sobtyr1,BR,0.18937992116140065,0.18030000000000002,0.2085,prebreeding_migration,0.9625,0.6372,0.7254,161.0,96.25,0.07897756140967412,fairly_common,7.897756140967411,,peak_abundance_with_occupancy_days_modifiers,0.9625
rebmac2,BR,0.1879146359857014,0.2067304995931268,0.2067304995931268,resident,0.3290489971278414,0.6276889453839776,0.5529179375945589,365.0,32.90489971278414,0.07836649002873376,fairly_common,7.836649002873377,,peak_abundance_with_occupancy_days_modifiers,0.3290489971278414
bufpar,BR,0.18788936109741805,0.2067,0.2067,resident,0.2895,0.7036,0.5974,365.0,28.95,0.07835594958163003,fairly_common,7.835594958163003,,peak_abundance_with_occupancy_days_modifiers,0.2895
scaibi,BR,0.18330670096787993,0.2011827555054018,0.2011827555054018,resident,0.0206705291708189,0.1330212062792619,0.3038201580240601,365.0,2.06705291708189,0.07644483186872417,rare,7.644483186872416,rare,peak_abundance_with_occupancy_days_modifiers,0.0206705291708189
gnbtro1,BR,0.18098845040107406,0.198401338158462,0.198401338158462,resident,0.4693766008235661,0.616875937507398,0.6580326417756671,365.0,46.93766008235661,0.07547804629092848,uncommon,7.547804629092848,,peak_abundance_with_occupancy_days_modifiers,0.4693766008235661
rucspa1,BR,0.17990196527518712,0.1971,0.1971,resident,0.2893,0.3349,0.1138,365.0,28.93,0.07502494680063301,uncommon,7.502494680063301,,peak_abundance_with_occupancy_days_modifiers,0.2893
gryfin1,BR,0.17948420197379436,0.11915,0.1966,breeding,0.2646,0.4829,0.1937,161.0,26.46,0.07485072597200393,uncommon,7.485072597200393,,peak_abundance_with_occupancy_days_modifiers,0.2646
rubpep1,BR,0.1777276877837272,0.1945,0.1945,resident,0.9329,0.6413,0.6699,365.0,93.28999999999999,0.07411820265874958,fairly_common,7.411820265874958,,peak_abundance_with_occupancy_days_modifiers,0.9329
chbmoc1,BR,0.1624589276977029,0.1764,0.1764,resident,0.4358,0.6512,0.607,365.0,43.580000000000005,0.0677506351259918,uncommon,6.77506351259918,,peak_abundance_with_occupancy_days_modifiers,0.4358
bunibi1,BR,0.1624589276977029,0.1764,0.1764,resident,0.342,0.682,0.6838,365.0,34.2,0.0677506351259918,uncommon,6.77506351259918,,peak_abundance_with_occupancy_days_modifiers,0.342
pabthr1,BR,0.1623739189842586,0.1763,0.1763,resident,0.4901,0.7993,0.8591,365.0,49.01,0.06771518373893215,uncommon,6.771518373893215,,peak_abundance_with_occupancy_days_modifiers,0.4901
watjac1,BR,0.15811424309369193,0.1713,0.1713,resident,0.2941,0.5387,0.3957,365.0,29.409999999999997,0.06593876091559696,uncommon,6.593876091559696,,peak_abundance_with_occupancy_days_modifiers,0.2941
chbtou1,BR,0.1577316754297953,0.1708519841989213,0.1708519841989213,resident,0.3942546366967095,0.6072696831357735,0.6635598799895986,365.0,39.425463669670954,0.06577921780784057,uncommon,6.577921780784058,,peak_abundance_with_occupancy_days_modifiers,0.3942546366967095
neocor,BR,0.1570892152427752,0.1701,0.1701,resident,0.14,0.3256,0.2366,365.0,14.000000000000002,0.06551129109965267,uncommon,6.5511291099652675,,peak_abundance_with_occupancy_days_modifiers,0.14
fotfly,BR,0.1501426584297195,0.11657500000000001,0.162,prebreeding_migration,0.7629,0.5788,0.2612,133.0,76.29,0.06261435189973967,uncommon,6.261435189973967,,peak_abundance_with_occupancy_days_modifiers,0.7629
spispi1,BR,0.14843993622274318,0.160023120311591,0.160023120311591,resident,0.3783290460480298,0.858969912092039,0.892200333267465,365.0,37.832904604802984,0.061904261585833176,uncommon,6.190426158583318,,peak_abundance_with_occupancy_days_modifiers,0.3783290460480298
bubtan2,BR,0.1457504981381482,0.1569075014627679,0.1569075014627679,resident,0.2638154705577639,0.753843538578486,0.838799258951997,365.0,26.381547055776387,0.06078267878982708,uncommon,6.078267878982708,,peak_abundance_with_occupancy_days_modifiers,0.2638154705577639
gytwaf1,BR,0.1431862173333859,0.15394466615825,0.15394466615825,resident,0.4131805948035038,0.7848092606416214,0.8914268255359257,365.0,41.31805948035038,0.05971329063353378,uncommon,5.971329063353378,,peak_abundance_with_occupancy_days_modifiers,0.4131805948035038
perwaa1,BR,0.14292233234535684,0.1536401976579347,0.1536401976579347,resident,0.4545468950273194,0.491715483175524,0.5798180281523482,365.0,45.45468950273194,0.05960324204591506,uncommon,5.9603242045915055,,peak_abundance_with_occupancy_days_modifiers,0.4545468950273194
roahaw,BR,0.1408917386974817,0.1513,0.1513,resident,0.8958,0.5382,0.4468,365.0,89.58,0.05875641872093082,fairly_common,5.875641872093082,,peak_abundance_with_occupancy_days_modifiers,0.8958
barswa,BR,0.13967498207248205,0.13390000000000002,0.1499,prebreeding_migration,0.3142,0.0374,0.0132,119.0,31.419999999999998,0.058248991795825884,uncommon,5.824899179582588,,peak_abundance_with_occupancy_days_modifiers,0.3142
pavpig2,BR,0.13662659753182504,0.1464,0.1464,resident,0.612,0.6504,0.4862,365.0,61.199999999999996,0.05697771670085505,fairly_common,5.697771670085505,,peak_abundance_with_occupancy_days_modifiers,0.612
meapar,BR,0.13645212313550004,0.1462,0.1462,resident,0.3384,0.6014,0.5582,365.0,33.839999999999996,0.05690495522611327,uncommon,5.690495522611327,,peak_abundance_with_occupancy_days_modifiers,0.3384
snoegr,BR,0.13636487452051646,0.13010000000000002,0.1461,breeding,0.3836,0.436,0.3268,119.0,38.36,0.05686856972755829,uncommon,5.686856972755829,,peak_abundance_with_occupancy_days_modifiers,0.3836
ftpswi1,BR,0.1355957641061496,0.1452188614439492,0.1452188614439492,resident,0.258076789850524,0.5762904810239057,0.5027847134333373,365.0,25.8076789850524,0.05654782577218553,uncommon,5.654782577218553,,peak_abundance_with_occupancy_days_modifiers,0.258076789850524
cotfly1,BR,0.13514259394229358,0.1447,0.1447,resident,0.4351,0.6777,0.6771,365.0,43.51,0.05635883913503057,uncommon,5.635883913503057,,peak_abundance_with_occupancy_days_modifiers,0.4351
paltan1,BR,0.13409373448069878,0.1435,0.1435,resident,0.6248,0.6137,0.5337,365.0,62.480000000000004,0.05592143076549371,fairly_common,5.592143076549371,,peak_abundance_with_occupancy_days_modifiers,0.6248
puteup1,BR,0.13260596454802176,0.1418,0.1418,resident,0.6467,0.7514,0.7721,365.0,64.67,0.05530098251258031,fairly_common,5.530098251258031,,peak_abundance_with_occupancy_days_modifiers,0.6467
rumfly1,BR,0.13050180806415815,0.1394,0.1394,resident,0.5907,0.6686,0.6176,365.0,59.07,0.05442348110218385,fairly_common,5.442348110218385,,peak_abundance_with_occupancy_days_modifiers,0.5907
barant1,BR,0.13023847692372928,0.1391,0.1391,resident,0.6301,0.6426,0.6593,365.0,63.01,0.054313663486954336,fairly_common,5.431366348695434,,peak_abundance_with_occupancy_days_modifiers,0.6301
gilbar1,BR,0.12988069782654635,0.1386925267274553,0.1386925267274553,resident,0.4436822702026137,0.4144915619357547,0.3748596055557252,365.0,44.36822702026137,0.05416445801445451,uncommon,5.416445801445451,,peak_abundance_with_occupancy_days_modifiers,0.4436822702026137
yebela1,BR,0.12979943753484446,0.1386,0.1386,resident,0.4769,0.7169,0.7486,365.0,47.69,0.05413056984067828,uncommon,5.413056984067828,,peak_abundance_with_occupancy_days_modifiers,0.4769
chfmac1,BR,0.12777736994182637,0.1363,0.1363,resident,0.3459,0.5606,0.5369,365.0,34.589999999999996,0.05328730215674048,uncommon,5.328730215674049,,peak_abundance_with_occupancy_days_modifiers,0.3459
whwcoo1,BR,0.12769575147270298,0.13225060151275325,0.1362072607182057,breeding,0.0992223631203818,0.1502012454906961,0.0479712090689023,105.0,9.92223631203818,0.05325326461137753,uncommon,5.325326461137752,,peak_abundance_with_occupancy_days_modifiers,0.0992223631203818
bncfly,BR,0.12733724846119512,0.121475,0.1358,postbreeding_migration,0.766,0.6288,0.6754,140.0,76.6,0.053103757243155594,uncommon,5.310375724315559,,peak_abundance_with_occupancy_days_modifiers,0.766
monpar,BR,0.1270730825634761,0.1355,0.1355,resident,0.0396,0.1399,0.073,365.0,3.9600000000000004,0.052993591507097114,rare,5.299359150709711,rare,peak_abundance_with_occupancy_days_modifiers,0.0396
greani1,BR,0.1265445413249562,0.1349,0.1349,resident,0.397,0.5699,0.522,365.0,39.7,0.05277317269043085,uncommon,5.277317269043085,,peak_abundance_with_occupancy_days_modifiers,0.397
toctou1,BR,0.12327901616017127,0.1312,0.1312,resident,0.3515,0.8152,0.8677,365.0,35.15,0.05141134292170452,uncommon,5.1411342921704515,,peak_abundance_with_occupancy_days_modifiers,0.3515
squcuc1,BR,0.1185827158269478,0.1259,0.1259,resident,0.9251,0.6051,0.5575,365.0,92.51,0.04945283356289391,fairly_common,4.945283356289391,,peak_abundance_with_occupancy_days_modifiers,0.9251
whrswa1,BR,0.11618175428940962,0.0774,0.1232,nonbreeding,0.2855,,,,28.549999999999997,0.04845155483117667,uncommon,4.845155483117667,,peak_abundance_with_occupancy_days_modifiers,0.2855
docsee1,BR,0.11466707497812595,0.09086666666666667,0.1215,breeding,0.3234,0.9015,0.9461,126.0,32.34,0.047819884495751204,uncommon,4.78198844957512,,peak_abundance_with_occupancy_days_modifiers,0.3234
strfly1,BR,0.1132393956065108,0.07877500000000001,0.1199,breeding,0.8252,0.6809,0.6585,112.0,82.52000000000001,0.047224495953219446,uncommon,4.722449595321945,,peak_abundance_with_occupancy_days_modifiers,0.8252
bubwre1,BR,0.11225668234566762,0.1188,0.1188,resident,0.5329,0.7312,0.6897,365.0,53.290000000000006,0.04681467269196574,fairly_common,4.681467269196574,,peak_abundance_with_occupancy_days_modifiers,0.5329
trogna1,BR,0.11198850194804724,0.1185,0.1185,resident,0.3423,0.7591,0.7848,365.0,34.23,0.04670283277941303,uncommon,4.670283277941302,,peak_abundance_with_occupancy_days_modifiers,0.3423
forela1,BR,0.11154137473290741,0.118,0.118,resident,0.5606,0.6701,0.6986,365.0,56.06,0.04651636624761234,fairly_common,4.651636624761234,,peak_abundance_with_occupancy_days_modifiers,0.5606
plupig2,BR,0.10830328521226233,0.1143856708347029,0.1143856708347029,resident,0.3560300850700444,0.5635922030108766,0.5213376143825709,365.0,35.60300850700444,0.045165978031171956,uncommon,4.516597803117196,,peak_abundance_with_occupancy_days_modifiers,0.3560300850700444
woosto,BR,0.10813665860457805,0.081325,0.1142,breeding,0.2558,0.5203,0.3907,161.0,25.580000000000002,0.045096489338494514,uncommon,4.509648933849451,,peak_abundance_with_occupancy_days_modifiers,0.2558
masyel5,BR,0.10699861014193784,0.08799881129130441,0.1129327076597543,breeding,0.4955211794267792,0.6968133209658731,0.7950914875083661,140.0,49.55211794267792,0.04462188626656298,uncommon,4.462188626656298,,peak_abundance_with_occupancy_days_modifiers,0.4955211794267792
chivir1,BR,0.1068793616270961,0.077225,0.1128,breeding,0.8884,0.6315,0.7031,182.0,88.84,0.044572155773244714,fairly_common,4.4572155773244715,,peak_abundance_with_occupancy_days_modifiers,0.8884
banana,BR,0.10571045442211421,0.1115,0.1115,resident,0.7045,0.6992,0.4974,365.0,70.45,0.044084683606198063,fairly_common,4.408468360619806,,peak_abundance_with_occupancy_days_modifiers,0.7045
labter1,BR,0.10513082632095663,0.1108559300441184,0.1108559300441184,resident,0.0688832489959355,0.4887772373201373,0.6117993330795589,365.0,6.88832489959355,0.04384295991303561,uncommon,4.384295991303562,,peak_abundance_with_occupancy_days_modifiers,0.0688832489959355
dulgua1,BR,0.10405424302888788,0.1096606446375342,0.1096606446375342,resident,0.3456712657718263,0.8953313061669571,0.894696308369385,365.0,34.56712657718263,0.04339398980817679,uncommon,4.339398980817679,,peak_abundance_with_occupancy_days_modifiers,0.3456712657718263
bratea1,BR,0.10372918576247687,0.1093,0.1093,resident,0.2804,0.612,0.4726,365.0,28.04,0.0432584303990156,uncommon,4.32584303990156,,peak_abundance_with_occupancy_days_modifiers,0.2804
whfibi,BR,0.1028273097994703,0.09107499999999999,0.1083,breeding,0.0257,0.1037,0.0628,119.0,2.5700000000000003,0.042882318909394965,rare,4.288231890939496,rare,peak_abundance_with_occupancy_days_modifiers,0.0257
bludac1,BR,0.10237606661686648,0.1078,0.1078,resident,0.6906,0.7282,0.7073,365.0,69.06,0.04269413588583982,fairly_common,4.269413588583982,,peak_abundance_with_occupancy_days_modifiers,0.6906
greant1,BR,0.10047861856621904,0.1057,0.1057,resident,0.7515,0.6347,0.5219,365.0,75.14999999999999,0.04190283858767496,fairly_common,4.190283858767496,,peak_abundance_with_occupancy_days_modifiers,0.7515
pirfly1,BR,0.09912109086780718,0.063875,0.1042,nonbreeding,0.7199,0.6502,0.6821,112.0,71.99,0.041336705565181674,uncommon,4.133670556518167,,peak_abundance_with_occupancy_days_modifiers,0.7199
plukit1,BR,0.0969452060564791,0.078625,0.1018,nonbreeding,0.8759,0.7006,0.703,133.0,87.59,0.04042929111884976,uncommon,4.042929111884976,,peak_abundance_with_occupancy_days_modifiers,0.8759
rutjac1,BR,0.09676366843230803,0.1016,0.1016,resident,0.4742,0.7866,0.8002,365.0,47.42,0.040353584049308236,uncommon,4.0353584049308235,,peak_abundance_with_occupancy_days_modifiers,0.4742
burowl,BR,0.09485553101267882,0.0893,0.0995,nonbreeding,0.5011,0.5044,0.5506,112.0,50.11,0.03955782893803418,uncommon,3.955782893803418,,peak_abundance_with_occupancy_days_modifiers,0.5011
bawswa1,BR,0.09394561284252785,0.08659999999999998,0.0985,nonbreeding,0.1592,0.4854,0.4835,133.0,15.920000000000002,0.039178363587535785,uncommon,3.9178363587535783,,peak_abundance_with_occupancy_days_modifiers,0.1592
bobfly1,BR,0.09339926425854966,0.0979,0.0979,resident,0.7535,0.6257,0.5552,365.0,75.35,0.03895051853100814,fairly_common,3.8950518531008136,,peak_abundance_with_occupancy_days_modifiers,0.7535
flawar1,BR,0.09093699499210209,0.0952,0.0952,resident,0.3288,0.954,0.9743,365.0,32.879999999999995,0.03792367249049102,uncommon,3.7923672490491023,,peak_abundance_with_occupancy_days_modifiers,0.3288
partan1,BR,0.08691137198929641,0.0908,0.0908,resident,0.2906,0.5724,0.5001,365.0,29.060000000000002,0.036244857302658536,uncommon,3.6244857302658535,,peak_abundance_with_occupancy_days_modifiers,0.2906
blttro1,BR,0.08689890981147867,0.0907864063411399,0.0907864063411399,resident,0.5259858662868554,0.6251228024573436,0.6359916055804211,365.0,52.59858662868554,0.03623966017084085,fairly_common,3.6239660170840846,,peak_abundance_with_occupancy_days_modifiers,0.5259858662868554
gcrwar,BR,0.08553528810626275,0.0893,0.0893,resident,0.2658,0.8017,0.8211,365.0,26.58,0.03567098575011662,uncommon,3.5670985750116615,,peak_abundance_with_occupancy_days_modifiers,0.2658
varfly,BR,0.08535995464988282,0.06410647890417356,0.0891090260085196,postbreeding_migration,0.5594063990444688,0.8253611525926309,0.8648293034998156,105.0,55.940639904446876,0.035597866019505875,uncommon,3.5597866019505875,,peak_abundance_with_occupancy_days_modifiers,0.5594063990444688
nabwoo1,BR,0.08452495506968792,0.0882,0.0882,resident,0.3948,0.6487,0.4699,365.0,39.48,0.03524964414773894,uncommon,3.524964414773894,,peak_abundance_with_occupancy_days_modifiers,0.3948
musduc,BR,0.08305355513528564,0.0866,0.0866,resident,0.4768,0.7315,0.7215,365.0,47.68,0.03463602271435367,uncommon,3.463602271435367,,peak_abundance_with_occupancy_days_modifiers,0.4768
whbbla2,BR,0.08222494025566938,0.0857,0.0857,resident,0.3127,0.657,0.4235,365.0,31.269999999999996,0.034290463469537624,uncommon,3.429046346953762,,peak_abundance_with_occupancy_days_modifiers,0.3127
grfdov1,BR,0.08166661850296787,0.0850939992605315,0.0850939992605315,resident,0.4927641829089902,0.6343860811378945,0.5266118593385883,365.0,49.276418290899024,0.03405762521382429,uncommon,3.4057625213824294,,peak_abundance_with_occupancy_days_modifiers,0.4927641829089902
pvttyr1,BR,0.08157998699242287,0.085,0.085,resident,0.3779,0.6742,0.5545,365.0,37.79,0.034021497067809006,uncommon,3.4021497067809006,,peak_abundance_with_occupancy_days_modifiers,0.3779
bknsti,BR,0.08139563820399408,0.075,0.0848,prebreeding_migration,0.1507,0.3061,0.1266,140.0,15.07,0.03394461765171438,uncommon,3.394461765171438,,peak_abundance_with_occupancy_days_modifiers,0.1507
gohman1,BR,0.07866740239762438,0.0818444433582295,0.0818444433582295,resident,0.2222518566142679,0.3483308093003847,0.3875980419419763,365.0,22.225185661426792,0.03280685494901477,uncommon,3.280685494901477,,peak_abundance_with_occupancy_days_modifiers,0.2222518566142679
pbgdov1,BR,0.07825649796576742,0.0814,0.0814,resident,0.2647,0.6873,0.7754,365.0,26.47,0.03263549449115062,uncommon,3.2635494491150623,,peak_abundance_with_occupancy_days_modifiers,0.2647
comgal1,BR,0.07788653865707122,0.071175,0.081,nonbreeding,0.2433,0.4953,0.4114,126.0,24.33,0.03248120947591541,uncommon,3.248120947591541,,peak_abundance_with_occupancy_days_modifiers,0.2433
camfli1,BR,0.07751644242782835,0.0806,0.0806,resident,0.365,0.6492,0.5552,365.0,36.5,0.03232686736037716,uncommon,3.2326867360377163,,peak_abundance_with_occupancy_days_modifiers,0.365
y01204,BR,0.07648852148468067,0.05576684411963273,0.0794897993258518,prebreeding_migration,0.4138572039941174,0.6274128810874976,0.8287701384638588,154.0,41.38572039941174,0.03189819103126125,uncommon,3.189819103126125,,peak_abundance_with_occupancy_days_modifiers,0.4138572039941174
whwbec1,BR,0.07501470380544568,0.0643,0.0779,breeding,0.9787,0.6596,0.6386,287.0,97.87,0.031283561319966555,fairly_common,3.1283561319966555,,peak_abundance_with_occupancy_days_modifiers,0.9787
ywcpar,BR,0.0744579109180098,0.0773,0.0773,resident,0.2371,0.5467,0.3932,365.0,23.71,0.031051360650591095,uncommon,3.1051360650591096,,peak_abundance_with_occupancy_days_modifiers,0.2371
linsee1,BR,0.0744579109180098,0.0367,0.0773,breeding,0.5022,0.8135,0.81,133.0,50.22,0.031051360650591095,uncommon,3.1051360650591096,,peak_abundance_with_occupancy_days_modifiers,0.5022
purhon1,BR,0.07429815319811235,0.0771279067553327,0.0771279067553327,resident,0.4468560497650251,0.5960918692644495,0.5348746794575627,365.0,44.68560497650251,0.030984736506613833,uncommon,3.0984736506613832,,peak_abundance_with_occupancy_days_modifiers,0.4468560497650251
scamac1,BR,0.0739936799083263,0.0768,0.0768,resident,0.3263,0.6295,0.5906,365.0,32.629999999999995,0.030857761282449516,uncommon,3.0857761282449516,,peak_abundance_with_occupancy_days_modifiers,0.3263
ragmac1,BR,0.07362213987061368,0.0764,0.0764,resident,0.2973,0.648,0.6621,365.0,29.73,0.03070281705201239,uncommon,3.070281705201239,,peak_abundance_with_occupancy_days_modifiers,0.2973
yehcar1,BR,0.07250669078674805,0.0752,0.0752,resident,0.6377,0.6922,0.4391,365.0,63.77,0.030237638653055874,fairly_common,3.0237638653055874,,peak_abundance_with_occupancy_days_modifiers,0.6377
diatan1,BR,0.07226069238377765,0.0749355350474379,0.0749355350474379,resident,0.1844821654351017,0.7060402130585365,0.6716515905237365,365.0,18.44821654351017,0.030135049350778605,uncommon,3.0135049350778607,,peak_abundance_with_occupancy_days_modifiers,0.1844821654351017
greibi1,BR,0.07213459775919911,0.0748,0.0748,resident,0.4911,0.7013,0.6663,365.0,49.11,0.030082463807944874,uncommon,3.0082463807944873,,peak_abundance_with_occupancy_days_modifiers,0.4911
shtnig1,BR,0.07175196535582415,0.0693260307523875,0.0743888253622391,breeding,0.5122677212202564,0.7350060810851993,0.7955105803799023,161.0,51.22677212202564,0.029922893701729018,uncommon,2.9922893701729016,,peak_abundance_with_occupancy_days_modifiers,0.5122677212202564
linwoo1,BR,0.07092433833669866,0.0735,0.0735,resident,0.7857,0.6162,0.5407,365.0,78.57,0.029577746426735756,fairly_common,2.957774642673576,,peak_abundance_with_occupancy_days_modifiers,0.7857
yecspi2,BR,0.07073801450534166,0.0733,0.0733,resident,0.254,0.6533,0.5976,365.0,25.4,0.029500043353765625,uncommon,2.9500043353765624,,peak_abundance_with_occupancy_days_modifiers,0.254
yewbla2,BR,0.06951002246394786,0.06471807962578405,0.0719828050599473,nonbreeding,0.0548607871103375,0.0510778371445134,0.028544687946056,140.0,5.48607871103375,0.02898793089609328,uncommon,2.8987930896093284,,peak_abundance_with_occupancy_days_modifiers,0.0548607871103375
whfant2,BR,0.06943277471533675,0.0719,0.0719,resident,0.3829,0.6226,0.5945,365.0,38.29,0.028955716082757856,uncommon,2.8955716082757856,,peak_abundance_with_occupancy_days_modifiers,0.3829
lyhvul1,BR,0.06933947807861283,0.0718,0.0718,resident,0.3782,0.6203,0.5253,365.0,37.82,0.028916808363233047,uncommon,2.891680836323305,,peak_abundance_with_occupancy_days_modifiers,0.3782
butsal1,BR,0.06915285868831662,0.0716,0.0716,resident,0.561,0.6513,0.5888,365.0,56.10000000000001,0.02883898203261169,fairly_common,2.883898203261169,,peak_abundance_with_occupancy_days_modifiers,0.561
chbtan1,BR,0.06879061848518261,0.0712118936964186,0.0712118936964186,resident,0.4512344072586853,0.8319282623398827,0.814217909493083,365.0,45.12344072586853,0.028687916134428653,uncommon,2.8687916134428653,,peak_abundance_with_occupancy_days_modifiers,0.4512344072586853
retcar2,BR,0.0687795153948257,0.0712,0.0712,resident,0.2901,0.5654,0.5924,365.0,29.01,0.028683285786104896,uncommon,2.8683285786104897,,peak_abundance_with_occupancy_days_modifiers,0.2901
whswoo2,BR,0.06821247686229528,0.0705927605043203,0.0705927605043203,resident,0.2686929971019883,0.7773685173508004,0.824513939072753,365.0,26.86929971019883,0.02844681235085411,uncommon,2.844681235085411,,peak_abundance_with_occupancy_days_modifiers,0.2686929971019883
putfru1,BR,0.06803241039182696,0.0704,0.0704,resident,0.3713,0.6535,0.6242,365.0,37.13,0.028371718800059346,uncommon,2.8371718800059345,,peak_abundance_with_occupancy_days_modifiers,0.3713
crcwoo1,BR,0.0678455468950672,0.0702,0.0702,resident,0.7457,0.6792,0.6186,365.0,74.57000000000001,0.028293790669135736,fairly_common,2.8293790669135737,,peak_abundance_with_occupancy_days_modifiers,0.7457
bugtan,BR,0.06756518616242381,0.0699,0.0699,resident,0.3198,0.4313,0.2314,365.0,31.979999999999997,0.028176871162340026,uncommon,2.8176871162340027,,peak_abundance_with_occupancy_days_modifiers,0.3198
whwswa1,BR,0.0673782353299481,0.0697,0.0697,resident,0.2347,0.6191,0.565,365.0,23.47,0.028098906609593934,uncommon,2.809890660959393,,peak_abundance_with_occupancy_days_modifiers,0.2347
whfnun1,BR,0.0668928078489481,0.0691808642351517,0.0691808642351517,resident,0.2740466419170901,0.6568676397134942,0.7149239142147747,365.0,27.40466419170901,0.027896467626329413,uncommon,2.789646762632941,,peak_abundance_with_occupancy_days_modifiers,0.2740466419170901
fusfly1,BR,0.06525173505862757,0.05305672757138205,0.0674276995398201,nonbreeding,0.4938661027099555,0.7971432866343175,0.92673206037905,147.0,49.386610270995554,0.02721208711608082,uncommon,2.721208711608082,,peak_abundance_with_occupancy_days_modifiers,0.4938661027099555
whiwoo1,BR,0.06438225892926822,0.0665,0.0665,resident,0.4252,0.7244,0.6721,365.0,42.52,0.026849487406567753,uncommon,2.6849487406567754,,peak_abundance_with_occupancy_days_modifiers,0.4252
rubthr1,BR,0.06381951271295404,0.0659,0.0659,resident,0.3324,0.6953,0.5601,365.0,33.239999999999995,0.026614804006213338,uncommon,2.661480400621334,,peak_abundance_with_occupancy_days_modifiers,0.3324
swtkit,BR,0.06381951271295404,0.05845,0.0659,prebreeding_migration,0.5102,0.6466,0.5227,98.0,51.019999999999996,0.026614804006213338,uncommon,2.661480400621334,,peak_abundance_with_occupancy_days_modifiers,0.5102
laufal1,BR,0.06335031550076171,0.0654,0.0654,resident,0.7995,0.6366,0.6019,365.0,79.95,0.026419133570763118,fairly_common,2.641913357076312,,peak_abundance_with_occupancy_days_modifiers,0.7995
rudpig,BR,0.06288089803920102,0.0649,0.0649,resident,0.3643,0.5666,0.5425,365.0,36.43,0.02622337128419219,uncommon,2.6223371284192187,,peak_abundance_with_occupancy_days_modifiers,0.3643
sofspi1,BR,0.06288089803920102,0.0649,0.0649,resident,0.372,0.6155,0.5991,365.0,37.2,0.02622337128419219,uncommon,2.6223371284192187,,peak_abundance_with_occupancy_days_modifiers,0.372
brratt1,BR,0.06288089803920102,0.0649,0.0649,resident,0.3802,0.5562,0.5963,365.0,38.019999999999996,0.02622337128419219,uncommon,2.6223371284192187,,peak_abundance_with_occupancy_days_modifiers,0.3802
sicswi1,BR,0.06278698809876482,0.024799999999999996,0.0648,breeding,0.5063,0.996,0.9929,168.0,50.629999999999995,0.026184207797153573,uncommon,2.618420779715357,,peak_abundance_with_occupancy_days_modifiers,0.5063
webwoo1,BR,0.06212937146554879,0.0641,0.0641,resident,0.3745,0.583,0.5946,365.0,37.45,0.025909960359963156,uncommon,2.590996035996316,,peak_abundance_with_occupancy_days_modifiers,0.3745
recfin1,BR,0.0619414015401833,0.0639,0.0639,resident,0.2592,0.5454,0.2402,365.0,25.919999999999998,0.02583157081247216,uncommon,2.583157081247216,,peak_abundance_with_occupancy_days_modifiers,0.2592
greela,BR,0.059871397037390334,0.033299999999999996,0.0617,breeding,0.598,0.7501,0.8144,154.0,59.8,0.02496831188441346,uncommon,2.496831188441346,,peak_abundance_with_occupancy_days_modifiers,0.598
yectyr1,BR,0.059871397037390334,0.0617,0.0617,resident,0.3978,0.5797,0.5158,365.0,39.78,0.02496831188441346,uncommon,2.496831188441346,,peak_abundance_with_occupancy_days_modifiers,0.3978
oliwoo1,BR,0.05968300216117373,0.0615,0.0615,resident,0.5758,0.6228,0.6151,365.0,57.58,0.024889745118652787,fairly_common,2.488974511865279,,peak_abundance_with_occupancy_days_modifiers,0.5758
yelpip2,BR,0.0586678512941651,0.0604229641241152,0.0604229641241152,resident,0.3089701665712714,0.6421572000956862,0.6219625617476376,365.0,30.89701665712714,0.02446639432492773,uncommon,2.446639432492773,,peak_abundance_with_occupancy_days_modifiers,0.3089701665712714
swafly1,BR,0.05752353289899734,0.03540464887516713,0.0592101966480153,prebreeding_migration,0.5067008967570719,0.8654446702395301,0.9110806608710524,105.0,50.67008967570719,0.02398917648804021,uncommon,2.398917648804021,,peak_abundance_with_occupancy_days_modifiers,0.5067008967570719
glbeme1,BR,0.057513906200606715,0.0592,0.0592,resident,0.427,0.6122,0.5593,365.0,42.699999999999996,0.023985161842988774,uncommon,2.3985161842988774,,peak_abundance_with_occupancy_days_modifiers,0.427
strcuc1,BR,0.05515084446484804,0.0567,0.0567,resident,0.5151,0.5589,0.5316,365.0,51.51,0.022999688556242227,fairly_common,2.299968855624223,,peak_abundance_with_occupancy_days_modifiers,0.5151
stbwoo2,BR,0.0550562057480784,0.0566,0.0566,resident,0.4218,0.6428,0.5823,365.0,42.18,0.022960221145866468,uncommon,2.2960221145866466,,peak_abundance_with_occupancy_days_modifiers,0.4218
whcswi,BR,0.05477223584697947,0.0563,0.0563,resident,0.1128,0.2941,0.1526,365.0,11.28,0.02284179649891868,uncommon,2.2841796498918683,,peak_abundance_with_occupancy_days_modifiers,0.1128
creoro1,BR,0.053161548114232356,0.0546,0.0546,resident,0.3249,0.5469,0.3359,365.0,32.49,0.02217008754189344,uncommon,2.217008754189344,,peak_abundance_with_occupancy_days_modifiers,0.3249
masgna1,BR,0.05287703960076692,0.0543,0.0543,resident,0.2186,0.4816,0.3064,365.0,21.86,0.022051438276142407,uncommon,2.2051438276142408,,peak_abundance_with_occupancy_days_modifiers,0.2186
yebsee1,BR,0.05287703960076692,0.0543,0.0543,resident,0.2762,0.819,0.7288,365.0,27.62,0.022051438276142407,uncommon,2.2051438276142408,,peak_abundance_with_occupancy_days_modifiers,0.2762
cattyr,BR,0.05240267879304835,0.0538,0.0538,resident,0.3532,0.5277,0.335,365.0,35.32,0.021853614454101618,uncommon,2.185361445410162,,peak_abundance_with_occupancy_days_modifiers,0.3532
rercac1,BR,0.05211795426210667,0.0535,0.0535,resident,0.2323,0.6938,0.6708,365.0,23.23,0.021734875102065877,uncommon,2.173487510206588,,peak_abundance_with_occupancy_days_modifiers,0.2323
scapig2,BR,0.051833148640017285,0.0532,0.0532,resident,0.3758,0.7296,0.7788,365.0,37.580000000000005,0.021616101932394792,uncommon,2.161610193239479,,peak_abundance_with_occupancy_days_modifiers,0.3758
sptfly1,BR,0.051774138194739326,0.0531378520327409,0.0531378520327409,resident,0.0943187513037926,0.6849118431698749,0.8638980175565779,365.0,9.43187513037926,0.021591492665281507,uncommon,2.159149266528151,,peak_abundance_with_occupancy_days_modifiers,0.0943187513037926
yeofly1,BR,0.04993236874820901,0.0512,0.0512,resident,0.5728,0.6316,0.5377,365.0,57.28,0.02082341514854287,fairly_common,2.082341514854287,,peak_abundance_with_occupancy_days_modifiers,0.5728
grerhe1,BR,0.04983723484717165,0.0511,0.0511,resident,0.1377,0.5065,0.477,365.0,13.77,0.020783741230287745,uncommon,2.0783741230287744,,peak_abundance_with_occupancy_days_modifiers,0.1377
wtgfin1,BR,0.04967392955943666,0.0509283638269905,0.0509283638269905,resident,0.3456869734803252,0.7369339822446066,0.7108851257955223,365.0,34.568697348032515,0.02071563763561139,uncommon,2.071563763561139,,peak_abundance_with_occupancy_days_modifiers,0.3456869734803252
bafibi1,BR,0.049551778829247745,0.0508,0.0508,resident,0.1058,0.3398,0.1632,365.0,10.58,0.02066469682448651,uncommon,2.066469682448651,,peak_abundance_with_occupancy_days_modifiers,0.1058
whbpar1,BR,0.049535821553539215,0.0507832322284698,0.0507832322284698,resident,0.2358599938954109,0.7606454640294597,0.6924641547920586,365.0,23.58599938954109,0.020658042123637185,uncommon,2.0658042123637186,,peak_abundance_with_occupancy_days_modifiers,0.2358599938954109
sacbla2,BR,0.04943422028814255,0.0506764767457557,0.0506764767457557,resident,0.0904970698366115,0.5700419228517111,0.6449338367472399,365.0,9.04970698366115,0.020615671104957087,uncommon,2.0615671104957087,,peak_abundance_with_occupancy_days_modifiers,0.0904970698366115
brcfly1,BR,0.049361429537724114,0.04185,0.0506,postbreeding_migration,0.6323,0.6724,0.7939,133.0,63.23,0.020585315004236507,uncommon,2.058531500423651,,peak_abundance_with_occupancy_days_modifiers,0.6323
compot1,BR,0.04888539772981063,0.033325,0.0501,prebreeding_migration,0.965,0.6972,0.6952,105.0,96.5,0.02038679432098836,uncommon,2.038679432098836,,peak_abundance_with_occupancy_days_modifiers,0.965
socfly1,BR,0.04831386027855063,0.0495,0.0495,resident,0.4089,0.5234,0.2721,365.0,40.89,0.020148444690900907,rare,2.014844469090091,,peak_abundance_with_occupancy_days_modifiers,0.4089
fasant1,BR,0.04745594115629535,0.0486,0.0486,resident,0.3444,0.6213,0.6797,365.0,34.44,0.019790664627698153,rare,1.9790664627698153,,peak_abundance_with_occupancy_days_modifiers,0.3444
fepowl,BR,0.046788161498758925,0.0479,0.0479,resident,0.5151,0.5557,0.5199,365.0,51.51,0.019512178880171305,uncommon,1.9512178880171305,,peak_abundance_with_occupancy_days_modifiers,0.5151
rinkin1,BR,0.046501833651419786,0.0476,0.0476,resident,0.4288,0.5462,0.4636,365.0,42.88,0.019392770893264116,rare,1.9392770893264115,,peak_abundance_with_occupancy_days_modifiers,0.4288
paipar1,BR,0.045928931888399804,0.047,0.047,resident,0.0624,0.5182,0.4568,365.0,6.239999999999999,0.019153852300980666,rare,1.9153852300980667,,peak_abundance_with_occupancy_days_modifiers,0.0624
shtswi1,BR,0.04526013140486457,0.0463,0.0463,resident,0.2617,0.5731,0.439,365.0,26.169999999999998,0.018874940835946305,rare,1.8874940835946306,,peak_abundance_with_occupancy_days_modifiers,0.2617
moctyr2,BR,0.04496163562023634,0.0459877304684315,0.0459877304684315,resident,0.2608536883198687,0.5363491256696452,0.5000965412429971,365.0,26.085368831986873,0.01875045842505274,rare,1.875045842505274,,peak_abundance_with_occupancy_days_modifiers,0.2608536883198687
lobgna5,BR,0.04468651762240602,0.0457,0.0457,resident,0.3329,0.6531,0.6654,365.0,33.29,0.018635725308493736,rare,1.8635725308493736,,peak_abundance_with_occupancy_days_modifiers,0.3329
thlwre1,BR,0.04459088332787514,0.0456,0.0456,resident,0.2751,0.5942,0.4833,365.0,27.51,0.018595842709943355,rare,1.8595842709943355,,peak_abundance_with_occupancy_days_modifiers,0.2751
savhaw1,BR,0.04439958729668442,0.0454,0.0454,resident,0.3591,0.6175,0.5059,365.0,35.91,0.01851606606858593,rare,1.851606606858593,,peak_abundance_with_occupancy_days_modifiers,0.3591
littin1,BR,0.04363403702006131,0.0446,0.0446,resident,0.3572,0.5813,0.5691,365.0,35.72,0.018196806805970252,rare,1.8196806805970251,,peak_abundance_with_occupancy_days_modifiers,0.3572
purgal2,BR,0.04353830201448342,0.029175,0.0445,prebreeding_migration,0.475,0.5969,0.5277,112.0,47.5,0.018156882207651097,rare,1.8156882207651097,,peak_abundance_with_occupancy_days_modifiers,0.475
slcgro1,BR,0.04277209184386899,0.0437,0.0437,resident,0.2373,0.5628,0.6858,365.0,23.73,0.01783734774786621,rare,1.783734774786621,,peak_abundance_with_occupancy_days_modifiers,0.2373
plcjay1,BR,0.042292912190251455,0.0432,0.0432,resident,0.1444,0.5731,0.4199,365.0,14.44,0.017637514310996184,rare,1.7637514310996183,,peak_abundance_with_occupancy_days_modifiers,0.1444
anhing,BR,0.04181350281341039,0.0297,0.0427,nonbreeding,0.4784,0.5479,0.4401,105.0,47.839999999999996,0.01743758507210097,rare,1.743758507210097,,peak_abundance_with_occupancy_days_modifiers,0.4784
rewtin1,BR,0.0417175933518685,0.0426,0.0426,resident,0.3145,0.6996,0.6739,365.0,31.45,0.017397587719993945,rare,1.7397587719993945,,peak_abundance_with_occupancy_days_modifiers,0.3145
palhor3,BR,0.04167786589386501,0.0425585809750273,0.0425585809750273,resident,0.2151783261837717,0.8241100698047158,0.8874450122608688,365.0,21.51783261837717,0.017381020083177556,rare,1.7381020083177556,,peak_abundance_with_occupancy_days_modifiers,0.2151783261837717
turtan1,BR,0.0400851372139099,0.0408993896940953,0.0408993896940953,resident,0.219396621414646,0.5803622399731883,0.5890338703604311,365.0,21.9396621414646,0.016716800632885866,rare,1.6716800632885866,,peak_abundance_with_occupancy_days_modifiers,0.219396621414646
bkcdon,BR,0.03986242953297108,0.0406675992166438,0.0406675992166438,resident,0.1942354604461811,0.6082153013251803,0.6028740704164989,365.0,19.42354604461811,0.01662392431611546,rare,1.662392431611546,,peak_abundance_with_occupancy_days_modifiers,0.1942354604461811
bbfgle1,BR,0.03936156064880084,0.0401464917115935,0.0401464917115935,resident,0.2383926499135974,0.5226050621142763,0.4287035130056745,365.0,23.83926499135974,0.016415045767559908,rare,1.6415045767559908,,peak_abundance_with_occupancy_days_modifiers,0.2383926499135974
epaori4,BR,0.038932210001787475,0.0397,0.0397,resident,0.2847,0.6052,0.5536,365.0,28.470000000000002,0.016235992640476416,rare,1.6235992640476415,,peak_abundance_with_occupancy_days_modifiers,0.2847
cocher1,BR,0.03787365242808152,0.0386,0.0386,resident,0.1947,0.397,0.3018,365.0,19.470000000000002,0.015794539844053535,rare,1.5794539844053535,,peak_abundance_with_occupancy_days_modifiers,0.1947
whthum2,BR,0.037723187769228846,0.0384437391614773,0.0384437391614773,resident,0.1986660105303214,0.9067638419380012,0.938720728077356,365.0,19.86660105303214,0.015731791207547408,rare,1.5731791207547408,,peak_abundance_with_occupancy_days_modifiers,0.1986660105303214
tattin1,BR,0.037674560614364194,0.0383932438246871,0.0383932438246871,resident,0.3532686032557402,0.6088312068001159,0.2955269637275998,365.0,35.326860325574025,0.015711512108865983,rare,1.5711512108865984,,peak_abundance_with_occupancy_days_modifiers,0.3532686032557402
blkski,BR,0.03681397312271631,0.02305,0.0375,postbreeding_migration,0.1895,0.6437,0.3989,140.0,18.95,0.015352619249194347,rare,1.5352619249194348,,peak_abundance_with_occupancy_days_modifiers,0.1895
snakit,BR,0.03584965289369722,0.0365,0.0365,resident,0.0747,0.2848,0.3256,365.0,7.470000000000001,0.014950466477987697,rare,1.4950466477987696,,peak_abundance_with_occupancy_days_modifiers,0.0747
amakin1,BR,0.03584965289369722,0.0365,0.0365,resident,0.3792,0.5365,0.4954,365.0,37.92,0.014950466477987697,rare,1.4950466477987696,,peak_abundance_with_occupancy_days_modifiers,0.3792
whiher1,BR,0.03575316970581786,0.0364,0.0364,resident,0.2768,0.4806,0.3322,365.0,27.68,0.014910229863414132,rare,1.4910229863414133,,peak_abundance_with_occupancy_days_modifiers,0.2768
gycwor1,BR,0.03546366427556904,0.0361,0.0361,resident,0.3232,0.5824,0.5198,365.0,32.32,0.014789496721507176,rare,1.4789496721507176,,peak_abundance_with_occupancy_days_modifiers,0.3232
grrswi1,BR,0.03498096889524552,0.0356,0.0356,resident,0.2357,0.5002,0.3662,365.0,23.57,0.014588197112721444,rare,1.4588197112721444,,peak_abundance_with_occupancy_days_modifiers,0.2357
grwsal1,BR,0.03488440185350179,0.0355,0.0355,resident,0.1924,0.8132,0.8594,365.0,19.24,0.0145479255283703,rare,1.45479255283703,,peak_abundance_with_occupancy_days_modifiers,0.1924
bucpar,BR,0.03478782548566393,0.0354,0.0354,resident,0.0339,0.2065,0.1618,365.0,3.39,0.014507650054735808,rare,1.4507650054735808,rare,peak_abundance_with_occupancy_days_modifiers,0.0339
pabspi1,BR,0.03401487858727765,0.0346,0.0346,resident,0.3688,0.5059,0.3466,365.0,36.88,0.014185306161257773,rare,1.4185306161257774,,peak_abundance_with_occupancy_days_modifiers,0.3688
whltan1,BR,0.03362818097998405,0.0342,0.0342,resident,0.2739,0.8065,0.716,365.0,27.389999999999997,0.014024040733330106,rare,1.4024040733330105,,peak_abundance_with_occupancy_days_modifiers,0.2739
yehbla2,BR,0.03306741083240401,0.0336202140918808,0.0336202140918808,resident,0.0355735870091156,0.1220254913220204,0.1153649985246271,365.0,3.55735870091156,0.013790181417645504,rare,1.3790181417645504,rare,peak_abundance_with_occupancy_days_modifiers,0.0355735870091156
reccar,BR,0.0329511001396859,0.0335,0.0335,resident,0.0393,0.1698,0.1123,365.0,3.93,0.01374167609131306,rare,1.374167609131306,rare,peak_abundance_with_occupancy_days_modifiers,0.0393
rebbla1,BR,0.0329511001396859,0.0335,0.0335,resident,0.0755,0.5242,0.544,365.0,7.55,0.01374167609131306,rare,1.374167609131306,,peak_abundance_with_occupancy_days_modifiers,0.0755
amekes,BR,0.03285433687094718,0.027899999999999998,0.0334,prebreeding_migration,0.4866,0.2494,0.1337,105.0,48.66,0.013701322673948933,rare,1.3701322673948932,,peak_abundance_with_occupancy_days_modifiers,0.4866
ruthum1,BR,0.03252260195165125,0.03171980267710415,0.0330572419899433,nonbreeding,0.2694084246755542,0.9685197281673548,0.987663874010995,112.0,26.94084246755542,0.013562978467235982,rare,1.3562978467235982,,peak_abundance_with_occupancy_days_modifiers,0.2694084246755542
mawqua1,BR,0.031714550395621356,0.0322228156532383,0.0322228156532383,resident,0.4678128884245688,0.5558172936769876,0.6190052741832822,365.0,46.78128884245688,0.013225994794430733,rare,1.3225994794430733,,peak_abundance_with_occupancy_days_modifiers,0.4678128884245688
magfri,BR,0.03169244673248972,0.019225,0.0322,postbreeding_migration,0.0048,0.1451,0.2093,140.0,0.48,0.013216776850935733,very_rare,1.3216776850935732,very_rare,peak_abundance_with_occupancy_days_modifiers,0.0048
tropar,BR,0.031207927124193163,0.02835,0.0317,postbreeding_migration,0.2637,0.4767,0.3353,203.0,26.369999999999997,0.0130147164799959,rare,1.30147164799959,,peak_abundance_with_occupancy_days_modifiers,0.2637
blbman1,BR,0.031203299733105004,0.0316952259316601,0.0316952259316601,resident,0.2125635385249023,0.8071135728635872,0.9308775356917453,365.0,21.256353852490232,0.013012786708024318,rare,1.3012786708024318,,peak_abundance_with_occupancy_days_modifiers,0.2125635385249023
grasal3,BR,0.030820142339886263,0.0313,0.0313,resident,0.1752,0.4031,0.2764,365.0,17.52,0.012852997664038477,rare,1.2852997664038477,,peak_abundance_with_occupancy_days_modifiers,0.1752
ruther1,BR,0.03072317264284058,0.0312,0.0312,resident,0.3988,0.6028,0.4357,365.0,39.879999999999995,0.012812558159383744,rare,1.2812558159383745,,peak_abundance_with_occupancy_days_modifiers,0.3988
plbwoo1,BR,0.030626193541760837,0.0311,0.0311,resident,0.3715,0.5881,0.5974,365.0,37.15,0.012772114732942293,rare,1.2772114732942292,,peak_abundance_with_occupancy_days_modifiers,0.3715
gretin1,BR,0.030626193541760837,0.0311,0.0311,resident,0.2449,0.5433,0.5723,365.0,24.490000000000002,0.012772114732942293,rare,1.2772114732942292,,peak_abundance_with_occupancy_days_modifiers,0.2449
kinvul1,BR,0.029947076367952116,0.0304,0.0304,resident,0.4126,0.5748,0.4909,365.0,41.260000000000005,0.012488900873891595,rare,1.2488900873891595,,peak_abundance_with_occupancy_days_modifiers,0.4126
viotro2,BR,0.029650155434190063,0.0300940980864399,0.0300940980864399,resident,0.1806451859573939,0.5753752549056174,0.5556344436986995,365.0,18.06451859573939,0.012365075226820904,rare,1.2365075226820903,,peak_abundance_with_occupancy_days_modifiers,0.1806451859573939
relhon1,BR,0.029267497680568088,0.0297,0.0297,resident,0.3463,0.7043,0.4993,365.0,34.63,0.012205494548730916,rare,1.2205494548730915,,peak_abundance_with_occupancy_days_modifiers,0.3463
ducfly,BR,0.029170377299779858,0.021725,0.0296,nonbreeding,0.3934,0.425,0.3639,133.0,39.34,0.01216499220407477,rare,1.216499220407477,,peak_abundance_with_occupancy_days_modifiers,0.3934
chacha1,BR,0.02878180142545205,0.0292,0.0292,resident,0.016,0.1297,0.118,365.0,1.6,0.012002943477954007,rare,1.2002943477954007,rare,peak_abundance_with_occupancy_days_modifiers,0.016
silant1,BR,0.028523211409486438,0.0289338935632849,0.0289338935632849,resident,0.3765955959031439,0.6291003336599172,0.6844868398240622,365.0,37.65955959031439,0.011895103065197433,rare,1.1895103065197432,,peak_abundance_with_occupancy_days_modifiers,0.3765955959031439
semplo,BR,0.028393074501217887,0.013274999999999999,0.0288,nonbreeding,0.0101,0.3034,0.4074,133.0,1.01,0.01184083175912966,rare,1.184083175912966,rare,peak_abundance_with_occupancy_days_modifiers,0.0101
verfly,BR,0.028295869154847303,0.01895,0.0287,prebreeding_migration,0.2702,0.3462,0.1556,112.0,27.02,0.011800293981073517,rare,1.1800293981073517,,peak_abundance_with_occupancy_days_modifiers,0.2702
whmtyr1,BR,0.0281557849615965,0.0285559054833206,0.0285559054833206,resident,0.1503383440027171,0.5673593365697108,0.603678484461584,365.0,15.03383440027171,0.011741874334961442,rare,1.1741874334961442,,peak_abundance_with_occupancy_days_modifiers,0.1503383440027171
limpki,BR,0.02810143011087481,0.0285,0.0285,resident,0.0824,0.3182,0.3157,365.0,8.24,0.011719206601579431,rare,1.171920660157943,,peak_abundance_with_occupancy_days_modifiers,0.0824
yebter2,BR,0.02802379370093034,0.0284201540518886,0.0284201540518886,resident,0.0538471728737889,0.4513578826867496,0.6026536519440896,365.0,5.38471728737889,0.011686829703878746,rare,1.1686829703878747,,peak_abundance_with_occupancy_days_modifiers,0.0538471728737889
whbman1,BR,0.027906953253007873,0.0283,0.0283,resident,0.267,0.5959,0.5394,365.0,26.700000000000003,0.01163810345246652,rare,1.163810345246652,,peak_abundance_with_occupancy_days_modifiers,0.267
houspa,BR,0.02712866738825262,0.0275,0.0275,resident,0.0309,0.0135,0.0042,365.0,3.09,0.011313533037075985,rare,1.1313533037075985,rare,peak_abundance_with_occupancy_days_modifiers,0.0309
rucsee1,BR,0.027060613753899006,0.0274300772699766,0.0274300772699766,resident,0.140278325017858,0.5287934966197623,0.3201363013468595,365.0,14.0278325017858,0.011285152467196396,rare,1.1285152467196395,,peak_abundance_with_occupancy_days_modifiers,0.140278325017858
varant1,BR,0.02703133905103043,0.0274,0.0274,resident,0.1436,0.447,0.3585,365.0,14.360000000000001,0.011272943967850873,rare,1.1272943967850872,,peak_abundance_with_occupancy_days_modifiers,0.1436
bawcow4,BR,0.026934001240080944,0.0273,0.0273,resident,0.0501,0.1505,0.0494,365.0,5.01,0.01123235094777461,rare,1.1232350947774612,,peak_abundance_with_occupancy_days_modifiers,0.0501
lesela1,BR,0.026696764774414874,0.0270563158853432,0.0270563158853432,resident,0.3461142318938948,0.6903932011698162,0.8147334446430129,365.0,34.61142318938948,0.011133415657164808,rare,1.1133415657164807,,peak_abundance_with_occupancy_days_modifiers,0.3461142318938948
grhgul,BR,0.026629894095971086,0.0197055416267444,0.0269876382289863,nonbreeding,0.0433910888063109,0.0908376943255583,0.0291246311215269,168.0,4.33910888063109,0.011105528418217199,rare,1.1105528418217199,rare,peak_abundance_with_occupancy_days_modifiers,0.0433910888063109
whnrob1,BR,0.026489290459536755,0.0268432501834582,0.0268432501834582,resident,0.2978998792824987,0.5570847880309557,0.6432431175930372,365.0,29.78998792824987,0.011046892147472055,rare,1.1046892147472054,,peak_abundance_with_occupancy_days_modifiers,0.2978998792824987
blfant1,BR,0.026447170014848292,0.0268,0.0268,resident,0.218,0.5771,0.5632,365.0,21.8,0.011029326557695776,rare,1.1029326557695776,,peak_abundance_with_occupancy_days_modifiers,0.218
schpar1,BR,0.026252371144065742,0.0266,0.0266,resident,0.0973,0.6504,0.4318,365.0,9.73,0.010948089118766595,rare,1.0948089118766595,,peak_abundance_with_occupancy_days_modifiers,0.0973
grytin1,BR,0.026219809101937455,0.0265665723517903,0.0265665723517903,resident,0.238764880165851,0.6809853245192249,0.8573360539311401,365.0,23.8764880165851,0.010934509692468187,rare,1.0934509692468186,,peak_abundance_with_occupancy_days_modifiers,0.238764880165851
creowl1,BR,0.02596270163276334,0.0263026683457335,0.0263026683457335,resident,0.5478576341204596,0.6866793090250943,0.8672922104316487,365.0,54.78576341204596,0.010827287549745468,uncommon,1.0827287549745468,,peak_abundance_with_occupancy_days_modifiers,0.5478576341204596
eulfly1,BR,0.02592439586147066,0.024269886676537223,0.0262633557833966,breeding,0.3106053332534453,0.8449846599966064,0.9434153163228126,182.0,31.06053332534453,0.010811312802337972,rare,1.0811312802337971,,peak_abundance_with_occupancy_days_modifiers,0.3106053332534453
regcoo1,BR,0.025375306331228243,0.0257,0.0257,resident,0.0012,0.0207,0.1149,365.0,0.12,0.010582324682434953,very_rare,1.0582324682434954,very_rare,peak_abundance_with_occupancy_days_modifiers,0.0012
aplfal,BR,0.025180298530298247,0.0255,0.0255,resident,0.3412,0.4187,0.4622,365.0,34.12,0.010501000112866745,rare,1.0501000112866745,,peak_abundance_with_occupancy_days_modifiers,0.3412
blgdov1,BR,0.024790168807218786,0.0251,0.0251,resident,0.3805,0.5671,0.5117,365.0,38.05,0.010338303381485165,rare,1.0338303381485165,,peak_abundance_with_occupancy_days_modifiers,0.3805
crahaw,BR,0.0246926125903715,0.025,0.025,resident,0.6355,0.6703,0.6649,365.0,63.55,0.010297619279075043,uncommon,1.0297619279075043,,peak_abundance_with_occupancy_days_modifiers,0.6355
solsan,BR,0.024497471600387438,0.023466666666666667,0.0248,postbreeding_migration,0.4031,0.502,0.4202,112.0,40.31,0.010216239165357105,rare,1.0216239165357104,,peak_abundance_with_occupancy_days_modifiers,0.4031
lesyel,BR,0.024399886823535173,0.016925,0.0247,postbreeding_migration,0.1168,0.2665,0.1104,126.0,11.68,0.010175543152499808,rare,1.0175543152499809,,peak_abundance_with_occupancy_days_modifiers,0.1168
grehon1,BR,0.024399886823535173,0.0247,0.0247,resident,0.2643,0.5431,0.4462,365.0,26.43,0.010175543152499808,rare,1.0175543152499809,,peak_abundance_with_occupancy_days_modifiers,0.2643
leskis1,BR,0.024399886823535173,0.0247,0.0247,resident,0.2375,0.5834,0.5031,365.0,23.75,0.010175543152499808,rare,1.0175543152499809,,peak_abundance_with_occupancy_days_modifiers,0.2375
rufnig1,BR,0.023987784268401084,0.0242778055114429,0.0242778055114429,resident,0.6117326854935748,0.7847396491777422,0.8161673436214135,365.0,61.17326854935749,0.010003683038420252,uncommon,1.0003683038420252,,peak_abundance_with_occupancy_days_modifiers,0.6117326854935748
croslf1,BR,0.023814178099254877,0.014925,0.0241,postbreeding_migration,0.7163,0.7011,0.5974,119.0,71.63000000000001,0.009931283642535179,rare,0.9931283642535179,,peak_abundance_with_occupancy_days_modifiers,0.7163
grnkin,BR,0.023423514943588058,0.0237,0.0237,resident,0.3859,0.5091,0.4232,365.0,38.59,0.00976836445248612,rare,0.976836445248612,,peak_abundance_with_occupancy_days_modifiers,0.3859
mastit1,BR,0.023423514943588058,0.0237,0.0237,resident,0.3122,0.5984,0.3639,365.0,31.22,0.00976836445248612,rare,0.976836445248612,,peak_abundance_with_occupancy_days_modifiers,0.3122
sponot1,BR,0.02293497128249588,0.0232,0.0232,resident,0.2233,0.5462,0.2576,365.0,22.33,0.009564625921185715,rare,0.9564625921185714,,peak_abundance_with_occupancy_days_modifiers,0.2233
secfly1,BR,0.022837233902757225,0.0231,0.0231,resident,0.2987,0.7341,0.7718,365.0,29.87,0.009523866267981677,rare,0.9523866267981678,,peak_abundance_with_occupancy_days_modifiers,0.2987
brnowl,BR,0.022543964434894502,0.0228,0.0228,resident,0.4523,,,,45.23,0.009401563400467184,rare,0.9401563400467183,,peak_abundance_with_occupancy_days_modifiers,0.4523
whbwar2,BR,0.022152804641133304,0.0224,0.0224,resident,0.0628,0.7032,0.7594,365.0,6.279999999999999,0.009238437096245954,rare,0.9238437096245954,,peak_abundance_with_occupancy_days_modifiers,0.0628
scbant3,BR,0.022152804641133304,0.0224,0.0224,resident,0.2983,0.6158,0.5777,365.0,29.830000000000002,0.009238437096245954,rare,0.9238437096245954,,peak_abundance_with_occupancy_days_modifiers,0.2983
ltrfin1,BR,0.022141685550245534,0.0223886319046779,0.0223886319046779,resident,0.197930305807722,0.3554010653169712,0.2780829952927129,365.0,19.7930305807722,0.00923380007518261,rare,0.923380007518261,,peak_abundance_with_occupancy_days_modifiers,0.197930305807722
grymon1,BR,0.021468127866803022,0.021700226052746,0.021700226052746,resident,0.3037253659052114,0.7467360099027439,0.4659079657154715,365.0,30.372536590521136,0.00895290470369433,rare,0.895290470369433,,peak_abundance_with_occupancy_days_modifiers,0.3037253659052114
crbtyr1,BR,0.02128444712401779,0.021512576630641,0.021512576630641,resident,0.1315939422429868,0.9131093399075352,0.9634707030776546,365.0,13.159394224298678,0.008876303884272057,rare,0.8876303884272057,,peak_abundance_with_occupancy_days_modifiers,0.1315939422429868
rutfly2,BR,0.021174235231406484,0.0214,0.0214,resident,0.3329,0.6206,0.6692,365.0,33.29,0.00883034195513301,rare,0.883034195513301,,peak_abundance_with_occupancy_days_modifiers,0.3329
whcman2,BR,0.02097840638519171,0.0212,0.0212,resident,0.2173,0.5825,0.5234,365.0,21.73,0.00874867498308622,rare,0.874867498308622,,peak_abundance_with_occupancy_days_modifiers,0.2173
whthaw,BR,0.02058663360838838,0.0208,0.0208,resident,0.3763,0.5924,0.5834,365.0,37.63,0.008585293045080938,rare,0.8585293045080938,,peak_abundance_with_occupancy_days_modifiers,0.3763
bcnher,BR,0.02058663360838838,0.015375,0.0208,breeding,0.0704,0.0934,0.046,112.0,7.04,0.008585293045080938,rare,0.8585293045080938,,peak_abundance_with_occupancy_days_modifiers,0.0704
ocbfly1,BR,0.02058663360838838,0.0208,0.0208,resident,0.3247,0.5544,0.4312,365.0,32.47,0.008585293045080938,rare,0.8585293045080938,,peak_abundance_with_occupancy_days_modifiers,0.3247
whnjac1,BR,0.020292703267762432,0.0205,0.0205,resident,0.3182,0.61,0.5588,365.0,31.819999999999997,0.00846271457221757,rare,0.846271457221757,,peak_abundance_with_occupancy_days_modifiers,0.3182
smbela1,BR,0.020194707285519278,0.012125,0.0204,breeding,0.1892,0.5736,0.3976,119.0,18.92,0.008421847073392743,rare,0.8421847073392743,,peak_abundance_with_occupancy_days_modifiers,0.1892
slftyr1,BR,0.019900661706336167,0.0201,0.0201,resident,0.2905,0.6562,0.5953,365.0,29.049999999999997,0.008299220542318296,rare,0.8299220542318295,,peak_abundance_with_occupancy_days_modifiers,0.2905
bltman1,BR,0.01960652963891831,0.0198,0.0198,resident,0.3636,0.7376,0.7045,365.0,36.36,0.008176557942848484,rare,0.8176557942848485,,peak_abundance_with_occupancy_days_modifiers,0.3636
chifla1,BR,0.01950846638804296,0.008625,0.0197,nonbreeding,0.0033,0.0259,0.0212,42.0,0.33,0.008135662390825105,very_rare,0.8135662390825105,very_rare,peak_abundance_with_occupancy_days_modifiers,0.0033
blttit1,BR,0.019339191828030965,0.0195274053395105,0.0195274053395105,resident,0.3432062428796026,0.5815974666224931,0.3823336673680632,365.0,34.320624287960264,0.008065069416255982,rare,0.8065069416255982,,peak_abundance_with_occupancy_days_modifiers,0.3432062428796026
grejac2,BR,0.019018005835761846,0.0192,0.0192,resident,0.2342,0.6393,0.703,365.0,23.419999999999998,0.007931124453808077,rare,0.7931124453808077,,peak_abundance_with_occupancy_days_modifiers,0.2342
batfal1,BR,0.018723613998102594,0.0189,0.0189,resident,0.3488,0.5569,0.4924,365.0,34.88,0.007808353521733183,rare,0.7808353521733183,,peak_abundance_with_occupancy_days_modifiers,0.3488
giacow,BR,0.01862546412316489,0.0188,0.0188,resident,0.246,0.4871,0.376,365.0,24.6,0.007767421844669928,rare,0.7767421844669928,,peak_abundance_with_occupancy_days_modifiers,0.246
hoosis1,BR,0.018330956684723457,0.0185,0.0185,resident,0.0828,0.3005,0.1382,365.0,8.28,0.007644602703324481,rare,0.764460270332448,,peak_abundance_with_occupancy_days_modifiers,0.0828
btfgle1,BR,0.018036362486098582,0.0182,0.0182,resident,0.2524,0.5825,0.5848,365.0,25.240000000000002,0.007521747380172253,rare,0.7521747380172252,,peak_abundance_with_occupancy_days_modifiers,0.2524
gryhaw3,BR,0.018036362486098582,0.0182,0.0182,resident,0.422,0.7039,0.6526,365.0,42.199999999999996,0.007521747380172253,rare,0.7521747380172252,,peak_abundance_with_occupancy_days_modifiers,0.422
piepuf1,BR,0.017941518456646967,0.0181034343886206,0.0181034343886206,resident,0.3940571710575742,0.6054760181350559,0.6257729617983261,365.0,39.40571710575742,0.007482194347757741,rare,0.7482194347757741,,peak_abundance_with_occupancy_days_modifiers,0.3940571710575742
gubter2,BR,0.01789680511113208,0.007322383129614701,0.0180579125957123,nonbreeding,0.0120821036085641,0.0352701840549877,0.0546913404148552,133.0,1.20821036085641,0.007463547434349094,rare,0.7463547434349094,rare,peak_abundance_with_occupancy_days_modifiers,0.0120821036085641
baffal1,BR,0.017839918128331,0.018,0.018,resident,0.3326,0.6848,0.7595,365.0,33.26,0.007439823719870647,rare,0.7439823719870647,,peak_abundance_with_occupancy_days_modifiers,0.3326
vioeup1,BR,0.017517977999950616,0.01767231769918,0.01767231769918,resident,0.0918284628243536,0.7536247078607595,0.8214773431272993,365.0,9.18284628243536,0.0073055642582367354,rare,0.7305564258236735,,peak_abundance_with_occupancy_days_modifiers,0.0918284628243536
souscr1,BR,0.017348638334613004,0.0175,0.0175,resident,0.0252,0.1335,0.0982,365.0,2.52,0.007234944132638043,rare,0.7234944132638043,rare,peak_abundance_with_occupancy_days_modifiers,0.0252
ruqdov,BR,0.017250353406527592,0.0174,0.0174,resident,0.3344,0.5801,0.5701,365.0,33.44,0.00719395613403763,rare,0.7193956134037629,,peak_abundance_with_occupancy_days_modifiers,0.3344
rosspo1,BR,0.017053754565827518,0.0131,0.0172,nonbreeding,0.0805,0.2446,0.1349,189.0,8.05,0.007111968049349252,rare,0.7111968049349252,,peak_abundance_with_occupancy_days_modifiers,0.0805
whstan1,BR,0.016955440649413473,0.0171,0.0171,resident,0.2896,0.6546,0.6506,365.0,28.96,0.007070967961676732,rare,0.7070967961676732,,peak_abundance_with_occupancy_days_modifiers,0.2896
easkin,BR,0.0168571170664229,0.0067,0.017,postbreeding_migration,0.0585,0.0958,0.1298,70.0,5.8500000000000005,0.007029963842728778,rare,0.7029963842728778,,peak_abundance_with_occupancy_days_modifiers,0.0585
blbwoo1,BR,0.01666044089310724,0.0168,0.0168,resident,0.2878,0.5837,0.6694,365.0,28.78,0.006947943507834789,rare,0.6947943507834788,,peak_abundance_with_occupancy_days_modifiers,0.2878
scbwre1,BR,0.016070180177494467,0.0162,0.0162,resident,0.2392,0.6303,0.4094,365.0,23.919999999999998,0.006701785670039033,rare,0.6701785670039033,,peak_abundance_with_occupancy_days_modifiers,0.2392
gretho2,BR,0.015971769509698662,0.0161,0.0161,resident,0.0766,0.4765,0.2977,365.0,7.66,0.006660745233906497,rare,0.6660745233906497,,peak_abundance_with_occupancy_days_modifiers,0.0766
truter,BR,0.01584028265168809,0.0159664049867622,0.0159664049867622,resident,0.0235926271386372,0.162666058322896,0.1781976284495756,365.0,2.35926271386372,0.006605910955069516,rare,0.6605910955069516,rare,peak_abundance_with_occupancy_days_modifiers,0.0235926271386372
yebcar,BR,0.015774919115362215,0.0159,0.0159,resident,0.015,0.2571,0.3963,365.0,1.5,0.00657865224320357,rare,0.657865224320357,rare,peak_abundance_with_occupancy_days_modifiers,0.015
cogdov,BR,0.015381102038302324,0.0155,0.0155,resident,0.0537,0.1969,0.1211,365.0,5.37,0.006414417765773596,rare,0.6414417765773596,,peak_abundance_with_occupancy_days_modifiers,0.0537
leagre,BR,0.015381102038302324,0.0155,0.0155,resident,0.1116,0.712,0.7563,365.0,11.16,0.006414417765773596,rare,0.6414417765773596,,peak_abundance_with_occupancy_days_modifiers,0.1116
grhtan1,BR,0.015138186019702377,0.0152533487420954,0.0152533487420954,resident,0.1690650759613796,0.7069977541295451,0.6509775870090518,365.0,16.90650759613796,0.006313113917621568,rare,0.6313113917621568,,peak_abundance_with_occupancy_days_modifiers,0.1690650759613796
shtstr1,BR,0.014864514311613964,0.0149755406398455,0.0149755406398455,resident,0.1185651373708112,0.5515243126125422,0.8168424056755164,365.0,11.85651373708112,0.006198983950732313,rare,0.6198983950732313,,peak_abundance_with_occupancy_days_modifiers,0.1185651373708112
plaant1,BR,0.014665883553442052,0.0147739552998695,0.0147739552998695,resident,0.0790126991044784,0.579727589182978,0.6183135006028683,365.0,7.901269910447841,0.006116148490641494,rare,0.6116148490641493,,peak_abundance_with_occupancy_days_modifiers,0.0790126991044784
lottyr1,BR,0.01459300230290015,0.0147,0.0147,resident,0.1733,0.8192,0.7504,365.0,17.330000000000002,0.006085754648437957,rare,0.6085754648437957,,peak_abundance_with_occupancy_days_modifiers,0.1733
bkhpar,BR,0.014494446150452563,0.0146,0.0146,resident,0.0099,0.3101,0.359,365.0,0.9900000000000001,0.006044653540493171,very_rare,0.6044653540493171,very_rare,peak_abundance_with_occupancy_days_modifiers,0.0099
magsto1,BR,0.014297304700824425,0.0112,0.0144,breeding,0.0812,0.2396,0.117,196.0,8.12,0.005962439170305915,rare,0.5962439170305915,,peak_abundance_with_occupancy_days_modifiers,0.0812
coltro1,BR,0.014297304700824425,0.0144,0.0144,resident,0.2452,0.6123,0.5054,365.0,24.52,0.005962439170305915,rare,0.5962439170305915,,peak_abundance_with_occupancy_days_modifiers,0.2452
jabiru,BR,0.014297304700824425,0.0144,0.0144,resident,0.041,0.2837,0.3099,365.0,4.1000000000000005,0.005962439170305915,rare,0.5962439170305915,rare,peak_abundance_with_occupancy_days_modifiers,0.041
yeltyr1,BR,0.014198719399812949,0.0143,0.0143,resident,0.1298,0.5557,0.6612,365.0,12.98,0.005921325906465824,rare,0.5921325906465824,,peak_abundance_with_occupancy_days_modifiers,0.1298
dusant1,BR,0.014198719399812949,0.0143,0.0143,resident,0.0753,0.3972,0.3718,365.0,7.53,0.005921325906465824,rare,0.5921325906465824,,peak_abundance_with_occupancy_days_modifiers,0.0753
fuwduc,BR,0.014198719399812949,0.009025,0.0143,nonbreeding,0.0413,,,,4.130000000000001,0.005921325906465824,rare,0.5921325906465824,rare,peak_abundance_with_occupancy_days_modifiers,0.0413
speowl1,BR,0.014198719399812949,0.0143,0.0143,resident,0.473,0.6633,0.6181,365.0,47.3,0.005921325906465824,rare,0.5921325906465824,,peak_abundance_with_occupancy_days_modifiers,0.473
yebtyr2,BR,0.01400270227849275,0.01246237671276995,0.0141011993186501,breeding,0.2962324481136502,0.4643196043502099,0.3571776290267318,105.0,29.62324481136502,0.005839580417601603,rare,0.5839580417601603,,peak_abundance_with_occupancy_days_modifiers,0.2962324481136502
ultgro1,BR,0.013804280976397056,0.0139,0.0139,resident,0.1321,0.4709,0.3045,365.0,13.209999999999999,0.005756832307479104,rare,0.5756832307479104,,peak_abundance_with_occupancy_days_modifiers,0.1321
yebtea1,BR,0.013705647056111932,0.010450000000000001,0.0138,nonbreeding,0.0188,0.0777,0.0305,217.0,1.8800000000000001,0.0057156987678270545,rare,0.5715698767827054,rare,peak_abundance_with_occupancy_days_modifiers,0.0188
laugul,BR,0.013607003406216902,0.009175,0.0137,nonbreeding,0.002,0.0693,0.0618,63.0,0.2,0.005674561170612519,very_rare,0.5674561170612519,very_rare,peak_abundance_with_occupancy_days_modifiers,0.002
chewoo2,BR,0.013453550367115884,0.0135444565888731,0.0135444565888731,resident,0.3899708695967078,0.5886539295784985,0.4402727901543304,365.0,38.99708695967078,0.0056105662827449065,rare,0.5610566282744907,,peak_abundance_with_occupancy_days_modifiers,0.3899708695967078
giwrai1,BR,0.013409686909917675,0.0135,0.0135,resident,0.0408,0.2885,0.1947,365.0,4.08,0.005592273800293407,rare,0.5592273800293407,rare,peak_abundance_with_occupancy_days_modifiers,0.0408
baymar1,BR,0.013311014059672338,0.0134,0.0134,resident,0.0094,0.1054,0.11,365.0,0.9400000000000001,0.005551124025586953,very_rare,0.5551124025586953,very_rare,peak_abundance_with_occupancy_days_modifiers,0.0094
epaori1,BR,0.01326718969221839,0.0133555893591634,0.0133555893591634,resident,0.2710059787987215,0.4934675922648314,0.4373931944378675,365.0,27.10059787987215,0.005532847844824979,rare,0.5532847844824978,,peak_abundance_with_occupancy_days_modifiers,0.2710059787987215
coffal1,BR,0.013212331472134811,0.0133,0.0133,resident,0.4682,0.6593,0.5922,365.0,46.82,0.005509970190114249,rare,0.550997019011425,,peak_abundance_with_occupancy_days_modifiers,0.4682
higela3,BR,0.0131402152635794,0.0132269272807662,0.0132269272807662,resident,0.2163346061041607,0.9145951726187987,0.9710134762765972,365.0,21.63346061041607,0.005479895395199871,rare,0.5479895395199872,,peak_abundance_with_occupancy_days_modifiers,0.2163346061041607
grbhaw1,BR,0.013014937077494654,0.0131,0.0131,resident,0.2192,0.4038,0.3397,365.0,21.92,0.005427650333663732,rare,0.5427650333663732,,peak_abundance_with_occupancy_days_modifiers,0.2192
lesnig,BR,0.012817503710614431,0.006975,0.0129,nonbreeding,0.0763,0.321,0.2357,112.0,7.630000000000001,0.00534531422452665,rare,0.534531422452665,,peak_abundance_with_occupancy_days_modifiers,0.0763
dotkit1,BR,0.012817503710614431,0.0129,0.0129,resident,0.2802,0.5445,0.5453,365.0,28.02,0.00534531422452665,rare,0.534531422452665,,peak_abundance_with_occupancy_days_modifiers,0.2802
rubher,BR,0.012718772407774689,0.0128,0.0128,resident,0.3338,0.5915,0.5268,365.0,33.379999999999995,0.0053041400731949654,rare,0.5304140073194965,,peak_abundance_with_occupancy_days_modifiers,0.3338
fabtan1,BR,0.012698943995779323,0.012779917983429,0.012779917983429,resident,0.1663554933838386,0.4349921076611138,0.4482588783954516,365.0,16.63554933838386,0.005295870983122393,rare,0.5295870983122393,,peak_abundance_with_occupancy_days_modifiers,0.1663554933838386
kelgul,BR,0.012323749688831936,0.0124,0.0124,resident,0.0025,0.0411,0.0136,365.0,0.25,0.00513940280404738,very_rare,0.513940280404738,very_rare,peak_abundance_with_occupancy_days_modifiers,0.0025
brhgul2,BR,0.012126179797840565,0.008775,0.0122,nonbreeding,0.0035,0.0594,0.0618,189.0,0.35000000000000003,0.00505700975993383,very_rare,0.5057009759933829,very_rare,peak_abundance_with_occupancy_days_modifiers,0.0035
osprey,BR,0.012126179797840565,0.006750000000000001,0.0122,nonbreeding,0.1739,0.2398,0.2216,147.0,17.39,0.00505700975993383,rare,0.5057009759933829,,peak_abundance_with_occupancy_days_modifiers,0.1739
helpip1,BR,0.011853301177016376,0.008246970271861576,0.0119238299421677,prebreeding_migration,0.2031314087818819,0.2447062418550281,0.2551724473065263,126.0,20.31314087818819,0.004943210536123007,rare,0.4943210536123007,,peak_abundance_with_occupancy_days_modifiers,0.2031314087818819
commin1,BR,0.011834043547723204,0.010666773049565276,0.0119043428758157,postbreeding_migration,0.1149707334869282,0.0304175884345803,0.0172472988326943,147.0,11.497073348692819,0.00493517948092566,rare,0.493517948092566,,peak_abundance_with_occupancy_days_modifiers,0.1149707334869282
whimon1,BR,0.011730922875698666,0.0118,0.0118,resident,0.1229,0.3467,0.1547,365.0,12.29,0.004892174820466024,rare,0.4892174820466024,,peak_abundance_with_occupancy_days_modifiers,0.1229
sulfly1,BR,0.011532195424185206,0.0115989475425416,0.0115989475425416,resident,0.2491865662521003,0.6029238245222923,0.6571488492435914,365.0,24.91865662521003,0.004809299036119681,rare,0.48092990361196813,,peak_abundance_with_occupancy_days_modifiers,0.2491865662521003
chicar1,BR,0.011434377625663104,0.0115,0.0115,resident,0.0326,0.0785,0.0167,365.0,3.26,0.004768505845678206,rare,0.47685058456782065,rare,peak_abundance_with_occupancy_days_modifiers,0.0326
banswa,BR,0.011434377625663104,0.007766666666666667,0.0115,postbreeding_migration,0.0729,,,,7.290000000000001,0.004768505845678206,rare,0.47685058456782065,,peak_abundance_with_occupancy_days_modifiers,0.0729
sptnig1,BR,0.011429600901245182,0.011495168354791,0.011495168354791,resident,0.6682760238229087,0.8684940975967153,0.901741155568458,365.0,66.82760238229088,0.004766513796871012,uncommon,0.4766513796871012,,peak_abundance_with_occupancy_days_modifiers,0.6682760238229087
blctit1,BR,0.011335509663745602,0.0114,0.0114,resident,0.3576,0.5699,0.437,365.0,35.76,0.004727274703084514,rare,0.4727274703084514,,peak_abundance_with_occupancy_days_modifiers,0.3576
whrsan,BR,0.011335509663745602,0.005866666666666666,0.0114,postbreeding_migration,0.0803,0.2144,0.0348,105.0,8.03,0.004727274703084514,rare,0.4727274703084514,,peak_abundance_with_occupancy_days_modifiers,0.0803
gilhum1,BR,0.011137744410455924,0.0112,0.0112,resident,0.1117,0.4669,0.3952,365.0,11.17,0.004644800186564507,rare,0.4644800186564507,,peak_abundance_with_occupancy_days_modifiers,0.1117
rcatan1,BR,0.011038847115216341,0.0111,0.0111,resident,0.1623,0.5617,0.5426,365.0,16.23,0.004603556811025358,rare,0.4603556811025358,,peak_abundance_with_occupancy_days_modifiers,0.1623
strowl1,BR,0.010873665101621318,0.0109329982592757,0.0109329982592757,resident,0.397366487923102,0.5199598723269442,0.6373499782242195,365.0,39.7366487923102,0.004534670560875479,rare,0.4534670560875479,,peak_abundance_with_occupancy_days_modifiers,0.397366487923102
bffgle,BR,0.010837641635594586,0.0108965816046886,0.0108965816046886,resident,0.0610703806911326,0.529677024498789,0.8065619874203664,365.0,6.10703806911326,0.00451964760869101,rare,0.451964760869101,,peak_abundance_with_occupancy_days_modifiers,0.0610703806911326
brtpar1,BR,0.010445257861538649,0.0105,0.0105,resident,0.0081,0.0749,0.0614,365.0,0.8099999999999999,0.004356010865040352,very_rare,0.43560108650403523,very_rare,peak_abundance_with_occupancy_days_modifiers,0.0081
pecsan,BR,0.0103462920541443,0.006499999999999999,0.0104,postbreeding_migration,0.0489,0.1194,0.0433,98.0,4.89,0.004314738917713461,rare,0.4314738917713461,rare,peak_abundance_with_occupancy_days_modifiers,0.0489
grpfin1,BR,0.01014833105181515,0.0102,0.0102,resident,0.0387,0.1514,0.0745,365.0,3.8699999999999997,0.004232182767503403,rare,0.4232182767503403,rare,peak_abundance_with_occupancy_days_modifiers,0.0387
rebscy1,BR,0.009927736853472624,0.0099771803181025,0.0099771803181025,resident,0.1255348622196442,0.4227196066972086,0.2630340557777639,365.0,12.55348622196442,0.0041401878414343415,very_rare,0.4140187841434341,,peak_abundance_with_occupancy_days_modifiers,0.1255348622196442
whnpuf2,BR,0.009851950926455745,0.0099006411615583,0.0099006411615583,resident,0.2823176303249105,0.5327498021959602,0.5197911523143277,365.0,28.23176303249105,0.004108582655054162,very_rare,0.4108582655054162,,peak_abundance_with_occupancy_days_modifiers,0.2823176303249105
grhkit1,BR,0.009851316050374183,0.0099,0.0099,resident,0.5144,0.6965,0.6237,365.0,51.44,0.0041083178911636145,rare,0.4108317891163614,,peak_abundance_with_occupancy_days_modifiers,0.5144
gogwoo1,BR,0.009752291442678272,0.0098,0.0098,resident,0.3866,0.6456,0.6016,365.0,38.66,0.004067021422206345,very_rare,0.4067021422206345,,peak_abundance_with_occupancy_days_modifiers,0.3866
pibgre,BR,0.009653257028138304,0.0086,0.0097,nonbreeding,0.0956,0.3256,0.1845,168.0,9.56,0.0040257208634774475,very_rare,0.4025720863477448,,peak_abundance_with_occupancy_days_modifiers,0.0956
brotin1,BR,0.009554212804811658,0.0096,0.0096,resident,0.049,0.6499,0.7028,365.0,4.9,0.0039844162141667834,very_rare,0.3984416214166783,rare,peak_abundance_with_occupancy_days_modifiers,0.049
bafcur1,BR,0.009554212804811658,0.0096,0.0096,resident,0.0624,0.9238,0.9355,365.0,6.239999999999999,0.0039844162141667834,very_rare,0.3984416214166783,,peak_abundance_with_occupancy_days_modifiers,0.0624
grepot1,BR,0.009277446395163272,0.009320615296753,0.009320615296753,resident,0.430285316827099,0.568105862458636,0.6637986324594976,365.0,43.0285316827099,0.003868995656485233,very_rare,0.3868995656485233,,peak_abundance_with_occupancy_days_modifiers,0.430285316827099
scrcow1,BR,0.009257021262676763,0.0093,0.0093,resident,0.0946,0.2727,0.061,365.0,9.46,0.003860477714639222,very_rare,0.3860477714639222,,peak_abundance_with_occupancy_days_modifiers,0.0946
blheag1,BR,0.009257021262676763,0.0093,0.0093,resident,0.3469,0.5871,0.4599,365.0,34.69,0.003860477714639222,very_rare,0.3860477714639222,,peak_abundance_with_occupancy_days_modifiers,0.3469
strxen1,BR,0.00921288148517701,0.0092554507057747,0.0092554507057747,resident,0.1404381233430948,0.6446426865158624,0.5371706928233069,365.0,14.04381233430948,0.0038420699976715366,very_rare,0.38420699976715367,,peak_abundance_with_occupancy_days_modifiers,0.1404381233430948
shthaw,BR,0.009157937784765629,0.0092,0.0092,resident,0.3806,0.6611,0.5951,365.0,38.06,0.0038191566948953147,very_rare,0.3819156694895315,,peak_abundance_with_occupancy_days_modifiers,0.3806
sobcac1,BR,0.009157937784765629,0.0092,0.0092,resident,0.0765,0.3127,0.2303,365.0,7.6499999999999995,0.0038191566948953147,very_rare,0.3819156694895315,,peak_abundance_with_occupancy_days_modifiers,0.0765
eawpew,BR,0.009157937784765629,0.0068000000000000005,0.0092,postbreeding_migration,0.1505,0.3235,0.3121,77.0,15.049999999999999,0.0038191566948953147,very_rare,0.3819156694895315,,peak_abundance_with_occupancy_days_modifiers,0.1505
lstswi1,BR,0.009157937784765629,0.0092,0.0092,resident,0.2665,0.5903,0.4837,365.0,26.650000000000002,0.0038191566948953147,very_rare,0.3819156694895315,,peak_abundance_with_occupancy_days_modifiers,0.2665
sposan,BR,0.009157937784765629,0.006633333333333334,0.0092,nonbreeding,0.0858,0.2333,0.2148,112.0,8.58,0.0038191566948953147,very_rare,0.3819156694895315,,peak_abundance_with_occupancy_days_modifiers,0.0858
sohtyr1,BR,0.00914532817295585,0.0091872744599938,0.0091872744599938,resident,0.4463138506459899,0.1705166078837825,0.0571181995313264,365.0,44.63138506459899,0.003813898078327353,very_rare,0.3813898078327353,,peak_abundance_with_occupancy_days_modifiers,0.4463138506459899
wvvear1,BR,0.008959741371471904,0.009,0.009,resident,0.0573,0.9837,0.9958,365.0,5.7299999999999995,0.003736502370687642,very_rare,0.3736502370687642,,peak_abundance_with_occupancy_days_modifiers,0.0573
firgat1,BR,0.00876150566857275,0.0088,0.0088,resident,0.0514,0.2666,0.1633,365.0,5.140000000000001,0.0036538316614419504,very_rare,0.365383166144195,,peak_abundance_with_occupancy_days_modifiers,0.0514
whwpar,BR,0.008662373078652657,0.0087,0.0087,resident,0.0056,0.2437,0.2193,365.0,0.5599999999999999,0.003612490160399499,very_rare,0.3612490160399499,very_rare,peak_abundance_with_occupancy_days_modifiers,0.0056
sander,BR,0.008563230660487873,0.0067,0.0086,nonbreeding,0.0025,0.0525,0.0653,56.0,0.25,0.003571144560660661,very_rare,0.3571144560660661,very_rare,peak_abundance_with_occupancy_days_modifiers,0.0025
rudtur,BR,0.008563230660487873,0.004699999999999999,0.0086,prebreeding_migration,0.0034,0.0331,0.0541,119.0,0.33999999999999997,0.003571144560660661,very_rare,0.3571144560660661,very_rare,peak_abundance_with_occupancy_days_modifiers,0.0034
whtspa1,BR,0.008562568181301251,0.0085993318237137,0.0085993318237137,resident,0.1300223274646685,0.7115009345118756,0.8539014514383787,365.0,13.002232746466849,0.0035708682853811953,very_rare,0.3570868285381195,,peak_abundance_with_occupancy_days_modifiers,0.1300223274646685
cocthr1,BR,0.008442901741073663,0.0084786435533703,0.0084786435533703,resident,0.272458884087842,0.6905836406818867,0.7337478417485593,365.0,27.245888408784204,0.0035209635036399065,very_rare,0.3520963503639907,,peak_abundance_with_occupancy_days_modifiers,0.272458884087842
plurai1,BR,0.008313054222001555,0.0083477036047654,0.0083477036047654,resident,0.0566597076764204,0.1219000067792979,0.0674737439104454,365.0,5.66597076764204,0.0034668128822407536,very_rare,0.34668128822407535,,peak_abundance_with_occupancy_days_modifiers,0.0566597076764204
cosswa1,BR,0.008166562666393417,0.006750000000000001,0.0082,breeding,0.0038,0.0348,0.057,126.0,0.38,0.003405721158482009,very_rare,0.3405721158482009,very_rare,peak_abundance_with_occupancy_days_modifiers,0.0038
chospi2,BR,0.007968169649176874,0.008,0.008,resident,0.0457,0.2752,0.1406,365.0,4.569999999999999,0.003322984844070332,very_rare,0.3322984844070332,rare,peak_abundance_with_occupancy_days_modifiers,0.0457
shtfly1,BR,0.007670506304219701,0.0077,0.0077,resident,0.0714,0.4557,0.4872,365.0,7.140000000000001,0.0031988495874835155,very_rare,0.31988495874835154,,peak_abundance_with_occupancy_days_modifiers,0.0714
whbpic1,BR,0.007571265496318075,0.0076,0.0076,resident,0.0717,0.3417,0.283,365.0,7.17,0.0031574629560374313,very_rare,0.3157462956037431,,peak_abundance_with_occupancy_days_modifiers,0.0717
rufmot1,BR,0.007372754329413085,0.0074,0.0074,resident,0.0969,0.518,0.4142,365.0,9.69,0.003074677369378634,very_rare,0.3074677369378634,,peak_abundance_with_occupancy_days_modifiers,0.0969
whcela1,BR,0.007273483966498386,0.0029999999999999996,0.0073,postbreeding_migration,0.1604,0.3401,0.0897,63.0,16.04,0.0030332784125347693,very_rare,0.30332784125347695,,peak_abundance_with_occupancy_days_modifiers,0.1604
redkno,BR,0.00707491367196188,0.0031,0.0071,nonbreeding,0.0016,,,,0.16,0.002950468167738402,very_rare,0.2950468167738402,very_rare,peak_abundance_with_occupancy_days_modifiers,0.0016
comnig,BR,0.006876303939432157,0.003933333333333333,0.0069,postbreeding_migration,0.1272,0.0964,0.0196,56.0,12.72,0.0028676414760213194,very_rare,0.2867641476021319,,peak_abundance_with_occupancy_days_modifiers,0.1272
siltea1,BR,0.006876303939432157,0.0053,0.0069,nonbreeding,0.0133,0.0628,0.0562,238.0,1.3299999999999998,0.0028676414760213194,very_rare,0.2867641476021319,rare,peak_abundance_with_occupancy_days_modifiers,0.0133
ampkin1,BR,0.006876303939432157,0.0069,0.0069,resident,0.2069,0.6328,0.5773,365.0,20.69,0.0028676414760213194,very_rare,0.2867641476021319,,peak_abundance_with_occupancy_days_modifiers,0.2069
peakit1,BR,0.006782462086458757,0.0068055150716308,0.0068055150716308,resident,0.3945864559709375,0.6059724850972242,0.4440550451610043,365.0,39.45864559709375,0.0028285063836602,very_rare,0.28285063836602004,,peak_abundance_with_occupancy_days_modifiers,0.3945864559709375
stbwoo1,BR,0.006776984279023751,0.0068,0.0068,resident,0.1957,0.6462,0.7123,365.0,19.57,0.0028262219605257625,very_rare,0.28262219605257627,,peak_abundance_with_occupancy_days_modifiers,0.1957
libher,BR,0.006478966097709122,0.00465,0.0065,nonbreeding,0.0163,0.068,0.0857,133.0,1.63,0.002701938725684232,very_rare,0.2701938725684232,rare,peak_abundance_with_occupancy_days_modifiers,0.0163
bkbplo,BR,0.006478966097709122,0.0026,0.0065,nonbreeding,0.0056,0.0748,0.0521,98.0,0.5599999999999999,0.002701938725684232,very_rare,0.2701938725684232,very_rare,peak_abundance_with_occupancy_days_modifiers,0.0056
whcpin,BR,0.006478966097709122,0.005075,0.0065,breeding,0.0455,0.2797,0.048,105.0,4.55,0.002701938725684232,very_rare,0.2701938725684232,rare,peak_abundance_with_occupancy_days_modifiers,0.0455
whswar2,BR,0.006379606964039027,0.0064,0.0064,resident,0.065,0.9863,0.996,365.0,6.5,0.002660502748559955,very_rare,0.26605027485599547,,peak_abundance_with_occupancy_days_modifiers,0.065
bobher1,BR,0.006379606964039027,0.0064,0.0064,resident,0.1776,0.6123,0.5087,365.0,17.76,0.002660502748559955,very_rare,0.26605027485599547,,peak_abundance_with_occupancy_days_modifiers,0.1776
blchaw1,BR,0.006371504391246062,0.006391845603777,0.006391845603777,resident,0.1041552235863237,0.3099096752150716,0.4034532804500203,365.0,10.415522358632371,0.0026571237132514466,very_rare,0.26571237132514464,,peak_abundance_with_occupancy_days_modifiers,0.1041552235863237
shbdow,BR,0.006280237957150483,0.004066666666666666,0.0063,postbreeding_migration,0.0019,0.115,0.1115,105.0,0.19,0.002619062653983778,very_rare,0.2619062653983778,very_rare,peak_abundance_with_occupancy_days_modifiers,0.0019
amgplo,BR,0.006280237957150483,0.0043,0.0063,postbreeding_migration,0.0207,0.0563,0.1735,98.0,2.07,0.002619062653983778,very_rare,0.2619062653983778,rare,peak_abundance_with_occupancy_days_modifiers,0.0207
grcfly1,BR,0.006280237957150483,0.0063,0.0063,resident,0.0613,0.3146,0.2521,365.0,6.13,0.002619062653983778,very_rare,0.2619062653983778,,peak_abundance_with_occupancy_days_modifiers,0.0613
sungre1,BR,0.006191129721911187,0.0062103343779107,0.0062103343779107,resident,0.3496632605740263,0.5673220864773724,0.4952853079718309,365.0,34.96632605740263,0.002581901633546369,very_rare,0.2581901633546369,,peak_abundance_with_occupancy_days_modifiers,0.3496632605740263
garkin1,BR,0.006180859075081115,0.0062,0.0062,resident,0.2169,0.6465,0.6025,365.0,21.69,0.0025776184411373257,very_rare,0.2577618441137326,,peak_abundance_with_occupancy_days_modifiers,0.2169
capher1,BR,0.006115646347905549,0.0061343850934027,0.0061343850934027,resident,0.1625770706436534,0.4271595874144844,0.2582202548320045,365.0,16.25770706436534,0.002550422621572053,very_rare,0.2550422621572053,,peak_abundance_with_occupancy_days_modifiers,0.1625770706436534
santer1,BR,0.00608147031586796,0.0033250000000000003,0.0061,nonbreeding,0.0033,0.0812,0.1215,98.0,0.33,0.002536170109201979,very_rare,0.2536170109201979,very_rare,peak_abundance_with_occupancy_days_modifiers,0.0033
schbla1,BR,0.005863447772814548,0.0058806714295891,0.0058806714295891,resident,0.0582094450197932,0.2638830136376542,0.1070685329550367,365.0,5.82094450197932,0.0024452476466880406,very_rare,0.24452476466880405,,peak_abundance_with_occupancy_days_modifiers,0.0582094450197932
whihaw1,BR,0.005783244755727333,0.0058,0.0058,resident,0.1196,0.5882,0.5677,365.0,11.959999999999999,0.002411800390672712,very_rare,0.2411800390672712,,peak_abundance_with_occupancy_days_modifiers,0.1196
bkbalb,BR,0.0056416313175450495,0.00287800094581469,0.0056575752887408,nonbreeding,0.0078438387790538,0.0015227644824816,8.171462456954795e-05,0.0,0.78438387790538,0.0023527429998897705,very_rare,0.23527429998897706,very_rare,peak_abundance_with_occupancy_days_modifiers,0.0078438387790538
heptan,BR,0.005584378293900615,0.00465,0.0056,breeding,0.1254,0.3345,0.1547,140.0,12.540000000000001,0.0023288666345230463,very_rare,0.23288666345230463,,peak_abundance_with_occupancy_days_modifiers,0.1254
soogra2,BR,0.005498425800215264,0.0055135698868451,0.0055135698868451,resident,0.1501122143885309,0.9171683962884056,0.9470565776350348,365.0,15.01122143885309,0.0022930216605325667,very_rare,0.22930216605325668,,peak_abundance_with_occupancy_days_modifiers,0.1501122143885309
royfly1,BR,0.005385472276337817,0.0054,0.0054,resident,0.3034,0.7212,0.7257,365.0,30.34,0.0022459163823501686,very_rare,0.22459163823501685,,peak_abundance_with_occupancy_days_modifiers,0.3034
litpar2,BR,0.005211982848483033,0.0052255888589168,0.0052255888589168,resident,0.0114009439364422,0.0443828589057675,0.0459994345240747,365.0,1.14009439364422,0.0021735656713650236,very_rare,0.21735656713650237,rare,peak_abundance_with_occupancy_days_modifiers,0.0114009439364422
tabsee1,BR,0.005158402633310525,0.0036021709947800747,0.0051717300984637,breeding,0.1213790055812847,0.3429102681634856,0.097886721689603,105.0,12.13790055812847,0.002151220986098627,very_rare,0.2151220986098627,,peak_abundance_with_occupancy_days_modifiers,0.1213790055812847
orheag1,BR,0.005087039048557106,0.0051,0.0051,resident,0.2052,0.5808,0.5918,365.0,20.52,0.002121460059688336,very_rare,0.21214600596883357,,peak_abundance_with_occupancy_days_modifiers,0.2052
whcswi1,BR,0.004997814176002732,0.0050103240813163,0.0050103240813163,resident,0.0320832542515686,0.1842356768256895,0.2088339523103263,365.0,3.20832542515686,0.0020842503977124634,very_rare,0.20842503977124635,rare,peak_abundance_with_occupancy_days_modifiers,0.0320832542515686
willet1,BR,0.004987541511039074,0.0021,0.005,nonbreeding,0.0016,0.0826,0.0941,28.0,0.16,0.0020799663636762796,very_rare,0.20799663636762797,rare,peak_abundance_with_occupancy_days_modifiers,0.0016
brbmot1,BR,0.004987541511039074,0.005,0.005,resident,0.101,0.6699,0.5246,365.0,10.100000000000001,0.0020799663636762796,very_rare,0.20799663636762797,,peak_abundance_with_occupancy_days_modifiers,0.101
whceme1,BR,0.004904854833511865,0.0049169033246265,0.0049169033246265,resident,0.2624089526579125,0.3057933679630069,0.2411400819194521,365.0,26.24089526579125,0.0020454833408082578,very_rare,0.2045483340808258,,peak_abundance_with_occupancy_days_modifiers,0.2624089526579125
wardor1,BR,0.004788462364705632,0.0024488622563582614,0.0047999453719479,postbreeding_migration,0.1188453729118616,0.1570906308958645,0.3591188332537318,91.0,11.884537291186161,0.0019969439111981635,very_rare,0.19969439111981635,,peak_abundance_with_occupancy_days_modifiers,0.1188453729118616
reevir1,BR,0.004688989486131542,0.004233333333333333,0.0047,nonbreeding,0.1254,0.3255,0.2878,105.0,12.540000000000001,0.0019554604987645544,very_rare,0.19554604987645544,,peak_abundance_with_occupancy_days_modifiers,0.1254
spbwoo1,BR,0.004671166194464041,0.0046820930984421,0.0046820930984421,resident,0.0490150277397526,0.1599103344811653,0.101167293441514,365.0,4.901502773975261,0.001948027608817452,very_rare,0.1948027608817452,rare,peak_abundance_with_occupancy_days_modifiers,0.0490150277397526
lobsta1,BR,0.0045894523338072864,0.0046,0.0046,resident,0.1789,0.617,0.5849,365.0,17.89,0.0019139502820952148,very_rare,0.19139502820952148,,peak_abundance_with_occupancy_days_modifiers,0.1789
gocspa1,BR,0.0045894523338072864,0.0046,0.0046,resident,0.1301,0.5528,0.6413,365.0,13.01,0.0019139502820952148,very_rare,0.19139502820952148,,peak_abundance_with_occupancy_days_modifiers,0.1301
spwpig3,BR,0.0045894523338072864,0.0046,0.0046,resident,0.0109,0.048,0.0102,365.0,1.09,0.0019139502820952148,very_rare,0.19139502820952148,rare,peak_abundance_with_occupancy_days_modifiers,0.0109
unicra1,BR,0.004390348301292895,0.0044,0.0044,resident,0.0725,0.7303,0.934,365.0,7.249999999999999,0.0018309174512735364,very_rare,0.18309174512735363,,peak_abundance_with_occupancy_days_modifiers,0.0725
colplo1,BR,0.004390348301292895,0.0044,0.0044,resident,0.0125,0.3011,0.3353,365.0,1.25,0.0018309174512735364,very_rare,0.18309174512735363,rare,peak_abundance_with_occupancy_days_modifiers,0.0125
baytan3,BR,0.004390348301292895,0.0037,0.0044,nonbreeding,0.041,0.1223,0.0638,301.0,4.1000000000000005,0.0018309174512735364,very_rare,0.18309174512735363,rare,peak_abundance_with_occupancy_days_modifiers,0.041
litcuc2,BR,0.004341104626503238,0.0043505408708259,0.0043505408708259,resident,0.1697435745436545,0.4583946121126614,0.3583222137897696,365.0,16.97435745436545,0.0018103812438135384,very_rare,0.18103812438135383,,peak_abundance_with_occupancy_days_modifiers,0.1697435745436545
peptyr1,BR,0.004333771074843151,0.004343175441257,0.004343175441257,resident,0.0560827270789856,0.0241691989933021,0.0112769742334399,365.0,5.608272707898561,0.001807322915227092,very_rare,0.1807322915227092,,peak_abundance_with_occupancy_days_modifiers,0.0560827270789856
bahtan1,BR,0.004290781417156275,0.0043,0.0043,resident,0.0572,0.4332,0.2194,365.0,5.72,0.0017893948354753858,very_rare,0.17893948354753858,,peak_abundance_with_occupancy_days_modifiers,0.0572
boboli,BR,0.004290781417156275,0.0033000000000000004,0.0043,postbreeding_migration,0.0357,0.1081,0.0696,49.0,3.5700000000000003,0.0017893948354753858,very_rare,0.17893948354753858,rare,peak_abundance_with_occupancy_days_modifiers,0.0357
greyel,BR,0.004191204618468071,0.002175,0.0042,postbreeding_migration,0.012,0.0306,0.0278,133.0,1.2,0.0017478680849880779,very_rare,0.1747868084988078,rare,peak_abundance_with_occupancy_days_modifiers,0.012
whveup1,BR,0.003941431177588896,0.0039492088324594,0.0039492088324594,resident,0.3192339223653924,0.5243492441794342,0.3791744805850182,365.0,31.92339223653924,0.0016437044696239415,very_rare,0.16437044696239414,,peak_abundance_with_occupancy_days_modifiers,0.3192339223653924
blcant4,BR,0.0038924147153438387,0.0039,0.0039,resident,0.0188,0.165,0.1116,365.0,1.8800000000000001,0.001623263017154774,very_rare,0.1623263017154774,rare,peak_abundance_with_occupancy_days_modifiers,0.0188
sunbit1,BR,0.003848102032188711,0.003855515483002,0.003855515483002,resident,0.1535337830844028,0.32597173163938,0.169502411194111,365.0,15.35337830844028,0.0016047831929281615,very_rare,0.16047831929281614,,peak_abundance_with_occupancy_days_modifiers,0.1535337830844028
rivwar1,BR,0.003792798238696237,0.0038,0.0038,resident,0.0799,0.5942,0.6828,365.0,7.99,0.0015817197196731716,very_rare,0.15817197196731717,,peak_abundance_with_occupancy_days_modifiers,0.0799
tromoc,BR,0.0036931718376175702,0.0037,0.0037,resident,0.0084,0.0577,0.0527,365.0,0.84,0.0015401722833823486,very_rare,0.15401722833823486,very_rare,peak_abundance_with_occupancy_days_modifiers,0.0084
bkpwar,BR,0.0036931718376175702,0.0028666666666666667,0.0037,postbreeding_migration,0.1108,0.3987,0.2186,112.0,11.08,0.0015401722833823486,very_rare,0.15401722833823486,,peak_abundance_with_occupancy_days_modifiers,0.1108
lowhar1,BR,0.0036931718376175702,0.0037,0.0037,breeding,0.1067,0.3754,0.2183,42.0,10.67,0.0015401722833823486,very_rare,0.15401722833823486,,peak_abundance_with_occupancy_days_modifiers,0.1067
oilbir1,BR,0.0036774937100102823,0.0036842639866765,0.0036842639866765,resident,0.0472389173631176,0.0280280314018495,0.0179056516076749,365.0,4.72389173631176,0.0015336339963332281,very_rare,0.15336339963332282,rare,peak_abundance_with_occupancy_days_modifiers,0.0472389173631176
biccon1,BR,0.0036624162972824247,0.0036691311388623,0.0036691311388623,resident,0.0223282270583534,0.7837554087588944,0.7758318855386677,365.0,2.23282270583534,0.001527346226846847,very_rare,0.1527346226846847,rare,peak_abundance_with_occupancy_days_modifiers,0.0223282270583534
whtnig1,BR,0.0036460522179020587,0.0036527071519108,0.0036527071519108,resident,0.0540475029801989,0.1252751503684111,0.1722916226595725,365.0,5.40475029801989,0.0015205218756893703,very_rare,0.15205218756893704,,peak_abundance_with_occupancy_days_modifiers,0.0540475029801989
frbtho1,BR,0.00349388925425578,0.0035,0.0035,resident,0.0129,0.1421,0.1249,365.0,1.29,0.0014570649910737887,very_rare,0.14570649910737887,rare,peak_abundance_with_occupancy_days_modifiers,0.0129
spetyr1,BR,0.00349388925425578,0.00245,0.0035,nonbreeding,0.0198,0.0865,0.0534,98.0,1.9800000000000002,0.0014570649910737887,very_rare,0.14570649910737887,rare,peak_abundance_with_occupancy_days_modifiers,0.0198
comwax,BR,0.00349388925425578,0.0035,0.0035,resident,0.0035,0.0048,0.012,365.0,0.35000000000000003,0.0014570649910737887,very_rare,0.14570649910737887,very_rare,peak_abundance_with_occupancy_days_modifiers,0.0035
rocpig,BR,0.00349388925425578,0.0035,0.0035,resident,0.0021,0.0011,0.0006,365.0,0.21,0.0014570649910737887,very_rare,0.14570649910737887,very_rare,peak_abundance_with_occupancy_days_modifiers,0.0021
mouant,BR,0.0034894285676569073,0.0034955237109817,0.0034955237109817,resident,0.0988606550130139,0.172553504019048,0.1447041320663411,365.0,9.88606550130139,0.00145520474027405,very_rare,0.145520474027405,,peak_abundance_with_occupancy_days_modifiers,0.0988606550130139
whtgol1,BR,0.003389307073015005,0.0033950572687904,0.0033950572687904,resident,0.1556527721855602,0.5790010676754791,0.4651960702351227,365.0,15.56527721855602,0.0014134508339305656,very_rare,0.14134508339305657,,peak_abundance_with_occupancy_days_modifiers,0.1556527721855602
chiswa1,BR,0.003294566949430031,0.0020666666666666667,0.0033,nonbreeding,0.004,0.0275,0.0236,70.0,0.4,0.0013739411336281234,very_rare,0.13739411336281235,very_rare,peak_abundance_with_occupancy_days_modifiers,0.004
hobkit,BR,0.003294566949430031,0.0033,0.0033,resident,0.388,0.6508,0.5541,365.0,38.800000000000004,0.0013739411336281234,very_rare,0.13739411336281235,,peak_abundance_with_occupancy_days_modifiers,0.388
blteme1,BR,0.003194890896519197,0.0032,0.0032,resident,0.1422,0.4465,0.2503,365.0,14.219999999999999,0.0013323729909149931,very_rare,0.1332372990914993,,peak_abundance_with_occupancy_days_modifiers,0.1422
yelthr1,BR,0.003194890896519197,0.0032,0.0032,resident,0.0139,0.7503,0.7921,365.0,1.39,0.0013323729909149931,very_rare,0.1332372990914993,rare,peak_abundance_with_occupancy_days_modifiers,0.0139
zothaw,BR,0.003194890896519197,0.00255,0.0032,breeding,0.4226,0.5105,0.383,126.0,42.26,0.0013323729909149931,very_rare,0.1332372990914993,,peak_abundance_with_occupancy_days_modifiers,0.4226
rubsee1,BR,0.003194890896519197,0.0032,0.0032,resident,0.0112,0.0899,0.0974,365.0,1.1199999999999999,0.0013323729909149931,very_rare,0.1332372990914993,rare,peak_abundance_with_occupancy_days_modifiers,0.0112
bucsap1,BR,0.0031851094969620668,0.0031901873479551,0.0031901873479551,resident,0.0783831942785746,0.7061036444030082,0.8142866211270675,365.0,7.83831942785746,0.0013282938304662,very_rare,0.13282938304662,,peak_abundance_with_occupancy_days_modifiers,0.0783831942785746
beabel1,BR,0.003143841131019037,0.003148788182437,0.003148788182437,resident,0.0805327423566287,0.76698816321047,0.5890278230490793,365.0,8.05327423566287,0.001311083585126786,very_rare,0.1311083585126786,,peak_abundance_with_occupancy_days_modifiers,0.0805327423566287
grrpar1,BR,0.003095204907302419,0.0031,0.0031,resident,0.0054,0.1073,0.078,365.0,0.54,0.001290800704440433,very_rare,0.1290800704440433,very_rare,peak_abundance_with_occupancy_days_modifiers,0.0054
robpoc1,BR,0.002895803112025565,0.0029,0.0029,resident,0.0023,0.0358,0.0254,365.0,0.22999999999999998,0.0012076436969017555,very_rare,0.12076436969017555,very_rare,peak_abundance_with_occupancy_days_modifiers,0.0023
comter,BR,0.002895803112025565,0.0014750000000000002,0.0029,nonbreeding,0.0039,0.0027,0.0021,35.0,0.38999999999999996,0.0012076436969017555,very_rare,0.12076436969017555,very_rare,peak_abundance_with_occupancy_days_modifiers,0.0039
brofly1,BR,0.0026963615477426086,0.0027,0.0027,resident,0.095,0.6401,0.6778,365.0,9.5,0.0011244701043994507,very_rare,0.11244701043994507,,peak_abundance_with_occupancy_days_modifiers,0.095
aldfly,BR,0.0026963615477426086,0.0013666666666666669,0.0027,postbreeding_migration,0.1334,0.1195,0.0255,49.0,13.34,0.0011244701043994507,very_rare,0.11244701043994507,,peak_abundance_with_occupancy_days_modifiers,0.1334
whbmoc1,BR,0.002496880198587199,0.001325,0.0025,nonbreeding,0.0227,0.0805,0.0324,126.0,2.27,0.0010412799203166443,very_rare,0.10412799203166442,rare,peak_abundance_with_occupancy_days_modifiers,0.0227
sbffal1,BR,0.002496880198587199,0.0025,0.0025,resident,0.153,0.7525,0.8942,365.0,15.299999999999999,0.0010412799203166443,very_rare,0.10412799203166442,,peak_abundance_with_occupancy_days_modifiers,0.153
bltsta2,BR,0.002496880198587199,0.00185,0.0025,postbreeding_migration,0.1745,0.9629,0.9799,77.0,17.45,0.0010412799203166443,very_rare,0.10412799203166442,,peak_abundance_with_occupancy_days_modifiers,0.1745
gyctyr2,BR,0.002496880198587199,0.000925,0.0025,nonbreeding,0.0208,0.0779,0.045,112.0,2.08,0.0010412799203166443,very_rare,0.10412799203166442,rare,peak_abundance_with_occupancy_days_modifiers,0.0208
magpen1,BR,0.002453912071750359,0.0024569253782706,0.0024569253782706,nonbreeding,0.0114660074610604,0.098042887910853,0.0106991316098776,63.0,1.1466007461060401,0.0010233608196269168,very_rare,0.10233608196269167,rare,peak_abundance_with_occupancy_days_modifiers,0.0114660074610604
blnswa2,BR,0.0023971245997214934,0.0024,0.0024,resident,0.0007,0.0216,0.0311,0.0,0.06999999999999999,0.000999678604363726,very_rare,0.09996786043637261,very_rare,peak_abundance_with_occupancy_days_modifiers,0.0007
burwar1,BR,0.0023971245997214934,0.0024,0.0024,resident,0.0454,0.3179,0.1549,365.0,4.54,0.000999678604363726,very_rare,0.09996786043637261,rare,peak_abundance_with_occupancy_days_modifiers,0.0454
phecuc1,BR,0.002333349729019964,0.0023360741080632,0.0023360741080632,resident,0.1926701379240573,0.5645866632641746,0.3738241185914185,365.0,19.26701379240573,0.0009730824175222857,very_rare,0.09730824175222857,,peak_abundance_with_occupancy_days_modifiers,0.1926701379240573
soater1,BR,0.0022973590486834897,0.001075,0.0023,prebreeding_migration,0.0013,0.175,0.2431,14.0,0.13,0.0009580731380325941,very_rare,0.09580731380325941,rare,peak_abundance_with_occupancy_days_modifiers,0.0013
grhowl,BR,0.0021975835434872217,0.0022,0.0022,resident,0.054,0.054,0.0254,365.0,5.4,0.0009164635204950369,very_rare,0.0916463520495037,,peak_abundance_with_occupancy_days_modifiers,0.054
bicwre1,BR,0.0021975835434872217,0.0022,0.0022,resident,0.0024,0.03,0.0486,365.0,0.24,0.0009164635204950369,very_rare,0.0916463520495037,very_rare,peak_abundance_with_occupancy_days_modifiers,0.0024
bubsan,BR,0.0021975835434872217,0.00165,0.0022,nonbreeding,0.0021,0.1496,0.3654,84.0,0.21,0.0009164635204950369,very_rare,0.0916463520495037,very_rare,peak_abundance_with_occupancy_days_modifiers,0.0021
masduc,BR,0.0021975835434872217,0.0022,0.0022,resident,0.0383,0.6282,0.5421,365.0,3.83,0.0009164635204950369,very_rare,0.0916463520495037,rare,peak_abundance_with_occupancy_days_modifiers,0.0383
royter1,BR,0.0021975835434872217,0.0013,0.0022,breeding,0.0017,0.07,0.0413,0.0,0.16999999999999998,0.0009164635204950369,very_rare,0.0916463520495037,very_rare,peak_abundance_with_occupancy_days_modifiers,0.0017
ruwant4,BR,0.002097798082146129,0.0021,0.0021,resident,0.0087,0.8058,0.7229,365.0,0.8699999999999999,0.0008748497509225938,very_rare,0.08748497509225937,very_rare,peak_abundance_with_occupancy_days_modifiers,0.0087
strwoo,BR,0.002097798082146129,0.0021,0.0021,resident,0.1383,0.6001,0.5548,365.0,13.83,0.0008748497509225938,very_rare,0.08748497509225937,,peak_abundance_with_occupancy_days_modifiers,0.1383
wibant1,BR,0.002097798082146129,0.0021,0.0021,resident,0.1008,0.7437,0.8429,365.0,10.08,0.0008748497509225938,very_rare,0.08748497509225937,,peak_abundance_with_occupancy_days_modifiers,0.1008
crebob1,BR,0.002097798082146129,0.0021,0.0021,resident,0.0047,0.0473,0.039,365.0,0.47000000000000003,0.0008748497509225938,very_rare,0.08748497509225937,very_rare,peak_abundance_with_occupancy_days_modifiers,0.0047
gobsal1,BR,0.002097798082146129,0.0021,0.0021,resident,0.0089,0.0388,0.014,365.0,0.89,0.0008748497509225938,very_rare,0.08748497509225937,very_rare,peak_abundance_with_occupancy_days_modifiers,0.0089
sharpb1,BR,0.0020234764287970545,0.0020255250387643,0.0020255250387643,resident,0.030158542828107,0.6503000195809441,0.8217527171695804,365.0,3.0158542828107,0.0008438552140918745,very_rare,0.08438552140918744,rare,peak_abundance_with_occupancy_days_modifiers,0.030158542828107
whtswa1,BR,0.0020003993125836234,0.0020024014460881,0.0020024014460881,resident,0.0510127291050493,0.2803347001711556,0.1847496270467938,365.0,5.10127291050493,0.0008342313091302122,very_rare,0.08342313091302121,,peak_abundance_with_occupancy_days_modifiers,0.0510127291050493
whtgre3,BR,0.001998002662673056,0.00155,0.002,prebreeding_migration,0.0047,0.033,0.0215,126.0,0.47000000000000003,0.000833231828486557,very_rare,0.0833231828486557,very_rare,peak_abundance_with_occupancy_days_modifiers,0.0047
whtkit,BR,0.001998002662673056,0.002,0.002,resident,0.0776,0.3571,0.1692,365.0,7.76,0.000833231828486557,very_rare,0.0833231828486557,,peak_abundance_with_occupancy_days_modifiers,0.0776
ameoys,BR,0.001998002662673056,0.00165,0.002,prebreeding_migration,0.0018,0.1586,0.1009,84.0,0.18,0.000833231828486557,very_rare,0.0833231828486557,very_rare,peak_abundance_with_occupancy_days_modifiers,0.0018
dowant1,BR,0.001985179045081861,0.0019871508175603,0.0019871508175603,resident,0.2020502527709299,0.6069803808441647,0.6026989335288798,365.0,20.20502527709299,0.0008278839645758325,very_rare,0.08278839645758325,,peak_abundance_with_occupancy_days_modifiers,0.2020502527709299
baerob1,BR,0.0018981972830802527,0.0019,0.0019,resident,0.0523,0.607,0.2702,365.0,5.2299999999999995,0.0007916097523579702,very_rare,0.07916097523579702,,peak_abundance_with_occupancy_days_modifiers,0.0523
easmea,BR,0.0018981972830802527,0.0014,0.0019,nonbreeding,0.006,0.0148,0.009,84.0,0.6,0.0007916097523579702,very_rare,0.07916097523579702,very_rare,peak_abundance_with_occupancy_days_modifiers,0.006
scatan,BR,0.0018981972830802527,0.0012666666666666666,0.0019,postbreeding_migration,0.0636,0.3052,0.1592,56.0,6.36,0.0007916097523579702,very_rare,0.07916097523579702,,peak_abundance_with_occupancy_days_modifiers,0.0636
rintea1,BR,0.0017983819413793735,0.0018,0.0018,resident,0.0037,0.0325,0.0158,365.0,0.37,0.0007499835217076287,very_rare,0.07499835217076287,very_rare,peak_abundance_with_occupancy_days_modifiers,0.0037
masyel2,BR,0.001751014700466016,0.0017525486218823,0.0017525486218823,resident,0.0393404686834653,0.2689286951320118,0.493246350850303,365.0,3.93404686834653,0.0007302298479543712,very_rare,0.07302298479543712,rare,peak_abundance_with_occupancy_days_modifiers,0.0393404686834653
uplsan,BR,0.0016985566355814774,0.0013333333333333333,0.0017,nonbreeding,0.0113,0.0575,0.0456,126.0,1.13,0.00070835313570608,very_rare,0.070835313570608,rare,peak_abundance_with_occupancy_days_modifiers,0.0113
wbwwre1,BR,0.0016985566355814774,0.0017,0.0017,resident,0.0352,0.1991,0.0974,365.0,3.52,0.00070835313570608,very_rare,0.070835313570608,rare,peak_abundance_with_occupancy_days_modifiers,0.0352
olsfly,BR,0.0016985566355814774,0.0007999999999999999,0.0017,nonbreeding,0.1256,0.4325,0.2751,91.0,12.559999999999999,0.00070835313570608,very_rare,0.070835313570608,,peak_abundance_with_occupancy_days_modifiers,0.1256
yebpin1,BR,0.0016985566355814774,0.0017,0.0017,resident,0.0082,0.0439,0.0054,365.0,0.8200000000000001,0.00070835313570608,very_rare,0.070835313570608,very_rare,peak_abundance_with_occupancy_days_modifiers,0.0082
bcwfin2,BR,0.0015987213636970278,0.0016,0.0016,resident,0.0057,0.0353,0.0139,365.0,0.5700000000000001,0.0006667185935236227,very_rare,0.06667185935236226,very_rare,peak_abundance_with_occupancy_days_modifiers,0.0057
goctan2,BR,0.0015987213636970278,0.0016,0.0016,resident,0.0072,1.0,1.0,365.0,0.72,0.0006667185935236227,very_rare,0.06667185935236226,very_rare,peak_abundance_with_occupancy_days_modifiers,0.0072
yebcuc,BR,0.0015987213636970278,0.0007,0.0016,postbreeding_migration,0.0934,0.1215,0.0453,63.0,9.34,0.0006667185935236227,very_rare,0.06667185935236226,,peak_abundance_with_occupancy_days_modifiers,0.0934
wrlrus1,BR,0.0014988761237358919,0.0014000000000000002,0.0015,nonbreeding,0.0055,0.0366,0.0284,231.0,0.5499999999999999,0.0006250798943303071,very_rare,0.06250798943303071,very_rare,peak_abundance_with_occupancy_days_modifiers,0.0055
azstan1,BR,0.0014988761237358919,0.0015,0.0015,resident,0.0061,1.0,1.0,365.0,0.61,0.0006250798943303071,very_rare,0.06250798943303071,very_rare,peak_abundance_with_occupancy_days_modifiers,0.0061
sootyr1,BR,0.0014988761237358919,0.0015,0.0015,resident,0.0156,0.1814,0.1435,365.0,1.5599999999999998,0.0006250798943303071,very_rare,0.06250798943303071,rare,peak_abundance_with_occupancy_days_modifiers,0.0156
swahaw,BR,0.0014988761237358919,0.0008666666666666666,0.0015,nonbreeding,0.0039,0.0317,0.0168,56.0,0.38999999999999996,0.0006250798943303071,very_rare,0.06250798943303071,very_rare,peak_abundance_with_occupancy_days_modifiers,0.0039
stbbit1,BR,0.0013994219997841859,0.0014004016476779,0.0014004016476779,resident,0.0610603890694591,0.0731572326039185,0.1489189959831424,365.0,6.10603890694591,0.0005836043031816798,very_rare,0.058360430318167976,,peak_abundance_with_occupancy_days_modifiers,0.0610603890694591
stcspi2,BR,0.001399020913707341,0.0014,0.0014,resident,0.0094,0.0467,0.0244,365.0,0.9400000000000001,0.0005834370372959348,very_rare,0.05834370372959348,very_rare,peak_abundance_with_occupancy_days_modifiers,0.0094
bcbeag1,BR,0.001399020913707341,0.0014,0.0014,resident,0.0289,0.1637,0.0656,365.0,2.8899999999999997,0.0005834370372959348,very_rare,0.05834370372959348,rare,peak_abundance_with_occupancy_days_modifiers,0.0289
yelori1,BR,0.00129915573162005,0.0013,0.0013,resident,0.0038,0.04,0.0284,365.0,0.38,0.0005417900215900586,very_rare,0.05417900215900586,very_rare,peak_abundance_with_occupancy_days_modifiers,0.0038
sheowl,BR,0.00129915573162005,0.000525,0.0013,breeding,0.0348,,,,3.4799999999999995,0.0005417900215900586,very_rare,0.05417900215900586,rare,peak_abundance_with_occupancy_days_modifiers,0.0348
ausneg1,BR,0.00129915573162005,0.0008666666666666666,0.0013,nonbreeding,0.0039,0.0256,0.0193,91.0,0.38999999999999996,0.0005417900215900586,very_rare,0.05417900215900586,very_rare,peak_abundance_with_occupancy_days_modifiers,0.0039
chisku1,BR,0.0012232720279740524,0.0012240205303775,0.0012240205303775,nonbreeding,0.0191241076932069,0.0193940727516899,0.0016363837870828,14.0,1.91241076932069,0.0005101440591884116,very_rare,0.051014405918841155,rare,peak_abundance_with_occupancy_days_modifiers,0.0191241076932069
manshe,BR,0.0011924488594003727,0.0011931601092231,0.0011931601092231,postbreeding_migration,0.0057469691633019,0.0010857526108517,5.387032765701269e-05,0.0,0.57469691633019,0.0004972897994868067,very_rare,0.04972897994868067,very_rare,peak_abundance_with_occupancy_days_modifiers,0.0057469691633019
tinhaw1,BR,0.0011915862291563596,0.0011922964500956,0.0011922964500956,resident,0.3329997559824496,0.5139774874728831,0.3981930309562913,365.0,33.299975598244956,0.0004969300547333035,very_rare,0.04969300547333035,,peak_abundance_with_occupancy_days_modifiers,0.3329997559824496
grtman1,BR,0.0011790666444266757,0.0011797620167726,0.0011797620167726,resident,0.0405190809382424,0.7865575750919773,0.7972160522062288,365.0,4.05190809382424,0.000491708982373823,very_rare,0.0491708982373823,rare,peak_abundance_with_occupancy_days_modifiers,0.0405190809382424
sporai,BR,0.0011124262512312022,0.0011130452268137,0.0011130452268137,resident,0.0400103558181984,0.1113259358503467,0.1954127283436247,365.0,4.00103558181984,0.0004639177798340865,very_rare,0.046391777983408655,rare,peak_abundance_with_occupancy_days_modifiers,0.0400103558181984
batbel1,BR,0.0010993954433009636,0.0011,0.0011,resident,0.0099,0.9294,0.9805,365.0,0.9900000000000001,0.0004584835108407622,very_rare,0.04584835108407622,very_rare,peak_abundance_with_occupancy_days_modifiers,0.0099
bawhae1,BR,0.0010993954433009636,0.0011,0.0011,resident,0.1118,0.5139,0.621,365.0,11.18,0.0004584835108407622,very_rare,0.04584835108407622,,peak_abundance_with_occupancy_days_modifiers,0.1118
motowl,BR,0.0010993954433009636,0.0011,0.0011,resident,0.1026,0.5698,0.2788,365.0,10.26,0.0004584835108407622,very_rare,0.04584835108407622,,peak_abundance_with_occupancy_days_modifiers,0.1026
shbcan2,BR,0.001045547388286529,0.0009946884620185828,0.0010460941635003,prebreeding_migration,0.0065286839923146,0.0031968502979179,0.0013171567437433,0.0,0.65286839923146,0.0004360271276844691,very_rare,0.043602712768446905,very_rare,peak_abundance_with_occupancy_days_modifiers,0.0065286839923146
miskit,BR,0.0009995003330835331,0.0007000000000000001,0.001,postbreeding_migration,0.0066,0.0472,0.0483,21.0,0.66,0.00041682401413511066,very_rare,0.04168240141351107,rare,peak_abundance_with_occupancy_days_modifiers,0.0066
redsho1,BR,0.0009995003330835331,0.0006,0.001,nonbreeding,0.0024,0.026,0.0136,56.0,0.24,0.00041682401413511066,very_rare,0.04168240141351107,very_rare,peak_abundance_with_occupancy_days_modifiers,0.0024
triher,BR,0.0009995003330835331,0.00042500000000000003,0.001,postbreeding_migration,0.0007,0.0236,0.0489,0.0,0.06999999999999999,0.00041682401413511066,very_rare,0.04168240141351107,very_rare,peak_abundance_with_occupancy_days_modifiers,0.0007
chewoo3,BR,0.0009995003330835331,0.001,0.001,resident,0.0262,0.1324,0.0325,365.0,2.62,0.00041682401413511066,very_rare,0.04168240141351107,rare,peak_abundance_with_occupancy_days_modifiers,0.0262
subfly,BR,0.0009995003330835331,0.0008666666666666666,0.001,postbreeding_migration,0.0542,0.2403,0.2562,84.0,5.42,0.00041682401413511066,very_rare,0.04168240141351107,,peak_abundance_with_occupancy_days_modifiers,0.0542
shshaw,BR,0.000899595242836093,0.0006250000000000001,0.0009,postbreeding_migration,0.0575,0.067,0.0657,126.0,5.75,0.0003751603554337701,very_rare,0.03751603554337701,,peak_abundance_with_occupancy_days_modifiers,0.0575
goreup1,BR,0.000899595242836093,0.0009,0.0009,resident,0.0357,0.5759,0.3356,365.0,3.5700000000000003,0.0003751603554337701,very_rare,0.03751603554337701,rare,peak_abundance_with_occupancy_days_modifiers,0.0357
wilpha,BR,0.000899595242836093,0.0005666666666666666,0.0009,nonbreeding,0.0021,0.0157,0.001,35.0,0.21,0.0003751603554337701,very_rare,0.03751603554337701,very_rare,peak_abundance_with_occupancy_days_modifiers,0.0021
origoo1,BR,0.000899595242836093,0.0009,0.0009,resident,0.0026,0.097,0.0245,365.0,0.26,0.0003751603554337701,very_rare,0.03751603554337701,very_rare,peak_abundance_with_occupancy_days_modifiers,0.0026
swathr,BR,0.000899595242836093,0.00046666666666666666,0.0009,postbreeding_migration,0.025,0.0242,0.0136,35.0,2.5,0.0003751603554337701,very_rare,0.03751603554337701,rare,peak_abundance_with_occupancy_days_modifiers,0.025
lither2,BR,0.0008595697193032728,0.0008599392552274899,0.0008599392552274899,resident,0.0154486115293468,0.0322225048217513,0.0249762680362127,365.0,1.54486115293468,0.00035846841563693185,very_rare,0.03584684156369319,rare,peak_abundance_with_occupancy_days_modifiers,0.0154486115293468
whcpet1,BR,0.0008105922916206783,0.0008060533874727084,0.0008109209103382307,nonbreeding,0.0034096743637137,0.0009620118799056353,3.4592149890376755e-06,0.0,0.34096743637137,0.0003380432418446131,very_rare,0.03380432418446131,very_rare,peak_abundance_with_occupancy_days_modifiers,0.0034096743637137
pinbit1,BR,0.0008090107804707403,0.0008093381179594335,0.0008093381179594335,resident,0.0461765608316531,0.2851231260412997,0.3277015331236101,365.0,4.6176560831653095,0.00033738370046772323,very_rare,0.033738370046772326,rare,peak_abundance_with_occupancy_days_modifiers,0.0461765608316531
hrshaw,BR,0.0007996801705643322,0.0008,0.0008,resident,0.0382,0.2333,0.0622,365.0,3.82,0.0003334925339049559,very_rare,0.03334925339049559,rare,peak_abundance_with_occupancy_days_modifiers,0.0382
audshe,BR,0.0007962242662655436,0.0007965413369541801,0.0007965413369541801,postbreeding_migration,0.0036458970596563,0.00024945378223545,5.399229082201509e-05,0.0,0.36458970596563,0.00033205130987073154,very_rare,0.03320513098707315,very_rare,peak_abundance_with_occupancy_days_modifiers,0.0036458970596563
bltfly1,BR,0.0007584903546387909,0.0007587780811891704,0.0007587780811891704,resident,0.0599935137551474,0.5663173030739138,0.6980615023628546,365.0,5.99935137551474,0.0003163150464671982,very_rare,0.03163150464671982,,peak_abundance_with_occupancy_days_modifiers,0.0599935137551474
thbeup1,BR,0.0006997551142733419,0.0007,0.0007,resident,0.0142,0.131,0.0299,365.0,1.4200000000000002,0.0002918205487167264,very_rare,0.02918205487167264,rare,peak_abundance_with_occupancy_days_modifiers,0.0142
lakduc1,BR,0.0006997551142733419,0.0006000000000000001,0.0007,nonbreeding,0.0026,0.0162,0.0128,35.0,0.26,0.0002918205487167264,very_rare,0.02918205487167264,very_rare,peak_abundance_with_occupancy_days_modifiers,0.0026
rucdot1,BR,0.0006997551142733419,0.0002666666666666667,0.0007,nonbreeding,0.0014,0.0619,0.0611,14.0,0.13999999999999999,0.0002918205487167264,very_rare,0.02918205487167264,rare,peak_abundance_with_occupancy_days_modifiers,0.0014
yegvir,BR,0.0006997551142733419,0.0006333333333333333,0.0007,nonbreeding,0.0478,0.3142,0.127,70.0,4.78,0.0002918205487167264,very_rare,0.02918205487167264,rare,peak_abundance_with_occupancy_days_modifiers,0.0478
tatdot1,BR,0.0006200919450209343,0.0006202842417762431,0.0006202842417762431,nonbreeding,0.0063999546410709,0.0019429632734527,7.103171613656454e-05,0.0,0.63999546410709,0.0002585984267349666,very_rare,0.025859842673496662,very_rare,peak_abundance_with_occupancy_days_modifiers,0.0063999546410709
motpic1,BR,0.0005998200719676155,0.0006,0.0006,resident,0.0114,0.8157,0.7662,365.0,1.1400000000000001,0.0002501443990368907,very_rare,0.02501443990368907,rare,peak_abundance_with_occupancy_days_modifiers,0.0114
spfgal1,BR,0.0005998200719676155,0.0006,0.0006,resident,0.006,0.0661,0.0458,365.0,0.6,0.0002501443990368907,very_rare,0.02501443990368907,very_rare,peak_abundance_with_occupancy_days_modifiers,0.006
corpip1,BR,0.0005998200719676155,0.00045,0.0006,breeding,0.0029,0.0293,0.0201,154.0,0.29,0.0002501443990368907,very_rare,0.02501443990368907,very_rare,peak_abundance_with_occupancy_days_modifiers,0.0029
manrai1,BR,0.0005973158910751186,0.0005974943197363072,0.0005974943197363072,resident,0.0094187005017225,0.6916900843034925,0.7915037831379199,365.0,0.9418700501722501,0.0002491000744907224,very_rare,0.02491000744907224,very_rare,peak_abundance_with_occupancy_days_modifiers,0.0094187005017225
mcrtyr1,BR,0.000499875041651048,0.00039999999999999996,0.0005,nonbreeding,0.0031,0.033,0.0258,28.0,0.31,0.00020846408403300828,very_rare,0.020846408403300827,rare,peak_abundance_with_occupancy_days_modifiers,0.0031
sumtan,BR,0.000499875041651048,0.0003333333333333333,0.0005,nonbreeding,0.0113,0.0361,0.014,63.0,1.13,0.00020846408403300828,very_rare,0.020846408403300827,rare,peak_abundance_with_occupancy_days_modifiers,0.0113
whfwoo1,BR,0.000499875041651048,0.0005,0.0005,resident,0.0039,0.0358,0.0152,365.0,0.38999999999999996,0.00020846408403300828,very_rare,0.020846408403300827,very_rare,peak_abundance_with_occupancy_days_modifiers,0.0039
perfal,BR,0.000499875041651048,0.00036666666666666667,0.0005,nonbreeding,0.0136,,,,1.3599999999999999,0.00020846408403300828,very_rare,0.020846408403300827,rare,peak_abundance_with_occupancy_days_modifiers,0.0136
wilplo,BR,0.000499875041651048,0.000275,0.0005,nonbreeding,0.0021,0.1315,0.0787,49.0,0.21,0.00020846408403300828,very_rare,0.020846408403300827,very_rare,peak_abundance_with_occupancy_days_modifiers,0.0021
stbree2,BR,0.000499875041651048,0.0005,0.0005,resident,0.0041,0.4317,0.5208,365.0,0.41000000000000003,0.00020846408403300828,very_rare,0.020846408403300827,very_rare,peak_abundance_with_occupancy_days_modifiers,0.0041
scbwoo4,BR,0.000499875041651048,0.0005,0.0005,resident,0.0042,0.0335,0.0149,365.0,0.42,0.00020846408403300828,very_rare,0.020846408403300827,very_rare,peak_abundance_with_occupancy_days_modifiers,0.0042
twbplo1,BR,0.000499875041651048,0.000225,0.0005,nonbreeding,0.0002,0.0264,0.0143,0.0,0.02,0.00020846408403300828,very_rare,0.020846408403300827,very_rare,peak_abundance_with_occupancy_days_modifiers,0.0002
ycnher,BR,0.000499875041651048,0.000375,0.0005,prebreeding_migration,0.0013,0.0309,0.0543,49.0,0.13,0.00020846408403300828,very_rare,0.020846408403300827,very_rare,peak_abundance_with_occupancy_days_modifiers,0.0013
styowl1,BR,0.0004305482859815215,0.0004306409851981546,0.0004306409851981546,resident,0.1335273278308938,0.5690379504151266,0.3800282598826316,365.0,13.35273278308938,0.00017955258132649603,very_rare,0.017955258132649605,,peak_abundance_with_occupancy_days_modifiers,0.1335273278308938
leater1,BR,0.0003999200213269354,0.00035,0.0004,postbreeding_migration,0.0005,0.0261,0.0225,0.0,0.05,0.00016677960287238907,very_rare,0.016677960287238905,very_rare,peak_abundance_with_occupancy_days_modifiers,0.0005
buwcin1,BR,0.0003999200213269354,0.0003333333333333333,0.0004,nonbreeding,0.0017,0.0126,0.0153,35.0,0.16999999999999998,0.00016677960287238907,very_rare,0.016677960287238905,very_rare,peak_abundance_with_occupancy_days_modifiers,0.0017
blhduc1,BR,0.0003999200213269354,0.000325,0.0004,postbreeding_migration,0.0024,0.0197,0.0135,28.0,0.24,0.00016677960287238907,very_rare,0.016677960287238905,rare,peak_abundance_with_occupancy_days_modifiers,0.0024
bichaw1,BR,0.0003999200213269354,0.0004,0.0004,resident,0.1162,0.4789,0.2184,365.0,11.62,0.00016677960287238907,very_rare,0.016677960287238905,,peak_abundance_with_occupancy_days_modifiers,0.1162
grasal4,BR,0.0003999200213269354,0.0004,0.0004,resident,0.0016,0.019,0.0177,365.0,0.16,0.00016677960287238907,very_rare,0.016677960287238905,very_rare,peak_abundance_with_occupancy_days_modifiers,0.0016
ocecra1,BR,0.0003999200213269354,0.0004,0.0004,resident,0.009,0.4589,0.6053,365.0,0.8999999999999999,0.00016677960287238907,very_rare,0.016677960287238905,very_rare,peak_abundance_with_occupancy_days_modifiers,0.009
tufcoq1,BR,0.0003388095428309861,0.00033886694526679074,0.00033886694526679074,resident,0.0262287090491277,0.1119513154846719,0.0916263119534089,365.0,2.6228709049127703,0.0001412945538841898,very_rare,0.01412945538841898,rare,peak_abundance_with_occupancy_days_modifiers,0.0262287090491277
veery,BR,0.00029995500899797546,0.0003,0.0003,nonbreeding,0.0261,,,,2.6100000000000003,0.00012509095472209328,very_rare,0.012509095472209329,rare,peak_abundance_with_occupancy_days_modifiers,0.0261
amered,BR,0.00029995500899797546,0.00016666666666666666,0.0003,prebreeding_migration,0.0038,0.0139,0.0041,21.0,0.38,0.00012509095472209328,very_rare,0.012509095472209329,rare,peak_abundance_with_occupancy_days_modifiers,0.0038
leasan,BR,0.00029995500899797546,0.00016666666666666666,0.0003,nonbreeding,0.0018,0.0162,0.0021,14.0,0.18,0.00012509095472209328,very_rare,0.012509095472209329,rare,peak_abundance_with_occupancy_days_modifiers,0.0018
whbant1,BR,0.00029995500899797546,0.0003,0.0003,resident,0.0024,0.1244,0.0799,365.0,0.24,0.00012509095472209328,very_rare,0.012509095472209329,very_rare,peak_abundance_with_occupancy_days_modifiers,0.0024
dstkne,BR,0.00029995500899797546,0.0003,0.0003,resident,0.0017,0.0295,0.0167,365.0,0.16999999999999998,0.00012509095472209328,very_rare,0.012509095472209329,very_rare,peak_abundance_with_occupancy_days_modifiers,0.0017
eursta,BR,0.00029995500899797546,9.999999999999999e-05,0.0003,breeding,0.0001,0.0,0.0,0.0,0.01,0.00012509095472209328,very_rare,0.012509095472209329,very_rare,peak_abundance_with_occupancy_days_modifiers,0.0001
grbcra1,BR,0.0002620522454680325,0.0002620865841571546,0.0002620865841571546,resident,0.140817090919887,0.600255976970423,0.7687202141724692,365.0,14.081709091988701,0.00010928427460563019,very_rare,0.01092842746056302,,peak_abundance_with_occupancy_days_modifiers,0.140817090919887
slcsee1,BR,0.0002314792359201528,0.00023150602930581483,0.00023150602930581483,resident,0.0384549607778353,0.1224197598135809,0.0502691990588781,365.0,3.84549607778353,9.653433932086724e-05,very_rare,0.009653433932086725,rare,peak_abundance_with_occupancy_days_modifiers,0.0384549607778353
angpet1,BR,0.0002103012475529752,0.0002103233624105699,0.0002103233624105699,nonbreeding,0.0010509342613209,7.66166469490186e-05,6.422262544921451e-06,0.0,0.10509342613209,8.77024321865611e-05,very_rare,0.00877024321865611,very_rare,peak_abundance_with_occupancy_days_modifiers,0.0010509342613209
bkhber1,BR,0.00019998000266626675,0.0002,0.0002,resident,0.0018,1.0,1.0,365.0,0.18,8.339813874893117e-05,very_rare,0.008339813874893118,very_rare,peak_abundance_with_occupancy_days_modifiers,0.0018
stisan,BR,0.00019998000266626675,0.0001,0.0002,nonbreeding,0.0009,0.0131,0.006,28.0,0.09,8.339813874893117e-05,very_rare,0.008339813874893118,rare,peak_abundance_with_occupancy_days_modifiers,0.0009
brncac1,BR,0.00019998000266626675,0.0002,0.0002,resident,0.001,0.0069,0.0025,0.0,0.1,8.339813874893117e-05,very_rare,0.008339813874893118,very_rare,peak_abundance_with_occupancy_days_modifiers,0.001
batgod,BR,0.00019998000266626675,0.0002,0.0002,nonbreeding,0.0014,0.0414,0.0009,21.0,0.13999999999999999,8.339813874893117e-05,very_rare,0.008339813874893118,rare,peak_abundance_with_occupancy_days_modifiers,0.0014
baisan,BR,0.00019998000266626675,0.00016666666666666666,0.0002,nonbreeding,0.0009,0.0086,0.0015,0.0,0.09,8.339813874893117e-05,very_rare,0.008339813874893118,very_rare,peak_abundance_with_occupancy_days_modifiers,0.0009
hudgod,BR,0.00019998000266626675,0.000125,0.0002,nonbreeding,0.0006,0.0401,0.0121,0.0,0.06,8.339813874893117e-05,very_rare,0.008339813874893118,very_rare,peak_abundance_with_occupancy_days_modifiers,0.0006
sthwoo1,BR,0.00019998000266626675,0.0002,0.0002,resident,0.0032,0.0414,0.0145,365.0,0.32,8.339813874893117e-05,very_rare,0.008339813874893118,very_rare,peak_abundance_with_occupancy_days_modifiers,0.0032
bawnig1,BR,0.00019950499834188562,9.23363276706125e-05,0.0001995249007875911,prebreeding_migration,0.0248470041097749,0.016033319633925,0.0018208815886752,21.0,2.48470041097749,8.320004655959476e-05,very_rare,0.008320004655959477,rare,peak_abundance_with_occupancy_days_modifiers,0.0248470041097749
yebcra1,BR,0.00010048829400430798,0.00010049334312204825,0.00010049334312204825,resident,0.0108691042289095,0.1231008618212275,0.2502518920958936,365.0,1.08691042289095,4.1906873558789685e-05,very_rare,0.004190687355878969,rare,peak_abundance_with_occupancy_days_modifiers,0.0108691042289095
agaher1,BR,9.999500033330834e-05,0.0001,0.0001,resident,0.0276,0.4306,0.1312,365.0,2.76,4.170115411946329e-05,very_rare,0.004170115411946329,rare,peak_abundance_with_occupancy_days_modifiers,0.0276
whtpla1,BR,9.999500033330834e-05,0.0001,0.0001,nonbreeding,0.0006,0.0026,0.0011,0.0,0.06,4.170115411946329e-05,very_rare,0.004170115411946329,very_rare,peak_abundance_with_occupancy_days_modifiers,0.0006
rufgle1,BR,9.999500033330834e-05,0.0001,0.0001,resident,0.0075,,,,0.75,4.170115411946329e-05,very_rare,0.004170115411946329,very_rare,peak_abundance_with_occupancy_days_modifiers,0.0075
brwhaw,BR,9.999500033330834e-05,5e-05,0.0001,postbreeding_migration,0.0029,0.004,0.0002,7.0,0.29,4.170115411946329e-05,very_rare,0.004170115411946329,very_rare,peak_abundance_with_occupancy_days_modifiers,0.0029
cinhar1,BR,9.999500033330834e-05,0.0001,0.0001,breeding,0.004,0.0202,0.0069,189.0,0.4,4.170115411946329e-05,very_rare,0.004170115411946329,very_rare,peak_abundance_with_occupancy_days_modifiers,0.004
gregre1,BR,9.999500033330834e-05,0.0001,0.0001,resident,0.0012,0.1356,0.0164,365.0,0.12,4.170115411946329e-05,very_rare,0.004170115411946329,very_rare,peak_abundance_with_occupancy_days_modifiers,0.0012
leabit,BR,9.999500033330834e-05,2.5e-05,0.0001,breeding,0.0013,0.0226,0.0239,14.0,0.13,4.170115411946329e-05,very_rare,0.004170115411946329,rare,peak_abundance_with_occupancy_days_modifiers,0.0013
refcoo1,BR,9.999500033330834e-05,0.0001,0.0001,resident,0.0004,0.0143,0.0023,0.0,0.04,4.170115411946329e-05,very_rare,0.004170115411946329,very_rare,peak_abundance_with_occupancy_days_modifiers,0.0004
lalbru1,BR,9.999500033330834e-05,0.0001,0.0001,resident,0.0002,0.0017,0.0008,0.0,0.02,4.170115411946329e-05,very_rare,0.004170115411946329,very_rare,peak_abundance_with_occupancy_days_modifiers,0.0002
silgre1,BR,9.999500033330834e-05,3.3333333333333335e-05,0.0001,breeding,0.0002,0.0035,0.0019,0.0,0.02,4.170115411946329e-05,very_rare,0.004170115411946329,very_rare,peak_abundance_with_occupancy_days_modifiers,0.0002
lbsfin1,BR,8.54747724788055e-05,8.547842555125176e-05,8.547842555125176e-05,resident,0.0262778132197359,0.0665443362796147,0.0112094525816235,365.0,2.62778132197359,3.5645748773294976e-05,very_rare,0.0035645748773294977,rare,peak_abundance_with_occupancy_days_modifiers,0.0262778132197359
yelcar1,BR,3.042402917164707e-05,3.042449198711615e-05,3.042449198711615e-05,resident,0.0005558066881529596,0.0005107497556424429,0.00014295013742682714,0.0,0.055580668815295955,1.2687805642202553e-05,very_rare,0.0012687805642202553,very_rare,peak_abundance_with_occupancy_days_modifiers,0.0005558066881529596
olifla2,BR,2.2663299250798373e-05,2.2663556065304923e-05,2.2663556065304923e-05,resident,0.0136994042301417,0.0439433640291909,0.0088982363481423,365.0,1.3699404230141699,9.451329884161037e-06,very_rare,0.0009451329884161037,rare,peak_abundance_with_occupancy_days_modifiers,0.0136994042301417
norgip1,BR,1.754866083854891e-05,1.754881481719823e-05,1.754881481719823e-05,nonbreeding,0.0006520619028665052,0.00011169335538600516,4.816353155549428e-06,0.0,0.06520619028665052,7.318359995836798e-06,very_rare,0.0007318359995836798,very_rare,peak_abundance_with_occupancy_days_modifiers,0.0006520619028665052
soapas1,BR,0.0,0.0,0.0,resident,0.0007,0.018,0.0169,0.0,0.06999999999999999,0.0,very_rare,0.0,very_rare,peak_abundance_with_occupancy_days_modifiers,0.0007
bawsee1,BR,0.0,0.0,0.0,breeding,0.0,0.0195,0.0175,0.0,0.0,0.0,very_rare,0.0,very_rare,peak_abundance_with_occupancy_days_modifiers,0.0
bfpgua1,BR,0.0,0.0,0.0,resident,0.0003,0.9646,0.9823,0.0,0.03,0.0,very_rare,0.0,very_rare,peak_abundance_with_occupancy_days_modifiers,0.0003
brnpel,BR,0.0,0.0,0.0,nonbreeding,0.0,0.0025,0.0001,0.0,0.0,0.0,very_rare,0.0,very_rare,peak_abundance_with_occupancy_days_modifiers,0.0
brvear1,BR,0.0,0.0,0.0,resident,0.0001,0.0206,0.015,0.0,0.01,0.0,very_rare,0.0,very_rare,peak_abundance_with_occupancy_days_modifiers,0.0001
wessan,BR,0.0,0.0,0.0,nonbreeding,0.0001,0.0018,0.0,0.0,0.01,0.0,very_rare,0.0,very_rare,peak_abundance_with_occupancy_days_modifiers,0.0001
chiwig1,BR,0.0,0.0,0.0,breeding,0.0,0.0005,0.0002,0.0,0.0,0.0,very_rare,0.0,very_rare,peak_abundance_with_occupancy_days_modifiers,0.0
twbwar1,BR,0.0,0.0,0.0,resident,0.0003,0.0143,0.0008,0.0,0.03,0.0,very_rare,0.0,very_rare,peak_abundance_with_occupancy_days_modifiers,0.0003
cintea,BR,0.0,0.0,0.0,postbreeding_migration,0.0001,0.0004,0.0,0.0,0.01,0.0,very_rare,0.0,very_rare,peak_abundance_with_occupancy_days_modifiers,0.0001
sltred,BR,0.0,0.0,0.0,resident,0.0002,0.0025,0.0005,0.0,0.02,0.0,very_rare,0.0,very_rare,peak_abundance_with_occupancy_days_modifiers,0.0002
roster,BR,0.0,0.0,0.0,postbreeding_migration,0.0001,,,,0.01,0.0,very_rare,0.0,very_rare,peak_abundance_with_occupancy_days_modifiers,0.0001
goowoo1,BR,0.0,0.0,0.0,resident,0.0003,0.0032,0.0016,0.0,0.03,0.0,very_rare,0.0,very_rare,peak_abundance_with_occupancy_days_modifiers,0.0003
spetan1,BR,0.0,0.0,0.0,resident,0.0001,0.0083,0.0048,0.0,0.01,0.0,very_rare,0.0,very_rare,peak_abundance_with_occupancy_days_modifiers,0.0001
gybsht1,BR,0.0,0.0,0.0,nonbreeding,0.0012,0.0044,0.0029,7.0,0.12,0.0,very_rare,0.0,very_rare,peak_abundance_with_occupancy_days_modifiers,0.0012
wewpew,BR,0.0,0.0,0.0,nonbreeding,0.0,0.0008,0.0002,0.0,0.0,0.0,very_rare,0.0,very_rare,peak_abundance_with_occupancy_days_modifiers,0.0
piwtyr1,BR,0.0,0.0,0.0,resident,0.0005,0.0075,0.0014,0.0,0.05,0.0,very_rare,0.0,very_rare,peak_abundance_with_occupancy_days_modifiers,0.0005
father1,BR,0.0,0.0,0.0,resident,0.0006,0.0293,0.0047,0.0,0.06,0.0,very_rare,0.0,very_rare,peak_abundance_with_occupancy_days_modifiers,0.0006
