species_code,country_code,abundance,abundance_mean_avg,abundance_mean_max,peak_season,range_occupied_percent,range_total_percent,total_pop_percent,range_days_occupation,occupancy,score,frequency,frequency_pct,rarity_cap,commonness_basis,debug_range_occupied_max
eardov1,AR,1.9922346910410227,6.3319,6.3319,resident,0.8585,0.3317,0.6095,365.0,85.85000000000001,0.8308263974831822,abundant,83.08263974831821,,peak_abundance_with_occupancy_days_modifiers,0.8585
whfibi,AR,1.9875455269752988,4.310625,6.2976,prebreeding_migration,0.5351,0.5793,0.8179,119.0,53.510000000000005,0.8288708641790727,abundant,82.88708641790727,,peak_abundance_with_occupancy_days_modifiers,0.5351
monpar,AR,1.6327832764290915,4.1181,4.1181,resident,0.5315,0.6148,0.7258,365.0,53.15,0.6809235144467402,common,68.09235144467401,,peak_abundance_with_occupancy_days_modifiers,0.5315
uplgoo1,AR,1.5309573173604516,2.29885,3.6226,nonbreeding,0.3652,0.9524,0.8992,140.0,36.52,0.638458791227278,common,63.8458791227278,,peak_abundance_with_occupancy_days_modifiers,0.3652
rucspa1,AR,1.5225065322446412,3.5837,3.5837,resident,0.9661,0.3661,0.6775,365.0,96.61,0.6349345401010191,common,63.493454010101914,,peak_abundance_with_occupancy_days_modifiers,0.9661
soulap1,AR,1.4599861752633072,2.8205,3.3059,prebreeding_migration,0.9016,0.1924,0.462,175.0,90.16,0.6088615261163958,common,60.886152611639574,,peak_abundance_with_occupancy_days_modifiers,0.9016
pigdov1,AR,1.2857555357412778,2.6174,2.6174,resident,0.651,0.3082,0.5761,365.0,65.10000000000001,0.5362017058571481,common,53.62017058571481,,peak_abundance_with_occupancy_days_modifiers,0.651
burpar,AR,1.2787550326914443,2.5921648128283192,2.5921648128283192,resident,0.426939726112679,0.97290370910668,0.938058108821338,365.0,42.6939726112679,0.5332822693291033,common,53.328226932910326,,peak_abundance_with_occupancy_days_modifiers,0.426939726112679
chifla1,AR,1.2734335663350433,1.8164,2.5731,prebreeding_migration,0.4597,0.9116,0.8181,133.0,45.97,0.5310630454886096,common,53.10630454886096,,peak_abundance_with_occupancy_days_modifiers,0.4597
gryfin1,AR,1.2052519858243163,2.2564,2.3376,nonbreeding,0.4704,0.3928,0.8433,161.0,47.04,0.5026291179171364,common,50.26291179171364,,peak_abundance_with_occupancy_days_modifiers,0.4704
gryfin3,AR,1.0516676356341552,1.3839374571345717,1.862420614683556,nonbreeding,0.4120515740938565,0.3469112794249003,0.4320715273673787,133.0,41.20515740938565,0.4385794690719947,common,43.85794690719947,,peak_abundance_with_occupancy_days_modifiers,0.4120515740938565
categr1,AR,1.0276000086291874,1.0135633411150353,1.7943513614286015,nonbreeding,0.4417153249988083,0.1041492599580381,0.1271895450530305,140.0,44.171532499880826,0.4285424890262062,common,42.85424890262062,,peak_abundance_with_occupancy_days_modifiers,0.4417153249988083
chicar1,AR,1.0089428366705255,1.7427,1.7427,resident,0.8667,0.6828,0.8293,365.0,86.67,0.4207618439870721,common,42.07618439870721,,peak_abundance_with_occupancy_days_modifiers,0.8667
mosfin1,AR,0.9480322412131514,1.5806266091619527,1.5806266091619527,resident,0.5270909944670377,0.6536911927364834,0.813071266227129,365.0,52.70909944670377,0.3953601527004084,common,39.53601527004084,,peak_abundance_with_occupancy_days_modifiers,0.5270909944670377
picpig2,AR,0.9386391355379169,1.5565,1.5565,resident,0.6105,0.2172,0.2591,365.0,61.050000000000004,0.3914429233777647,common,39.14429233777647,,peak_abundance_with_occupancy_days_modifiers,0.6105
shicow,AR,0.9322821842922009,1.5403,1.5403,resident,0.7489,0.2294,0.5236,365.0,74.89,0.3887918687975965,common,38.87918687975965,,peak_abundance_with_occupancy_days_modifiers,0.7489
bawcow4,AR,0.8413085315404658,1.3194,1.3194,resident,0.583,0.5729,0.7833,365.0,58.3,0.3508529088339414,common,35.08529088339414,,peak_abundance_with_occupancy_days_modifiers,0.583
chcbla2,AR,0.8093734495280775,1.2465,1.2465,resident,0.3145,0.3229,0.5634,365.0,31.45,0.33753494521198574,common,33.753494521198576,,peak_abundance_with_occupancy_days_modifiers,0.3145
spwpig3,AR,0.805046273057354,1.2368,1.2368,resident,0.5345,0.7727,0.907,365.0,53.449999999999996,0.3357303724602851,common,33.573037246028505,,peak_abundance_with_occupancy_days_modifiers,0.5345
tatdot1,AR,0.792015858790355,0.8852048602095287,1.2078426422765969,nonbreeding,0.3894960068492951,0.9477458239183796,0.953951668773492,105.0,38.94960068492951,0.3302962676372699,common,33.02962676372699,,peak_abundance_with_occupancy_days_modifiers,0.3894960068492951
bknsti,AR,0.781249628781491,1.0825,1.1842,prebreeding_migration,0.4796,0.4023,0.5788,140.0,47.96,0.3258064009900498,common,32.58064009900498,,peak_abundance_with_occupancy_days_modifiers,0.4796
bryfin1,AR,0.7540073725386568,1.1255006455611007,1.1255006455611007,resident,0.3389021774264888,0.1793897392641021,0.3000657744720678,365.0,33.89021774264888,0.31444549772130864,common,31.444549772130863,,peak_abundance_with_occupancy_days_modifiers,0.3389021774264888
rufhor2,AR,0.7218803993828178,1.0583,1.0583,resident,0.591,0.2643,0.466,365.0,59.099999999999994,0.3010475092769065,common,30.10475092769065,,peak_abundance_with_occupancy_days_modifiers,0.591
wilpha,AR,0.7175470673834805,0.6111000000000001,1.0494,nonbreeding,0.3108,0.7701,0.369,133.0,31.080000000000002,0.29924036947038773,common,29.924036947038772,,peak_abundance_with_occupancy_days_modifiers,0.3108
y00678,AR,0.7139297197424739,1.042,1.042,resident,0.8744,0.2197,0.4516,365.0,87.44,0.29773181833304574,common,29.773181833304573,,peak_abundance_with_occupancy_days_modifiers,0.8744
yebtea1,AR,0.700817686864165,0.9513,1.0154,nonbreeding,0.4914,0.664,0.7358,217.0,49.14,0.29226367590537133,common,29.226367590537134,,peak_abundance_with_occupancy_days_modifiers,0.4914
whwcoo1,AR,0.6722705888921228,0.8367086982258156,0.95867963161117,breeding,0.1602627631155758,0.773576137960857,0.9226806893649436,105.0,16.02627631155758,0.28035861136986834,fairly_common,28.035861136986835,,peak_abundance_with_occupancy_days_modifiers,0.1602627631155758
lotmea1,AR,0.6544583259448336,0.9241,0.9241,resident,0.4801,0.831,0.8766,365.0,48.010000000000005,0.2729303207562829,fairly_common,27.293032075628286,,peak_abundance_with_occupancy_days_modifiers,0.4801
houwre,AR,0.6346172383695419,0.775975,0.8863,prebreeding_migration,0.9467,0.1504,0.3134,126.0,94.67,0.264655944556301,fairly_common,26.465594455630097,,peak_abundance_with_occupancy_days_modifiers,0.9467
saffin,AR,0.6183158699369419,0.8558,0.8558,resident,0.5841,0.214,0.314,365.0,58.41,0.2578577458953661,common,25.785774589536608,,peak_abundance_with_occupancy_days_modifiers,0.5841
grekis,AR,0.6143204000139743,0.8484,0.8484,resident,0.544,0.1205,0.2177,365.0,54.400000000000006,0.25619150551852726,common,25.619150551852726,,peak_abundance_with_occupancy_days_modifiers,0.544
wfwduc1,AR,0.6093306944668347,0.8392,0.8392,resident,0.3433,0.1288,0.1269,365.0,34.33,0.25411063668170086,fairly_common,25.411063668170087,,peak_abundance_with_occupancy_days_modifiers,0.3433
guicuc1,AR,0.6008674044406495,0.8237,0.8237,resident,0.5365,0.2174,0.4042,365.0,53.65,0.25058117060276386,common,25.058117060276388,,peak_abundance_with_occupancy_days_modifiers,0.5365
fotfly,AR,0.5987266049404534,0.5967,0.8198,breeding,0.6481,0.2698,0.5241,84.0,64.81,0.2496883878676372,fairly_common,24.96883878676372,,peak_abundance_with_occupancy_days_modifiers,0.6481
jamfla1,AR,0.5938879392235673,0.6766769919282927,0.8110158650131603,breeding,0.0747255059415462,0.3246957421651982,0.2006041731360888,98.0,7.47255059415462,0.24767050753242173,fairly_common,24.767050753242174,,peak_abundance_with_occupancy_days_modifiers,0.0747255059415462
magpen1,AR,0.5907420321382515,0.42742223143447783,0.8053275295505402,breeding,0.0161854726642574,0.222477326015356,0.2832221945980704,154.0,1.6185472664257399,0.24635856237743398,rare,24.635856237743397,rare,peak_abundance_with_occupancy_days_modifiers,0.0161854726642574
brhgul2,AR,0.5807061012141959,0.66635,0.7873,breeding,0.2709,0.8697,0.859,189.0,27.089999999999996,0.24217325410400653,fairly_common,24.217325410400655,,peak_abundance_with_occupancy_days_modifiers,0.2709
redsho1,AR,0.5659953948994617,0.41612499999999997,0.7612,breeding,0.46,0.9615,0.9777,189.0,46.0,0.23603841307003318,fairly_common,23.603841307003318,,peak_abundance_with_occupancy_days_modifiers,0.46
yebpin1,AR,0.5573847295459448,0.7461,0.7461,resident,0.4705,0.8264,0.7735,365.0,47.05,0.2324474867059021,fairly_common,23.24474867059021,,peak_abundance_with_occupancy_days_modifiers,0.4705
docsee1,AR,0.5486992761940722,0.3278666666666667,0.731,breeding,0.5846,0.3021,0.5924,126.0,58.46,0.2288253713239669,fairly_common,22.882537132396692,,peak_abundance_with_occupancy_days_modifiers,0.5846
kelgul,AR,0.5398794441567278,0.7158,0.7158,resident,0.0493,0.2669,0.2572,365.0,4.93,0.22514721567747303,rare,22.514721567747305,rare,peak_abundance_with_occupancy_days_modifiers,0.0493
chiwig1,AR,0.5395296918943457,0.32465,0.7152,breeding,0.5072,0.9269,0.8618,217.0,50.72,0.22500135765508578,common,22.500135765508578,,peak_abundance_with_occupancy_days_modifiers,0.5072
brcmar1,AR,0.5374870287194815,0.423675,0.7117,breeding,0.5652,0.1562,0.3894,126.0,56.52,0.22414950094639793,fairly_common,22.414950094639792,,peak_abundance_with_occupancy_days_modifiers,0.5652
andfla2,AR,0.5098480285663267,0.4110213891074251,0.6650381374847465,breeding,0.0661624245826488,0.378372335498409,0.2696184335591172,175.0,6.61624245826488,0.21262314261595266,fairly_common,21.262314261595268,,peak_abundance_with_occupancy_days_modifiers,0.0661624245826488
boboli,AR,0.47921110999664873,0.3284666666666667,0.6148,nonbreeding,0.1206,0.5144,0.8862,91.0,12.06,0.19984655519896993,fairly_common,19.984655519896993,,peak_abundance_with_occupancy_days_modifiers,0.1206
cliswa,AR,0.4591322493571004,0.35169999999999996,0.5827,prebreeding_migration,0.4346,0.3812,0.36,84.0,43.46,0.19147301992938495,fairly_common,19.147301992938495,,peak_abundance_with_occupancy_days_modifiers,0.4346
lesrhe2,AR,0.4401368607392535,0.5529197377115415,0.5529197377115415,resident,0.5562727011594071,0.8209655238825486,0.8907683630723665,365.0,55.62727011594071,0.18355132758805134,common,18.355132758805134,,peak_abundance_with_occupancy_days_modifiers,0.5562727011594071
codfin1,AR,0.41752542260053077,0.44120000000000004,0.5182,nonbreeding,0.6001,0.8135,0.7351,70.0,60.01,0.1741216254675184,fairly_common,17.412162546751837,,peak_abundance_with_occupancy_days_modifiers,0.6001
barswa,AR,0.41389613358601657,0.33126666666666665,0.5127,nonbreeding,0.4636,0.0344,0.0158,105.0,46.36,0.17260809439062583,fairly_common,17.260809439062584,,peak_abundance_with_occupancy_days_modifiers,0.4636
reccar,AR,0.41376391092285947,0.5125,0.5125,resident,0.3409,0.4827,0.5633,365.0,34.089999999999996,0.1725529532572089,fairly_common,17.25529532572089,,peak_abundance_with_occupancy_days_modifiers,0.3409
neocor,AR,0.4109831887920695,0.5083,0.5083,resident,0.3581,0.2725,0.2315,365.0,35.809999999999995,0.17139330205711925,fairly_common,17.139330205711925,,peak_abundance_with_occupancy_days_modifiers,0.3581
punmin1,AR,0.41005093816048255,0.50689454159391,0.50689454159391,resident,0.298145306384824,0.3406682497882511,0.4958352316057851,365.0,29.8145306384824,0.1710045233468218,fairly_common,17.10045233468218,,peak_abundance_with_occupancy_days_modifiers,0.298145306384824
regcoo1,AR,0.40406412719253626,0.4979,0.4979,resident,0.1584,0.9205,0.7288,365.0,15.840000000000002,0.1685078292518542,fairly_common,16.85078292518542,,peak_abundance_with_occupancy_days_modifiers,0.1584
absfin1,AR,0.3866050699627293,0.47197504930516,0.47197504930516,resident,0.183315063199176,0.2068216749843626,0.2320820151401613,365.0,18.3315063199176,0.16122683686329503,fairly_common,16.122683686329502,,peak_abundance_with_occupancy_days_modifiers,0.183315063199176
blkvul,AR,0.38096747650776414,0.4637,0.4637,resident,0.5343,0.087,0.0706,365.0,53.43,0.15887577778289325,common,15.887577778289325,,peak_abundance_with_occupancy_days_modifiers,0.5343
snoegr,AR,0.38001053863569634,0.302075,0.4623,prebreeding_migration,0.44,0.2132,0.3019,119.0,44.0,0.15847670369366038,fairly_common,15.847670369366037,,peak_abundance_with_occupancy_days_modifiers,0.44
lesyel,AR,0.35283759070747717,0.19595,0.4231,nonbreeding,0.5236,0.3685,0.6688,154.0,52.35999999999999,0.14714470423710865,fairly_common,14.714470423710866,,peak_abundance_with_occupancy_days_modifiers,0.5236
saytan1,AR,0.34673303671063505,0.3082638952838655,0.4144390716556571,breeding,0.3435969109638228,0.1178501544707296,0.1820473727981731,168.0,34.35969109638228,0.14459890748522713,fairly_common,14.459890748522714,,peak_abundance_with_occupancy_days_modifiers,0.3435969109638228
cosswa1,AR,0.3448654859792347,0.360325,0.4118,postbreeding_migration,0.4224,0.9338,0.9045,126.0,42.24,0.14382007833760513,fairly_common,14.382007833760513,,peak_abundance_with_occupancy_days_modifiers,0.4224
whcpin,AR,0.3326076358047733,0.29835,0.3946,postbreeding_migration,0.35,0.7243,0.8836,105.0,35.0,0.1387081577656294,fairly_common,13.870815776562939,,peak_abundance_with_occupancy_days_modifiers,0.35
chacha1,AR,0.3274314919690639,0.3874,0.3874,resident,0.18,0.4772,0.512,365.0,18.0,0.13654953812346757,fairly_common,13.654953812346756,,peak_abundance_with_occupancy_days_modifiers,0.18
gsgdov1,AR,0.3262232519588172,0.3679095861634416,0.3857247000957768,breeding,0.3152385449750823,0.2818354160333995,0.4443111169603934,126.0,31.523854497508232,0.13604566290257997,fairly_common,13.604566290257997,,peak_abundance_with_occupancy_days_modifiers,0.3152385449750823
whrswa1,AR,0.32613325882603367,0.37395,0.3856,breeding,0.4953,,,,49.53,0.13600813285120347,fairly_common,13.600813285120347,,peak_abundance_with_occupancy_days_modifiers,0.4953
souscr1,AR,0.32483333808257364,0.3838,0.3838,resident,0.2942,0.5099,0.7068,365.0,29.42,0.13546602379489633,fairly_common,13.546602379489633,,peak_abundance_with_occupancy_days_modifiers,0.2942
siltea1,AR,0.31801727224785387,0.34785,0.3744,breeding,0.5693,0.8457,0.9236,238.0,56.93,0.13262350355973812,common,13.262350355973812,,peak_abundance_with_occupancy_days_modifiers,0.5693
spetyr1,AR,0.31115442863692305,0.238625,0.365,breeding,0.6995,0.8998,0.9237,98.0,69.95,0.129761475476701,fairly_common,12.9761475476701,,peak_abundance_with_occupancy_days_modifiers,0.6995
scrcow1,AR,0.30844012553629035,0.3613,0.3613,resident,0.5543,0.5231,0.778,365.0,55.43,0.12862952316359388,common,12.862952316359388,,peak_abundance_with_occupancy_days_modifiers,0.5543
grhgul,AR,0.3069352392612223,0.3085288344819793,0.3592529389970822,nonbreeding,0.0901310211814032,0.3154955183779883,0.5413161240643213,224.0,9.01310211814032,0.12800193684148073,fairly_common,12.800193684148073,,peak_abundance_with_occupancy_days_modifiers,0.0901310211814032
trsowl,AR,0.30346088517283626,0.354538607362299,0.354538607362299,resident,0.6345175560325353,0.1045540167119478,0.1373887610911091,365.0,63.45175560325353,0.12655301864734647,common,12.655301864734646,,peak_abundance_with_occupancy_days_modifiers,0.6345175560325353
ruhgoo1,AR,0.2971604042885639,0.17358884867633365,0.3460311913082712,nonbreeding,0.0413079176560111,0.6130546075085325,0.8866232636708743,63.0,4.13079176560111,0.12392551403705565,rare,12.392551403705564,rare,peak_abundance_with_occupancy_days_modifiers,0.0413079176560111
pecsan,AR,0.2970629342575329,0.23226666666666665,0.3459,nonbreeding,0.3673,0.6699,0.8909,105.0,36.730000000000004,0.12388486587692257,fairly_common,12.388486587692258,,peak_abundance_with_occupancy_days_modifiers,0.3673
whtgre3,AR,0.2947569861237428,0.30177499999999996,0.3428,nonbreeding,0.3345,0.8839,0.9375,210.0,33.45,0.12292321081218784,fairly_common,12.292321081218784,,peak_abundance_with_occupancy_days_modifiers,0.3345
greegr,AR,0.29401199614665063,0.269375,0.3418,nonbreeding,0.5665,0.0586,0.0616,133.0,56.65,0.12261252586045404,fairly_common,12.261252586045405,,peak_abundance_with_occupancy_days_modifiers,0.5665
robpoc1,AR,0.2908021997880246,0.3375,0.3375,resident,0.1819,0.9122,0.9555,365.0,18.19,0.1212739368090313,fairly_common,12.127393680903129,,peak_abundance_with_occupancy_days_modifiers,0.1819
yewbla2,AR,0.2900398174515245,0.3170398956108489,0.3364807022216124,nonbreeding,0.1356976966515086,0.8521711238586699,0.8816428285982016,140.0,13.56976966515086,0.12095599868006107,fairly_common,12.095599868006108,,peak_abundance_with_occupancy_days_modifiers,0.1356976966515086
grpfin1,AR,0.28878146789508186,0.3348,0.3348,resident,0.5002,0.6408,0.7972,365.0,50.019999999999996,0.1204312261552902,common,12.04312261552902,,peak_abundance_with_occupancy_days_modifiers,0.5002
elctin1,AR,0.2863127211917418,0.3315087811647916,0.3315087811647916,resident,0.513254072049234,0.998820331455211,0.999816708921289,365.0,51.3254072049234,0.11940167881377557,common,11.940167881377556,,peak_abundance_with_occupancy_days_modifiers,0.513254072049234
ashgoo1,AR,0.2856299683256501,0.17595,0.3306,nonbreeding,0.0979,0.9678,0.9852,63.0,9.790000000000001,0.11911694875327758,fairly_common,11.911694875327758,,peak_abundance_with_occupancy_days_modifiers,0.0979
recfin1,AR,0.28216689176367077,0.326,0.326,resident,0.328,0.226,0.4015,365.0,32.800000000000004,0.1176727336529501,fairly_common,11.76727336529501,,peak_abundance_with_occupancy_days_modifiers,0.328
trokin,AR,0.27990188513281866,0.1613,0.323,nonbreeding,0.6446,0.1123,0.1004,119.0,64.46,0.11672815252109403,fairly_common,11.672815252109404,,peak_abundance_with_occupancy_days_modifiers,0.6446
bucpar,AR,0.2792970159173407,0.3222,0.3222,resident,0.2128,0.4249,0.4825,365.0,21.279999999999998,0.11647590246566439,fairly_common,11.64759024656644,,peak_abundance_with_occupancy_days_modifiers,0.2128
bkfibi1,AR,0.2768738737351776,0.160525,0.319,breeding,0.3493,0.8779,0.6885,168.0,34.93,0.11546537368667588,fairly_common,11.546537368667588,,peak_abundance_with_occupancy_days_modifiers,0.3493
baisan,AR,0.27543235002286376,0.24283333333333332,0.3171,postbreeding_migration,0.2057,0.8149,0.6648,105.0,20.57,0.11486421160563491,fairly_common,11.486421160563491,,peak_abundance_with_occupancy_days_modifiers,0.2057
bawswa1,AR,0.2729237014762355,0.14665,0.3138,breeding,0.5225,0.3115,0.3251,133.0,52.25,0.11381802390299162,fairly_common,11.381802390299162,,peak_abundance_with_occupancy_days_modifiers,0.5225
gobsal1,AR,0.26804043219649215,0.3074,0.3074,resident,0.4257,0.6067,0.6811,365.0,42.57,0.11178154243729163,fairly_common,11.178154243729162,,peak_abundance_with_occupancy_days_modifiers,0.4257
ausneg1,AR,0.26443903372138133,0.23934999999999998,0.3027,breeding,0.3803,0.9292,0.952,105.0,38.03,0.11027964261874455,fairly_common,11.027964261874455,,peak_abundance_with_occupancy_days_modifiers,0.3803
whtdov,AR,0.2616717170195501,0.2991,0.2991,resident,0.3153,0.0773,0.1558,365.0,31.53,0.1091255819167516,fairly_common,10.91255819167516,,peak_abundance_with_occupancy_days_modifiers,0.3153
whrsan,AR,0.2612867610922493,0.16946666666666665,0.2986,nonbreeding,0.1996,0.9013,0.7938,126.0,19.96,0.10896504282579643,fairly_common,10.896504282579643,,peak_abundance_with_occupancy_days_modifiers,0.1996
chiswa1,AR,0.25812452020945525,0.25270000000000004,0.2945,nonbreeding,0.3426,0.7821,0.6854,119.0,34.260000000000005,0.10764628594818532,fairly_common,10.764628594818532,,peak_abundance_with_occupancy_days_modifiers,0.3426
whbbla2,AR,0.25533964953052657,0.2909,0.2909,resident,0.3424,0.2356,0.471,365.0,34.239999999999995,0.10648490466914441,fairly_common,10.648490466914442,,peak_abundance_with_occupancy_days_modifiers,0.3424
blasis1,AR,0.25224331460669286,0.21528363273712908,0.2869091229812421,breeding,0.3599264971422881,0.3085267165118567,0.3620460011891422,133.0,35.99264971422881,0.10519363271120766,fairly_common,10.519363271120765,,peak_abundance_with_occupancy_days_modifiers,0.3599264971422881
patmoc1,AR,0.2436518119455605,0.20099999999999998,0.2759,nonbreeding,0.5093,0.9952,0.9979,42.0,50.93,0.10161069781050784,fairly_common,10.161069781050784,,peak_abundance_with_occupancy_days_modifiers,0.5093
rintea1,AR,0.24200455895512835,0.2738,0.2738,resident,0.2687,0.7628,0.7851,365.0,26.87,0.10092373995662719,fairly_common,10.092373995662719,,peak_abundance_with_occupancy_days_modifiers,0.2687
amekes,AR,0.24145487108546265,0.214225,0.2731,breeding,0.9576,0.1614,0.35,105.0,95.76,0.10069450230980356,fairly_common,10.069450230980356,,peak_abundance_with_occupancy_days_modifiers,0.9576
chbmoc1,AR,0.23822918873225063,0.269,0.269,resident,0.4907,0.2401,0.3031,365.0,49.07,0.09934928828406862,fairly_common,9.934928828406862,,peak_abundance_with_occupancy_days_modifiers,0.4907
sooshe,AR,0.23450235454576335,0.13520371636174616,0.2642794492360888,breeding,0.008829638238416,0.001044904038045,0.0007524667815129224,91.0,0.8829638238416,0.0977950777108362,very_rare,9.77950777108362,very_rare,peak_abundance_with_occupancy_days_modifiers,0.008829638238416
turvul,AR,0.23079421024473254,0.20327499999999998,0.2596,nonbreeding,0.6239,0.087,0.0523,126.0,62.39,0.09624866142523111,fairly_common,9.62486614252311,,peak_abundance_with_occupancy_days_modifiers,0.6239
croslf1,AR,0.2300794423153222,0.1625,0.2587,nonbreeding,0.6006,0.3329,0.6917,98.0,60.06,0.09595058004631572,fairly_common,9.595058004631571,,peak_abundance_with_occupancy_days_modifiers,0.6006
gyhsif1,AR,0.22689650018351698,0.2041,0.2547,nonbreeding,0.3339,0.7655,0.825,224.0,33.39,0.094623190077324,fairly_common,9.4623190077324,,peak_abundance_with_occupancy_days_modifiers,0.3339
fuwduc,AR,0.22609917913984234,0.205125,0.2537,nonbreeding,0.3482,,,,34.82,0.09429068137574752,fairly_common,9.429068137574752,,peak_abundance_with_occupancy_days_modifiers,0.3482
magsto1,AR,0.22282350010328444,0.22885,0.2496,postbreeding_migration,0.4003,0.4813,0.7097,196.0,40.03,0.09292461711359352,fairly_common,9.292461711359353,,peak_abundance_with_occupancy_days_modifiers,0.4003
masgna1,AR,0.22234323114344062,0.249,0.249,resident,0.4545,0.3279,0.4602,365.0,45.45,0.09272432940074304,fairly_common,9.272432940074305,,peak_abundance_with_occupancy_days_modifiers,0.4545
gryfin2,AR,0.2187576343240152,0.13904960778941144,0.2445296088721085,breeding,0.2564731201934113,0.658412387879491,0.6523665102039101,126.0,25.64731201934113,0.09122901938445485,fairly_common,9.122901938445485,,peak_abundance_with_occupancy_days_modifiers,0.2564731201934113
leasee1,AR,0.21732282009909598,0.17961341528255206,0.2427452205249827,breeding,0.5176982105603543,0.9454780498506968,0.9327988313615992,210.0,51.769821056035425,0.09063065537698725,common,9.063065537698725,,peak_abundance_with_occupancy_days_modifiers,0.5176982105603543
bcnher,AR,0.21728643182981186,0.163625,0.2427,breeding,0.3485,0.1485,0.1592,112.0,34.849999999999994,0.09061548029002787,fairly_common,9.061548029002788,,peak_abundance_with_occupancy_days_modifiers,0.3485
lalbru1,AR,0.21688400114306555,0.2422,0.2422,resident,0.2832,0.7654,0.6996,365.0,28.32,0.09044765365835158,fairly_common,9.044765365835158,,peak_abundance_with_occupancy_days_modifiers,0.2832
eursta,AR,0.2141431691169107,0.1452,0.2388,breeding,0.139,0.0291,0.0073,140.0,13.900000000000002,0.08930463792399203,fairly_common,8.930463792399204,,peak_abundance_with_occupancy_days_modifiers,0.139
swahaw,AR,0.21252739885102048,0.1114,0.2368,nonbreeding,0.2073,0.5515,0.8813,56.0,20.73,0.08863080938601572,fairly_common,8.863080938601572,,peak_abundance_with_occupancy_days_modifiers,0.2073
whbmoc1,AR,0.2121230480307443,0.13417500000000002,0.2363,nonbreeding,0.57,0.961,0.9949,126.0,56.99999999999999,0.08846218199646154,fairly_common,8.846218199646154,,peak_abundance_with_occupancy_days_modifiers,0.57
chvtyr2,AR,0.21041828544543947,0.15711517601729574,0.2341941974724611,nonbreeding,0.4399872245320942,0.9525781684358618,0.949722177387038,84.0,43.998722453209425,0.08775124077870129,fairly_common,8.77512407787013,,peak_abundance_with_occupancy_days_modifiers,0.4399872245320942
baymar1,AR,0.20839532896530152,0.2317,0.2317,resident,0.1816,0.6697,0.6219,365.0,18.16,0.08690760240004221,fairly_common,8.69076024000422,,peak_abundance_with_occupancy_days_modifiers,0.1816
soumar,AR,0.20790807867143224,0.13323333333333334,0.2311,breeding,0.428,0.9938,0.9947,112.0,42.8,0.08670440324476775,fairly_common,8.670440324476775,,peak_abundance_with_occupancy_days_modifiers,0.428
bwgdov1,AR,0.20671682117494644,0.2093226891780838,0.2296343160728878,breeding,0.3271493628814533,0.38281110870332,0.4635922855975893,112.0,32.71493628814533,0.08620761028220618,fairly_common,8.620761028220619,,peak_abundance_with_occupancy_days_modifiers,0.3271493628814533
bcwfin2,AR,0.20522395001125893,0.2278,0.2278,resident,0.298,0.6097,0.6482,365.0,29.799999999999997,0.08558503465072528,fairly_common,8.558503465072528,,peak_abundance_with_occupancy_days_modifiers,0.298
tattin1,AR,0.20083056746211372,0.2224176369535433,0.2224176369535433,resident,0.5000456732181507,0.174048083612777,0.3457635714709725,365.0,50.004567321815074,0.08375285181981372,common,8.375285181981372,,peak_abundance_with_occupancy_days_modifiers,0.5000456732181507
hoosis1,AR,0.19457945418945663,0.2148,0.2148,resident,0.3555,0.4227,0.526,365.0,35.55,0.08114593510265364,fairly_common,8.114593510265363,,peak_abundance_with_occupancy_days_modifiers,0.3555
burowl,AR,0.19359114905218544,0.1588,0.2136,prebreeding_migration,0.6747,0.226,0.3568,112.0,67.47,0.08073377984780061,fairly_common,8.07337798478006,,peak_abundance_with_occupancy_days_modifiers,0.6747
comgal1,AR,0.19243689053504762,0.172175,0.2122,breeding,0.3909,0.3156,0.3417,126.0,39.09,0.0802524166580768,fairly_common,8.025241665807679,,peak_abundance_with_occupancy_days_modifiers,0.3909
houspa,AR,0.19012436885697548,0.2094,0.2094,resident,0.1634,0.0234,0.0104,365.0,16.34,0.07928802021244997,fairly_common,7.928802021244998,,peak_abundance_with_occupancy_days_modifiers,0.1634
shbcan2,AR,0.18517792187859475,0.15516323260787868,0.203432538058711,breeding,0.5155777327349836,0.9658515792480624,0.991414430545469,161.0,51.55777327349836,0.07722519160000262,fairly_common,7.722519160000261,,peak_abundance_with_occupancy_days_modifiers,0.5155777327349836
bratea1,AR,0.18365400202773324,0.2016,0.2016,resident,0.2639,0.1886,0.2856,365.0,26.39,0.07658966766025897,fairly_common,7.658966766025897,,peak_abundance_with_occupancy_days_modifiers,0.2639
batear1,AR,0.1777617153411051,0.1945406466088364,0.1945406466088364,resident,0.61391504493098,0.9793846119694664,0.993631689363892,365.0,61.391504493098005,0.07413239325237718,fairly_common,7.413239325237718,,peak_abundance_with_occupancy_days_modifiers,0.61391504493098
silgre1,AR,0.17739276355720188,0.136925,0.1941,nonbreeding,0.1834,0.9065,0.9114,105.0,18.34,0.07397852840761576,uncommon,7.397852840761576,,peak_abundance_with_occupancy_days_modifiers,0.1834
woosto,AR,0.17403733720625708,0.10565,0.1901,nonbreeding,0.3282,0.2291,0.282,161.0,32.82,0.07257920693223333,uncommon,7.257920693223332,,peak_abundance_with_occupancy_days_modifiers,0.3282
sctear1,AR,0.17285141229372755,0.12456964701292787,0.1886894673198378,breeding,0.5570349355603853,0.8446648475206847,0.8984246812271197,140.0,55.70349355603853,0.07208463782991158,uncommon,7.208463782991157,,peak_abundance_with_occupancy_days_modifiers,0.5570349355603853
blnswa2,AR,0.171429115627531,0.187,0.187,resident,0.0906,0.9101,0.7915,365.0,9.06,0.0714914940498929,uncommon,7.14914940498929,,peak_abundance_with_occupancy_days_modifiers,0.0906
bafibi1,AR,0.1709235118415853,0.1864,0.1864,resident,0.2136,0.2246,0.1959,365.0,21.36,0.07128064089392676,uncommon,7.128064089392676,,peak_abundance_with_occupancy_days_modifiers,0.2136
watjac1,AR,0.1707549204224892,0.1862,0.1862,resident,0.2019,0.1211,0.1408,365.0,20.19,0.0712103328112475,uncommon,7.12103328112475,,peak_abundance_with_occupancy_days_modifiers,0.2019
nabwoo1,AR,0.16466662155523387,0.179,0.179,resident,0.3679,0.1979,0.3123,365.0,36.79,0.06867131497493055,uncommon,6.867131497493055,,peak_abundance_with_occupancy_days_modifiers,0.3679
smbela1,AR,0.16296882827813966,0.0878,0.177,breeding,0.509,0.3482,0.5283,119.0,50.9,0.06796328018443994,uncommon,6.796328018443994,,peak_abundance_with_occupancy_days_modifiers,0.509
wrlrus1,AR,0.1625439291852801,0.15639999999999998,0.1765,breeding,0.6182,0.8911,0.9374,231.0,61.82,0.06778608349963067,fairly_common,6.778608349963067,,peak_abundance_with_occupancy_days_modifiers,0.6182
whtpla1,AR,0.16169358899798714,0.16225,0.1755,nonbreeding,0.5579,0.9145,0.9506,42.0,55.78999999999999,0.06743146409779978,uncommon,6.743146409779978,,peak_abundance_with_occupancy_days_modifiers,0.5579
rosspo1,AR,0.15879701174699754,0.13774999999999998,0.1721,nonbreeding,0.3887,0.4326,0.4377,189.0,38.87,0.06622349755987449,uncommon,6.6223497559874485,,peak_abundance_with_occupancy_days_modifiers,0.3887
blcsis2,AR,0.1582849789657133,0.1715,0.1715,resident,0.1282,0.4821,0.3307,365.0,12.82,0.06600996330460793,uncommon,6.600996330460792,,peak_abundance_with_occupancy_days_modifiers,0.1282
bbwduc,AR,0.15811424309369193,0.14825,0.1713,breeding,0.1121,0.1258,0.0915,161.0,11.21,0.06593876091559696,uncommon,6.593876091559696,,peak_abundance_with_occupancy_days_modifiers,0.1121
rubmin1,AR,0.15546643657725867,0.1682027265272945,0.1682027265272945,resident,0.3008474322971541,0.738334608124896,0.6475259407761955,365.0,30.08474322971541,0.0648345398320201,uncommon,6.48345398320201,,peak_abundance_with_occupancy_days_modifiers,0.3008474322971541
brncac1,AR,0.15443635330441893,0.167,0.167,resident,0.3482,0.813,0.8669,365.0,34.82,0.06440496174138165,uncommon,6.440496174138165,,peak_abundance_with_occupancy_days_modifiers,0.3482
plsfin1,AR,0.1506517568420064,0.1625917229649081,0.1625917229649081,resident,0.2288881609818537,0.3699406350101202,0.3961505302706576,365.0,22.88881609818537,0.06282666242808599,uncommon,6.282666242808599,,peak_abundance_with_occupancy_days_modifiers,0.2288881609818537
lakduc1,AR,0.14919556636185305,0.15894999999999998,0.1609,breeding,0.4427,0.9508,0.9572,238.0,44.269999999999996,0.06221938382977844,uncommon,6.221938382977844,,peak_abundance_with_occupancy_days_modifiers,0.4427
cattyr,AR,0.14824757646020317,0.1598,0.1598,resident,0.4334,0.212,0.3255,365.0,43.34,0.0618240413340473,uncommon,6.18240413340473,,peak_abundance_with_occupancy_days_modifiers,0.4334
sponot1,AR,0.14522525215277904,0.1563,0.1563,resident,0.4175,0.3344,0.5696,365.0,41.75,0.06056363420046258,uncommon,6.056363420046258,,peak_abundance_with_occupancy_days_modifiers,0.4175
graspa1,AR,0.14496577025018573,0.156,0.156,resident,0.4189,0.184,0.1732,365.0,41.89,0.06045542184209279,uncommon,6.045542184209278,,peak_abundance_with_occupancy_days_modifiers,0.4189
andswi1,AR,0.14388460325588245,0.1547508463481153,0.1547508463481153,resident,0.1849675346401273,0.454121791101116,0.4499633490991044,365.0,18.49675346401273,0.06000454018492956,uncommon,6.000454018492956,,peak_abundance_with_occupancy_days_modifiers,0.1849675346401273
shtnig1,AR,0.1419993615060301,0.152575912624,0.152575912624,breeding,0.2710524081477848,0.0055508793575809,0.0232883550065508,161.0,27.10524081477848,0.05921833330957582,uncommon,5.921833330957583,,peak_abundance_with_occupancy_days_modifiers,0.2710524081477848
bhsfin1,AR,0.14142116746923308,0.1519096927251115,0.1519096927251115,resident,0.2825935129872988,0.3277861097763781,0.321702288608434,365.0,28.25935129872988,0.05897720766770312,uncommon,5.897720766770312,,peak_abundance_with_occupancy_days_modifiers,0.2825935129872988
whimon1,AR,0.1385438094480591,0.1486,0.1486,resident,0.5137,0.4744,0.6367,365.0,51.370000000000005,0.05777725617114919,fairly_common,5.777725617114919,,peak_abundance_with_occupancy_days_modifiers,0.5137
bufpar,AR,0.13714983814723364,0.147,0.147,resident,0.1161,0.0924,0.1391,365.0,11.61,0.057195924985989174,uncommon,5.719592498598917,,peak_abundance_with_occupancy_days_modifiers,0.1161
cibgrt1,AR,0.13442871937291803,0.08238639835652445,0.1438831193902739,breeding,0.3613506625082516,0.8150852139101904,0.8027361850272473,119.0,36.13506625082516,0.056061130316186904,uncommon,5.6061130316186905,,peak_abundance_with_occupancy_days_modifiers,0.3613506625082516
tabsee1,AR,0.13384469446437505,0.06965140361336274,0.1432152581988569,breeding,0.3814518888767432,0.5202442499811083,0.6425891935390489,105.0,38.14518888767432,0.055817573011925886,uncommon,5.581757301192589,,peak_abundance_with_occupancy_days_modifiers,0.3814518888767432
uplsan,AR,0.13374387004959568,0.07893333333333334,0.1431,prebreeding_migration,0.5075,0.7051,0.7628,126.0,50.74999999999999,0.05577552596511652,uncommon,5.577552596511652,,peak_abundance_with_occupancy_days_modifiers,0.5075
corpip1,AR,0.1278653709978958,0.09079999999999999,0.1364,breeding,0.6029,0.8671,0.8788,210.0,60.29,0.05332400144760099,fairly_common,5.332400144760099,,peak_abundance_with_occupancy_days_modifiers,0.6029
baytan3,AR,0.12768936114088944,0.11674999999999999,0.1362,nonbreeding,0.5835,0.5702,0.6495,301.0,58.35,0.05325059963601939,fairly_common,5.325059963601939,,peak_abundance_with_occupancy_days_modifiers,0.5835
stcspi2,AR,0.12716114561667907,0.1356,0.1356,resident,0.4212,0.6881,0.761,365.0,42.120000000000005,0.05303031665277047,uncommon,5.303031665277047,,peak_abundance_with_occupancy_days_modifiers,0.4212
masyel5,AR,0.1265667262309616,0.0765532796208165,0.1349251779291095,breeding,0.5397819586036229,0.2873117735136232,0.3164696537386539,140.0,53.97819586036229,0.05278242451483577,uncommon,5.278242451483577,,peak_abundance_with_occupancy_days_modifiers,0.5397819586036229
rebhaw2,AR,0.12486898204586927,0.11910000000000001,0.133,nonbreeding,0.5845,0.5302,0.5552,196.0,58.45,0.052074410197300136,fairly_common,5.207441019730013,,peak_abundance_with_occupancy_days_modifiers,0.5845
greyel,AR,0.12486898204586927,0.066625,0.133,nonbreeding,0.3156,0.4463,0.4487,182.0,31.56,0.052074410197300136,uncommon,5.207441019730013,,peak_abundance_with_occupancy_days_modifiers,0.3156
verfly,AR,0.12266001273588749,0.0973,0.1305,prebreeding_migration,0.5747,0.3817,0.2914,112.0,57.47,0.05115319844337569,uncommon,5.115319844337569,,peak_abundance_with_occupancy_days_modifiers,0.5747
rbsfin1,AR,0.12174467878994817,0.1294656884165824,0.1294656884165824,resident,0.2517163578839551,0.5595356025072414,0.5893244488724884,365.0,25.17163578839551,0.05077147453894878,uncommon,5.077147453894878,,peak_abundance_with_occupancy_days_modifiers,0.2517163578839551
roahaw,AR,0.11911548089016208,0.1265,0.1265,resident,0.4871,0.0958,0.1223,365.0,48.71,0.04967501385127342,uncommon,4.967501385127342,,peak_abundance_with_occupancy_days_modifiers,0.4871
rucsee1,AR,0.11728365814179256,0.124438340547808,0.124438340547808,resident,0.2251103137942478,0.1749058143537304,0.2993473533651657,365.0,22.511031379424782,0.04891108442985553,uncommon,4.891108442985552,,peak_abundance_with_occupancy_days_modifiers,0.2251103137942478
gybsee1,AR,0.11715016293395634,0.124288243436683,0.124288243436683,breeding,0.3055123015077196,0.4701597000505375,0.4882951283779704,112.0,30.551230150771957,0.048855412604087906,uncommon,4.88554126040879,,peak_abundance_with_occupancy_days_modifiers,0.3055123015077196
camfli1,AR,0.11680477954208435,0.1239,0.1239,resident,0.4043,0.2355,0.2795,365.0,40.43,0.04871137654221728,uncommon,4.8711376542217275,,peak_abundance_with_occupancy_days_modifiers,0.4043
plaant1,AR,0.11279017558371737,0.1193970314766976,0.1193970314766976,resident,0.2131274793019043,0.0299854558977349,0.0958185543749965,365.0,21.31274793019043,0.047037156652838315,uncommon,4.7037156652838314,,peak_abundance_with_occupancy_days_modifiers,0.2131274793019043
grasal3,AR,0.10993005937219615,0.1162,0.1162,resident,0.2302,0.1735,0.3358,365.0,23.02,0.04584439554939637,uncommon,4.584439554939637,,peak_abundance_with_occupancy_days_modifiers,0.2302
pasfin1,AR,0.10844208168749525,0.1145403543723814,0.1145403543723814,resident,0.078891454598343,0.1920715634940483,0.2008484851357164,365.0,7.8891454598343,0.045223860657159574,uncommon,4.522386065715957,,peak_abundance_with_occupancy_days_modifiers,0.078891454598343
blhduc1,AR,0.10804690408313378,0.074725,0.1141,prebreeding_migration,0.3507,0.9657,0.976,105.0,35.07,0.04505905879577548,uncommon,4.505905879577548,,peak_abundance_with_occupancy_days_modifiers,0.3507
greant1,AR,0.10759801059801816,0.1136,0.1136,resident,0.2671,0.0739,0.1836,365.0,26.71,0.044871855672182874,uncommon,4.487185567218288,,peak_abundance_with_occupancy_days_modifiers,0.2671
chospi2,AR,0.10714891551704307,0.1131,0.1131,resident,0.2249,0.4434,0.6466,365.0,22.49,0.044684568476587,uncommon,4.4684568476587,,peak_abundance_with_occupancy_days_modifiers,0.2249
gyctyr2,AR,0.10705907229340778,0.070325,0.113,nonbreeding,0.5337,0.9729,0.9966,112.0,53.37,0.044647100942181106,uncommon,4.464710094218111,,peak_abundance_with_occupancy_days_modifiers,0.5337
giwrai1,AR,0.104720310770403,0.1104,0.1104,resident,0.17,0.3936,0.5228,365.0,17.0,0.04367176163127144,uncommon,4.367176163127144,,peak_abundance_with_occupancy_days_modifiers,0.17
andcon1,AR,0.10228579354075011,0.1077,0.1077,resident,0.195,0.5014,0.5544,365.0,19.5,0.04265648908902571,uncommon,4.265648908902571,,peak_abundance_with_occupancy_days_modifiers,0.195
pabspi1,AR,0.10111150136841139,0.1064,0.1064,resident,0.5275,0.2369,0.3487,365.0,52.75,0.04216677121616458,fairly_common,4.216677121616458,,peak_abundance_with_occupancy_days_modifiers,0.5275
yersis1,AR,0.09803514302683015,0.07273614190623456,0.1030015472403628,breeding,0.2210115443408104,0.433806921645227,0.5670075567503113,98.0,22.101154434081042,0.040883830140096965,uncommon,4.088383014009697,,peak_abundance_with_occupancy_days_modifiers,0.2210115443408104
pvttyr1,AR,0.09748962127725708,0.1024,0.1024,resident,0.2299,0.1343,0.2185,365.0,22.99,0.04065632990029862,uncommon,4.065632990029862,,peak_abundance_with_occupancy_days_modifiers,0.2299
commin1,AR,0.09744505071036261,0.06528936786575225,0.1023508665020176,breeding,0.4630502765446695,0.6533257336488859,0.6426735150288999,147.0,46.305027654466954,0.04063774253019948,uncommon,4.063774253019948,,peak_abundance_with_occupancy_days_modifiers,0.4630502765446695
slccoo1,AR,0.09732040591396611,0.10221347276559,0.10221347276559,resident,0.0233224080816977,0.1358874071162137,0.0668130928119051,365.0,2.33224080816977,0.040585761612679606,rare,4.05857616126796,rare,peak_abundance_with_occupancy_days_modifiers,0.0233224080816977
snakit,AR,0.09558286989372994,0.1003,0.1003,resident,0.271,0.3383,0.2932,365.0,27.1,0.03986115281097481,uncommon,3.986115281097481,,peak_abundance_with_occupancy_days_modifiers,0.271
bkbalb,AR,0.0954771109070871,0.07519917735542875,0.1001836395401875,breeding,0.0127206786085613,0.0041983844813357,0.001485074213247,119.0,1.27206786085613,0.039817047887860474,rare,3.9817047887860473,rare,peak_abundance_with_occupancy_days_modifiers,0.0127206786085613
swafly1,AR,0.09304593541746282,0.06475243007420779,0.0975121487889152,breeding,0.4579814186669798,0.200166210740098,0.3034633604165035,98.0,45.798141866697975,0.038803168959450504,uncommon,3.8803168959450502,,peak_abundance_with_occupancy_days_modifiers,0.4579814186669798
souful1,AR,0.09304415814021143,0.05472958068035436,0.0975101982072734,nonbreeding,0.0160647001078278,0.003411273083849,0.0020111938902327,175.0,1.60647001078278,0.038802427777268146,rare,3.8802427777268145,rare,peak_abundance_with_occupancy_days_modifiers,0.0160647001078278
horcoo1,AR,0.09268821311892551,0.0971196144337096,0.0971196144337096,resident,0.1340299940690406,0.6130413661172843,0.4784850609746552,365.0,13.402999406904058,0.03865398717382572,uncommon,3.865398717382572,,peak_abundance_with_occupancy_days_modifiers,0.1340299940690406
yelpip2,AR,0.09079346442121178,0.0950428165993424,0.0950428165993424,resident,0.3766077512065509,0.1701322619825683,0.2126444871614833,365.0,37.66077512065509,0.037863815593270185,uncommon,3.7863815593270185,,peak_abundance_with_occupancy_days_modifiers,0.3766077512065509
whcela1,AR,0.09038899972768073,0.03745,0.0946,breeding,0.2517,0.425,0.2161,105.0,25.169999999999998,0.03769514071488025,uncommon,3.769514071488025,,peak_abundance_with_occupancy_days_modifiers,0.2517
sofspi1,AR,0.08901769631765273,0.0931,0.0931,resident,0.452,0.2448,0.2814,365.0,45.2,0.037123262774428026,uncommon,3.7123262774428025,,peak_abundance_with_occupancy_days_modifiers,0.452
andgul1,AR,0.08844659797290902,0.06320717388445432,0.0924759106245277,prebreeding_migration,0.1579067027991517,0.3057800099388024,0.1220935609308378,154.0,15.79067027991517,0.036885096265981125,uncommon,3.6885096265981123,,peak_abundance_with_occupancy_days_modifiers,0.1579067027991517
firgat1,AR,0.08773611430408679,0.0917,0.0917,resident,0.3405,0.578,0.5562,365.0,34.050000000000004,0.03658880156250429,uncommon,3.658880156250429,,peak_abundance_with_occupancy_days_modifiers,0.3405
refcoo1,AR,0.08764450985204636,0.0916,0.0916,resident,0.078,0.9554,0.9792,365.0,7.8,0.03655059953880477,uncommon,3.655059953880477,,peak_abundance_with_occupancy_days_modifiers,0.078
moucar1,AR,0.08758457841965528,0.0915345808087544,0.0915345808087544,resident,0.3793979051040509,0.2723758956716787,0.1617145059922656,365.0,37.93979051040509,0.03652560619023328,uncommon,3.6525606190233284,,peak_abundance_with_occupancy_days_modifiers,0.3793979051040509
glbeme1,AR,0.08709470685093376,0.091,0.091,resident,0.5061,0.2376,0.2815,365.0,50.61,0.03632131387843859,fairly_common,3.6321313878438586,,peak_abundance_with_occupancy_days_modifiers,0.5061
wtgfin1,AR,0.08612804574736992,0.0899458823053824,0.0899458823053824,resident,0.2702763740406239,0.0293449458407196,0.0639441249976952,365.0,27.02763740406239,0.03591818488672259,uncommon,3.591818488672259,,peak_abundance_with_occupancy_days_modifiers,0.2702763740406239
austhr1,AR,0.08507617235511927,0.0888,0.0888,resident,0.1563,0.5122,0.2501,365.0,15.629999999999999,0.03547951961047673,uncommon,3.5479519610476733,,peak_abundance_with_occupancy_days_modifiers,0.1563
rubthr1,AR,0.08415730800672332,0.0878,0.0878,resident,0.2099,0.1438,0.2444,365.0,20.990000000000002,0.035096323413870735,uncommon,3.5096323413870736,,peak_abundance_with_occupancy_days_modifiers,0.2099
scbwoo4,AR,0.0839734337761786,0.0876,0.0876,resident,0.2778,0.7239,0.7797,365.0,27.779999999999998,0.0350196419037853,uncommon,3.50196419037853,,peak_abundance_with_occupancy_days_modifiers,0.2778
varant1,AR,0.08369755902156674,0.0873,0.0873,resident,0.2519,0.2567,0.3746,365.0,25.19,0.03490459319513595,uncommon,3.4904593195135947,,peak_abundance_with_occupancy_days_modifiers,0.2519
whiher1,AR,0.0836055838547969,0.0872,0.0872,resident,0.4215,0.2396,0.2606,365.0,42.15,0.03486623657138629,uncommon,3.4866236571386287,,peak_abundance_with_occupancy_days_modifiers,0.4215
cocher1,AR,0.08342160813907239,0.087,0.087,resident,0.2945,0.1966,0.2226,365.0,29.45,0.03478951273869372,uncommon,3.478951273869372,,peak_abundance_with_occupancy_days_modifiers,0.2945
chivir1,AR,0.08222494025566938,0.0347,0.0857,breeding,0.3157,0.0732,0.1506,182.0,31.569999999999997,0.034290463469537624,uncommon,3.429046346953762,,peak_abundance_with_occupancy_days_modifiers,0.3157
ybttyr1,AR,0.08203999381587898,0.05250904915004945,0.0854992222174599,nonbreeding,0.4794366102969279,0.7882875144089309,0.6768244501823449,126.0,47.94366102969279,0.03421333481346642,uncommon,3.421333481346642,,peak_abundance_with_occupancy_days_modifiers,0.4794366102969279
buwcin1,AR,0.08194858264716741,0.06495000000000001,0.0854,prebreeding_migration,0.6278,0.9125,0.9084,126.0,62.78,0.03417521339517568,uncommon,3.417521339517568,,peak_abundance_with_occupancy_days_modifiers,0.6278
grerhe1,AR,0.08157998699242287,0.085,0.085,resident,0.2311,0.2784,0.2597,365.0,23.11,0.034021497067809006,uncommon,3.4021497067809006,,peak_abundance_with_occupancy_days_modifiers,0.2311
rubpep1,AR,0.07991962317587349,0.0832,0.0832,resident,0.2983,0.0671,0.0938,365.0,29.830000000000002,0.033329071574759124,uncommon,3.3329071574759124,,peak_abundance_with_occupancy_days_modifiers,0.2983
payfin1,AR,0.07985791566136458,0.0570717114931535,0.0831331604825554,breeding,0.3996754684679351,0.919596818063166,0.8910516970096086,98.0,39.96754684679351,0.03330333754241463,uncommon,3.330333754241463,,peak_abundance_with_occupancy_days_modifiers,0.3996754684679351
swatan1,AR,0.07978087680068507,0.04392027783958833,0.0830497203520152,breeding,0.2277358128924904,0.0057777592802275,0.0089538280585777,203.0,22.77358128924904,0.03327120984211291,uncommon,3.327120984211291,,peak_abundance_with_occupancy_days_modifiers,0.2277358128924904
corcan1,AR,0.07962100879425119,0.0828765891917892,0.0828765891917892,resident,0.4188023832050205,0.5971234951742015,0.4583887975521383,365.0,41.88023832050205,0.033204539705077564,uncommon,3.3204539705077565,,peak_abundance_with_occupancy_days_modifiers,0.4188023832050205
mabpar,AR,0.07930056873380648,0.0825296477420327,0.0825296477420327,resident,0.0884481415052799,0.1202958400326607,0.0824573493419978,365.0,8.84481415052799,0.03307090582036215,uncommon,3.3070905820362153,,peak_abundance_with_occupancy_days_modifiers,0.0884481415052799
amgplo,AR,0.07899600622649784,0.04276666666666667,0.0822,nonbreeding,0.1608,0.8441,0.7518,98.0,16.08,0.03294389338960106,uncommon,3.294389338960106,,peak_abundance_with_occupancy_days_modifiers,0.1608
rebscy1,AR,0.07697544040435013,0.0800155513216431,0.0800155513216431,resident,0.3576679787625909,0.173588837884645,0.3040410724727799,365.0,35.76679787625909,0.03210125199276071,uncommon,3.2101251992760713,,peak_abundance_with_occupancy_days_modifiers,0.3576679787625909
flistd1,AR,0.07592887299205499,0.0788858335068982,0.0788858335068982,resident,0.0805277309020474,0.0288770294318844,0.0272215591653194,365.0,8.05277309020474,0.03166479948202458,uncommon,3.166479948202458,,peak_abundance_with_occupancy_days_modifiers,0.0805277309020474
creduc1,AR,0.07538572690588961,0.0783,0.0783,resident,0.0531,0.6223,0.4481,365.0,5.3100000000000005,0.03143828997081831,uncommon,3.143828997081831,,peak_abundance_with_occupancy_days_modifiers,0.0531
chithr1,AR,0.07501470380544568,0.0779,0.0779,resident,0.1111,0.5056,0.4851,365.0,11.110000000000001,0.031283561319966555,uncommon,3.1283561319966555,,peak_abundance_with_occupancy_days_modifiers,0.1111
whfwoo1,AR,0.07501470380544568,0.0779,0.0779,resident,0.2262,0.6746,0.7101,365.0,22.62,0.031283561319966555,uncommon,3.1283561319966555,,peak_abundance_with_occupancy_days_modifiers,0.2262
stisan,AR,0.0746435429957658,0.042833333333333334,0.0775,nonbreeding,0.1499,0.7114,0.6671,98.0,14.99,0.031128775239902727,uncommon,3.1128775239902726,,peak_abundance_with_occupancy_days_modifiers,0.1499
andavo1,AR,0.07433036586526452,0.0771626044769234,0.0771626044769234,resident,0.0881349961534819,0.3133191862779787,0.2707742973128771,365.0,8.81349961534819,0.030998170232230414,uncommon,3.0998170232230415,,peak_abundance_with_occupancy_days_modifiers,0.0881349961534819
calqua,AR,0.07334339422420953,0.0761,0.0761,resident,0.1014,0.2644,0.1759,365.0,10.14,0.03058657108849338,uncommon,3.0586571088493377,,peak_abundance_with_occupancy_days_modifiers,0.1014
mitpar,AR,0.07045846364856141,0.073,0.073,resident,0.0163,0.2831,0.3209,365.0,1.63,0.029383461591437877,rare,2.9383461591437876,rare,peak_abundance_with_occupancy_days_modifiers,0.0163
cintea,AR,0.06999237182003498,0.038825,0.0725,postbreeding_migration,0.2892,0.7668,0.4821,168.0,28.92,0.02918908620156422,uncommon,2.918908620156422,,peak_abundance_with_occupancy_days_modifiers,0.2892
crwcin1,AR,0.06909886190790632,0.0715421386122907,0.0715421386122907,resident,0.1845181184126066,0.1918209631998806,0.0912675664349048,365.0,18.45181184126066,0.028816463626147946,uncommon,2.8816463626147946,,peak_abundance_with_occupancy_days_modifiers,0.1845181184126066
strcar1,AR,0.06852198356828004,0.070924167426762,0.070924167426762,resident,0.0584875694589341,0.0744730679156908,0.0627501388113099,365.0,5.8487569458934106,0.028575886672612735,uncommon,2.8575886672612736,,peak_abundance_with_occupancy_days_modifiers,0.0584875694589341
hoogre1,AR,0.0670462128643143,0.053373058582713746,0.0693448945232717,breeding,0.0477233391758464,0.9662162162162162,0.9776470123812784,98.0,4.77233391758464,0.02796044248674408,rare,2.796044248674408,rare,peak_abundance_with_occupancy_days_modifiers,0.0477233391758464
ongtyr1,AR,0.06704059590762058,0.04341256410782726,0.0693388880761775,breeding,0.209607539130729,0.4620012071165014,0.5434203982053177,98.0,20.9607539130729,0.027958100033861594,uncommon,2.7958100033861593,,peak_abundance_with_occupancy_days_modifiers,0.209607539130729
plcjay1,AR,0.06691070528262688,0.0692,0.0692,resident,0.0874,0.1136,0.2203,365.0,8.74,0.02790393143589681,uncommon,2.7903931435896814,,peak_abundance_with_occupancy_days_modifiers,0.0874
tropar,AR,0.06672363204290818,0.06332499999999999,0.069,prebreeding_migration,0.2098,0.1682,0.2658,203.0,20.979999999999997,0.027825915835365443,uncommon,2.7825915835365445,,peak_abundance_with_occupancy_days_modifiers,0.2098
slbpri1,AR,0.0662872415539326,0.0685336003408744,0.0685336003408744,breeding,0.0073608947337021,0.0006575326162955029,0.0014603564032321,0.0,0.73608947337021,0.02764392686615315,very_rare,2.764392686615315,very_rare,peak_abundance_with_occupancy_days_modifiers,0.0073608947337021
chewoo3,AR,0.06606859996970468,0.0683,0.0683,resident,0.3989,0.6591,0.7308,365.0,39.89,0.02755274624341784,uncommon,2.755274624341784,,peak_abundance_with_occupancy_days_modifiers,0.3989
wardor1,AR,0.06545354925358417,0.03245033387721737,0.0676431433407545,breeding,0.3534206019374495,0.9192694416638788,0.990705195175906,140.0,35.34206019374495,0.027296250172426897,uncommon,2.7296250172426895,,peak_abundance_with_occupancy_days_modifiers,0.3534206019374495
sobtyr1,AR,0.06503839617922222,0.049675,0.0672,breeding,0.3383,0.0715,0.0937,161.0,33.83,0.027123117893018578,uncommon,2.712311789301858,,peak_abundance_with_occupancy_days_modifiers,0.3383
smbani,AR,0.06494468864038216,0.0671,0.0671,resident,0.1978,0.0512,0.0223,365.0,19.78,0.027084038814001628,uncommon,2.7084038814001627,,peak_abundance_with_occupancy_days_modifiers,0.1978
puyfin1,AR,0.06457584155940804,0.0667064758594693,0.0667064758594693,resident,0.1586082081716134,0.1741478367068824,0.22009246506173,365.0,15.86082081716134,0.026930217633753167,uncommon,2.6930217633753166,,peak_abundance_with_occupancy_days_modifiers,0.1586082081716134
ultgro1,AR,0.0641947120419968,0.0663,0.0663,resident,0.2449,0.2858,0.4768,365.0,24.490000000000002,0.026771274279664796,uncommon,2.6771274279664796,,peak_abundance_with_occupancy_days_modifiers,0.2449
puntea1,AR,0.0630013708213117,0.0650282991937949,0.0650282991937949,resident,0.0375712807163522,0.0994770064557764,0.0937301944068207,365.0,3.75712807163522,0.02627361233661737,rare,2.627361233661737,rare,peak_abundance_with_occupancy_days_modifiers,0.0375712807163522
strfly1,AR,0.06259914175651997,0.03813333333333333,0.0646,breeding,0.2638,0.0671,0.1161,98.0,26.38,0.026105869787826908,uncommon,2.610586978782691,,peak_abundance_with_occupancy_days_modifiers,0.2638
andfli1,AR,0.06250795976212067,0.0645029320742533,0.0645029320742533,resident,0.183736745985666,0.1145129641173828,0.0738733979418453,365.0,18.3736745985666,0.026067843942647783,uncommon,2.6067843942647784,,peak_abundance_with_occupancy_days_modifiers,0.183736745985666
punplo1,AR,0.061741757785703094,0.0636876202104632,0.0636876202104632,resident,0.1082558993953336,0.2653195574611984,0.2436552437436397,365.0,10.82558993953336,0.025748312900108362,uncommon,2.5748312900108363,,peak_abundance_with_occupancy_days_modifiers,0.1082558993953336
schbla1,AR,0.060900357943294625,0.0627930100296574,0.0627930100296574,resident,0.1792348316972346,0.3958728509406041,0.5570081745601732,365.0,17.923483169723458,0.025397421911684762,uncommon,2.539742191168476,,peak_abundance_with_occupancy_days_modifiers,0.1792348316972346
twbplo1,AR,0.060248080345356884,0.051824999999999996,0.0621,nonbreeding,0.0167,0.8917,0.7264,112.0,1.67,0.02512540102514433,rare,2.512540102514433,rare,peak_abundance_with_occupancy_days_modifiers,0.0167
gretho2,AR,0.059871397037390334,0.0617,0.0617,resident,0.1255,0.2557,0.3727,365.0,12.55,0.02496831188441346,uncommon,2.496831188441346,,peak_abundance_with_occupancy_days_modifiers,0.1255
mcrtyr1,AR,0.05902334044946101,0.05715,0.0608,breeding,0.3524,0.9227,0.921,56.0,35.24,0.02461464481748616,uncommon,2.461464481748616,,peak_abundance_with_occupancy_days_modifiers,0.3524
magoys1,AR,0.058551886949615474,0.0387,0.0603,nonbreeding,0.0032,0.5426,0.5699,133.0,0.32,0.024418033437000268,very_rare,2.441803343700027,very_rare,peak_abundance_with_occupancy_days_modifiers,0.0032
dafgrt1,AR,0.058080211076524654,0.030775,0.0598,nonbreeding,0.2927,0.621,0.5466,147.0,29.270000000000003,0.024221329319668104,uncommon,2.4221329319668103,,peak_abundance_with_occupancy_days_modifiers,0.2927
pmtspi1,AR,0.05798584919865327,0.0597,0.0597,resident,0.3273,0.6566,0.6032,365.0,32.73,0.024181977360080122,uncommon,2.418197736008012,,peak_abundance_with_occupancy_days_modifiers,0.3273
soasni3,AR,0.05747031561087893,0.040249389292559945,0.0591538298536596,postbreeding_migration,0.4027286519348964,0.8214318999133597,0.8140676223436254,119.0,40.272865193489636,0.02396698315511103,uncommon,2.396698315511103,,peak_abundance_with_occupancy_days_modifiers,0.4027286519348964
bncfly,AR,0.05704174036719702,0.045375,0.0587,postbreeding_migration,0.2302,0.0881,0.0957,140.0,23.02,0.02378825339633313,uncommon,2.378825339633313,,peak_abundance_with_occupancy_days_modifiers,0.2302
rubsee2,AR,0.05572011361331757,0.0573017179626741,0.0573017179626741,resident,0.2387971844132301,0.4629776924702662,0.4645216500562742,365.0,23.87971844132301,0.023237092230592497,uncommon,2.3237092230592498,,peak_abundance_with_occupancy_days_modifiers,0.2387971844132301
soater1,AR,0.05515084446484804,0.025474999999999998,0.0567,breeding,0.0065,0.2174,0.2101,133.0,0.65,0.022999688556242227,very_rare,2.299968855624223,very_rare,peak_abundance_with_occupancy_days_modifiers,0.0065
thtray1,AR,0.0550562057480784,0.0566,0.0566,resident,0.0215,0.1654,0.1963,365.0,2.15,0.022960221145866468,rare,2.2960221145866466,rare,peak_abundance_with_occupancy_days_modifiers,0.0215
pattin1,AR,0.053481837983251006,0.0549378317950297,0.0549378317950297,resident,0.5354754124205058,0.9550898125334544,0.9903998698401136,365.0,53.54754124205058,0.022303658791919277,fairly_common,2.2303658791919276,,peak_abundance_with_occupancy_days_modifiers,0.5354754124205058
plurai1,AR,0.051852805076125275,0.0532207023619756,0.0532207023619756,resident,0.185839873442744,0.6915148382395276,0.7440148294875403,365.0,18.583987344274398,0.021624299302951788,uncommon,2.162429930295179,,peak_abundance_with_occupancy_days_modifiers,0.185839873442744
yecspi2,AR,0.05135829227514207,0.0527,0.0527,resident,0.1168,0.0984,0.1405,365.0,11.68,0.02141807144696788,uncommon,2.141807144696788,,peak_abundance_with_occupancy_days_modifiers,0.1168
lyhvul1,AR,0.05126329393754153,0.0526,0.0526,resident,0.1449,0.0778,0.1259,365.0,14.49,0.021378454063057006,uncommon,2.1378454063057006,,peak_abundance_with_occupancy_days_modifiers,0.1449
grymon1,AR,0.051131637068526324,0.0524614271019117,0.0524614271019117,resident,0.2508777681051123,0.0844785348430228,0.154267393946839,365.0,25.08777681051123,0.02132354888412417,uncommon,2.1323548884124173,,peak_abundance_with_occupancy_days_modifiers,0.2508777681051123
whnrob1,AR,0.050667032056005847,0.0519725618208195,0.0519725618208195,resident,0.2261245276504101,0.0060354995573066,0.0177757834492732,365.0,22.61245276504101,0.021129793544685086,uncommon,2.1129793544685085,,peak_abundance_with_occupancy_days_modifiers,0.2261245276504101
strcuc1,AR,0.05050298217310676,0.0518,0.0518,resident,0.3906,0.1388,0.1591,365.0,39.06,0.02106137942970682,uncommon,2.106137942970682,,peak_abundance_with_occupancy_days_modifiers,0.3906
bkbsht1,AR,0.05016821118774607,0.04758165855632885,0.0514479468094823,nonbreeding,0.3117600846148099,0.4616013161308776,0.4982421452135928,259.0,31.176008461480993,0.020921769085102408,uncommon,2.0921769085102406,,peak_abundance_with_occupancy_days_modifiers,0.3117600846148099
frbtho1,AR,0.04917104400644938,0.0504,0.0504,resident,0.1795,0.6469,0.5872,365.0,17.95,0.020505918070836435,uncommon,2.0505918070836437,,peak_abundance_with_occupancy_days_modifiers,0.1795
blbgra1,AR,0.04802796901058155,0.0492,0.0492,resident,0.2947,0.0783,0.018,365.0,29.470000000000002,0.02002921877173238,rare,2.002921877173238,,peak_abundance_with_occupancy_days_modifiers,0.2947
magcor1,AR,0.04795630781220567,0.0491248157645924,0.0491248157645924,resident,0.0133043156085494,0.1651355770951917,0.1628220502070442,365.0,1.33043156085494,0.01999933373080143,rare,1.9999333730801432,rare,peak_abundance_with_occupancy_days_modifiers,0.0133043156085494
aplfal,AR,0.047646653467353035,0.0488,0.0488,resident,0.7808,0.3137,0.2893,365.0,78.08,0.019870197838852573,uncommon,1.9870197838852572,,peak_abundance_with_occupancy_days_modifiers,0.7808
sobcac1,AR,0.047551301858222386,0.0487,0.0487,resident,0.18,0.2409,0.3989,365.0,18.0,0.019830433129270672,rare,1.9830433129270673,,peak_abundance_with_occupancy_days_modifiers,0.18
limpki,AR,0.046979001193994605,0.0481,0.0481,resident,0.1527,0.1932,0.1742,365.0,15.27,0.019591765214654108,rare,1.9591765214654107,,peak_abundance_with_occupancy_days_modifiers,0.1527
whttre2,AR,0.04677030398982234,0.0478812872834671,0.0478812872834671,resident,0.0786295992272459,0.1990663246548678,0.2022518040464639,365.0,7.86295992272459,0.01950473172051457,rare,1.950473172051457,,peak_abundance_with_occupancy_days_modifiers,0.0786295992272459
andswa2,AR,0.046628587736129865,0.0477327959951819,0.0477327959951819,resident,0.2410299784388679,0.1511107545580672,0.0821693339528347,365.0,24.10299784388679,0.019445631452333512,rare,1.9445631452333512,,peak_abundance_with_occupancy_days_modifiers,0.2410299784388679
epaori4,AR,0.046597285376782184,0.0477,0.0477,resident,0.2609,0.1816,0.2174,365.0,26.090000000000003,0.019432577354557567,rare,1.9432577354557568,,peak_abundance_with_occupancy_days_modifiers,0.2609
yebfin1,AR,0.046542014587348746,0.0435265533610619,0.0476420943941696,nonbreeding,0.1676712972053595,0.5615558546266284,0.5058389613391443,119.0,16.76712972053595,0.019409527645064185,rare,1.9409527645064186,,peak_abundance_with_occupancy_days_modifiers,0.1676712972053595
puntin1,AR,0.04548433862596774,0.0465346143155693,0.0465346143155693,resident,0.327347231123915,0.2743440904081675,0.3159552601766632,365.0,32.7347231123915,0.018968442509537574,rare,1.8968442509537573,,peak_abundance_with_occupancy_days_modifiers,0.327347231123915
bfgtyr1,AR,0.04537593004451091,0.03184041841982466,0.0464211671320211,breeding,0.2951694183054895,0.5339839828183051,0.61292309889719,147.0,29.516941830548948,0.018923232619561713,rare,1.8923232619561712,,peak_abundance_with_occupancy_days_modifiers,0.2951694183054895
cingrt1,AR,0.043731743172551074,0.034992198787824,0.0447020688331861,breeding,0.2665170653559232,0.4042959767000861,0.5507280559901943,168.0,26.651706535592318,0.018237553436399916,rare,1.8237553436399916,,peak_abundance_with_occupancy_days_modifiers,0.2665170653559232
schpar1,AR,0.04372976286132523,0.0447,0.0447,resident,0.047,0.1029,0.2371,365.0,4.7,0.018236727582473636,rare,1.8236727582473637,rare,peak_abundance_with_occupancy_days_modifiers,0.047
cinhar1,AR,0.04353830201448342,0.0366,0.0445,breeding,0.5008,0.8318,0.9083,259.0,50.080000000000005,0.018156882207651097,uncommon,1.8156882207651097,,peak_abundance_with_occupancy_days_modifiers,0.5008
giacoo1,AR,0.043532985333851575,0.0444944467418425,0.0444944467418425,resident,0.0373508924506409,0.0476502579921133,0.0448921971761086,365.0,3.7350892450640902,0.018154664979612743,rare,1.8154664979612742,rare,peak_abundance_with_occupancy_days_modifiers,0.0373508924506409
whiwoo1,AR,0.04334680450336586,0.0443,0.0443,resident,0.2064,0.1151,0.1467,365.0,20.64,0.018077021542637954,rare,1.8077021542637954,,peak_abundance_with_occupancy_days_modifiers,0.2064
whwcin1,AR,0.04270261512896923,0.043627489671578,0.043627489671578,resident,0.2759961280392919,0.3203147273431586,0.2610646990453887,365.0,27.59961280392919,0.017808373707303253,rare,1.7808373707303253,,peak_abundance_with_occupancy_days_modifiers,0.2759961280392919
whshil1,AR,0.04242222455176015,0.03202970571149,0.0433349073779337,nonbreeding,0.2949021761080539,0.8042640251178911,0.8457167230547031,126.0,29.49021761080539,0.0176914417543569,rare,1.7691441754356898,,peak_abundance_with_occupancy_days_modifiers,0.2949021761080539
angpet1,AR,0.04235963515342969,0.03614408203621035,0.0432696077173783,breeding,0.0206357644613911,0.0058195807527115,0.0041068694946255,154.0,2.06357644613911,0.017665339947893315,rare,1.7665339947893315,rare,peak_abundance_with_occupancy_days_modifiers,0.0206357644613911
tuttyr1,AR,0.042292912190251455,0.0432,0.0432,resident,0.1984,0.5349,0.3363,365.0,19.84,0.017637514310996184,rare,1.7637514310996183,,peak_abundance_with_occupancy_days_modifiers,0.1984
ausbla1,AR,0.04200529414503013,0.030100000000000002,0.0429,nonbreeding,0.0343,0.212,0.118,168.0,3.4299999999999997,0.01751756826978078,rare,1.7517568269780779,rare,peak_abundance_with_occupancy_days_modifiers,0.0343
banswa,AR,0.04190940307720961,0.027899999999999998,0.0428,prebreeding_migration,0.3264,,,,32.64,0.01747757858845137,rare,1.7477578588451372,,peak_abundance_with_occupancy_days_modifiers,0.3264
yelcar1,AR,0.04170761278350629,0.042589594311353,0.042589594311353,resident,0.2080963823567236,0.9529868254827648,0.997246940276862,365.0,20.80963823567236,0.017393425499702096,rare,1.7393425499702095,,peak_abundance_with_occupancy_days_modifiers,0.2080963823567236
bcbeag1,AR,0.0413338634929772,0.0422,0.0422,resident,0.2643,0.4903,0.6295,365.0,26.43,0.017237559939279636,rare,1.7237559939279636,,peak_abundance_with_occupancy_days_modifiers,0.2643
andneg1,AR,0.040341243286573555,0.03270731430734172,0.0411660044882045,breeding,0.2112969047006665,0.2827883307490932,0.2247607066786575,147.0,21.12969047006665,0.016823605160827097,rare,1.6823605160827098,,peak_abundance_with_occupancy_days_modifiers,0.2112969047006665
labter1,AR,0.040229511209722846,0.0410496793469225,0.0410496793469225,resident,0.060935604255287,0.072394808546464,0.0379313929086814,365.0,6.0935604255286995,0.016777009265619282,rare,1.6777009265619283,,peak_abundance_with_occupancy_days_modifiers,0.060935604255287
chisku1,AR,0.03969868745047482,0.02060030319458415,0.0404972120869141,breeding,0.0229618319385123,0.0091767039018025,0.0148344515813017,98.0,2.2961831938512303,0.016555638563875204,rare,1.6555638563875203,rare,peak_abundance_with_occupancy_days_modifiers,0.0229618319385123
brcfly1,AR,0.039605254592359425,0.02535,0.0404,breeding,0.458,0.1921,0.2363,133.0,45.800000000000004,0.01651667403561776,rare,1.651667403561776,,peak_abundance_with_occupancy_days_modifiers,0.458
bkcdon,AR,0.039587195870488825,0.0403812118754111,0.0403812118754111,resident,0.1710686433523333,0.0279791192651598,0.0312674327655004,365.0,17.10686433523333,0.016509142963649963,rare,1.6509142963649963,,peak_abundance_with_occupancy_days_modifiers,0.1710686433523333
greshe,AR,0.0394978438456728,0.02924145797190143,0.0402882558605154,breeding,0.0099023151730027,0.0048708397703688,0.0010888918193741,77.0,0.99023151730027,0.016471880275062346,very_rare,1.6471880275062345,very_rare,peak_abundance_with_occupancy_days_modifiers,0.0099023151730027
yebcar,AR,0.03931686237695038,0.0401,0.0401,resident,0.0783,0.4381,0.3269,365.0,7.829999999999999,0.016396405140357607,rare,1.6396405140357606,,peak_abundance_with_occupancy_days_modifiers,0.0783
kelgoo1,AR,0.039266350375987406,0.02864135304117295,0.040047463794664,nonbreeding,0.0207421856735572,0.0834790228192098,0.1084305533116407,119.0,2.07421856735572,0.01637533999980036,rare,1.637533999980036,rare,peak_abundance_with_occupancy_days_modifiers,0.0207421856735572
rewtin1,AR,0.03816246109434891,0.0389,0.0389,resident,0.2429,0.177,0.2017,365.0,24.29,0.015914982412811064,rare,1.5914982412811065,,peak_abundance_with_occupancy_days_modifiers,0.2429
rocpig,AR,0.036717582935162765,0.0374,0.0374,resident,0.015,0.0024,0.0021,365.0,1.5,0.015312421418769066,rare,1.5312421418769067,rare,peak_abundance_with_occupancy_days_modifiers,0.015
dolgul2,AR,0.03657245339042466,0.0372494535349229,0.0372494535349229,resident,0.0201726070901115,0.1589489455844162,0.1461492917312783,365.0,2.01726070901115,0.015251897697660544,rare,1.5251897697660544,rare,peak_abundance_with_occupancy_days_modifiers,0.0201726070901115
ltrfin1,AR,0.036193337137181376,0.0368562899404836,0.0368562899404836,resident,0.274713144385514,0.3337670529216835,0.3097534034045203,365.0,27.471314438551396,0.015093793939942741,rare,1.5093793939942741,,peak_abundance_with_occupancy_days_modifiers,0.274713144385514
andgoo1,AR,0.036139046615873194,0.03095,0.0368,breeding,0.0516,0.2444,0.1209,126.0,5.16,0.015071153034009892,rare,1.5071153034009892,,peak_abundance_with_occupancy_days_modifiers,0.0516
pibgre,AR,0.03604259134692935,0.0248,0.0367,nonbreeding,0.3035,0.3386,0.2215,168.0,30.349999999999998,0.015030928062536775,rare,1.5030928062536775,,peak_abundance_with_occupancy_days_modifiers,0.3035
andlap1,AR,0.03506223374259228,0.0356841612955434,0.0356841612955434,resident,0.1560463797084376,0.1373570450149704,0.0481459657862953,365.0,15.60463797084376,0.014622087186349162,rare,1.4622087186349162,,peak_abundance_with_occupancy_days_modifiers,0.1560463797084376
bltsta2,AR,0.03498096889524552,0.01215,0.0356,breeding,0.2682,0.5962,0.6574,91.0,26.82,0.014588197112721444,rare,1.4588197112721444,,peak_abundance_with_occupancy_days_modifiers,0.2682
bawnig1,AR,0.03495233702263846,0.025957055233371277,0.0355703492572083,breeding,0.3145386707793519,0.4977578001850032,0.4958122005415831,98.0,31.45386707793519,0.014576256694417164,rare,1.4576256694417165,,peak_abundance_with_occupancy_days_modifiers,0.3145386707793519
whbpic1,AR,0.03469123978993036,0.0353,0.0353,resident,0.2331,0.3638,0.4305,365.0,23.31,0.014467370691066583,rare,1.4467370691066583,,peak_abundance_with_occupancy_days_modifiers,0.2331
varfly,AR,0.03426998996858697,0.028805838697583602,0.0348639719047896,breeding,0.0950459708920801,0.0189656525792305,0.048086686244633,105.0,9.50459708920801,0.014291695870684764,rare,1.4291695870684764,,peak_abundance_with_occupancy_days_modifiers,0.0950459708920801
hudgod,AR,0.03420817132973701,0.012825,0.0348,nonbreeding,0.0358,0.8485,0.2758,126.0,3.58,0.014265915495890543,rare,1.4265915495890542,rare,peak_abundance_with_occupancy_days_modifiers,0.0358
compot1,AR,0.03324133377980188,0.019533333333333333,0.0338,prebreeding_migration,0.2869,0.0679,0.1306,91.0,28.689999999999998,0.013862712920322382,rare,1.3862712920322382,,peak_abundance_with_occupancy_days_modifiers,0.2869
gybmar,AR,0.033144598592302024,0.01685,0.0337,breeding,0.0908,0.023,0.0331,105.0,9.08,0.013822371213744447,rare,1.3822371213744447,,peak_abundance_with_occupancy_days_modifiers,0.0908
bunibi1,AR,0.03304785404620035,0.0336,0.0336,resident,0.0987,0.0644,0.0426,365.0,9.87,0.013782025604326415,rare,1.3782025604326416,,peak_abundance_with_occupancy_days_modifiers,0.0987
whtspa1,AR,0.03277429634953571,0.0333172894353159,0.0333172894353159,resident,0.2008094663507518,0.0212569098230967,0.0639986945256177,365.0,20.08094663507518,0.013667943183893853,rare,1.3667943183893854,,peak_abundance_with_occupancy_days_modifiers,0.2008094663507518
puteup1,AR,0.032660782239548374,0.0332,0.0332,resident,0.1304,0.0496,0.0591,365.0,13.04,0.013620604123145367,rare,1.3620604123145368,,peak_abundance_with_occupancy_days_modifiers,0.1304
spfgal1,AR,0.032660782239548374,0.0332,0.0332,resident,0.2006,0.7186,0.7829,365.0,20.06,0.013620604123145367,rare,1.3620604123145368,,peak_abundance_with_occupancy_days_modifiers,0.2006
lowhar1,AR,0.03217673169522125,0.0327,0.0327,breeding,0.359,0.4136,0.6327,42.0,35.9,0.01341873936707444,rare,1.341873936707444,,peak_abundance_with_occupancy_days_modifiers,0.359
savhaw1,AR,0.03169244673248972,0.0322,0.0322,resident,0.2064,0.1162,0.1175,365.0,20.64,0.013216776850935733,rare,1.3216776850935732,,peak_abundance_with_occupancy_days_modifiers,0.2064
orntin1,AR,0.03150631714314401,0.0320078949166521,0.0320078949166521,resident,0.1432767346368673,0.1314112753377748,0.2002772446673323,365.0,14.327673463686729,0.013139154783176036,rare,1.3139154783176037,,peak_abundance_with_occupancy_days_modifiers,0.1432767346368673
grfdov1,AR,0.030950008840124225,0.0314339400186679,0.0314339400186679,resident,0.1362771545795534,0.0040697981017704,0.0045125893639062,365.0,13.62771545795534,0.012907156201198543,rare,1.2907156201198544,,peak_abundance_with_occupancy_days_modifiers,0.1362771545795534
whcswi,AR,0.03072317264284058,0.0312,0.0312,resident,0.0601,0.0513,0.0277,365.0,6.01,0.012812558159383744,rare,1.2812558159383745,,peak_abundance_with_occupancy_days_modifiers,0.0601
miskit,AR,0.030335199796072947,0.02885,0.0308,prebreeding_migration,0.0876,0.5181,0.5785,70.0,8.76,0.012650760915288583,rare,1.2650760915288584,,peak_abundance_with_occupancy_days_modifiers,0.0876
manshe,AR,0.03033101269571266,0.0240771114215938,0.0307956839459845,postbreeding_migration,0.0102925426441255,0.0053441268627565,0.0025155703262621,28.0,1.02925426441255,0.012649014758812194,rare,1.2649014758812194,rare,peak_abundance_with_occupancy_days_modifiers,0.0102925426441255
gresht1,AR,0.03008802819178831,0.0232127857397421,0.0305452469954548,nonbreeding,0.2054259171609223,0.6731433479676151,0.7721159141730116,126.0,20.54259171609223,0.01254768235006162,rare,1.254768235006162,,peak_abundance_with_occupancy_days_modifiers,0.2054259171609223
sicswi1,AR,0.0295588022415444,0.013724999999999998,0.03,breeding,0.1196,0.0961,0.2179,168.0,11.959999999999999,0.012326977986427646,rare,1.2326977986427645,,peak_abundance_with_occupancy_days_modifiers,0.1196
bbfgle1,AR,0.02935139190382568,0.0297863895054279,0.0297863895054279,resident,0.0570982541961744,0.1146880373576434,0.2914350939061516,365.0,5.70982541961744,0.012240481157282724,rare,1.2240481157282723,,peak_abundance_with_occupancy_days_modifiers,0.0570982541961744
sbgtyr1,AR,0.028490270399627496,0.018325,0.0289,prebreeding_migration,0.2584,0.4624,0.6489,98.0,25.840000000000003,0.011881365597080043,rare,1.1881365597080042,,peak_abundance_with_occupancy_days_modifiers,0.2584
andhil3,AR,0.028489096142743288,0.0288987918078012,0.0288987918078012,resident,0.2715737263851731,0.2213009969848436,0.1774877553937767,365.0,27.15737263851731,0.0118808758939235,rare,1.18808758939235,,peak_abundance_with_occupancy_days_modifiers,0.2715737263851731
whmtyr1,AR,0.02789570350153993,0.0282884319456345,0.0282884319456345,resident,0.1642385141885324,0.0374119962753742,0.0360965809349365,365.0,16.42385141885324,0.011633411941708902,rare,1.1633411941708902,,peak_abundance_with_occupancy_days_modifiers,0.1642385141885324
blkski,AR,0.027712438566535786,0.018625,0.0281,prebreeding_migration,0.006,0.0408,0.1049,140.0,0.6,0.011556984527599937,very_rare,1.1556984527599936,very_rare,peak_abundance_with_occupancy_days_modifiers,0.006
bubear2,AR,0.027658402577663558,0.0280444471007819,0.0280444471007819,resident,0.1737358571419575,0.2333045841721698,0.2766030722689293,365.0,17.373585714195748,0.011534449769937574,rare,1.1534449769937574,,peak_abundance_with_occupancy_days_modifiers,0.1737358571419575
gyfcin1,AR,0.027494147666573095,0.024773297275343498,0.02787559961892,nonbreeding,0.0990233322009982,0.464124713251824,0.5545547822442997,154.0,9.90233322009982,0.011465950151562316,rare,1.1465950151562316,,peak_abundance_with_occupancy_days_modifiers,0.0990233322009982
yebtyr2,AR,0.02735273202813244,0.022495790915278098,0.0277302522122027,nonbreeding,0.2611847042079842,0.3251062786747982,0.3792808626598074,105.0,26.118470420798417,0.011406975249678649,rare,1.1406975249678648,,peak_abundance_with_occupancy_days_modifiers,0.2611847042079842
moctyr2,AR,0.02723927130955715,0.0276136518141927,0.0276136518141927,resident,0.0737190663699636,0.1078738693151949,0.2137083804511765,365.0,7.37190663699636,0.01135965845487849,rare,1.1359658454878492,,peak_abundance_with_occupancy_days_modifiers,0.0737190663699636
stbear2,AR,0.0269488663116546,0.0273152710015296,0.0273152710015296,resident,0.2521375137540631,0.6030782016501748,0.5393958562147284,365.0,25.21375137540631,0.01123855016412164,rare,1.123855016412164,,peak_abundance_with_occupancy_days_modifiers,0.2521375137540631
gybsht1,AR,0.025960101669531634,0.0163,0.0263,nonbreeding,0.6462,0.8541,0.9316,161.0,64.62,0.010826203280861342,rare,1.0826203280861342,,peak_abundance_with_occupancy_days_modifiers,0.6462
punibi1,AR,0.025673511094816352,0.0260059142362866,0.0260059142362866,resident,0.0396048568977269,0.0298510916040758,0.0114022329334591,365.0,3.96048568977269,0.010706685728128147,rare,1.0706685728128147,rare,peak_abundance_with_occupancy_days_modifiers,0.0396048568977269
jabiru,AR,0.02566774674857779,0.026,0.026,resident,0.0971,0.2202,0.1828,365.0,9.71,0.010704281809031328,rare,1.0704281809031329,,peak_abundance_with_occupancy_days_modifiers,0.0971
bffgle,AR,0.025501669030373427,0.0258296184098068,0.0258296184098068,resident,0.1684234205381678,0.0471105804189458,0.0616596320154609,365.0,16.84234205381678,0.01063502202104627,rare,1.063502202104627,,peak_abundance_with_occupancy_days_modifiers,0.1684234205381678
auspar1,AR,0.025375306331228243,0.0257,0.0257,resident,0.0171,0.2419,0.2539,365.0,1.71,0.010582324682434953,rare,1.0582324682434954,rare,peak_abundance_with_occupancy_days_modifiers,0.0171
solsan,AR,0.0249852526939085,0.0222,0.0253,prebreeding_migration,0.3446,0.1459,0.1146,105.0,34.46,0.010419659681279796,rare,1.0419659681279796,,peak_abundance_with_occupancy_days_modifiers,0.3446
linsee1,AR,0.024790168807218786,0.012499999999999999,0.0251,breeding,0.1759,0.0915,0.0926,119.0,17.59,0.010338303381485165,rare,1.0338303381485165,,peak_abundance_with_occupancy_days_modifiers,0.1759
andduc1,AR,0.02477667604506536,0.0250861686628282,0.0250861686628282,resident,0.0987290526554832,0.599698461070639,0.2230023924956919,365.0,9.872905265548319,0.010332676462617396,rare,1.0332676462617396,,peak_abundance_with_occupancy_days_modifiers,0.0987290526554832
purgal2,AR,0.024497471600387438,0.011474999999999999,0.0248,prebreeding_migration,0.1951,0.0857,0.0939,91.0,19.509999999999998,0.010216239165357105,rare,1.0216239165357104,,peak_abundance_with_occupancy_days_modifiers,0.1951
batsee1,AR,0.024107075343233128,0.0244,0.0244,resident,0.0717,0.4738,0.384,365.0,7.17,0.010053431280632984,rare,1.0053431280632983,,peak_abundance_with_occupancy_days_modifiers,0.0717
helpip1,AR,0.024077555189020588,0.017762880372407225,0.0243697600003716,nonbreeding,0.5239517482025294,0.7144341853488136,0.6704807401154192,126.0,52.39517482025294,0.010041120420126531,rare,1.004112042012653,,peak_abundance_with_occupancy_days_modifiers,0.5239517482025294
dorcht1,AR,0.023996518688084514,0.0242867520227399,0.0242867520227399,resident,0.1880784339518691,0.1960924019303145,0.1785947258182197,365.0,18.80784339518691,0.010007325574348499,rare,1.0007325574348498,,peak_abundance_with_occupancy_days_modifiers,0.1880784339518691
whepar2,AR,0.023521195041345824,0.0238,0.0238,resident,0.0408,0.0152,0.0114,365.0,4.08,0.00980910021724859,rare,0.980910021724859,rare,peak_abundance_with_occupancy_days_modifiers,0.0408
y01204,AR,0.02345738448450717,0.009229293281903887,0.0237346728362121,breeding,0.4218375539365313,0.0637321576621467,0.0261851186342903,154.0,42.18375539365313,0.009782489148131995,rare,0.9782489148131994,,peak_abundance_with_occupancy_days_modifiers,0.4218375539365313
brnowl,AR,0.02332582530349669,0.0236,0.0236,resident,0.5235,,,,52.349999999999994,0.009727624708261448,rare,0.9727624708261449,,peak_abundance_with_occupancy_days_modifiers,0.5235
rngtyr1,AR,0.023228126119207167,0.015549999999999998,0.0235,nonbreeding,0.0948,0.2687,0.319,119.0,9.48,0.009686880983796994,rare,0.9686880983796994,,peak_abundance_with_occupancy_days_modifiers,0.0948
fepowl,AR,0.023032699110572687,0.0233,0.0233,resident,0.2566,0.0907,0.0826,365.0,25.66,0.009605381591037278,rare,0.9605381591037278,,peak_abundance_with_occupancy_days_modifiers,0.2566
pugtyr1,AR,0.022967541003281484,0.0232333258810122,0.0232333258810122,resident,0.1939312742144042,0.1494145587218487,0.095595465503747,365.0,19.393127421440422,0.009578208549732924,rare,0.9578208549732924,,peak_abundance_with_occupancy_days_modifiers,0.1939312742144042
heptan,AR,0.02293497128249588,0.01875,0.0232,breeding,0.2256,0.2183,0.218,140.0,22.56,0.009564625921185715,rare,0.9564625921185714,,peak_abundance_with_occupancy_days_modifiers,0.2256
fusfly1,AR,0.02266505775691975,0.011703237109349524,0.0229238617490314,breeding,0.4514076098469698,0.0900558237601796,0.0487725216635633,147.0,45.14076098469698,0.009452063238136946,rare,0.9452063238136946,,peak_abundance_with_occupancy_days_modifiers,0.4514076098469698
magwoo1,AR,0.021654801465437176,0.0218909683133868,0.0218909683133868,resident,0.0713452152562711,0.2332187735966209,0.235396334885121,365.0,7.13452152562711,0.009030753640948528,rare,0.9030753640948528,,peak_abundance_with_occupancy_days_modifiers,0.0713452152562711
whtcar1,AR,0.021468888631821777,0.0217010033268333,0.0217010033268333,resident,0.157087672029565,0.6660695571968822,0.6396513899329614,365.0,15.7087672029565,0.008953221967349418,rare,0.8953221967349418,,peak_abundance_with_occupancy_days_modifiers,0.157087672029565
rugdov,AR,0.021370025736192483,0.0216,0.0216,resident,0.0904,0.0296,0.008,365.0,9.04,0.008911992937562067,rare,0.8911992937562067,,peak_abundance_with_occupancy_days_modifiers,0.0904
cawfin1,AR,0.020754221058690184,0.01930574898503165,0.0209710876049354,nonbreeding,0.0356910288037454,0.3487986608062792,0.1260847940493152,147.0,3.5691028803745404,0.008655182440253012,rare,0.8655182440253012,rare,peak_abundance_with_occupancy_days_modifiers,0.0356910288037454
gilhum1,AR,0.020684591192832683,0.0209,0.0209,resident,0.1371,0.1877,0.2422,365.0,13.71,0.008626144530779884,rare,0.8626144530779885,,peak_abundance_with_occupancy_days_modifiers,0.1371
yebter2,AR,0.02022587198716442,0.0204318009570898,0.0204318009570898,resident,0.0822784995812428,0.0793122388617335,0.0498245901819659,365.0,8.22784995812428,0.008434843763447874,rare,0.8434843763447873,,peak_abundance_with_occupancy_days_modifiers,0.0822784995812428
ruther1,AR,0.02009670169912241,0.0203,0.0203,resident,0.1352,0.0669,0.0927,365.0,13.52,0.008380975569324727,rare,0.8380975569324727,,peak_abundance_with_occupancy_days_modifiers,0.1352
whwbec1,AR,0.019998686506689126,0.0101,0.0202,breeding,0.2955,0.0597,0.0541,287.0,29.549999999999997,0.008340100059228372,rare,0.8340100059228371,,peak_abundance_with_occupancy_days_modifiers,0.2955
whswoo2,AR,0.01920042571437402,0.0193859392992781,0.0193859392992781,resident,0.0657875222388529,0.0536189067174033,0.0637864613551693,365.0,6.57875222388529,0.008007199452028999,rare,0.8007199452028999,,peak_abundance_with_occupancy_days_modifiers,0.0657875222388529
grhowl2,AR,0.01867409640081146,0.018849547769267,0.018849547769267,resident,0.3748307352922996,0.6319327831087362,0.7574693707235375,365.0,37.48307352922996,0.007787703079717294,rare,0.7787703079717294,,peak_abundance_with_occupancy_days_modifiers,0.3748307352922996
grbhaw1,AR,0.018527304613883622,0.0187,0.0187,resident,0.1833,0.1106,0.1585,365.0,18.33,0.007726486149773333,rare,0.7726486149773333,,peak_abundance_with_occupancy_days_modifiers,0.1833
truter,AR,0.01842278296966989,0.0185935293653793,0.0185935293653793,resident,0.0309038958762021,0.6843648208469055,0.6665157540712332,365.0,3.0903895876202103,0.007682897238531349,rare,0.768289723853135,rare,peak_abundance_with_occupancy_days_modifiers,0.0309038958762021
speduc2,AR,0.0177532441666909,0.012674874785542899,0.0179117697307391,nonbreeding,0.1631725317467083,0.4951038807175215,0.3815660396205045,126.0,16.317253174670828,0.00740367787037368,rare,0.740367787037368,,peak_abundance_with_occupancy_days_modifiers,0.1631725317467083
sootyr1,AR,0.017741681476157102,0.0179,0.0179,resident,0.1475,0.5635,0.5763,365.0,14.75,0.0073988558538890595,rare,0.7398855853889059,,peak_abundance_with_occupancy_days_modifiers,0.1475
blacin1,AR,0.017662003270361697,0.0178188987853634,0.0178188987853634,resident,0.0879152773628003,0.1408367707719505,0.0472707386859794,365.0,8.791527736280031,0.00736562746118178,rare,0.736562746118178,,peak_abundance_with_occupancy_days_modifiers,0.0879152773628003
brcred1,AR,0.017545179215748816,0.0177,0.0177,resident,0.0221,0.4123,0.5178,365.0,2.21,0.007316908046310731,rare,0.731690804631073,rare,peak_abundance_with_occupancy_days_modifiers,0.0221
retcom1,AR,0.01715205881756557,0.0173,0.0173,resident,0.0443,0.5595,0.6309,365.0,4.43,0.007152964106538737,rare,0.7152964106538737,rare,peak_abundance_with_occupancy_days_modifiers,0.0443
oliwoo1,AR,0.01715205881756557,0.0173,0.0173,resident,0.1026,0.0363,0.0565,365.0,10.26,0.007152964106538737,rare,0.7152964106538737,,peak_abundance_with_occupancy_days_modifiers,0.1026
magtap1,AR,0.016970486260530816,0.0171153030061887,0.0171153030061887,resident,0.0693987152023025,0.1855468563709696,0.1162329446511768,365.0,6.939871520230249,0.007077242468861521,rare,0.7077242468861521,,peak_abundance_with_occupancy_days_modifiers,0.0693987152023025
aupowl1,AR,0.016748788370824986,0.016889835683663,0.016889835683663,resident,0.167330921214667,0.3560938206770439,0.1839079208495938,365.0,16.7330921214667,0.0069847872677437865,rare,0.6984787267743786,,peak_abundance_with_occupancy_days_modifiers,0.167330921214667
gcrwar,AR,0.01666044089310724,0.0168,0.0168,resident,0.0327,0.0323,0.0505,365.0,3.27,0.006947943507834789,rare,0.6947943507834788,rare,peak_abundance_with_occupancy_days_modifiers,0.0327
ameoys,AR,0.016168581161583706,0.011824999999999999,0.0163,prebreeding_migration,0.004,0.0692,0.2748,98.0,0.4,0.006742822067752263,very_rare,0.6742822067752263,very_rare,peak_abundance_with_occupancy_days_modifiers,0.004
relcor1,AR,0.01615199330786984,0.0162831419040908,0.0162831419040908,resident,0.009522066368626,0.0494108703914861,0.0181124182743982,365.0,0.9522066368626001,0.006735904395449361,very_rare,0.673590439544936,very_rare,peak_abundance_with_occupancy_days_modifiers,0.009522066368626
blttit1,AR,0.016101441044003007,0.0162317677890877,0.0162317677890877,resident,0.1322174743339897,0.0079859238641061,0.0113274669557765,365.0,13.22174743339897,0.006714822463957107,rare,0.6714822463957106,,peak_abundance_with_occupancy_days_modifiers,0.1322174743339897
gregre1,AR,0.015774919115362215,0.0159,0.0159,resident,0.0181,0.6725,0.7972,365.0,1.81,0.00657865224320357,rare,0.657865224320357,rare,peak_abundance_with_occupancy_days_modifiers,0.0181
eulfly1,AR,0.01555018442164447,0.011730845647322833,0.0156717176770919,breeding,0.1712702766580427,0.0648452226542529,0.0817627307004982,182.0,17.12702766580427,0.006484930596446481,rare,0.6484930596446481,,peak_abundance_with_occupancy_days_modifiers,0.1712702766580427
spispi1,AR,0.015220468865962471,0.0153368901142688,0.0153368901142688,resident,0.0716673058957216,0.0402639258886705,0.0211594183573317,365.0,7.166730589572159,0.006347428529770596,rare,0.6347428529770596,,peak_abundance_with_occupancy_days_modifiers,0.0716673058957216
whtkit,AR,0.015184135325039965,0.0153,0.0153,resident,0.2151,0.324,0.4157,365.0,21.51,0.00633227626631083,rare,0.633227626631083,,peak_abundance_with_occupancy_days_modifiers,0.2151
rufnig1,AR,0.014743278697398292,0.0148524969155536,0.0148524969155536,resident,0.4138680338082505,0.0594860976403839,0.0559446991140127,365.0,41.38680338082505,0.006148424772610191,rare,0.614842477261019,,peak_abundance_with_occupancy_days_modifiers,0.4138680338082505
thbsis1,AR,0.014198738413168677,0.0143000192852469,0.0143000192852469,resident,0.1913696387025129,0.2848269081016816,0.3328547242614024,365.0,19.13696387025129,0.005921333835651056,rare,0.5921333835651056,,peak_abundance_with_occupancy_days_modifiers,0.1913696387025129
snoshe2,AR,0.01415816449910831,0.0142588659983136,0.0142588659983136,nonbreeding,0.0124377333820258,0.4250227203877613,0.3568169557776993,112.0,1.24377333820258,0.005904413199241008,rare,0.5904413199241008,rare,peak_abundance_with_occupancy_days_modifiers,0.0124377333820258
bthhue1,AR,0.014074207089577427,0.0141737150259082,0.0141737150259082,resident,0.0407464170053202,0.1733508020099988,0.1206930069295099,365.0,4.074641700532021,0.0058694002399665764,rare,0.5869400239966577,rare,peak_abundance_with_occupancy_days_modifiers,0.0407464170053202
diaplo1,AR,0.013769786228157081,0.0138650263779661,0.0138650263779661,resident,0.216387071904738,0.4114748792863855,0.3382374174749344,365.0,21.6387071904738,0.005742446880128979,rare,0.574244688012898,,peak_abundance_with_occupancy_days_modifiers,0.216387071904738
wispet,AR,0.013727555379345297,0.010871505387415499,0.0138222109013949,breeding,0.0130897358839138,0.000667563545934487,0.0002188039061258736,28.0,1.30897358839138,0.005724835248257102,rare,0.5724835248257102,rare,peak_abundance_with_occupancy_days_modifiers,0.0130897358839138
whbwar2,AR,0.013508350024792243,0.0136,0.0136,resident,0.043,0.1577,0.1511,365.0,4.3,0.0056334195150349094,rare,0.563341951503491,rare,peak_abundance_with_occupancy_days_modifiers,0.043
yeofly1,AR,0.013014937077494654,0.0131,0.0131,resident,0.052,0.0188,0.045,365.0,5.2,0.005427650333663732,rare,0.5427650333663732,,peak_abundance_with_occupancy_days_modifiers,0.052
fabtan1,AR,0.012931781246358852,0.0130157583301179,0.0130157583301179,resident,0.0819732277315977,0.0822474853536689,0.1751768334820574,365.0,8.197322773159769,0.005392971658544215,rare,0.5392971658544214,,peak_abundance_with_occupancy_days_modifiers,0.0819732277315977
bkhpar,AR,0.012817503710614431,0.0129,0.0129,resident,0.0137,0.14,0.1043,365.0,1.37,0.00534531422452665,rare,0.534531422452665,rare,peak_abundance_with_occupancy_days_modifiers,0.0137
dabcin1,AR,0.012623621631841674,0.010388827034572851,0.0127036358787682,nonbreeding,0.0365008476646566,0.2002531262848891,0.1401188332270481,105.0,3.6500847664656595,0.005264459117561786,rare,0.5264459117561786,rare,peak_abundance_with_occupancy_days_modifiers,0.0365008476646566
rucdot1,AR,0.012521280553671745,0.005725,0.0126,nonbreeding,0.0532,0.7526,0.358,119.0,5.319999999999999,0.005221779572991616,rare,0.5221779572991616,,peak_abundance_with_occupancy_days_modifiers,0.0532
barant1,AR,0.012422519998557154,0.0125,0.0125,resident,0.0786,0.0262,0.0194,365.0,7.86,0.005180593222513795,rare,0.5180593222513795,,peak_abundance_with_occupancy_days_modifiers,0.0786
gubter2,AR,0.011667464887720575,0.00730322650912815,0.0117357952449376,breeding,0.0714488826309327,0.0536038368907144,0.0124488831021396,112.0,7.14488826309327,0.004865710783984499,rare,0.48657107839844993,,peak_abundance_with_occupancy_days_modifiers,0.0714488826309327
bfgdov1,AR,0.01158397143393341,0.0116513254554588,0.0116513254554588,resident,0.0273464986938691,0.0178455872044056,0.0122282063065396,365.0,2.73464986938691,0.00483089130928344,rare,0.48308913092834405,rare,peak_abundance_with_occupancy_days_modifiers,0.0273464986938691
srwswa1,AR,0.011434377625663104,0.01065,0.0115,breeding,0.0784,0.0171,0.0092,224.0,7.84,0.004768505845678206,rare,0.47685058456782065,,peak_abundance_with_occupancy_days_modifiers,0.0784
compau,AR,0.011236631925987681,0.0113,0.0113,resident,0.0447,0.0097,0.0094,365.0,4.47,0.0046860394836487134,rare,0.46860394836487135,rare,peak_abundance_with_occupancy_days_modifiers,0.0447
cobtan1,AR,0.011236631925987681,0.0113,0.0113,resident,0.0094,0.1037,0.1512,365.0,0.9400000000000001,0.0046860394836487134,very_rare,0.46860394836487135,very_rare,peak_abundance_with_occupancy_days_modifiers,0.0094
madpet1,AR,0.010958884790474589,0.00903845730621985,0.0110191533258407,nonbreeding,0.0150912193392228,0.0041179632981627,0.0023727557074298,77.0,1.5091219339222801,0.004570209931514461,rare,0.45702099315144606,rare,peak_abundance_with_occupancy_days_modifiers,0.0150912193392228
madpet,AR,0.010958884790474589,0.00903845730621985,0.0110191533258407,nonbreeding,0.0150912193392228,0.0041179632981627,0.0023727557074298,77.0,1.5091219339222801,0.004570209931514461,rare,0.45702099315144606,rare,peak_abundance_with_occupancy_days_modifiers,0.0150912193392228
toctou1,AR,0.010841023177874857,0.0109,0.0109,resident,0.0455,0.0345,0.0235,365.0,4.55,0.004521057821354797,rare,0.4521057821354797,rare,peak_abundance_with_occupancy_days_modifiers,0.0455
fiediu1,AR,0.010742096531902109,0.00895,0.0108,nonbreeding,0.0334,0.2055,0.1236,133.0,3.34,0.004479802205609206,rare,0.4479802205609206,rare,peak_abundance_with_occupancy_days_modifiers,0.0334
rinkin1,AR,0.010742096531902109,0.0108,0.0108,resident,0.097,0.0404,0.0343,365.0,9.700000000000001,0.004479802205609206,rare,0.4479802205609206,,peak_abundance_with_occupancy_days_modifiers,0.097
colplo1,AR,0.010742096531902109,0.0108,0.0108,resident,0.0289,0.2277,0.2715,365.0,2.8899999999999997,0.004479802205609206,rare,0.4479802205609206,rare,peak_abundance_with_occupancy_days_modifiers,0.0289
whcpet1,AR,0.010717774451888448,0.007912177846934751,0.010775415540496,postbreeding_migration,0.0077377715967769,0.0031214791008662,0.0003001410586621592,91.0,0.77377715967769,0.004469659110416727,very_rare,0.4469659110416727,very_rare,peak_abundance_with_occupancy_days_modifiers,0.0077377715967769
wbctyr1,AR,0.010283277476161586,0.010336332076431,0.010336332076431,resident,0.0970099416880644,0.1766513105143521,0.1018056615736408,365.0,9.70099416880644,0.004288459797562721,rare,0.42884597975627214,,peak_abundance_with_occupancy_days_modifiers,0.0970099416880644
grwsal1,AR,0.010247316451549523,0.0103,0.0103,resident,0.0572,0.0791,0.0816,365.0,5.72,0.0042734628854707085,rare,0.42734628854707085,,peak_abundance_with_occupancy_days_modifiers,0.0572
punsni1,AR,0.010241207927804832,0.0102938285773099,0.0102938285773099,resident,0.3586808863807101,0.2001863697522799,0.111762533803231,365.0,35.86808863807101,0.004270915433205433,rare,0.4270915433205433,,peak_abundance_with_occupancy_days_modifiers,0.3586808863807101
btsfin1,AR,0.01014833105181515,0.0102,0.0102,resident,0.0309,0.2031,0.1859,365.0,3.09,0.004232182767503403,rare,0.4232182767503403,rare,peak_abundance_with_occupancy_days_modifiers,0.0309
wbgtyr1,AR,0.01014833105181515,0.006833333333333334,0.0102,prebreeding_migration,0.0849,0.472,0.5311,147.0,8.49,0.004232182767503403,rare,0.4232182767503403,,peak_abundance_with_occupancy_days_modifiers,0.0849
redkno,AR,0.009851316050374183,0.004200000000000001,0.0099,nonbreeding,0.0021,,,,0.21,0.0041083178911636145,very_rare,0.4108317891163614,very_rare,peak_abundance_with_occupancy_days_modifiers,0.0021
greani1,AR,0.009851316050374183,0.0099,0.0099,resident,0.0813,0.0382,0.0125,365.0,8.129999999999999,0.0041083178911636145,very_rare,0.4108317891163614,,peak_abundance_with_occupancy_days_modifiers,0.0813
rulowl1,AR,0.009816506591549229,0.0098648465393727,0.0098648465393727,resident,0.0747069424954645,0.1772605142346047,0.1316353142861139,365.0,7.47069424954645,0.00409380121930565,very_rare,0.409380121930565,,peak_abundance_with_occupancy_days_modifiers,0.0747069424954645
bubsan,AR,0.009554212804811658,0.0062,0.0096,nonbreeding,0.0325,0.7451,0.5275,105.0,3.25,0.0039844162141667834,very_rare,0.3984416214166783,rare,peak_abundance_with_occupancy_days_modifiers,0.0325
grnkin,AR,0.009455158770755135,0.0095,0.0095,resident,0.133,0.0575,0.0557,365.0,13.3,0.003943107473463978,very_rare,0.39431074734639776,,peak_abundance_with_occupancy_days_modifiers,0.133
anhing,AR,0.009356094924024954,0.005925000000000001,0.0094,nonbreeding,0.1415,0.0544,0.0317,105.0,14.149999999999999,0.00390179464055841,very_rare,0.390179464055841,,peak_abundance_with_occupancy_days_modifiers,0.1415
strxen1,AR,0.00925014058983715,0.0092930553607949,0.0092930553607949,resident,0.123599610612507,0.0464138523329861,0.0441234775436709,365.0,12.3599610612507,0.0038576082511902463,very_rare,0.38576082511902465,,peak_abundance_with_occupancy_days_modifiers,0.123599610612507
twbwar1,AR,0.009157937784765629,0.0092,0.0092,resident,0.0102,0.19,0.2557,365.0,1.02,0.0038191566948953147,very_rare,0.3819156694895315,rare,peak_abundance_with_occupancy_days_modifiers,0.0102
creoro1,AR,0.009058844488346039,0.0091,0.0091,resident,0.0245,0.0135,0.0184,365.0,2.45,0.0037778315805153456,very_rare,0.37778315805153456,rare,peak_abundance_with_occupancy_days_modifiers,0.0245
relser1,AR,0.009058844488346039,0.0091,0.0091,resident,0.0426,0.0297,0.0126,365.0,4.26,0.0037778315805153456,very_rare,0.37778315805153456,rare,peak_abundance_with_occupancy_days_modifiers,0.0426
swtkit,AR,0.008959741371471904,0.006733333333333333,0.009,prebreeding_migration,0.0212,0.0085,0.0229,84.0,2.12,0.003736502370687642,very_rare,0.3736502370687642,rare,peak_abundance_with_occupancy_days_modifiers,0.0212
rercac1,AR,0.008959741371471904,0.009,0.009,resident,0.0104,0.0102,0.0371,365.0,1.04,0.003736502370687642,very_rare,0.3736502370687642,rare,peak_abundance_with_occupancy_days_modifiers,0.0104
sacbla2,AR,0.008790784633110383,0.0088295370518306,0.0088295370518306,resident,0.0172163628054079,0.1485952057625973,0.1539705978185321,365.0,1.7216362805407899,0.003666041938041513,very_rare,0.3666041938041513,rare,peak_abundance_with_occupancy_days_modifiers,0.0172163628054079
yebcuc,AR,0.00876150566857275,0.004833333333333333,0.0088,postbreeding_migration,0.098,0.0567,0.0835,42.0,9.8,0.0036538316614419504,very_rare,0.365383166144195,,peak_abundance_with_occupancy_days_modifiers,0.098
gycwor1,AR,0.00876150566857275,0.0088,0.0088,resident,0.0706,0.0417,0.0415,365.0,7.06,0.0036538316614419504,very_rare,0.365383166144195,,peak_abundance_with_occupancy_days_modifiers,0.0706
rutpla1,AR,0.008662373078652657,0.0024999999999999996,0.0087,breeding,0.0762,0.4876,0.4769,147.0,7.62,0.003612490160399499,very_rare,0.3612490160399499,,peak_abundance_with_occupancy_days_modifiers,0.0762
plukit1,AR,0.008464078412129412,0.0070999999999999995,0.0085,prebreeding_migration,0.1099,0.0268,0.0203,84.0,10.99,0.003529794861412646,very_rare,0.35297948614126456,,peak_abundance_with_occupancy_days_modifiers,0.1099
sharpb1,AR,0.00812691698284795,0.0081600300141734,0.0081600300141734,resident,0.534978655516978,0.1000806792209794,0.0287214039271119,365.0,53.4978655516978,0.0033891876242633646,rare,0.33891876242633645,,peak_abundance_with_occupancy_days_modifiers,0.534978655516978
grhowl,AR,0.007968169649176874,0.008,0.008,resident,0.1629,0.0533,0.0299,365.0,16.29,0.003322984844070332,very_rare,0.3322984844070332,,peak_abundance_with_occupancy_days_modifiers,0.1629
perfal,AR,0.00786895837869518,0.0063999999999999994,0.0079,nonbreeding,0.4305,,,,43.05,0.0032816105306851177,very_rare,0.3281610530685118,,peak_abundance_with_occupancy_days_modifiers,0.4305
swathr,AR,0.007769737264360664,0.004066666666666666,0.0078,nonbreeding,0.0184,0.0353,0.0978,91.0,1.8399999999999999,0.0032402321120944214,very_rare,0.32402321120944216,rare,peak_abundance_with_occupancy_days_modifiers,0.0184
vioeup1,AR,0.007753609240656546,0.0077837463087813,0.0077837463087813,resident,0.047707747239408,0.0074660841253641,0.0068994886989362,365.0,4.7707747239408,0.0032335062038001397,very_rare,0.32335062038001394,rare,peak_abundance_with_occupancy_days_modifiers,0.047707747239408
whthaw,AR,0.007571265496318075,0.0076,0.0076,resident,0.315,0.1624,0.0701,365.0,31.5,0.0031574629560374313,very_rare,0.3157462956037431,,peak_abundance_with_occupancy_days_modifiers,0.315
blchaw1,AR,0.007428370542038316,0.0074560293306538,0.0074560293306538,resident,0.2058114203231268,0.103016226385342,0.0791692755353969,365.0,20.58114203231268,0.003097871131531669,very_rare,0.3097871131531669,,peak_abundance_with_occupancy_days_modifiers,0.2058114203231268
chifli1,AR,0.007273483966498386,0.0073,0.0073,resident,0.024,0.218,0.1738,365.0,2.4,0.0030332784125347693,very_rare,0.30332784125347695,rare,peak_abundance_with_occupancy_days_modifiers,0.024
whltan1,AR,0.007273483966498386,0.0073,0.0073,resident,0.0432,0.0417,0.0503,365.0,4.32,0.0030332784125347693,very_rare,0.30332784125347695,rare,peak_abundance_with_occupancy_days_modifiers,0.0432
torduc1,AR,0.007088874333785044,0.0071140598806645,0.0071140598806645,resident,0.0978440577615574,0.3004622627027335,0.3248813759196522,365.0,9.78440577615574,0.002956290215924334,very_rare,0.29562902159243337,,peak_abundance_with_occupancy_days_modifiers,0.0978440577615574
squcuc1,AR,0.00707491367196188,0.0071,0.0071,resident,0.0514,0.011,0.0103,365.0,5.140000000000001,0.002950468167738402,very_rare,0.2950468167738402,,peak_abundance_with_occupancy_days_modifiers,0.0514
pafear1,AR,0.007016057820109662,0.003525002615893782,0.0070407280158683,breeding,0.0704793749320579,0.4490691860554732,0.5627131304356033,119.0,7.04793749320579,0.002925923371091072,very_rare,0.2925923371091072,,peak_abundance_with_occupancy_days_modifiers,0.0704793749320579
hrshaw,AR,0.006876303939432157,0.0069,0.0069,resident,0.1242,0.2488,0.1772,365.0,12.42,0.0028676414760213194,very_rare,0.2867641476021319,,peak_abundance_with_occupancy_days_modifiers,0.1242
chbtan1,AR,0.006812767927495113,0.006836027621877,0.006836027621877,resident,0.1645042820408685,0.0399313470848987,0.010290702154289,365.0,16.45042820408685,0.002841144901021723,very_rare,0.28411449010217227,,peak_abundance_with_occupancy_days_modifiers,0.1645042820408685
comter,AR,0.006677654753240569,0.0059,0.0067,postbreeding_migration,0.0011,0.0003,0.0021,0.0,0.11,0.00278479833084937,very_rare,0.27847983308493696,very_rare,peak_abundance_with_occupancy_days_modifiers,0.0011
chutap1,AR,0.006677654753240569,0.0067,0.0067,resident,0.007,0.1155,0.0823,365.0,0.7000000000000001,0.00278479833084937,very_rare,0.27847983308493696,very_rare,peak_abundance_with_occupancy_days_modifiers,0.007
gogwoo1,AR,0.006280237957150483,0.0063,0.0063,resident,0.0789,0.0432,0.1253,365.0,7.89,0.002619062653983778,very_rare,0.2619062653983778,,peak_abundance_with_occupancy_days_modifiers,0.0789
strowl1,AR,0.006147885544656221,0.0061668225806778,0.0061668225806778,resident,0.4181718932860124,0.1544354768418955,0.101464423946971,365.0,41.81718932860124,0.0025638674108904927,very_rare,0.25638674108904924,,peak_abundance_with_occupancy_days_modifiers,0.4181718932860124
sheowl,AR,0.005783244755727333,0.0038,0.0058,breeding,0.2246,,,,22.46,0.002411800390672712,very_rare,0.2411800390672712,,peak_abundance_with_occupancy_days_modifiers,0.2246
yehcar1,AR,0.005783244755727333,0.0058,0.0058,resident,0.066,0.0234,0.0112,365.0,6.6000000000000005,0.002411800390672712,very_rare,0.2411800390672712,,peak_abundance_with_occupancy_days_modifiers,0.066
amakin1,AR,0.005584378293900615,0.0056,0.0056,resident,0.0709,0.0328,0.025,365.0,7.090000000000001,0.0023288666345230463,very_rare,0.23288666345230463,,peak_abundance_with_occupancy_days_modifiers,0.0709
andtin1,AR,0.005484930230569685,0.0055,0.0055,resident,0.0324,0.2899,0.3415,365.0,3.2399999999999998,0.0022873935708496436,very_rare,0.22873935708496435,rare,peak_abundance_with_occupancy_days_modifiers,0.0324
magplo1,AR,0.005442835950207753,0.0054576750919206,0.0054576750919206,breeding,0.0190252240282392,0.6626499663523906,0.6190858277868677,49.0,1.90252240282392,0.0022698388924450126,very_rare,0.22698388924450125,rare,peak_abundance_with_occupancy_days_modifiers,0.0190252240282392
diatan1,AR,0.0053954473677466615,0.0054100290069225,0.0054100290069225,resident,0.0257556920733745,0.0334698858130243,0.0164650019140119,365.0,2.57556920733745,0.0022500763185750684,very_rare,0.22500763185750683,rare,peak_abundance_with_occupancy_days_modifiers,0.0257556920733745
greela,AR,0.005286004429237355,0.0026000000000000003,0.0053,breeding,0.0824,0.0315,0.023,154.0,8.24,0.0022044350682040464,very_rare,0.22044350682040464,,peak_abundance_with_occupancy_days_modifiers,0.0824
codpet1,AR,0.005077140709289232,0.0050900512284401,0.0050900512284401,breeding,0.0647409573885056,0.0004139014444219725,3.029664010128134e-05,0.0,6.4740957388505604,0.002117332131592322,very_rare,0.21173321315923221,very_rare,peak_abundance_with_occupancy_days_modifiers,0.0647409573885056
shtstr1,AR,0.005067012535080555,0.0050798715528567,0.0050798715528567,resident,0.0628834669322283,0.0363874106770472,0.0344679550869518,365.0,6.288346693222829,0.002113108354881238,very_rare,0.2113108354881238,,peak_abundance_with_occupancy_days_modifiers,0.0628834669322283
flystd1,AR,0.004987541511039074,0.005,0.005,resident,0.0044,0.7615,0.8355,365.0,0.44,0.0020799663636762796,very_rare,0.20799663636762797,very_rare,peak_abundance_with_occupancy_days_modifiers,0.0044
bobfly1,AR,0.004987541511039074,0.005,0.005,resident,0.0417,0.0113,0.0094,365.0,4.17,0.0020799663636762796,very_rare,0.20799663636762797,rare,peak_abundance_with_occupancy_days_modifiers,0.0417
sporai,AR,0.004771004099752988,0.0047824034614033,0.0047824034614033,resident,0.3979860243936927,0.6475254753995996,0.490965918329874,365.0,39.79860243936927,0.0019896632492148467,very_rare,0.19896632492148467,,peak_abundance_with_occupancy_days_modifiers,0.3979860243936927
azaspi1,AR,0.004688989486131542,0.0047,0.0047,resident,0.0097,0.0708,0.0747,365.0,0.97,0.0019554604987645544,very_rare,0.19554604987645544,very_rare,peak_abundance_with_occupancy_days_modifiers,0.0097
rwbtyr1,AR,0.004675196037995208,0.0046861418182337,0.0046861418182337,resident,0.0945600769471132,0.0802944270373061,0.0437921352015065,365.0,9.45600769471132,0.0019497081841023407,very_rare,0.19497081841023406,,peak_abundance_with_occupancy_days_modifiers,0.0945600769471132
pirfly1,AR,0.004489905272852052,0.0026333333333333334,0.0045,nonbreeding,0.0275,0.0086,0.0097,63.0,2.75,0.0018724359332058032,very_rare,0.18724359332058033,rare,peak_abundance_with_occupancy_days_modifiers,0.0275
moupar2,AR,0.004489905272852052,0.0045,0.0045,resident,0.0082,0.3053,0.2768,365.0,0.8200000000000001,0.0018724359332058032,very_rare,0.18724359332058033,very_rare,peak_abundance_with_occupancy_days_modifiers,0.0082
easkin,AR,0.004290781417156275,0.0043,0.0043,nonbreeding,0.0008,0.0065,0.0786,0.0,0.08,0.0017893948354753858,very_rare,0.17893948354753858,very_rare,peak_abundance_with_occupancy_days_modifiers,0.0008
ausrai1,AR,0.0042854408387336075,0.0042946364714123,0.0042946364714123,resident,0.221623633440511,0.901852875484726,0.9408862063143713,365.0,22.1623633440511,0.001787167641284188,very_rare,0.1787167641284188,,peak_abundance_with_occupancy_days_modifiers,0.221623633440511
norgip1,AR,0.004278715391131866,0.0025548670550799408,0.0042878821631709,breeding,0.0135724660070431,0.0035869434211422,0.0013386987305827,133.0,1.35724660070431,0.001784362911787446,very_rare,0.1784362911787446,rare,peak_abundance_with_occupancy_days_modifiers,0.0135724660070431
blbwoo3,AR,0.004091617903253565,0.0041,0.0041,resident,0.0641,0.7502,0.8586,365.0,6.41,0.0017063371989880915,very_rare,0.17063371989880916,,peak_abundance_with_occupancy_days_modifiers,0.0641
kinpen1,AR,0.004065738071648585,0.0040740143973384,0.0040740143973384,breeding,0.0095537335896091,0.0487734654154377,1.857653300147039e-05,14.0,0.9553733589609099,0.0016955444709241894,very_rare,0.16955444709241893,rare,peak_abundance_with_occupancy_days_modifiers,0.0095537335896091
sander,AR,0.003992021269537453,0.002533333333333333,0.004,prebreeding_migration,0.0024,0.0103,0.0068,28.0,0.24,0.0016648021766516613,very_rare,0.16648021766516613,rare,peak_abundance_with_occupancy_days_modifiers,0.0024
grbfir1,AR,0.003992021269537453,0.0028750000000000004,0.004,breeding,0.0086,0.0807,0.0369,161.0,0.86,0.0016648021766516613,very_rare,0.16648021766516613,very_rare,peak_abundance_with_occupancy_days_modifiers,0.0086
yeltyr1,AR,0.003792798238696237,0.0038,0.0038,resident,0.007,0.0098,0.0576,365.0,0.7000000000000001,0.0015817197196731716,very_rare,0.15817197196731717,very_rare,peak_abundance_with_occupancy_days_modifiers,0.007
crahaw,AR,0.003792798238696237,0.0038,0.0038,resident,0.1206,0.0416,0.0335,365.0,12.06,0.0015817197196731716,very_rare,0.15817197196731717,,peak_abundance_with_occupancy_days_modifiers,0.1206
soapas1,AR,0.0036931718376175702,0.0037,0.0037,resident,0.1186,0.9361,0.9638,365.0,11.86,0.0015401722833823486,very_rare,0.15401722833823486,,peak_abundance_with_occupancy_days_modifiers,0.1186
cappet,AR,0.0035228634989638683,0.0035290760757912,0.0035290760757912,breeding,0.0095924782050055,0.0003989400384810912,3.4702753140455356e-05,0.0,0.95924782050055,0.0014691481896340545,very_rare,0.14691481896340544,very_rare,peak_abundance_with_occupancy_days_modifiers,0.0095924782050055
pabthr1,AR,0.003294566949430031,0.0033,0.0033,resident,0.0116,0.0062,0.0053,365.0,1.16,0.0013739411336281234,very_rare,0.13739411336281235,rare,peak_abundance_with_occupancy_days_modifiers,0.0116
giahum1,AR,0.003194890896519197,0.002075,0.0032,breeding,0.0291,0.1742,0.1179,161.0,2.91,0.0013323729909149931,very_rare,0.1332372990914993,rare,peak_abundance_with_occupancy_days_modifiers,0.0291
grrswi1,AR,0.003095204907302419,0.0031,0.0031,resident,0.007,0.0049,0.0103,365.0,0.7000000000000001,0.001290800704440433,very_rare,0.1290800704440433,very_rare,peak_abundance_with_occupancy_days_modifiers,0.007
gytwaf1,AR,0.0030591500438247182,0.0030638340184292,0.0030638340184292,resident,0.0379090162607273,0.0447414409765024,0.0110237546021599,365.0,3.79090162607273,0.001275764658501829,very_rare,0.1275764658501829,rare,peak_abundance_with_occupancy_days_modifiers,0.0379090162607273
pavpig2,AR,0.002995508979798479,0.003,0.003,resident,0.0247,0.0086,0.0032,365.0,2.4699999999999998,0.001249224273378119,very_rare,0.12492242733781189,rare,peak_abundance_with_occupancy_days_modifiers,0.0247
masduc,AR,0.002995508979798479,0.003,0.003,resident,0.0239,0.1286,0.2386,365.0,2.39,0.001249224273378119,very_rare,0.12492242733781189,rare,peak_abundance_with_occupancy_days_modifiers,0.0239
dulgua1,AR,0.0029683865931380304,0.0029727966150916,0.0029727966150916,resident,0.0111212454099164,0.0097809237128407,0.0082356144238314,365.0,1.11212454099164,0.0012379133596080423,very_rare,0.12379133596080423,rare,peak_abundance_with_occupancy_days_modifiers,0.0111212454099164
brotin1,AR,0.002796087302001274,0.0028,0.0028,resident,0.009,0.039,0.0683,365.0,0.8999999999999999,0.001166058974184524,very_rare,0.1166058974184524,very_rare,peak_abundance_with_occupancy_days_modifiers,0.009
baceag2,AR,0.0027459312166012444,0.0027497047388781,0.0027497047388781,resident,0.1031002284926728,0.0523444763432451,0.0634783924339634,365.0,10.310022849267279,0.0011451422619456794,very_rare,0.11451422619456794,,peak_abundance_with_occupancy_days_modifiers,0.1031002284926728
whthum2,AR,0.0026034639984666586,0.0026068559538348,0.0026068559538348,resident,0.0223512389961204,0.0694717373990513,0.0433474699804378,365.0,2.23512389961204,0.0010857288172674842,very_rare,0.10857288172674842,rare,peak_abundance_with_occupancy_days_modifiers,0.0223512389961204
auscan1,AR,0.002596625847265978,0.0026,0.0026,breeding,0.0307,0.7852,0.7567,14.0,3.0700000000000003,0.001082877086719314,very_rare,0.1082877086719314,rare,peak_abundance_with_occupancy_days_modifiers,0.0307
leagre,AR,0.002596625847265978,0.0026,0.0026,resident,0.0397,0.083,0.0417,365.0,3.9699999999999998,0.001082877086719314,very_rare,0.1082877086719314,rare,peak_abundance_with_occupancy_days_modifiers,0.0397
laufal1,AR,0.002596625847265978,0.0026,0.0026,resident,0.0424,0.0111,0.0079,365.0,4.24,0.001082877086719314,very_rare,0.1082877086719314,rare,peak_abundance_with_occupancy_days_modifiers,0.0424
blkpho,AR,0.002496880198587199,0.002,0.0025,breeding,0.0143,0.0172,0.0161,112.0,1.43,0.0010412799203166443,very_rare,0.10412799203166442,rare,peak_abundance_with_occupancy_days_modifiers,0.0143
goowoo1,AR,0.0023971245997214934,0.0024,0.0024,resident,0.0111,0.0409,0.0552,365.0,1.11,0.000999678604363726,very_rare,0.09996786043637261,rare,peak_abundance_with_occupancy_days_modifiers,0.0111
santer1,AR,0.0023971245997214934,0.001225,0.0024,prebreeding_migration,0.0029,0.0206,0.0163,77.0,0.29,0.000999678604363726,very_rare,0.09996786043637261,very_rare,peak_abundance_with_occupancy_days_modifiers,0.0029
rcatan1,AR,0.0022973590486834897,0.0023,0.0023,resident,0.0076,0.0086,0.0367,365.0,0.76,0.0009580731380325941,very_rare,0.09580731380325941,very_rare,peak_abundance_with_occupancy_days_modifiers,0.0076
stbbit1,AR,0.0022694918557600403,0.0022720691017125,0.0022720691017125,resident,0.2152872596669483,0.8308779137434302,0.7782877696026521,365.0,21.528725966694832,0.0009464516159254204,very_rare,0.09464516159254205,,peak_abundance_with_occupancy_days_modifiers,0.2152872596669483
ruwant4,AR,0.0021975835434872217,0.0022,0.0022,resident,0.0056,0.1683,0.2423,365.0,0.5599999999999999,0.0009164635204950369,very_rare,0.0916463520495037,very_rare,peak_abundance_with_occupancy_days_modifiers,0.0056
comnig,AR,0.0021975835434872217,0.0009000000000000001,0.0022,prebreeding_migration,0.0445,0.0138,0.0076,21.0,4.45,0.0009164635204950369,very_rare,0.0916463520495037,rare,peak_abundance_with_occupancy_days_modifiers,0.0445
shshaw,AR,0.0021975835434872217,0.0017499999999999998,0.0022,breeding,0.2087,0.0802,0.0668,126.0,20.87,0.0009164635204950369,very_rare,0.0916463520495037,,peak_abundance_with_occupancy_days_modifiers,0.2087
fragul,AR,0.0021975835434872217,0.0010333333333333334,0.0022,prebreeding_migration,0.0013,0.0118,0.0015,21.0,0.13,0.0009164635204950369,very_rare,0.0916463520495037,rare,peak_abundance_with_occupancy_days_modifiers,0.0013
bichaw4,AR,0.0021575613409322474,0.002159890551239,0.002159890551239,resident,0.0816240266740477,0.195740486631964,0.2069978618654693,365.0,8.16240266740477,0.0008997729656534773,very_rare,0.08997729656534773,,peak_abundance_with_occupancy_days_modifiers,0.0816240266740477
secfly1,AR,0.002097798082146129,0.0021,0.0021,resident,0.0138,0.0111,0.0225,365.0,1.38,0.0008748497509225938,very_rare,0.08748497509225937,rare,peak_abundance_with_occupancy_days_modifiers,0.0138
pattyr2,AR,0.001998002662673056,0.00145,0.002,nonbreeding,0.0072,0.1406,0.1315,119.0,0.72,0.000833231828486557,very_rare,0.0833231828486557,very_rare,peak_abundance_with_occupancy_days_modifiers,0.0072
peakit1,AR,0.001850770525240649,0.0018524842580882,0.0018524842580882,resident,0.3545113278579641,0.0463069166300463,0.0102809998126213,365.0,35.45113278579641,0.0007718312581186414,very_rare,0.07718312581186414,,peak_abundance_with_occupancy_days_modifiers,0.3545113278579641
strwoo6,AR,0.0016985566355814774,0.0017,0.0017,resident,0.0116,0.1028,0.0985,365.0,1.16,0.00070835313570608,very_rare,0.070835313570608,rare,peak_abundance_with_occupancy_days_modifiers,0.0116
phecuc1,AR,0.0016849365803433716,0.0016863568835782,0.0016863568835782,resident,0.25425575037011,0.0299428268813593,0.0108451609228981,365.0,25.425575037011,0.000702673131498746,very_rare,0.07026731314987461,,peak_abundance_with_occupancy_days_modifiers,0.25425575037011
gramin1,AR,0.0016629692630372925,0.001664352763222,0.001664352763222,resident,0.0407176074983896,0.0624512837868221,0.0060086861382882,365.0,4.07176074983896,0.0006935120486294905,very_rare,0.06935120486294905,rare,peak_abundance_with_occupancy_days_modifiers,0.0407176074983896
baffal1,AR,0.0015987213636970278,0.0016,0.0016,resident,0.0153,0.0103,0.0221,365.0,1.53,0.0006667185935236227,very_rare,0.06667185935236226,rare,peak_abundance_with_occupancy_days_modifiers,0.0153
spvear1,AR,0.0015987213636970278,0.000925,0.0016,prebreeding_migration,0.007,0.0551,0.0451,77.0,0.7000000000000001,0.0006667185935236227,very_rare,0.06667185935236226,very_rare,peak_abundance_with_occupancy_days_modifiers,0.007
ducfly,AR,0.001399020913707341,0.00075,0.0014,nonbreeding,0.0091,0.0035,0.0057,133.0,0.91,0.0005834370372959348,very_rare,0.05834370372959348,very_rare,peak_abundance_with_occupancy_days_modifiers,0.0091
moutur1,AR,0.0013926454166370485,0.0013936155975857,0.0013936155975857,resident,0.0059144537093433,0.0195478408379121,0.0043128753060251,365.0,0.59144537093433,0.0005807782485061947,very_rare,0.05807782485061947,very_rare,peak_abundance_with_occupancy_days_modifiers,0.0059144537093433
higela3,AR,0.001336874608095791,0.0013377686233057,0.0013377686233057,resident,0.2272258557893169,0.0422701329668069,0.0043213580897496,365.0,22.72258557893169,0.0005575200148484942,very_rare,0.05575200148484942,,peak_abundance_with_occupancy_days_modifiers,0.2272258557893169
goreup1,AR,0.00129915573162005,0.0013,0.0013,resident,0.0136,0.0717,0.1712,365.0,1.3599999999999999,0.0005417900215900586,very_rare,0.05417900215900586,rare,peak_abundance_with_occupancy_days_modifiers,0.0136
blaoys1,AR,0.00129915573162005,0.0013,0.0013,resident,0.0011,0.1434,0.1863,365.0,0.11,0.0005417900215900586,very_rare,0.05417900215900586,very_rare,peak_abundance_with_occupancy_days_modifiers,0.0011
bichaw1,AR,0.00129915573162005,0.0013,0.0013,resident,0.0453,0.0612,0.2178,365.0,4.53,0.0005417900215900586,very_rare,0.05417900215900586,rare,peak_abundance_with_occupancy_days_modifiers,0.0453
bludac1,AR,0.00129915573162005,0.0013,0.0013,resident,0.0068,0.0023,0.0028,365.0,0.6799999999999999,0.0005417900215900586,very_rare,0.05417900215900586,very_rare,peak_abundance_with_occupancy_days_modifiers,0.0068
chimoc1,AR,0.00129915573162005,0.0013,0.0013,resident,0.0018,0.0355,0.0211,365.0,0.18,0.0005417900215900586,very_rare,0.05417900215900586,very_rare,peak_abundance_with_occupancy_days_modifiers,0.0018
linwoo1,AR,0.0011992805754820971,0.0012,0.0012,resident,0.0102,0.0026,0.003,365.0,1.02,0.0005001388463819827,very_rare,0.050013884638198274,rare,peak_abundance_with_occupancy_days_modifiers,0.0102
kinvul1,AR,0.0011992805754820971,0.0012,0.0012,resident,0.014,0.0064,0.0064,365.0,1.4000000000000001,0.0005001388463819827,very_rare,0.050013884638198274,rare,peak_abundance_with_occupancy_days_modifiers,0.014
thlwre1,AR,0.0011992805754820971,0.0012,0.0012,resident,0.0057,0.004,0.0043,365.0,0.5700000000000001,0.0005001388463819827,very_rare,0.050013884638198274,very_rare,peak_abundance_with_occupancy_days_modifiers,0.0057
blbwoo1,AR,0.0010993954433009636,0.0011,0.0011,resident,0.0072,0.0048,0.0138,365.0,0.72,0.0004584835108407622,very_rare,0.04584835108407622,very_rare,peak_abundance_with_occupancy_days_modifiers,0.0072
gybstp1,AR,0.0010910893699324921,0.0010916848244841,0.0010916848244841,breeding,0.015817392998328,0.00012335939180951015,2.1680016004590634e-05,0.0,1.5817392998328,0.0004550196092005566,very_rare,0.045501960920055665,very_rare,peak_abundance_with_occupancy_days_modifiers,0.015817392998328
milmac,AR,0.0010874850469217699,0.0010880765731913,0.0010880765731913,resident,0.0311070604180137,0.0080991361251802,0.0037367153558497,365.0,3.11070604180137,0.0004535164897559032,very_rare,0.04535164897559032,rare,peak_abundance_with_occupancy_days_modifiers,0.0311070604180137
palwar1,AR,0.0009995003330835331,0.001,0.001,resident,0.0034,0.1954,0.2771,365.0,0.33999999999999997,0.00041682401413511066,very_rare,0.04168240141351107,very_rare,peak_abundance_with_occupancy_days_modifiers,0.0034
royter1,AR,0.0009995003330835331,0.000925,0.001,nonbreeding,0.002,0.0264,0.0111,0.0,0.2,0.00041682401413511066,very_rare,0.04168240141351107,very_rare,peak_abundance_with_occupancy_days_modifiers,0.002
chipig2,AR,0.000899595242836093,0.0009,0.0009,resident,0.002,0.0321,0.0114,365.0,0.2,0.0003751603554337701,very_rare,0.03751603554337701,very_rare,peak_abundance_with_occupancy_days_modifiers,0.002
batpig1,AR,0.000899595242836093,0.00075,0.0009,nonbreeding,0.0042,0.0168,0.0052,42.0,0.42,0.0003751603554337701,very_rare,0.03751603554337701,very_rare,peak_abundance_with_occupancy_days_modifiers,0.0042
whthaw1,AR,0.000899595242836093,0.0006666666666666666,0.0009,postbreeding_migration,0.0249,0.2781,0.1407,119.0,2.4899999999999998,0.0003751603554337701,very_rare,0.03751603554337701,rare,peak_abundance_with_occupancy_days_modifiers,0.0249
styowl1,AR,0.0008896080843673192,0.0008900039030049898,0.0008900039030049898,resident,0.1017809885120822,0.0962987098635022,0.1743713679915239,365.0,10.17809885120822,0.00037099538685408663,very_rare,0.03709953868540866,,peak_abundance_with_occupancy_days_modifiers,0.1017809885120822
pinbit1,AR,0.0008261144610065724,0.0008264557875430394,0.0008264557875430394,resident,0.4056193891710627,0.091850446317727,0.0122721260628512,365.0,40.561938917106275,0.0003445164892637211,very_rare,0.03445164892637211,,peak_abundance_with_occupancy_days_modifiers,0.4056193891710627
whtgol1,AR,0.0008250156969708753,0.0008253561160315858,0.0008253561160315858,resident,0.1138152397542797,0.0125379053981332,0.0033491328351057,365.0,11.381523975427971,0.0003440582690703231,very_rare,0.03440582690703231,,peak_abundance_with_occupancy_days_modifiers,0.1138152397542797
coffal1,AR,0.0007996801705643322,0.0008,0.0008,resident,0.0164,0.0075,0.0118,365.0,1.6400000000000001,0.0003334925339049559,very_rare,0.03334925339049559,rare,peak_abundance_with_occupancy_days_modifiers,0.0164
blctit1,AR,0.0007996801705643322,0.0008,0.0008,resident,0.009,0.0047,0.0101,365.0,0.8999999999999999,0.0003334925339049559,very_rare,0.03334925339049559,very_rare,peak_abundance_with_occupancy_days_modifiers,0.009
lottyr1,AR,0.0006997551142733419,0.0007,0.0007,resident,0.0049,0.0076,0.012,365.0,0.49,0.0002918205487167264,very_rare,0.02918205487167264,very_rare,peak_abundance_with_occupancy_days_modifiers,0.0049
ocftap1,AR,0.0006107609589083151,0.00030826430220942197,0.0006109475113604967,breeding,0.0050093950748723,0.0248703303845709,0.0075806551828404,112.0,0.50093950748723,0.0002547071032820944,very_rare,0.025470710328209443,very_rare,peak_abundance_with_occupancy_days_modifiers,0.0050093950748723
shthaw,AR,0.0005998200719676155,0.0006,0.0006,resident,0.014,0.008,0.0128,365.0,1.4000000000000001,0.0002501443990368907,very_rare,0.02501443990368907,rare,peak_abundance_with_occupancy_days_modifiers,0.014
demwir1,AR,0.0005968038295760194,0.0005969819524145527,0.0005969819524145527,resident,0.0057896145608735,0.0192508568044597,0.0045055793313606,365.0,0.57896145608735,0.0002488865282592273,very_rare,0.02488865282592273,very_rare,peak_abundance_with_occupancy_days_modifiers,0.0057896145608735
ruthaw1,AR,0.0005762727325493721,0.0005764388095808682,0.0005764388095808682,resident,0.061295700405637,0.2095225642965534,0.1257933689405876,365.0,6.1295700405637,0.00024032439576762287,very_rare,0.024032439576762286,,peak_abundance_with_occupancy_days_modifiers,0.061295700405637
ruqdov,AR,0.000499875041651048,0.0005,0.0005,resident,0.0066,0.0037,0.0053,365.0,0.66,0.00020846408403300828,very_rare,0.020846408403300827,very_rare,peak_abundance_with_occupancy_days_modifiers,0.0066
yebela1,AR,0.000499875041651048,0.0005,0.0005,resident,0.0044,0.0022,0.001,365.0,0.44,0.00020846408403300828,very_rare,0.020846408403300827,very_rare,peak_abundance_with_occupancy_days_modifiers,0.0044
yecpar,AR,0.000499875041651048,0.0005,0.0005,resident,0.0006,0.0005,0.0004,0.0,0.06,0.00020846408403300828,very_rare,0.020846408403300827,very_rare,peak_abundance_with_occupancy_days_modifiers,0.0006
yebcra1,AR,0.00046699006650283403,0.00046709912333943264,0.00046709912333943264,resident,0.3211742277926768,0.5084713433176495,0.1625951477268748,365.0,32.11742277926768,0.00019474998420508595,very_rare,0.019474998420508594,,peak_abundance_with_occupancy_days_modifiers,0.3211742277926768
crachi1,AR,0.00045897021632898083,0.00045907555927452776,0.00045907555927452776,resident,0.0177384009318483,0.0685264354089661,0.0041995259044878,365.0,1.7738400931848302,0.0001914054469082095,very_rare,0.01914054469082095,rare,peak_abundance_with_occupancy_days_modifiers,0.0177384009318483
crgdov1,AR,0.0004566853944284302,0.0004567896910794872,0.0004567896910794872,resident,0.0021738573145399,0.0012755879134278,0.00021578970934079907,0.0,0.21738573145399,0.00019045260216698912,very_rare,0.019045260216698914,very_rare,peak_abundance_with_occupancy_days_modifiers,0.0021738573145399
soleag1,AR,0.0004182339627134296,0.0004183214347313776,0.0004183214347313776,resident,0.1315239531628793,0.0498868176128279,0.0172999796423874,365.0,13.15239531628793,0.00017441710964519064,very_rare,0.017441710964519064,,peak_abundance_with_occupancy_days_modifiers,0.1315239531628793
leabit,AR,0.0003999200213269354,0.00035,0.0004,nonbreeding,0.0333,,,,3.3300000000000005,0.00016677960287238907,very_rare,0.016677960287238905,rare,peak_abundance_with_occupancy_days_modifiers,0.0333
bafcur1,AR,0.0003999200213269354,0.0004,0.0004,resident,0.0037,0.018,0.0115,365.0,0.37,0.00016677960287238907,very_rare,0.016677960287238905,very_rare,peak_abundance_with_occupancy_days_modifiers,0.0037
scadov1,AR,0.0003999200213269354,0.0004,0.0004,resident,0.0023,0.0013,0.0004,365.0,0.22999999999999998,0.00016677960287238907,very_rare,0.016677960287238905,very_rare,peak_abundance_with_occupancy_days_modifiers,0.0023
socfly1,AR,0.00029995500899797546,0.0003,0.0003,resident,0.0022,0.0009,0.0006,365.0,0.22,0.00012509095472209328,very_rare,0.012509095472209329,very_rare,peak_abundance_with_occupancy_days_modifiers,0.0022
motowl,AR,0.00029995500899797546,0.0003,0.0003,resident,0.0044,0.0081,0.0277,365.0,0.44,0.00012509095472209328,very_rare,0.012509095472209329,very_rare,peak_abundance_with_occupancy_days_modifiers,0.0044
soogra2,AR,0.0002905192928371821,0.00029056149765394296,0.00029056149765394296,resident,0.1287446596813607,0.0042195042967543,0.00026771966090750437,365.0,12.87446596813607,0.00012115595544681623,very_rare,0.012115595544681623,,peak_abundance_with_occupancy_days_modifiers,0.1287446596813607
sungre1,AR,0.00027319751917477845,0.0002732348410156875,0.0002732348410156875,resident,0.1335592162329281,0.0057313093048058,0.0005763374419755824,365.0,13.35592162329281,0.00011393221475263971,very_rare,0.01139322147526397,,peak_abundance_with_occupancy_days_modifiers,0.1335592162329281
bubtan2,AR,0.00024505185611910614,0.0002450818837779276,0.0002450818837779276,resident,0.0253399956751132,0.0010363884004143,1.8752561184074416e-05,365.0,2.53399956751132,0.00010219456158034431,very_rare,0.010219456158034431,rare,peak_abundance_with_occupancy_days_modifiers,0.0253399956751132
rivwar1,AR,0.00019998000266626675,0.0002,0.0002,resident,0.0015,0.0036,0.0134,365.0,0.15,8.339813874893117e-05,very_rare,0.008339813874893118,very_rare,peak_abundance_with_occupancy_days_modifiers,0.0015
grhkit1,AR,0.00019998000266626675,0.0002,0.0002,resident,0.0135,0.006,0.0035,365.0,1.35,8.339813874893117e-05,very_rare,0.008339813874893118,rare,peak_abundance_with_occupancy_days_modifiers,0.0135
semplo,AR,0.00019998000266626675,0.0001,0.0002,prebreeding_migration,0.0005,0.004,0.0007,0.0,0.05,8.339813874893117e-05,very_rare,0.008339813874893118,very_rare,peak_abundance_with_occupancy_days_modifiers,0.0005
bawhae1,AR,0.00019998000266626675,0.0002,0.0002,resident,0.0077,0.0115,0.0301,365.0,0.77,8.339813874893117e-05,very_rare,0.008339813874893118,very_rare,peak_abundance_with_occupancy_days_modifiers,0.0077
cremyn,AR,0.00019998000266626675,0.0002,0.0002,resident,0.0062,0.0099,0.0003,365.0,0.62,8.339813874893117e-05,very_rare,0.008339813874893118,very_rare,peak_abundance_with_occupancy_days_modifiers,0.0062
musduc,AR,0.00019998000266626675,0.0002,0.0002,resident,0.0053,0.0027,0.0006,365.0,0.53,8.339813874893117e-05,very_rare,0.008339813874893118,very_rare,peak_abundance_with_occupancy_days_modifiers,0.0053
eurgol,AR,0.00019998000266626675,0.0002,0.0002,breeding,0.0023,0.0008,0.0001,42.0,0.22999999999999998,8.339813874893117e-05,very_rare,0.008339813874893118,very_rare,peak_abundance_with_occupancy_days_modifiers,0.0023
bkbplo,AR,0.00019998000266626675,0.00016666666666666666,0.0002,nonbreeding,0.0008,0.0035,0.0006,0.0,0.08,8.339813874893117e-05,very_rare,0.008339813874893118,very_rare,peak_abundance_with_occupancy_days_modifiers,0.0008
blgdov1,AR,0.00019998000266626675,0.0002,0.0002,resident,0.0033,0.0016,0.0011,365.0,0.33,8.339813874893117e-05,very_rare,0.008339813874893118,very_rare,peak_abundance_with_occupancy_days_modifiers,0.0033
sponit2,AR,0.00019998000266626675,0.0002,0.0002,resident,0.0023,0.0697,0.0961,365.0,0.22999999999999998,8.339813874893117e-05,very_rare,0.008339813874893118,very_rare,peak_abundance_with_occupancy_days_modifiers,0.0023
aldfly,AR,9.999500033330834e-05,5e-05,0.0001,nonbreeding,0.0027,0.0002,0.0,0.0,0.27,4.170115411946329e-05,very_rare,0.004170115411946329,very_rare,peak_abundance_with_occupancy_days_modifiers,0.0027
giacow,AR,9.999500033330834e-05,0.0001,0.0001,resident,0.0046,0.003,0.0009,365.0,0.45999999999999996,4.170115411946329e-05,very_rare,0.004170115411946329,very_rare,peak_abundance_with_occupancy_days_modifiers,0.0046
greibi1,AR,9.999500033330834e-05,0.0001,0.0001,resident,0.0018,0.0008,0.0002,365.0,0.18,4.170115411946329e-05,very_rare,0.004170115411946329,very_rare,peak_abundance_with_occupancy_days_modifiers,0.0018
eurgre1,AR,9.999500033330834e-05,5e-05,0.0001,nonbreeding,0.0016,0.0004,0.0,0.0,0.16,4.170115411946329e-05,very_rare,0.004170115411946329,very_rare,peak_abundance_with_occupancy_days_modifiers,0.0016
hobkit,AR,9.999500033330834e-05,0.0001,0.0001,resident,0.0139,0.0076,0.0047,365.0,1.39,4.170115411946329e-05,very_rare,0.004170115411946329,rare,peak_abundance_with_occupancy_days_modifiers,0.0139
batfal1,AR,9.999500033330834e-05,0.0001,0.0001,resident,0.0069,0.0036,0.0007,365.0,0.69,4.170115411946329e-05,very_rare,0.004170115411946329,very_rare,peak_abundance_with_occupancy_days_modifiers,0.0069
smbwoo1,AR,9.999500033330834e-05,0.0001,0.0001,resident,0.0022,0.0157,0.0066,365.0,0.22,4.170115411946329e-05,very_rare,0.004170115411946329,very_rare,peak_abundance_with_occupancy_days_modifiers,0.0022
speowl1,AR,9.999500033330834e-05,0.0001,0.0001,resident,0.0057,0.0026,0.0011,365.0,0.5700000000000001,4.170115411946329e-05,very_rare,0.004170115411946329,very_rare,peak_abundance_with_occupancy_days_modifiers,0.0057
osprey,AR,9.999500033330834e-05,2.5e-05,0.0001,nonbreeding,0.0042,0.0019,0.0008,63.0,0.42,4.170115411946329e-05,very_rare,0.004170115411946329,very_rare,peak_abundance_with_occupancy_days_modifiers,0.0042
rudtur,AR,9.999500033330834e-05,6.666666666666667e-05,0.0001,postbreeding_migration,0.0005,0.0009,0.0001,0.0,0.05,4.170115411946329e-05,very_rare,0.004170115411946329,very_rare,peak_abundance_with_occupancy_days_modifiers,0.0005
purmar,AR,9.999500033330834e-05,0.0001,0.0001,postbreeding_migration,0.002,0.001,0.0,14.0,0.2,4.170115411946329e-05,very_rare,0.004170115411946329,rare,peak_abundance_with_occupancy_days_modifiers,0.002
ragmac1,AR,9.999500033330834e-05,0.0001,0.0001,resident,0.0015,0.0011,0.0002,365.0,0.15,4.170115411946329e-05,very_rare,0.004170115411946329,very_rare,peak_abundance_with_occupancy_days_modifiers,0.0015
brwhaw,AR,9.999500033330834e-05,0.0001,0.0001,postbreeding_migration,0.0031,0.0014,0.0001,21.0,0.31,4.170115411946329e-05,very_rare,0.004170115411946329,rare,peak_abundance_with_occupancy_days_modifiers,0.0031
grbcra1,AR,6.600424830022878e-06,6.600446612874772e-06,6.600446612874772e-06,resident,0.0091887497729562,0.0012973071364077,0.0006412126631195524,365.0,0.9188749772956201,2.7525909512598884e-06,very_rare,0.0002752590951259888,very_rare,peak_abundance_with_occupancy_days_modifiers,0.0091887497729562
pifshe,AR,4.016746915020766e-06,4.016754982159457e-06,4.016754982159457e-06,postbreeding_migration,3.0190878647195892e-05,3.1063232315701844e-06,9.252982061229333e-08,0.0,0.003019087864719589,1.6751135717270828e-06,very_rare,0.00016751135717270828,very_rare,peak_abundance_with_occupancy_days_modifiers,3.0190878647195892e-05
whttap1,AR,1.7158140782133992e-07,1.7158142254143053e-07,1.7158142254143053e-07,resident,9.739901768409944e-05,0.0001474691328155,4.16471524109446e-07,0.0,0.009739901768409944,7.155500486274109e-08,very_rare,7.155500486274109e-06,very_rare,peak_abundance_with_occupancy_days_modifiers,9.739901768409944e-05
batbel1,AR,0.0,0.0,0.0,resident,0.0012,0.0378,0.0051,365.0,0.12,0.0,very_rare,0.0,very_rare,peak_abundance_with_occupancy_days_modifiers,0.0012
crcwoo1,AR,0.0,0.0,0.0,resident,0.0015,0.0005,0.0001,365.0,0.15,0.0,very_rare,0.0,very_rare,peak_abundance_with_occupancy_days_modifiers,0.0015
father1,AR,0.0,0.0,0.0,resident,0.0069,0.1056,0.0142,365.0,0.69,0.0,very_rare,0.0,very_rare,peak_abundance_with_occupancy_days_modifiers,0.0069
wepdov1,AR,0.0,0.0,0.0,resident,0.0001,0.0047,0.0002,0.0,0.01,0.0,very_rare,0.0,very_rare,peak_abundance_with_occupancy_days_modifiers,0.0001
flawar1,AR,0.0,0.0,0.0,resident,0.0001,0.0001,0.0,0.0,0.01,0.0,very_rare,0.0,very_rare,peak_abundance_with_occupancy_days_modifiers,0.0001
banana,AR,0.0,0.0,0.0,resident,0.0001,0.0,0.0001,0.0,0.01,0.0,very_rare,0.0,very_rare,peak_abundance_with_occupancy_days_modifiers,0.0001
wvvear1,AR,0.0,0.0,0.0,resident,0.0003,0.0019,0.0001,0.0,0.03,0.0,very_rare,0.0,very_rare,peak_abundance_with_occupancy_days_modifiers,0.0003
libher,AR,0.0,0.0,0.0,postbreeding_migration,0.0002,0.0003,0.0,0.0,0.02,0.0,very_rare,0.0,very_rare,peak_abundance_with_occupancy_days_modifiers,0.0002
whwswa1,AR,0.0,0.0,0.0,resident,0.0001,0.0001,0.0001,0.0,0.01,0.0,very_rare,0.0,very_rare,peak_abundance_with_occupancy_days_modifiers,0.0001
mastit1,AR,0.0,0.0,0.0,resident,0.0004,0.0003,0.0001,0.0,0.04,0.0,very_rare,0.0,very_rare,peak_abundance_with_occupancy_days_modifiers,0.0004
ocecra1,AR,0.0,0.0,0.0,resident,0.002,0.0339,0.0123,365.0,0.2,0.0,very_rare,0.0,very_rare,peak_abundance_with_occupancy_days_modifiers,0.002
orheag1,AR,0.0,0.0,0.0,resident,0.003,0.0028,0.0014,365.0,0.3,0.0,very_rare,0.0,very_rare,peak_abundance_with_occupancy_days_modifiers,0.003
origoo1,AR,0.0,0.0,0.0,resident,0.0014,0.0172,0.0001,365.0,0.13999999999999999,0.0,very_rare,0.0,very_rare,peak_abundance_with_occupancy_days_modifiers,0.0014
parjae,AR,0.0,0.0,0.0,breeding,0.0001,0.0002,0.0,0.0,0.01,0.0,very_rare,0.0,very_rare,peak_abundance_with_occupancy_days_modifiers,0.0001
blkrai,AR,0.0,0.0,0.0,breeding,0.0001,,,,0.01,0.0,very_rare,0.0,very_rare,peak_abundance_with_occupancy_days_modifiers,0.0001
shbdow,AR,0.0,0.0,0.0,nonbreeding,0.0001,0.0011,0.0,0.0,0.01,0.0,very_rare,0.0,very_rare,peak_abundance_with_occupancy_days_modifiers,0.0001
sposan,AR,0.0,0.0,0.0,nonbreeding,0.0032,0.0029,0.0003,7.0,0.32,0.0,very_rare,0.0,very_rare,peak_abundance_with_occupancy_days_modifiers,0.0032
stbree2,AR,0.0,0.0,0.0,resident,0.0005,0.0183,0.0049,0.0,0.05,0.0,very_rare,0.0,very_rare,peak_abundance_with_occupancy_days_modifiers,0.0005
motpic1,AR,0.0,0.0,0.0,resident,0.0005,0.0119,0.0013,0.0,0.05,0.0,very_rare,0.0,very_rare,peak_abundance_with_occupancy_days_modifiers,0.0005
