species_code,country_code,abundance,abundance_mean_avg,abundance_mean_max,peak_season,range_occupied_percent,range_total_percent,total_pop_percent,range_days_occupation,occupancy,score,frequency,frequency_pct,rarity_cap,commonness_basis,debug_range_occupied_max
comcra,CN,2.210140802602766,3.535133333333334,8.117,nonbreeding,0.2366,0.3733,0.6696,133.0,23.66,0.9217003042937345,abundant,92.17003042937345,,peak_abundance_with_occupancy_days_modifiers,0.2366
mallar3,CN,2.137038053985081,3.6094500000000003,7.4743,nonbreeding,0.2066,0.1942,0.4294,126.0,20.66,0.8912140902180158,abundant,89.12140902180158,,peak_abundance_with_occupancy_days_modifiers,0.2066
gwfgoo,CN,1.7106940165068343,3.4667666666666666,4.5328,nonbreeding,0.0334,0.1701,0.4067,42.0,3.34,0.7134148166989942,rare,71.34148166989942,rare,peak_abundance_with_occupancy_days_modifiers,0.0334
tunbeg1,CN,1.5998129315123515,3.000564319894229,3.9521059547695465,postbreeding_migration,0.1924659288860656,0.5343691981847475,0.5369623449673785,84.0,19.24659288860656,0.6671738126600298,common,66.71738126600299,,peak_abundance_with_occupancy_days_modifiers,0.1924659288860656
eutspa,CN,1.3657854844883501,2.9188,2.9188,resident,0.5465,0.3715,0.5992,365.0,54.65,0.5695767867686995,common,56.957678676869946,,peak_abundance_with_occupancy_days_modifiers,0.5465
eurcoo,CN,1.005180343875557,0.899925,1.7324,postbreeding_migration,0.3407,0.2541,0.3615,154.0,34.07,0.41919276261906985,common,41.91927626190699,,peak_abundance_with_occupancy_days_modifiers,0.3407
spbduc,CN,0.9754271880977314,0.838375,1.6523,nonbreeding,0.2286,0.8243,0.8205,126.0,22.86,0.40678473291262507,common,40.678473291262506,,peak_abundance_with_occupancy_days_modifiers,0.2286
taibeg1,CN,0.9428547629997064,1.19105,1.5673,prebreeding_migration,0.1672,,,,16.72,0.39320097657950853,common,39.32009765795085,,peak_abundance_with_occupancy_days_modifiers,0.1672
barswa,CN,0.904906173007517,0.8162,1.4717,postbreeding_migration,0.5721,0.0979,0.1539,154.0,57.21000000000001,0.3773751853438876,common,37.737518534388755,,peak_abundance_with_occupancy_days_modifiers,0.5721
gnwtea,CN,0.8407910224725076,0.8665499999999999,1.3182,postbreeding_migration,0.3034,0.1632,0.2127,126.0,30.34,0.3506370907897471,common,35.06370907897471,,peak_abundance_with_occupancy_days_modifiers,0.3034
recpoc,CN,0.7790037243196284,0.34859999999999997,1.1793,postbreeding_migration,0.2674,0.3484,0.6103,77.0,26.740000000000002,0.32486978608140893,common,32.486978608140895,,peak_abundance_with_occupancy_days_modifiers,0.2674
brambl,CN,0.7334250270585155,0.45135000000000003,1.0822,postbreeding_migration,0.7589,0.2581,0.2776,98.0,75.89,0.3058619929646053,common,30.58619929646053,,peak_abundance_with_occupancy_days_modifiers,0.7589
falduc,CN,0.6178585010409507,0.536741083833882,0.854951408877205,postbreeding_migration,0.0915783735641646,0.818923883849316,0.9884514027626,98.0,9.15783735641646,0.2576670082509078,fairly_common,25.766700825090783,,peak_abundance_with_occupancy_days_modifiers,0.0915783735641646
grecor,CN,0.6116116925774269,0.512525,0.8434,postbreeding_migration,0.3447,0.2215,0.2918,98.0,34.47,0.25506188677859526,fairly_common,25.506188677859527,,peak_abundance_with_occupancy_days_modifiers,0.3447
litbun,CN,0.5676406453202232,0.4069333333333333,0.7641,postbreeding_migration,0.8079,0.9109,0.9515,21.0,80.78999999999999,0.23672453578749506,rare,23.672453578749504,rare,peak_abundance_with_occupancy_days_modifiers,0.8079
laplon,CN,0.5604725636554044,0.4086666666666667,0.7515,nonbreeding,0.1601,,,,16.009999999999998,0.23373521354889143,fairly_common,23.373521354889142,,peak_abundance_with_occupancy_days_modifiers,0.1601
whiwag,CN,0.5572701820085916,0.471,0.7459,postbreeding_migration,0.9739,0.2517,0.2372,112.0,97.39,0.23239971667246795,fairly_common,23.239971667246795,,peak_abundance_with_occupancy_days_modifiers,0.9739
bkhgul,CN,0.5388881615308743,0.410725,0.7141,postbreeding_migration,0.2523,0.2321,0.2166,175.0,25.230000000000004,0.224733818713436,fairly_common,22.4733818713436,,peak_abundance_with_occupancy_days_modifiers,0.2523
orimag1,CN,0.5315689849038904,0.7016,0.7016,resident,0.2847,0.9097,0.9347,365.0,28.470000000000002,0.22168148498142848,fairly_common,22.16814849814285,,peak_abundance_with_occupancy_days_modifiers,0.2847
compoc,CN,0.5306282510621704,0.4307666666666667,0.7,prebreeding_migration,0.2455,0.2471,0.4696,112.0,24.55,0.22128916849772226,fairly_common,22.128916849772224,,peak_abundance_with_occupancy_days_modifiers,0.2455
gadwal,CN,0.5181388170602154,0.31865,0.6789,postbreeding_migration,0.2423,0.2448,0.3595,140.0,24.23,0.21608066996835168,fairly_common,21.608066996835166,,peak_abundance_with_occupancy_days_modifiers,0.2423
skylar,CN,0.4956713759943133,0.27874999999999994,0.6416,postbreeding_migration,0.5506,0.222,0.2381,154.0,55.059999999999995,0.20671101929145524,fairly_common,20.671101929145525,,peak_abundance_with_occupancy_days_modifiers,0.5506
pieavo1,CN,0.4951110370177904,0.3415248593551156,0.6406804052026049,nonbreeding,0.047844367941696,0.2606781310295426,0.5642365890377485,140.0,4.7844367941696,0.20647733978806765,rare,20.647733978806766,rare,peak_abundance_with_occupancy_days_modifiers,0.047844367941696
norlap,CN,0.48452271534493824,0.28895,0.6234,postbreeding_migration,0.1866,0.2225,0.1537,133.0,18.66,0.20206166667966893,fairly_common,20.206166667966894,,peak_abundance_with_occupancy_days_modifiers,0.1866
whblau1,CN,0.48225463595317153,0.6197221722946368,0.6197221722946368,resident,0.4619854871604211,0.9502632242839568,0.989761049566842,365.0,46.19854871604211,0.20111580410698038,fairly_common,20.11158041069804,,peak_abundance_with_occupancy_days_modifiers,0.4619854871604211
origre,CN,0.48211745962924696,0.367625,0.6195,nonbreeding,0.415,0.8199,0.788,70.0,41.5,0.20105859713656737,fairly_common,20.105859713656738,,peak_abundance_with_occupancy_days_modifiers,0.415
livbul1,CN,0.4710031295788191,0.5162,0.6016,nonbreeding,0.1689,0.9781,0.9715,112.0,16.89,0.19642356149655907,fairly_common,19.642356149655907,,peak_abundance_with_occupancy_days_modifiers,0.1689
commer,CN,0.4678137331726997,0.328375,0.5965,nonbreeding,0.2193,0.7012,0.7236,49.0,21.93,0.1950934798861152,fairly_common,19.50934798861152,,peak_abundance_with_occupancy_days_modifiers,0.2193
eurwig,CN,0.4581208073339624,0.22852499999999998,0.5811,postbreeding_migration,0.3036,0.1953,0.1515,49.0,30.36,0.19105121584368873,fairly_common,19.105121584368874,,peak_abundance_with_occupancy_days_modifiers,0.3036
brbbul1,CN,0.4385664428125086,0.5504829186296379,0.5504829186296379,resident,0.2947761789336636,0.9381420002242278,0.9758328315413218,365.0,29.477617893366357,0.1828964124445254,fairly_common,18.28964124445254,,peak_abundance_with_occupancy_days_modifiers,0.2947761789336636
horlar,CN,0.4061315526513249,0.262925,0.501,postbreeding_migration,0.3318,,,,33.18,0.1693700126350242,fairly_common,16.93700126350242,,peak_abundance_with_occupancy_days_modifiers,0.3318
whwter,CN,0.39156900291605307,0.248425,0.4793,breeding,0.1809,0.2682,0.3036,126.0,18.09,0.1632969576936893,fairly_common,16.32969576936893,,peak_abundance_with_occupancy_days_modifiers,0.1809
dunlin,CN,0.37912113276856246,0.26355,0.461,prebreeding_migration,0.0055,0.0439,0.3362,70.0,0.5499999999999999,0.1581057926379428,very_rare,15.810579263794281,very_rare,peak_abundance_with_occupancy_days_modifiers,0.0055
rebcho1,CN,0.3761049528016777,0.4566,0.4566,resident,0.2789,0.5262,0.5834,365.0,27.889999999999997,0.1568479478933869,fairly_common,15.68479478933869,,peak_abundance_with_occupancy_days_modifiers,0.2789
chebul1,CN,0.37430089909789277,0.4539745842825999,0.4539745842825999,resident,0.368327481047467,0.9616110451529007,0.9737046901924584,365.0,36.8327481047467,0.15609559906303974,fairly_common,15.609559906303975,,peak_abundance_with_occupancy_days_modifiers,0.368327481047467
graher1,CN,0.35823372840272566,0.32232500000000003,0.4308,prebreeding_migration,0.2348,0.1161,0.367,147.0,23.48,0.14939506844461262,fairly_common,14.939506844461262,,peak_abundance_with_occupancy_days_modifiers,0.2348
ortdov,CN,0.34974095933580274,0.31165,0.4187,nonbreeding,0.493,0.6489,0.7928,140.0,49.3,0.1458533086508199,fairly_common,14.58533086508199,,peak_abundance_with_occupancy_days_modifiers,0.493
whoswa,CN,0.33768578568687496,0.2268,0.4017,nonbreeding,0.2714,0.5104,0.4675,56.0,27.139999999999997,0.14082591075497297,fairly_common,14.082591075497298,,peak_abundance_with_occupancy_days_modifiers,0.2714
blakit1,CN,0.337400377194035,0.20825,0.4013,postbreeding_migration,0.6105,0.1398,0.1369,147.0,61.050000000000004,0.14070688616867114,fairly_common,14.070688616867114,,peak_abundance_with_occupancy_days_modifiers,0.6105
categr2,CN,0.32161058152214617,0.2339798142800537,0.379347527942121,prebreeding_migration,0.1949459631346112,0.2083799098644317,0.0788625623270316,126.0,19.49459631346112,0.13412202991952313,fairly_common,13.412202991952313,,peak_abundance_with_occupancy_days_modifiers,0.1949459631346112
gragoo,CN,0.3106414765866914,0.20062499999999997,0.3643,breeding,0.1323,0.2653,0.2397,112.0,13.23,0.12954755785650696,fairly_common,12.954755785650695,,peak_abundance_with_occupancy_days_modifiers,0.1323
twite1,CN,0.30343238254301275,0.20292499999999997,0.3545,nonbreeding,0.219,0.5681,0.6715,70.0,21.9,0.12654113212746934,fairly_common,12.654113212746934,,peak_abundance_with_occupancy_days_modifiers,0.219
vitpar1,CN,0.2952781490734089,0.3435,0.3435,resident,0.2765,0.9265,0.833,365.0,27.650000000000002,0.12314055264340883,fairly_common,12.314055264340883,,peak_abundance_with_occupancy_days_modifiers,0.2765
rook1,CN,0.29192306670903545,0.20540000000000003,0.339,nonbreeding,0.1405,0.1427,0.1047,182.0,14.05,0.12174137462156881,fairly_common,12.174137462156882,,peak_abundance_with_occupancy_days_modifiers,0.1405
olbpip,CN,0.2808840179507816,0.182525,0.3243,postbreeding_migration,0.9071,0.6279,0.7515,119.0,90.71000000000001,0.11713773371886539,fairly_common,11.713773371886539,,peak_abundance_with_occupancy_days_modifiers,0.9071
fotswi,CN,0.2782376136237812,0.18935,0.3208,breeding,0.3693,0.0039,0.0004,7.0,36.93,0.11603409739370092,very_rare,11.603409739370091,very_rare,peak_abundance_with_occupancy_days_modifiers,0.3693
yetbun1,CN,0.27464471602987056,0.15254911304737598,0.316063015703479,nonbreeding,0.4256530080975481,0.886396243168083,0.8051386875960665,126.0,42.56530080975481,0.11453574271796994,fairly_common,11.453574271796994,,peak_abundance_with_occupancy_days_modifiers,0.4256530080975481
kenplo1,CN,0.2705613456433628,0.1256,0.3107,postbreeding_migration,0.1258,0.1859,0.4514,98.0,12.58,0.11283284500061368,fairly_common,11.283284500061368,,peak_abundance_with_occupancy_days_modifiers,0.1258
banswa,CN,0.26804043219649215,0.113225,0.3074,postbreeding_migration,0.2602,,,,26.02,0.11178154243729163,fairly_common,11.178154243729162,,peak_abundance_with_occupancy_days_modifiers,0.2602
litgre1,CN,0.2632100605272932,0.2337,0.3011,nonbreeding,0.196,0.1643,0.3567,84.0,19.6,0.10976712098861766,fairly_common,10.976712098861766,,peak_abundance_with_occupancy_days_modifiers,0.196
comswi,CN,0.2621334686054057,0.1774,0.2997,breeding,0.3431,0.1892,0.1188,70.0,34.31,0.10931814728484494,fairly_common,10.931814728484495,,peak_abundance_with_occupancy_days_modifiers,0.3431
bktgul,CN,0.2568104087846939,0.11585000000000001,0.2928,breeding,0.0088,0.3693,0.352,147.0,0.88,0.10709825891811914,very_rare,10.709825891811914,very_rare,peak_abundance_with_occupancy_days_modifiers,0.0088
bkwsti,CN,0.24865534048293306,0.188,0.2823,breeding,0.2158,0.1223,0.1243,98.0,21.58,0.10369733128200777,fairly_common,10.369733128200776,,peak_abundance_with_occupancy_days_modifiers,0.2158
tunswa,CN,0.24842135849847827,0.1369,0.282,postbreeding_migration,0.0801,0.1705,0.3127,56.0,8.01,0.10359975321548041,fairly_common,10.359975321548042,,peak_abundance_with_occupancy_days_modifiers,0.0801
comcuc,CN,0.2374408560150342,0.14323333333333335,0.268,breeding,0.7654,0.2462,0.2802,91.0,76.53999999999999,0.09902052800576984,fairly_common,9.902052800576984,,peak_abundance_with_occupancy_days_modifiers,0.7654
whcsta1,CN,0.23348984336835407,0.19675,0.263,breeding,0.2191,0.8576,0.8417,133.0,21.91,0.09737282775317736,fairly_common,9.737282775317736,,peak_abundance_with_occupancy_days_modifiers,0.2191
chibla1,CN,0.22921564129010497,0.20245280839936336,0.2576132031052713,prebreeding_migration,0.1312415434118047,0.99850538717783,0.999659606381242,147.0,13.12415434118047,0.09559034703905471,fairly_common,9.559034703905471,,peak_abundance_with_occupancy_days_modifiers,0.1312415434118047
maslau1,CN,0.2288001307038272,0.2570907600537643,0.2570907600537643,resident,0.2269606491688317,0.988440716951969,0.9963561922741714,365.0,22.69606491688317,0.09541706566559714,fairly_common,9.541706566559714,,peak_abundance_with_occupancy_days_modifiers,0.2269606491688317
comter,CN,0.22530122186800916,0.1783,0.2527,breeding,0.2618,0.2612,0.1532,84.0,26.179999999999996,0.09395790734642055,fairly_common,9.395790734642055,,peak_abundance_with_occupancy_days_modifiers,0.2618
rusbun,CN,0.22338352251881693,0.166,0.2503,nonbreeding,0.321,,,,32.1,0.09315816460079418,fairly_common,9.315816460079418,,peak_abundance_with_occupancy_days_modifiers,0.321
amufal1,CN,0.21974637245099843,0.16759764963193377,0.2457607312750935,breeding,0.5388516515394816,0.6918689789942505,0.7439438910519554,84.0,53.88516515394816,0.091641355210043,fairly_common,9.164135521004301,,peak_abundance_with_occupancy_days_modifiers,0.5388516515394816
bfbwar1,CN,0.2195360182977626,0.16340027231056053,0.2454987078911514,prebreeding_migration,0.3369736476581031,0.844178745590074,0.9438091628513916,133.0,33.69736476581031,0.09155363071447305,fairly_common,9.155363071447304,,peak_abundance_with_occupancy_days_modifiers,0.3369736476581031
swiwhe1,CN,0.2183319943169877,0.18725,0.244,postbreeding_migration,0.2394,0.9703,0.9533,147.0,23.94,0.09105151371443833,fairly_common,9.105151371443833,,peak_abundance_with_occupancy_days_modifiers,0.2394
orrwar1,CN,0.21640087044681727,0.09155,0.2416,breeding,0.1354,0.7479,0.8581,126.0,13.54,0.09024617250872471,fairly_common,9.024617250872472,,peak_abundance_with_occupancy_days_modifiers,0.1354
redpol1,CN,0.20959707863265517,0.1583746646946447,0.2331810848336337,postbreeding_migration,0.2157871969800346,0.0214053473466978,0.0083573407050318,42.0,21.57871969800346,0.08740877093771199,fairly_common,8.740877093771198,,peak_abundance_with_occupancy_days_modifiers,0.2157871969800346
rinphe1,CN,0.20782684720231648,0.231,0.231,resident,0.4919,0.3827,0.4502,365.0,49.19,0.08667052709094349,fairly_common,8.66705270909435,,peak_abundance_with_occupancy_days_modifiers,0.4919
litegr,CN,0.20212418409013436,0.21910000000000002,0.224,nonbreeding,0.1632,0.1636,0.2209,84.0,16.32,0.0842923318557833,fairly_common,8.42923318557833,,peak_abundance_with_occupancy_days_modifiers,0.1632
grcgre1,CN,0.19860492686705555,0.12995,0.2197,postbreeding_migration,0.209,0.5036,0.4551,112.0,20.9,0.0828246876000057,fairly_common,8.28246876000057,,peak_abundance_with_occupancy_days_modifiers,0.209
tufduc,CN,0.19425012765922844,0.132625,0.2144,postbreeding_migration,0.1944,0.297,0.254,105.0,19.439999999999998,0.08100859527219313,fairly_common,8.100859527219313,,peak_abundance_with_occupancy_days_modifiers,0.1944
daured1,CN,0.18888331462909566,0.166625,0.2079,prebreeding_migration,0.7429,0.7967,0.8558,119.0,74.29,0.07877046039991008,fairly_common,7.877046039991008,,peak_abundance_with_occupancy_days_modifiers,0.7429
greegr,CN,0.18040305097132403,0.16870000000000002,0.1977,postbreeding_migration,0.286,0.0927,0.1186,133.0,28.599999999999998,0.07523391576680147,uncommon,7.5233915766801465,,peak_abundance_with_occupancy_days_modifiers,0.286
spodov,CN,0.17856450791624237,0.1955,0.1955,resident,0.174,0.2516,0.1938,365.0,17.4,0.07446718375980432,uncommon,7.446718375980432,,peak_abundance_with_occupancy_days_modifiers,0.174
sbsbab3,CN,0.17720701054465163,0.1938782129271599,0.1938782129271599,resident,0.3664610735624539,0.8909647089992272,0.9344518555602538,365.0,36.64610735624539,0.07390106338457769,uncommon,7.39010633845777,,peak_abundance_with_occupancy_days_modifiers,0.3664610735624539
blttit2,CN,0.17588421482994923,0.1923,0.1923,resident,0.1904,0.8856,0.9145,365.0,19.040000000000003,0.07334941472430957,uncommon,7.334941472430957,,peak_abundance_with_occupancy_days_modifiers,0.1904
eaywag,CN,0.17571645774181885,0.081675,0.1921,postbreeding_migration,0.3673,0.3198,0.3137,147.0,36.730000000000004,0.07327945458466821,uncommon,7.327945458466821,,peak_abundance_with_occupancy_days_modifiers,0.3673
comros,CN,0.1728602730044416,0.09000000000000001,0.1887,postbreeding_migration,0.8459,0.447,0.4234,126.0,84.59,0.07208833303329039,uncommon,7.208833303329039,,peak_abundance_with_occupancy_days_modifiers,0.8459
rebsta1,CN,0.17277614395042318,0.13455,0.1886,nonbreeding,0.1001,0.9957,0.9993,112.0,10.01,0.07205324849270485,uncommon,7.205324849270485,,peak_abundance_with_occupancy_days_modifiers,0.1001
carcro1,CN,0.16373319198260175,0.14205,0.1779,nonbreeding,0.2171,0.3546,0.1912,105.0,21.709999999999997,0.06828204460802963,uncommon,6.828204460802962,,peak_abundance_with_occupancy_days_modifiers,0.2171
asidow1,CN,0.1625030897257011,0.1409772425398302,0.1764519533569114,postbreeding_migration,0.0261120806628426,0.5771690482041121,0.958103672973132,70.0,2.61120806628426,0.06776905212213796,rare,6.776905212213796,rare,peak_abundance_with_occupancy_days_modifiers,0.0261120806628426
colfin1,CN,0.1618637148915584,0.1757,0.1757,resident,0.1703,0.9956,0.9976,365.0,17.03,0.06750241210603898,uncommon,6.750241210603898,,peak_abundance_with_occupancy_days_modifiers,0.1703
comshe,CN,0.16067222538889842,0.132675,0.1743,prebreeding_migration,0.0842,,,,8.42,0.06700552238938785,uncommon,6.700552238938785,,peak_abundance_with_occupancy_days_modifiers,0.0842
orihob2,CN,0.1602463491420971,0.086225,0.1738,postbreeding_migration,0.5159,0.4163,0.5333,140.0,51.59,0.06682791819973345,uncommon,6.682791819973345,,peak_abundance_with_occupancy_days_modifiers,0.5159
eurmag1,CN,0.15905292985460032,0.1724,0.1724,resident,0.2021,0.1136,0.1223,365.0,20.21,0.0663302237002969,uncommon,6.63302237002969,,peak_abundance_with_occupancy_days_modifiers,0.2021
norpin,CN,0.15811424309369193,0.08887500000000001,0.1713,prebreeding_migration,0.2178,0.1259,0.089,147.0,21.78,0.06593876091559696,uncommon,6.593876091559696,,peak_abundance_with_occupancy_days_modifiers,0.2178
grekno,CN,0.15117482779711788,0.08510000000000001,0.1632,prebreeding_migration,0.0051,0.068,0.0081,0.0,0.51,0.06304479995938068,very_rare,6.304479995938069,very_rare,peak_abundance_with_occupancy_days_modifiers,0.0051
bahgoo,CN,0.14712606489029384,0.09535,0.1585,breeding,0.0758,0.2122,0.0703,105.0,7.580000000000001,0.06135633468203812,uncommon,6.135633468203812,,peak_abundance_with_occupancy_days_modifiers,0.0758
comrav,CN,0.14712606489029384,0.1585,0.1585,resident,0.3921,0.0905,0.0437,365.0,39.21,0.06135633468203812,uncommon,6.135633468203812,,peak_abundance_with_occupancy_days_modifiers,0.3921
smew,CN,0.14660801963609033,0.08366666666666667,0.1579,prebreeding_migration,0.1919,0.6681,0.693,7.0,19.189999999999998,0.06114029303081157,very_rare,6.114029303081157,very_rare,peak_abundance_with_occupancy_days_modifiers,0.1919
whiter2,CN,0.1451620157265654,0.10536904393413618,0.156226882032253,breeding,0.1029032772454527,0.3265021078549216,0.2889748608891134,126.0,10.29032772454527,0.06053726256241361,uncommon,6.053726256241361,,peak_abundance_with_occupancy_days_modifiers,0.1029032772454527
lottit5,CN,0.14498340697176293,0.1560203882299335,0.1560203882299335,resident,0.1756882373546305,1.0,1.0,365.0,17.56882373546305,0.06046277692626907,uncommon,6.046277692626907,,peak_abundance_with_occupancy_days_modifiers,0.1756882373546305
bcnher,CN,0.14444660436502813,0.102575,0.1554,prebreeding_migration,0.0962,0.0951,0.3579,112.0,9.62,0.06023891285145964,uncommon,6.023891285145964,,peak_abundance_with_occupancy_days_modifiers,0.0962
amepip,CN,0.143407463294729,0.0699,0.1542,postbreeding_migration,0.1264,0.1751,0.0848,56.0,12.64,0.059805557365885616,uncommon,5.9805557365885615,,peak_abundance_with_occupancy_days_modifiers,0.1264
norsho,CN,0.1392400670915041,0.077925,0.1494,prebreeding_migration,0.204,0.1366,0.1201,133.0,20.4,0.058067618161242444,uncommon,5.8067618161242445,,peak_abundance_with_occupancy_days_modifiers,0.204
eursta,CN,0.1384567431470159,0.07367499999999999,0.1485,postbreeding_migration,0.078,0.0416,0.0136,140.0,7.8,0.05774094670341269,uncommon,5.774094670341269,,peak_abundance_with_occupancy_days_modifiers,0.078
eursis,CN,0.1354919694371567,0.058375,0.1451,postbreeding_migration,0.4659,0.1726,0.0747,112.0,46.589999999999996,0.05650454003315834,uncommon,5.650454003315835,,peak_abundance_with_occupancy_days_modifiers,0.4659
hoopoe,CN,0.1338313476335206,0.08122499999999999,0.1432,postbreeding_migration,0.6914,0.1612,0.1654,112.0,69.14,0.055812006951136736,uncommon,5.581200695113673,,peak_abundance_with_occupancy_days_modifiers,0.6914
yebwar3,CN,0.13137907805637988,0.11363333333333332,0.1404,postbreeding_migration,0.5008,0.5131,0.3825,91.0,50.080000000000005,0.05478933110496485,uncommon,5.478933110496485,,peak_abundance_with_occupancy_days_modifiers,0.5008
lirplo,CN,0.13137907805637988,0.089275,0.1404,prebreeding_migration,0.3316,0.2002,0.2679,140.0,33.160000000000004,0.05478933110496485,uncommon,5.478933110496485,,peak_abundance_with_occupancy_days_modifiers,0.3316
cremyn,CN,0.12900868056353376,0.1377,0.1377,resident,0.1704,0.9167,0.9692,365.0,17.04,0.05380079856989715,uncommon,5.380079856989715,,peak_abundance_with_occupancy_days_modifiers,0.1704
grywag,CN,0.12804134988088406,0.082275,0.1366,postbreeding_migration,0.9367,0.3548,0.3164,126.0,93.67,0.05339739034201374,uncommon,5.339739034201374,,peak_abundance_with_occupancy_days_modifiers,0.9367
citwag,CN,0.12804134988088406,0.0857,0.1366,postbreeding_migration,0.4603,0.2185,0.314,105.0,46.03,0.05339739034201374,uncommon,5.339739034201374,,peak_abundance_with_occupancy_days_modifiers,0.4603
comgol,CN,0.12327901616017127,0.079625,0.1312,prebreeding_migration,0.1096,0.0542,0.1267,70.0,10.96,0.05141134292170452,uncommon,5.1411342921704515,,peak_abundance_with_occupancy_days_modifiers,0.1096
rensti,CN,0.12248308421454837,0.05815,0.1303,prebreeding_migration,0.0322,0.3111,0.3082,133.0,3.2199999999999998,0.05107941351901049,rare,5.107941351901049,rare,peak_abundance_with_occupancy_days_modifiers,0.0322
labcro1,CN,0.12186358775684057,0.1296,0.1296,resident,0.2394,0.289,0.1754,365.0,23.94,0.0508210634297737,uncommon,5.0821063429773705,,peak_abundance_with_occupancy_days_modifiers,0.2394
duswar,CN,0.12106652797944359,0.063525,0.1287,postbreeding_migration,0.7142,0.5246,0.3371,98.0,71.41999999999999,0.050488663684697795,uncommon,5.048866368469779,,peak_abundance_with_occupancy_days_modifiers,0.7142
ashmar1,CN,0.11582556550559038,0.07339999999999999,0.1228,breeding,0.2596,0.7188,0.7662,126.0,25.96,0.04830301257086205,uncommon,4.830301257086205,,peak_abundance_with_occupancy_days_modifiers,0.2596
bladro1,CN,0.11431034617741084,0.069225,0.1211,postbreeding_migration,0.1418,0.3122,0.1238,161.0,14.180000000000001,0.047671117030899095,uncommon,4.76711170308991,,peak_abundance_with_occupancy_days_modifiers,0.1418
yebgro1,CN,0.11367533516222392,0.06869244271341987,0.120388315138652,nonbreeding,0.1149579732985249,0.9426299913250776,0.972544209350291,140.0,11.49579732985249,0.047406296868654954,uncommon,4.740629686865495,,peak_abundance_with_occupancy_days_modifiers,0.1149579732985249
rbbmag,CN,0.11359650658254057,0.1203,0.1203,resident,0.2361,0.8969,0.923,365.0,23.61,0.047373422797557053,uncommon,4.737342279755706,,peak_abundance_with_occupancy_days_modifiers,0.2361
himgri1,CN,0.11297147865916139,0.1196,0.1196,resident,0.218,0.5738,0.7296,365.0,21.8,0.047112765907963254,uncommon,4.711276590796325,,peak_abundance_with_occupancy_days_modifiers,0.218
woosan,CN,0.11234605983153843,0.054525000000000004,0.1189,postbreeding_migration,0.3121,0.0726,0.0927,154.0,31.209999999999997,0.04685194599863793,uncommon,4.6851945998637925,,peak_abundance_with_occupancy_days_modifiers,0.3121
eurkes,CN,0.11136246785346073,0.077575,0.1178,postbreeding_migration,0.7927,0.2169,0.1916,98.0,79.27,0.04644175628383444,uncommon,4.6441756283834446,,peak_abundance_with_occupancy_days_modifiers,0.7927
bohwax,CN,0.1097508639591192,0.08963333333333334,0.116,postbreeding_migration,0.1036,0.162,0.1501,49.0,10.36,0.045769665257748636,uncommon,4.576966525774863,,peak_abundance_with_occupancy_days_modifiers,0.1036
eurcur,CN,0.10912342701835417,0.065525,0.1153,postbreeding_migration,0.1392,0.1571,0.3096,133.0,13.919999999999998,0.04550800372987343,uncommon,4.550800372987343,,peak_abundance_with_occupancy_days_modifiers,0.1392
renpha,CN,0.10903376102412238,0.08395,0.1152,prebreeding_migration,0.0043,,,,0.43,0.04547061010586952,very_rare,4.547061010586952,very_rare,peak_abundance_with_occupancy_days_modifiers,0.0043
eucdov,CN,0.1084058738437865,0.1145,0.1145,resident,0.2308,0.1392,0.0396,365.0,23.080000000000002,0.04520876081350945,uncommon,4.520876081350945,,peak_abundance_with_occupancy_days_modifiers,0.2308
ricpip1,CN,0.10723875066959866,0.0453,0.1132,postbreeding_migration,0.5334,0.4757,0.5632,133.0,53.339999999999996,0.04472203264509121,uncommon,4.472203264509121,,peak_abundance_with_occupancy_days_modifiers,0.5334
palwar5,CN,0.10598032353723204,0.065175,0.1118,postbreeding_migration,0.5513,0.9602,0.9818,77.0,55.13,0.04419722776864718,uncommon,4.419722776864718,,peak_abundance_with_occupancy_days_modifiers,0.5513
batgod,CN,0.10571045442211421,0.035775,0.1115,prebreeding_migration,0.0047,0.0714,0.4359,119.0,0.47000000000000003,0.044084683606198063,very_rare,4.408468360619806,very_rare,peak_abundance_with_occupancy_days_modifiers,0.0047
chpher1,CN,0.10544051245799695,0.07065,0.1112,breeding,0.2969,0.6937,0.9572,147.0,29.69,0.04397210906335649,uncommon,4.397210906335649,,peak_abundance_with_occupancy_days_modifiers,0.2969
spored,CN,0.104720310770403,0.045,0.1104,postbreeding_migration,0.2415,0.1843,0.4672,189.0,24.15,0.04367176163127144,uncommon,4.367176163127144,,peak_abundance_with_occupancy_days_modifiers,0.2415
fotsun1,CN,0.10470729681614495,0.1103855493992218,0.1103855493992218,resident,0.3664175658912958,0.933136016762578,0.9452089006992076,365.0,36.641756589129585,0.04366633439080532,uncommon,4.366633439080532,,peak_abundance_with_occupancy_days_modifiers,0.3664175658912958
blabul1,CN,0.10336853297703312,0.077475,0.1089,prebreeding_migration,0.1608,0.6494,0.6409,126.0,16.08,0.04310802650542818,uncommon,4.310802650542818,,peak_abundance_with_occupancy_days_modifiers,0.1608
taifly1,CN,0.1031881577961689,0.06756666666666666,0.1087,prebreeding_migration,0.6044,0.104,0.0549,105.0,60.440000000000005,0.0430328042123988,uncommon,4.30328042123988,,peak_abundance_with_occupancy_days_modifiers,0.6044
russpa2,CN,0.10237606661686648,0.0651,0.1078,prebreeding_migration,0.2535,0.8543,0.8327,49.0,25.35,0.04269413588583982,uncommon,4.269413588583982,,peak_abundance_with_occupancy_days_modifiers,0.2535
comred1,CN,0.10084031492607147,0.06275,0.1061,postbreeding_migration,0.2432,0.2138,0.2483,154.0,24.32,0.04205367768559374,uncommon,4.205367768559374,,peak_abundance_with_occupancy_days_modifiers,0.2432
lotshr1,CN,0.09957380489609238,0.081675,0.1047,postbreeding_migration,0.2943,0.3769,0.5171,147.0,29.43,0.04152550197902874,uncommon,4.152550197902874,,peak_abundance_with_occupancy_days_modifiers,0.2943
bktgod,CN,0.09930220107386233,0.07555,0.1044,prebreeding_migration,0.0234,0.1859,0.2672,98.0,2.34,0.04141223438752418,rare,4.141223438752418,rare,peak_abundance_with_occupancy_days_modifiers,0.0234
gargan,CN,0.09585548564352137,0.045425,0.1006,prebreeding_migration,0.2215,0.1426,0.1131,140.0,22.15,0.039974842409050235,uncommon,3.9974842409050235,,peak_abundance_with_occupancy_days_modifiers,0.2215
redkno,CN,0.09440067542148431,0.03886666666666667,0.099,prebreeding_migration,0.0051,,,,0.51,0.03936813942308566,very_rare,3.936813942308566,very_rare,peak_abundance_with_occupancy_days_modifiers,0.0051
blared1,CN,0.09203208544649367,0.04135,0.0964,breeding,0.2259,0.2904,0.4282,119.0,22.59,0.03838036068151184,uncommon,3.838036068151184,,peak_abundance_with_occupancy_days_modifiers,0.2259
cinvul1,CN,0.0900235026475885,0.0942,0.0942,breeding,0.2963,0.3811,0.409,70.0,29.630000000000003,0.03754271659351082,uncommon,3.754271659351082,,peak_abundance_with_occupancy_days_modifiers,0.2963
brnshr,CN,0.08828556486736039,0.06255,0.0923,prebreeding_migration,0.6,0.3485,0.3272,175.0,60.0,0.036817940244875745,uncommon,3.6817940244875746,,peak_abundance_with_occupancy_days_modifiers,0.6
rewbul,CN,0.08764450985204636,0.0916,0.0916,resident,0.0676,0.2658,0.3633,365.0,6.76,0.03655059953880477,uncommon,3.655059953880477,,peak_abundance_with_occupancy_days_modifiers,0.0676
commoo3,CN,0.08746127576999452,0.07619999999999999,0.0914,nonbreeding,0.1664,0.1299,0.1974,294.0,16.64,0.03647418499137627,uncommon,3.6474184991376273,,peak_abundance_with_occupancy_days_modifiers,0.1664
azwmag2,CN,0.08736964613690709,0.0913,0.0913,resident,0.0743,0.8582,0.8675,365.0,7.430000000000001,0.03643597246636451,uncommon,3.6435972466364506,,peak_abundance_with_occupancy_days_modifiers,0.0743
eurspo1,CN,0.08691137198929641,0.07005,0.0908,nonbreeding,0.0245,0.3241,0.4077,77.0,2.45,0.036244857302658536,rare,3.6244857302658535,rare,peak_abundance_with_occupancy_days_modifiers,0.0245
norwhe,CN,0.08571887540253752,0.07245,0.0895,breeding,0.2725,0.1506,0.1554,35.0,27.250000000000004,0.03574754759931719,uncommon,3.574754759931719,,peak_abundance_with_occupancy_days_modifiers,0.2725
grebus1,CN,0.08566769623845284,0.0894442417275728,0.0894442417275728,nonbreeding,0.1204270039749638,0.669386975271576,0.4156820722083166,112.0,12.042700397496379,0.03572620423012786,uncommon,3.572620423012786,,peak_abundance_with_occupancy_days_modifiers,0.1204270039749638
isawhe1,CN,0.07945792133471552,0.04956666666666667,0.0827,breeding,0.2254,0.1968,0.1989,14.0,22.54,0.033136526951816056,rare,3.3136526951816054,rare,peak_abundance_with_occupancy_days_modifiers,0.2254
combuz6,CN,0.07816402096935436,0.04763333333333333,0.0813,postbreeding_migration,0.5419,0.5232,0.5271,119.0,54.190000000000005,0.032596928588184755,uncommon,3.2596928588184757,,peak_abundance_with_occupancy_days_modifiers,0.5419
comsni,CN,0.07751644242782835,0.038225,0.0806,postbreeding_migration,0.3598,0.117,0.1439,161.0,35.980000000000004,0.03232686736037716,uncommon,3.2326867360377163,,peak_abundance_with_occupancy_days_modifiers,0.3598
comhom1,CN,0.07715373618293689,0.031685940677540124,0.080208130702787,breeding,0.0829689748752479,0.0384746881151157,0.0156109281806555,84.0,8.29689748752479,0.03217560710768561,uncommon,3.217560710768561,,peak_abundance_with_occupancy_days_modifiers,0.0829689748752479
olbsun4,CN,0.07646799197410344,0.0794676381560783,0.0794676381560783,resident,0.1067248393900277,0.0732300356773142,0.0681096233238518,365.0,10.67248393900277,0.03188962956037046,uncommon,3.188962956037046,,peak_abundance_with_occupancy_days_modifiers,0.1067248393900277
grnsan,CN,0.0760346862759976,0.052525,0.079,postbreeding_migration,0.4472,0.2024,0.1775,147.0,44.72,0.031708927048871585,uncommon,3.1708927048871587,,peak_abundance_with_occupancy_days_modifiers,0.4472
whrmun,CN,0.07427224437458746,0.0771,0.0771,resident,0.1215,0.3576,0.4779,365.0,12.15,0.03097393168798021,uncommon,3.097393168798021,,peak_abundance_with_occupancy_days_modifiers,0.1215
eurspa1,CN,0.07241368050904531,0.0362,0.0751,postbreeding_migration,0.8943,0.2501,0.2524,126.0,89.42999999999999,0.03019885035451848,uncommon,3.019885035451848,,peak_abundance_with_occupancy_days_modifiers,0.8943
pagplo,CN,0.07194849931258404,0.033525,0.0746,postbreeding_migration,0.1984,0.3687,0.4553,98.0,19.84,0.030004854727712662,uncommon,3.000485472771266,,peak_abundance_with_occupancy_days_modifiers,0.1984
hawfin,CN,0.06933947807861283,0.027975,0.0718,prebreeding_migration,0.3022,,,,30.220000000000002,0.028916808363233047,uncommon,2.891680836323305,,peak_abundance_with_occupancy_days_modifiers,0.3022
chukar,CN,0.06924617273681433,0.0717,0.0717,resident,0.1239,0.2789,0.1908,365.0,12.389999999999999,0.02887789701341016,uncommon,2.887789701341016,,peak_abundance_with_occupancy_days_modifiers,0.1239
sttbab1,CN,0.06403600277466699,0.0661307817368547,0.0661307817368547,resident,0.0843466010190989,0.034739060127803,0.0268536899758399,365.0,8.43466010190989,0.026705087374369007,uncommon,2.6705087374369008,,peak_abundance_with_occupancy_days_modifiers,0.0843466010190989
comsan,CN,0.0631625749576401,0.0404,0.0652,postbreeding_migration,0.4487,0.1385,0.1121,147.0,44.87,0.02634083968309784,uncommon,2.634083968309784,,peak_abundance_with_occupancy_days_modifiers,0.4487
marsan,CN,0.06269306933842342,0.029025000000000002,0.0647,postbreeding_migration,0.1321,0.1144,0.2215,154.0,13.209999999999999,0.026145040631928802,uncommon,2.6145040631928804,,peak_abundance_with_occupancy_days_modifiers,0.1321
plured1,CN,0.06259914175651997,0.05665,0.0646,nonbreeding,0.2579,0.8041,0.9104,112.0,25.790000000000003,0.026105869787826908,uncommon,2.610586978782691,,peak_abundance_with_occupancy_days_modifiers,0.2579
hacdro1,CN,0.062317306064861556,0.037200000000000004,0.0643,breeding,0.2264,0.5023,0.5352,119.0,22.64,0.025988335175345916,uncommon,2.5988335175345916,,peak_abundance_with_occupancy_days_modifiers,0.2264
manduc,CN,0.060248080345356884,0.041825,0.0621,postbreeding_migration,0.2087,0.8129,0.724,112.0,20.87,0.02512540102514433,uncommon,2.512540102514433,,peak_abundance_with_occupancy_days_modifiers,0.2087
grcter1,CN,0.05930610589740758,0.016725,0.0611,nonbreeding,0.002,0.0368,0.2152,98.0,0.2,0.024732567168455448,very_rare,2.473256716845545,very_rare,peak_abundance_with_occupancy_days_modifiers,0.002
bkbplo,CN,0.05911760448308881,0.04065,0.0609,prebreeding_migration,0.005,0.0712,0.3527,140.0,0.5,0.02465395597285525,very_rare,2.465395597285525,very_rare,peak_abundance_with_occupancy_days_modifiers,0.005
leswhi4,CN,0.05902334044946101,0.02885,0.0608,postbreeding_migration,0.3482,0.1165,0.1348,105.0,34.82,0.02461464481748616,uncommon,2.461464481748616,,peak_abundance_with_occupancy_days_modifiers,0.3482
houspa,CN,0.058080211076524654,0.0598,0.0598,resident,0.127,0.0611,0.01,365.0,12.7,0.024221329319668104,uncommon,2.4221329319668103,,peak_abundance_with_occupancy_days_modifiers,0.127
eurjay1,CN,0.0577970987262167,0.0595,0.0595,year_round,0.2247,,,,22.470000000000002,0.02410326229917737,uncommon,2.4103262299177373,,peak_abundance_with_occupancy_days_modifiers,0.2247
gubter2,CN,0.057622119467676966,0.047489534837478004,0.0593146256943794,postbreeding_migration,0.0390729594592368,0.1190069663002457,0.2774510363934749,112.0,3.90729594592368,0.024030290280538984,rare,2.4030290280538984,rare,peak_abundance_with_occupancy_days_modifiers,0.0390729594592368
rocpig,CN,0.05741949086748649,0.0591,0.0591,resident,0.0679,0.0372,0.0112,365.0,6.79,0.02394578759083053,uncommon,2.394578759083053,,peak_abundance_with_occupancy_days_modifiers,0.0679
litter1,CN,0.05713619137080915,0.0257,0.0588,postbreeding_migration,0.1321,0.2286,0.314,70.0,13.209999999999999,0.02382764252424191,uncommon,2.3827642524241908,,peak_abundance_with_occupancy_days_modifiers,0.1321
nutman,CN,0.056947280441750125,0.0586,0.0586,resident,0.0656,0.1398,0.0957,365.0,6.5600000000000005,0.02374886054773026,uncommon,2.374886054773026,,peak_abundance_with_occupancy_days_modifiers,0.0656
larhac2,CN,0.056947280441750125,0.018824999999999998,0.0586,breeding,0.2548,0.7904,0.8525,84.0,25.480000000000004,0.02374886054773026,uncommon,2.374886054773026,,peak_abundance_with_occupancy_days_modifiers,0.2548
rucbab1,CN,0.05571848875634378,0.0573,0.0573,resident,0.1612,0.8569,0.8993,365.0,16.12,0.023236414612602993,uncommon,2.323641461260299,,peak_abundance_with_occupancy_days_modifiers,0.1612
norhar1,CN,0.05467756129069573,0.02355,0.0562,postbreeding_migration,0.7184,0.2701,0.2636,119.0,71.84,0.02280231414230465,uncommon,2.280231414230465,,peak_abundance_with_occupancy_days_modifiers,0.7184
temsti,CN,0.054298773407378806,0.03626666666666667,0.0558,postbreeding_migration,0.3055,0.2115,0.1936,112.0,30.55,0.02264434732548248,uncommon,2.264434732548248,,peak_abundance_with_occupancy_days_modifiers,0.3055
crelar1,CN,0.053161548114232356,0.027600000000000003,0.0546,breeding,0.1713,0.1102,0.0215,77.0,17.130000000000003,0.02217008754189344,uncommon,2.217008754189344,,peak_abundance_with_occupancy_days_modifiers,0.1713
litsti,CN,0.05278218543896945,0.026633333333333332,0.0542,postbreeding_migration,0.1826,0.0761,0.0335,105.0,18.26,0.022011881018211474,uncommon,2.2011881018211477,,peak_abundance_with_occupancy_days_modifiers,0.1826
retpip,CN,0.05164323315183845,0.019766666666666665,0.053,postbreeding_migration,0.1922,,,,19.220000000000002,0.02153690102219108,uncommon,2.153690102219108,,peak_abundance_with_occupancy_days_modifiers,0.1922
eurcrm1,CN,0.050312813873589095,0.03535,0.0516,breeding,0.1939,0.3863,0.2916,112.0,19.39,0.020982073088985892,uncommon,2.0982073088985893,,peak_abundance_with_occupancy_days_modifiers,0.1939
reblei,CN,0.050312813873589095,0.0516,0.0516,resident,0.0889,0.8405,0.8884,365.0,8.89,0.020982073088985892,uncommon,2.0982073088985893,,peak_abundance_with_occupancy_days_modifiers,0.0889
chptit1,CN,0.04935964617304416,0.0398098805630494,0.0505981263987379,prebreeding_migration,0.0607886241762963,0.9785413304697432,0.9712359783168864,112.0,6.07886241762963,0.02058457128339923,uncommon,2.058457128339923,,peak_abundance_with_occupancy_days_modifiers,0.0607886241762963
steeag1,CN,0.04917104400644938,0.018275,0.0504,postbreeding_migration,0.5365,0.3364,0.2917,133.0,53.65,0.020505918070836435,uncommon,2.0505918070836437,,peak_abundance_with_occupancy_days_modifiers,0.5365
asbfly,CN,0.04879016416943201,0.020725,0.05,prebreeding_migration,0.386,0.2974,0.2508,133.0,38.6,0.020347078841559823,rare,2.0347078841559822,,peak_abundance_with_occupancy_days_modifiers,0.386
watpip1,CN,0.048409139207687545,0.02896666666666667,0.0496,prebreeding_migration,0.1655,0.3293,0.3529,42.0,16.55,0.020188179090571214,rare,2.0188179090571214,,peak_abundance_with_occupancy_days_modifiers,0.1655
sibsto1,CN,0.047646653467353035,0.023625,0.0488,postbreeding_migration,0.6083,0.0109,0.0054,42.0,60.83,0.019870197838852573,rare,1.9870197838852572,,peak_abundance_with_occupancy_days_modifiers,0.6083
bnhgul1,CN,0.04707440738592883,0.02535,0.0482,postbreeding_migration,0.2019,0.9791,0.9901,126.0,20.19,0.01963155268703311,rare,1.9631552687033111,,peak_abundance_with_occupancy_days_modifiers,0.2019
comgre,CN,0.04669272799198229,0.021750000000000002,0.0478,postbreeding_migration,0.2246,0.1131,0.1702,147.0,22.46,0.019472380016618246,rare,1.9472380016618245,,peak_abundance_with_occupancy_days_modifiers,0.2246
integr1,CN,0.046587461106078934,0.03065879595389855,0.0476897071621441,breeding,0.1073411348954087,0.2124036979071536,0.1454330256222786,98.0,10.734113489540869,0.019428480315452138,rare,1.942848031545214,,peak_abundance_with_occupancy_days_modifiers,0.1073411348954087
yebcho1,CN,0.04611993561355312,0.0472,0.0472,resident,0.0452,0.365,0.1834,365.0,4.52,0.019233507041252287,rare,1.9233507041252287,rare,peak_abundance_with_occupancy_days_modifiers,0.0452
blflau1,CN,0.046107953311034816,0.0471874522079787,0.0471874522079787,resident,0.1334726845223523,0.7408548146298763,0.6324065052972931,365.0,13.34726845223523,0.019228510032978346,rare,1.9228510032978345,,peak_abundance_with_occupancy_days_modifiers,0.1334726845223523
colcro1,CN,0.046081953026292345,0.0471602253899966,0.0471602253899966,resident,0.1955765706015863,0.9991150896587856,0.99787979845647,365.0,19.557657060158633,0.019217667072054457,rare,1.9217667072054456,,peak_abundance_with_occupancy_days_modifiers,0.1955765706015863
comchi1,CN,0.044782142771893185,0.014525,0.0458,postbreeding_migration,0.1143,0.0411,0.0461,84.0,11.43,0.018675604093264665,rare,1.8675604093264666,,peak_abundance_with_occupancy_days_modifiers,0.1143
stonec7,CN,0.04439958729668442,0.0316,0.0454,postbreeding_migration,0.3148,0.5433,0.5795,126.0,31.480000000000004,0.01851606606858593,rare,1.851606606858593,,peak_abundance_with_occupancy_days_modifiers,0.3148
yelbit,CN,0.04353830201448342,0.01865,0.0445,breeding,0.0911,0.3609,0.4679,112.0,9.11,0.018156882207651097,rare,1.8156882207651097,,peak_abundance_with_occupancy_days_modifiers,0.0911
orsowl,CN,0.04300037386153629,0.021159522247066936,0.0439382851389107,breeding,0.2088659593577631,0.7712337856860504,0.7776866810265161,49.0,20.88659593577631,0.017932548743613143,rare,1.7932548743613144,,peak_abundance_with_occupancy_days_modifiers,0.2088659593577631
rufwar1,CN,0.04219704869978835,0.0431,0.0431,resident,0.1457,0.8706,0.9243,365.0,14.57,0.017597536130318087,rare,1.7597536130318088,,peak_abundance_with_occupancy_days_modifiers,0.1457
magrob,CN,0.04152574682849831,0.0424,0.0424,resident,0.1059,0.1762,0.1501,365.0,10.59,0.01731758150556646,rare,1.731758150556646,,peak_abundance_with_occupancy_days_modifiers,0.1059
eyethr,CN,0.04142980976313955,0.017349999999999997,0.0423,prebreeding_migration,0.3326,0.2367,0.0852,91.0,33.26,0.017277572641773677,rare,1.7277572641773677,,peak_abundance_with_occupancy_days_modifiers,0.3326
oristo1,CN,0.04056596174666165,0.01725,0.0414,nonbreeding,0.0641,0.932,0.9906,84.0,6.41,0.016917320037634843,rare,1.6917320037634842,,peak_abundance_with_occupancy_days_modifiers,0.0641
blnori1,CN,0.039220713153281295,0.014850000000000002,0.04,breeding,0.2582,0.7748,0.5426,91.0,25.82,0.016356307799677304,rare,1.6356307799677303,,peak_abundance_with_occupancy_days_modifiers,0.2582
orisky1,CN,0.039220713153281295,0.02475,0.04,prebreeding_migration,0.1407,0.4505,0.5594,105.0,14.069999999999999,0.016356307799677304,rare,1.6356307799677303,,peak_abundance_with_occupancy_days_modifiers,0.1407
eargre,CN,0.039028386967478346,0.019674999999999998,0.0398,breeding,0.1832,0.2258,0.0933,140.0,18.32,0.016276101550478407,rare,1.6276101550478408,,peak_abundance_with_occupancy_days_modifiers,0.1832
arcwar1,CN,0.03845118637425273,0.015775,0.0392,prebreeding_migration,0.3682,0.0937,0.0242,91.0,36.82,0.016035390206753968,rare,1.6035390206753968,,peak_abundance_with_occupancy_days_modifiers,0.3682
asikoe2,CN,0.03768106696768849,0.01765,0.0384,breeding,0.2351,0.3373,0.1161,91.0,23.51,0.015714225468952302,rare,1.5714225468952303,,peak_abundance_with_occupancy_days_modifiers,0.2351
martit2,CN,0.03700672562909567,0.0377,0.0377,resident,0.0918,,,,9.180000000000001,0.015433003287882741,rare,1.543300328788274,,peak_abundance_with_occupancy_days_modifiers,0.0918
grbtit1,CN,0.03700672562909567,0.0377,0.0377,resident,0.0636,0.7254,0.733,365.0,6.36,0.015433003287882741,rare,1.543300328788274,,peak_abundance_with_occupancy_days_modifiers,0.0636
comkin1,CN,0.03700672562909567,0.030375,0.0377,postbreeding_migration,0.2554,0.2442,0.3132,161.0,25.540000000000003,0.015433003287882741,rare,1.543300328788274,,peak_abundance_with_occupancy_days_modifiers,0.2554
melthr,CN,0.036524774682372266,0.0372,0.0372,resident,0.136,0.9806,0.9781,365.0,13.600000000000001,0.015232014132021432,rare,1.5232014132021432,,peak_abundance_with_occupancy_days_modifiers,0.136
grewar3,CN,0.03623549258209542,0.0185,0.0369,postbreeding_migration,0.4131,0.2453,0.1897,133.0,41.31,0.015111374125946762,rare,1.5111374125946762,,peak_abundance_with_occupancy_days_modifiers,0.4131
sibrob,CN,0.03607620155460612,0.01721940365618968,0.0367348442878571,prebreeding_migration,0.1902998162556308,0.3316290939752192,0.349452620975115,56.0,19.02998162556308,0.015044944607820463,rare,1.5044944607820463,,peak_abundance_with_occupancy_days_modifiers,0.1902998162556308
gybshr1,CN,0.03584965289369722,0.025875000000000002,0.0365,postbreeding_migration,0.3124,,,,31.240000000000002,0.014950466477987697,rare,1.4950466477987696,,peak_abundance_with_occupancy_days_modifiers,0.3124
ashdro1,CN,0.0343048036919903,0.025275,0.0349,breeding,0.2298,0.4834,0.4055,140.0,22.98,0.014306214321010001,rare,1.430621432101,,peak_abundance_with_occupancy_days_modifiers,0.2298
blasto1,CN,0.03391821820346067,0.01575,0.0345,postbreeding_migration,0.4903,0.2126,0.2355,154.0,49.03,0.014144995650238594,rare,1.4144995650238594,,peak_abundance_with_occupancy_days_modifiers,0.4903
comtai1,CN,0.03391821820346067,0.0345,0.0345,resident,0.0604,0.105,0.1166,365.0,6.04,0.014144995650238594,rare,1.4144995650238594,,peak_abundance_with_occupancy_days_modifiers,0.0604
eurnut2,CN,0.033724869401620894,0.0343,0.0343,resident,0.0821,,,,8.21,0.01406436293702835,rare,1.406436293702835,,peak_abundance_with_occupancy_days_modifiers,0.0821
sibrub,CN,0.033724869401620894,0.01865,0.0343,prebreeding_migration,0.4638,0.5281,0.4215,133.0,46.379999999999995,0.01406436293702835,rare,1.406436293702835,,peak_abundance_with_occupancy_days_modifiers,0.4638
indcuc1,CN,0.033531483208792325,0.018,0.0341,breeding,0.3154,0.5192,0.5583,105.0,31.540000000000003,0.013983714630564631,rare,1.3983714630564632,,peak_abundance_with_occupancy_days_modifiers,0.3154
euroys1,CN,0.0329511001396859,0.013366666666666667,0.0335,postbreeding_migration,0.0026,0.1112,0.1946,98.0,0.26,0.01374167609131306,very_rare,1.374167609131306,very_rare,peak_abundance_with_occupancy_days_modifiers,0.0026
scbflo1,CN,0.03253499930302723,0.0330700492429516,0.0330700492429516,resident,0.111505833196568,0.075461189539389,0.0474582943564134,365.0,11.1505833196568,0.013568148564327653,rare,1.3568148564327653,,peak_abundance_with_occupancy_days_modifiers,0.111505833196568
grsplo,CN,0.03207989346341168,0.02155,0.0326,prebreeding_migration,0.1081,0.3824,0.3545,126.0,10.81,0.013378354687681606,rare,1.3378354687681606,,peak_abundance_with_occupancy_days_modifiers,0.1081
leskes1,CN,0.031886188862321745,0.01633333333333333,0.0324,breeding,0.1253,0.2246,0.2472,14.0,12.53,0.0132975735946592,rare,1.32975735946592,rare,peak_abundance_with_occupancy_days_modifiers,0.1253
chwcuc1,CN,0.031251699879417526,0.019362656634131285,0.0317451613399759,breeding,0.2052517733667008,0.4050869741220899,0.7811864790097516,77.0,20.52517733667008,0.013032971136786342,rare,1.3032971136786342,,peak_abundance_with_occupancy_days_modifiers,0.2052517733667008
blwthr1,CN,0.031207927124193163,0.026325,0.0317,prebreeding_migration,0.1873,0.5767,0.5196,105.0,18.73,0.0130147164799959,rare,1.30147164799959,,peak_abundance_with_occupancy_days_modifiers,0.1873
whcred1,CN,0.03101405352916946,0.024825,0.0315,breeding,0.1829,,,,18.29,0.01293386491102916,rare,1.293386491102916,,peak_abundance_with_occupancy_days_modifiers,0.1829
gousun1,CN,0.030665062536623808,0.0311400785995056,0.0311400785995056,resident,0.2187393861742721,0.6869876014750833,0.6782493873214618,365.0,21.87393861742721,0.012788324362822257,rare,1.2788324362822256,,peak_abundance_with_occupancy_days_modifiers,0.2187393861742721
shtsan,CN,0.030529205034822874,0.013933333333333334,0.031,postbreeding_migration,0.0612,0.0,0.0,0.0,6.12,0.01273166738395329,very_rare,1.273166738395329,very_rare,peak_abundance_with_occupancy_days_modifiers,0.0612
cursan,CN,0.029947076367952116,0.016666666666666666,0.0304,postbreeding_migration,0.2154,0.2343,0.2123,105.0,21.54,0.012488900873891595,rare,1.2488900873891595,,peak_abundance_with_occupancy_days_modifiers,0.2154
grytre1,CN,0.029752958149347798,0.0302,0.0302,resident,0.0641,0.4939,0.5194,365.0,6.41,0.01240794728896803,rare,1.240794728896803,,peak_abundance_with_occupancy_days_modifiers,0.0641
houswi1,CN,0.029752958149347798,0.0302,0.0302,resident,0.1084,0.4244,0.5372,365.0,10.84,0.01240794728896803,rare,1.240794728896803,,peak_abundance_with_occupancy_days_modifiers,0.1084
lotmin1,CN,0.02946171014961901,0.018949999999999998,0.0299,postbreeding_migration,0.2409,0.3848,0.2893,98.0,24.09,0.01228648743914362,rare,1.2286487439143619,,peak_abundance_with_occupancy_days_modifiers,0.2409
himcuc1,CN,0.029429022545860013,0.0298663355870961,0.0298663355870961,breeding,0.1651430444913851,0.7240719274175308,0.778696693896717,77.0,16.51430444913851,0.012272855649578045,rare,1.2272855649578045,,peak_abundance_with_occupancy_days_modifiers,0.1651430444913851
plapri1,CN,0.029267497680568088,0.0297,0.0297,resident,0.0758,0.1834,0.1068,365.0,7.580000000000001,0.012205494548730916,rare,1.2205494548730915,,peak_abundance_with_occupancy_days_modifiers,0.0758
comcha,CN,0.029170377299779858,0.013500000000000002,0.0296,postbreeding_migration,0.0422,0.0254,0.006,77.0,4.22,0.01216499220407477,rare,1.216499220407477,rare,peak_abundance_with_occupancy_days_modifiers,0.0422
blfred1,CN,0.029170377299779858,0.021500000000000002,0.0296,prebreeding_migration,0.2067,0.8512,0.9357,126.0,20.669999999999998,0.01216499220407477,rare,1.216499220407477,,peak_abundance_with_occupancy_days_modifiers,0.2067
gycmin1,CN,0.028976108236517098,0.0294,0.0294,resident,0.05,0.6123,0.7879,365.0,5.0,0.012083975712042562,rare,1.2083975712042563,,peak_abundance_with_occupancy_days_modifiers,0.05
goleag,CN,0.027225986253591457,0.019875,0.0276,postbreeding_migration,0.3994,0.2499,0.2706,119.0,39.94,0.01135411815621893,rare,1.135411815621893,,peak_abundance_with_occupancy_days_modifiers,0.3994
wiltit1,CN,0.027225986253591457,0.0276,0.0276,resident,0.0922,0.1169,0.0657,365.0,9.22,0.01135411815621893,rare,1.135411815621893,,peak_abundance_with_occupancy_days_modifiers,0.0922
lammer1,CN,0.026252371144065742,0.0266,0.0266,resident,0.1598,0.4873,0.5107,365.0,15.98,0.010948089118766595,rare,1.0948089118766595,,peak_abundance_with_occupancy_days_modifiers,0.1598
siemes1,CN,0.02625162547804275,0.0265992344995462,0.0265992344995462,resident,0.0519299757949794,0.2205971709583003,0.1514161656137784,365.0,5.1929975794979395,0.010947778151881868,rare,1.0947778151881868,,peak_abundance_with_occupancy_days_modifiers,0.0519299757949794
gyhcaf1,CN,0.025960101669531634,0.019025,0.0263,postbreeding_migration,0.1698,0.4537,0.4543,140.0,16.98,0.010826203280861342,rare,1.0826203280861342,,peak_abundance_with_occupancy_days_modifiers,0.1698
rebmer,CN,0.025472795973031023,0.007925,0.0258,nonbreeding,0.0029,0.0644,0.185,42.0,0.29,0.010622981020895057,very_rare,1.0622981020895057,very_rare,peak_abundance_with_occupancy_days_modifiers,0.0029
fibflo1,CN,0.02502743190179883,0.025343247253911,0.025343247253911,resident,0.1795005764506639,0.5000950351696578,0.4116874144486313,365.0,17.95005764506639,0.010437249777214644,rare,1.0437249777214643,,peak_abundance_with_occupancy_days_modifiers,0.1795005764506639
grswoo,CN,0.024497471600387438,0.0248,0.0248,resident,0.2192,,,,21.92,0.010216239165357105,rare,1.0216239165357104,,peak_abundance_with_occupancy_days_modifiers,0.2192
ashmin1,CN,0.024302292522964862,0.01025,0.0246,postbreeding_migration,0.0884,0.299,0.3057,63.0,8.84,0.010134843167943598,rare,1.0134843167943597,,peak_abundance_with_occupancy_days_modifiers,0.0884
amupaf1,CN,0.02257321481253204,0.0151087119553584,0.0228299177237979,breeding,0.1936674547808004,1.0,1.0,77.0,19.36674547808004,0.009413761755403427,rare,0.9413761755403427,,peak_abundance_with_occupancy_days_modifiers,0.1936674547808004
forwag1,CN,0.022518327237054048,0.014120351280318,0.0227737786101717,breeding,0.1570131589874987,0.9733134854590524,0.9836942830978198,49.0,15.70131589874987,0.00939087185854235,rare,0.939087185854235,,peak_abundance_with_occupancy_days_modifiers,0.1570131589874987
lotsti,CN,0.02185933435289352,0.009633333333333334,0.0221,postbreeding_migration,0.1568,0.0058,0.0124,0.0,15.68,0.009116050480129367,very_rare,0.9116050480129367,very_rare,peak_abundance_with_occupancy_days_modifiers,0.1568
easmah1,CN,0.021370025736192483,0.012525,0.0216,postbreeding_migration,0.2359,0.5963,0.5415,112.0,23.59,0.008911992937562067,rare,0.8911992937562067,,peak_abundance_with_occupancy_days_modifiers,0.2359
scamin1,CN,0.02097840638519171,0.0212,0.0212,resident,0.0423,0.1987,0.2366,365.0,4.2299999999999995,0.00874867498308622,rare,0.874867498308622,rare,peak_abundance_with_occupancy_days_modifiers,0.0423
yebpri1,CN,0.02097840638519171,0.0212,0.0212,resident,0.0643,,,,6.43,0.00874867498308622,rare,0.874867498308622,,peak_abundance_with_occupancy_days_modifiers,0.0643
gyfbuz1,CN,0.020782539182528505,0.009575,0.021,postbreeding_migration,0.0778,0.5828,0.3645,63.0,7.779999999999999,0.008666992015157925,rare,0.8666992015157925,,peak_abundance_with_occupancy_days_modifiers,0.0778
tersan,CN,0.02058663360838838,0.009366666666666667,0.0208,postbreeding_migration,0.1882,0.0386,0.0068,7.0,18.82,0.008585293045080938,very_rare,0.8585293045080938,very_rare,peak_abundance_with_occupancy_days_modifiers,0.1882
gyfwoo1,CN,0.020292703267762432,0.0205,0.0205,resident,0.2664,,,,26.640000000000004,0.00846271457221757,rare,0.846271457221757,,peak_abundance_with_occupancy_days_modifiers,0.2664
ferduc,CN,0.020292703267762432,0.0205,0.0205,nonbreeding,0.0405,0.2466,0.1426,14.0,4.05,0.00846271457221757,rare,0.846271457221757,rare,peak_abundance_with_occupancy_days_modifiers,0.0405
coatit2,CN,0.019998686506689126,0.0202,0.0202,resident,0.0767,,,,7.670000000000001,0.008340100059228372,rare,0.8340100059228371,,peak_abundance_with_occupancy_days_modifiers,0.0767
purher1,CN,0.019802627296179712,0.0079,0.02,breeding,0.0725,0.0787,0.1038,112.0,7.249999999999999,0.008258337017808889,rare,0.8258337017808889,,peak_abundance_with_occupancy_days_modifiers,0.0725
norgos,CN,0.019410393519823325,0.0092,0.0196,postbreeding_migration,0.5895,,,,58.95,0.00809476282805764,rare,0.809476282805764,,peak_abundance_with_occupancy_days_modifiers,0.5895
oripra,CN,0.019312311032372815,0.011433333333333332,0.0195,postbreeding_migration,0.0377,0.3216,0.105,70.0,3.7699999999999996,0.00805385925375932,rare,0.8053859253759321,rare,peak_abundance_with_occupancy_days_modifiers,0.0377
trepip,CN,0.018919884852510872,0.008425,0.0191,postbreeding_migration,0.24,0.0,0.0,0.0,24.0,0.00789020482551394,very_rare,0.789020482551394,very_rare,peak_abundance_with_occupancy_days_modifiers,0.24
palthr1,CN,0.01882175424058776,0.009675,0.019,prebreeding_migration,0.0993,0.4022,0.2966,126.0,9.93,0.007849281181751724,rare,0.7849281181751724,,peak_abundance_with_occupancy_days_modifiers,0.0993
faecur,CN,0.018723613998102594,0.010275,0.0189,postbreeding_migration,0.0188,0.2847,0.4121,147.0,1.8800000000000001,0.007808353521733183,rare,0.7808353521733183,rare,peak_abundance_with_occupancy_days_modifiers,0.0188
eaywag1,CN,0.018723613998102594,0.016666666666666666,0.0189,postbreeding_migration,0.0812,0.0218,0.0096,77.0,8.12,0.007808353521733183,rare,0.7808353521733183,,peak_abundance_with_occupancy_days_modifiers,0.0812
eurrol1,CN,0.018330956684723457,0.0134,0.0185,breeding,0.1017,0.0774,0.0632,84.0,10.17,0.007644602703324481,rare,0.764460270332448,,peak_abundance_with_occupancy_days_modifiers,0.1017
spofly1,CN,0.017741681476157102,0.012033333333333333,0.0179,prebreeding_migration,0.1031,0.0233,0.0333,77.0,10.31,0.0073988558538890595,rare,0.7398855853889059,,peak_abundance_with_occupancy_days_modifiers,0.1031
mewgul,CN,0.01715205881756557,0.006725,0.0173,postbreeding_migration,0.0319,0.029,0.0186,77.0,3.19,0.007152964106538737,rare,0.7152964106538737,rare,peak_abundance_with_occupancy_days_modifiers,0.0319
whtnee,CN,0.017053754565827518,0.0134,0.0172,postbreeding_migration,0.1053,0.5215,0.4182,56.0,10.530000000000001,0.007111968049349252,rare,0.7111968049349252,,peak_abundance_with_occupancy_days_modifiers,0.1053
casgul2,CN,0.017053754565827518,0.007833333333333333,0.0172,postbreeding_migration,0.0249,0.0455,0.0318,105.0,2.4899999999999998,0.007111968049349252,rare,0.7111968049349252,rare,peak_abundance_with_occupancy_days_modifiers,0.0249
whbwat1,CN,0.017053754565827518,0.0118,0.0172,breeding,0.091,0.1623,0.0619,182.0,9.1,0.007111968049349252,rare,0.7111968049349252,,peak_abundance_with_occupancy_days_modifiers,0.091
blwlea1,CN,0.01676885205354812,0.0169102384433671,0.0169102384433671,resident,0.0834857469753443,0.0332289034477451,0.0271736769331186,365.0,8.348574697534431,0.006993154473330527,rare,0.6993154473330527,,peak_abundance_with_occupancy_days_modifiers,0.0834857469753443
oricuc2,CN,0.016758783814954704,0.01,0.0169,prebreeding_migration,0.2122,0.1016,0.0752,14.0,21.22,0.0069889556917124805,rare,0.6988955691712481,rare,peak_abundance_with_occupancy_days_modifiers,0.2122
bltsun1,CN,0.01672069713610672,0.0168612703938252,0.0168612703938252,resident,0.0730915080179169,0.1870538130953034,0.172539811408241,365.0,7.309150801791691,0.0069730723129511,rare,0.6973072312951101,,peak_abundance_with_occupancy_days_modifiers,0.0730915080179169
winwre4,CN,0.01666044089310724,0.008950000000000001,0.0168,nonbreeding,0.1611,,,,16.11,0.006947943507834789,rare,0.6947943507834788,,peak_abundance_with_occupancy_days_modifiers,0.1611
bkcsta1,CN,0.016562088298978293,0.0167,0.0167,resident,0.0425,0.549,0.4813,365.0,4.25,0.006906927290302419,rare,0.6906927290302418,rare,peak_abundance_with_occupancy_days_modifiers,0.0425
grybus1,CN,0.01626697246387197,0.014750000000000001,0.0164,nonbreeding,0.1395,0.6794,0.5628,126.0,13.950000000000001,0.006783854427840878,rare,0.6783854427840877,,peak_abundance_with_occupancy_days_modifiers,0.1395
blueth,CN,0.016168581161583706,0.005699999999999999,0.0163,postbreeding_migration,0.416,,,,41.6,0.006742822067752263,rare,0.6742822067752263,,peak_abundance_with_occupancy_days_modifiers,0.416
placuc1,CN,0.015900321975716548,0.0084333740357234,0.0160274047541273,breeding,0.0954750363000635,0.0899865722088883,0.0552385774761991,112.0,9.54750363000635,0.006630949297948584,rare,0.6630949297948584,,peak_abundance_with_occupancy_days_modifiers,0.0954750363000635
pitsni,CN,0.015587098627323485,0.00527891568355774,0.015709211083796,postbreeding_migration,0.1269990527510819,0.2750597083321166,0.1628865193686263,21.0,12.69990527510819,0.006500325015918288,rare,0.6500325015918288,rare,peak_abundance_with_occupancy_days_modifiers,0.1269990527510819
reebun,CN,0.015381102038302324,0.006874999999999999,0.0155,postbreeding_migration,0.1911,0.1309,0.0381,70.0,19.11,0.006414417765773596,rare,0.6414417765773596,,peak_abundance_with_occupancy_days_modifiers,0.1911
comred2,CN,0.015282623531156904,0.0064,0.0154,prebreeding_migration,0.2332,0.0664,0.0414,49.0,23.32,0.0063733490384348555,rare,0.6373349038434856,,peak_abundance_with_occupancy_days_modifiers,0.2332
grebar1,CN,0.015184135325039965,0.0153,0.0153,resident,0.077,0.5117,0.29,365.0,7.7,0.00633227626631083,rare,0.633227626631083,,peak_abundance_with_occupancy_days_modifiers,0.077
japspa1,CN,0.015042849958169562,0.004736608707275418,0.0151565631000226,postbreeding_migration,0.0787609022035954,0.3611804426073662,0.4049374811557389,98.0,7.87609022035954,0.006273355691891558,rare,0.6273355691891558,,peak_abundance_with_occupancy_days_modifiers,0.0787609022035954
grfhaw1,CN,0.014987129808248345,0.008733333333333334,0.0151,prebreeding_migration,0.2369,0.8649,0.8508,63.0,23.69,0.0062501185845193685,rare,0.6250118584519369,,peak_abundance_with_occupancy_days_modifiers,0.2369
whwsco1,CN,0.014362130232251835,0.006726317429648504,0.0144657611505577,prebreeding_migration,0.0032054697088571,0.1212865746508262,0.1525898612070082,21.0,0.32054697088571,0.005989473516702425,very_rare,0.5989473516702425,rare,peak_abundance_with_occupancy_days_modifiers,0.0032054697088571
ybbwar1,CN,0.014343710599442266,0.0144470752358338,0.0144470752358338,resident,0.2019287040173799,0.9851248907295682,0.9442368800866492,365.0,20.192870401737988,0.005981791933182752,rare,0.5981791933182752,,peak_abundance_with_occupancy_days_modifiers,0.2019287040173799
dantai1,CN,0.014049581034599455,0.0141487402357613,0.0141487402357613,resident,0.0346325665900011,0.0151621936449261,0.0107315760619125,365.0,3.46325665900011,0.00585913037736779,rare,0.585913037736779,rare,peak_abundance_with_occupancy_days_modifiers,0.0346325665900011
bearee1,CN,0.014001519635813609,0.0141,0.0141,resident,0.033,0.3732,0.4327,365.0,3.3000000000000003,0.005839087217296892,rare,0.5839087217296892,rare,peak_abundance_with_occupancy_days_modifiers,0.033
eurjac,CN,0.013804280976397056,0.0139,0.0139,breeding,0.0218,0.0258,0.0215,77.0,2.18,0.005756832307479104,rare,0.5756832307479104,rare,peak_abundance_with_occupancy_days_modifiers,0.0218
indwhe1,CN,0.013705647056111932,0.0138,0.0138,resident,0.0245,0.1263,0.1284,365.0,2.45,0.0057156987678270545,rare,0.5715698767827054,rare,peak_abundance_with_occupancy_days_modifiers,0.0245
norshr1,CN,0.013508350024792243,0.0136,0.0136,breeding,0.1445,,,,14.45,0.0056334195150349094,rare,0.563341951503491,,peak_abundance_with_occupancy_days_modifiers,0.1445
lblwar1,CN,0.013311014059672338,0.009466666666666667,0.0134,breeding,0.0581,0.8382,0.9387,63.0,5.81,0.005551124025586953,rare,0.5551124025586953,,peak_abundance_with_occupancy_days_modifiers,0.0581
zitcis1,CN,0.013212331472134811,0.0133,0.0133,resident,0.0667,0.0674,0.0632,365.0,6.67,0.005509970190114249,rare,0.550997019011425,,peak_abundance_with_occupancy_days_modifiers,0.0667
yebbun,CN,0.012718772407774689,0.0085,0.0128,prebreeding_migration,0.1874,0.0067,0.0013,0.0,18.740000000000002,0.0053041400731949654,very_rare,0.5304140073194965,very_rare,peak_abundance_with_occupancy_days_modifiers,0.1874
verfly4,CN,0.012620031356102263,0.0092,0.0127,breeding,0.1059,0.4646,0.427,126.0,10.59,0.0052629618562842735,rare,0.5262961856284274,,peak_abundance_with_occupancy_days_modifiers,0.1059
tawpip1,CN,0.012620031356102263,0.008133333333333333,0.0127,breeding,0.129,0.153,0.1194,42.0,12.9,0.0052629618562842735,rare,0.5262961856284274,,peak_abundance_with_occupancy_days_modifiers,0.129
rocbun1,CN,0.012422519998557154,0.01025,0.0125,breeding,0.0448,,,,4.4799999999999995,0.005180593222513795,rare,0.5180593222513795,rare,peak_abundance_with_occupancy_days_modifiers,0.0448
eubeat1,CN,0.01222496962256897,0.008033333333333333,0.0123,prebreeding_migration,0.0336,0.0437,0.0122,49.0,3.36,0.005098208316788695,rare,0.5098208316788695,rare,peak_abundance_with_occupancy_days_modifiers,0.0336
bkwcus1,CN,0.012126438782444156,0.009686432103163625,0.0122002621442497,breeding,0.2266127917327854,0.5885089174349493,0.5585752892874176,119.0,22.66127917327854,0.005057117764902383,rare,0.5057117764902382,,peak_abundance_with_occupancy_days_modifiers,0.2266127917327854
asistu1,CN,0.011730922875698666,0.0057,0.0118,prebreeding_migration,0.0918,0.4748,0.7871,133.0,9.180000000000001,0.004892174820466024,rare,0.4892174820466024,,peak_abundance_with_occupancy_days_modifiers,0.0918
rtrthr1,CN,0.011434377625663104,0.007,0.0115,breeding,0.0917,0.2706,0.2387,21.0,9.17,0.004768505845678206,rare,0.47685058456782065,rare,peak_abundance_with_occupancy_days_modifiers,0.0917
blbsan1,CN,0.011236631925987681,0.0113,0.0113,prebreeding_migration,0.0189,0.0416,0.0701,21.0,1.8900000000000001,0.0046860394836487134,rare,0.46860394836487135,rare,peak_abundance_with_occupancy_days_modifiers,0.0189
litowl1,CN,0.011236631925987681,0.0113,0.0113,resident,0.2515,0.264,0.1432,365.0,25.15,0.0046860394836487134,rare,0.46860394836487135,,peak_abundance_with_occupancy_days_modifiers,0.2515
grecou1,CN,0.011137744410455924,0.0112,0.0112,resident,0.0509,0.0779,0.0318,365.0,5.09,0.004644800186564507,rare,0.4644800186564507,,peak_abundance_with_occupancy_days_modifiers,0.0509
whtdip1,CN,0.010939940038334364,0.00925,0.011,nonbreeding,0.1971,0.4106,0.3921,126.0,19.71,0.004562309356224399,rare,0.4562309356224399,,peak_abundance_with_occupancy_days_modifiers,0.1971
gycwoo1,CN,0.010939940038334364,0.011,0.011,resident,0.1223,,,,12.23,0.004562309356224399,rare,0.4562309356224399,,peak_abundance_with_occupancy_days_modifiers,0.1223
dollar1,CN,0.010841023177874857,0.005666666666666667,0.0109,breeding,0.165,0.3859,0.208,42.0,16.5,0.004521057821354797,rare,0.4521057821354797,,peak_abundance_with_occupancy_days_modifiers,0.165
phtjac1,CN,0.010544213875671154,0.0044,0.0106,breeding,0.0438,0.22,0.1334,98.0,4.38,0.004397278728259838,rare,0.4397278728259838,rare,peak_abundance_with_occupancy_days_modifiers,0.0438
goldcr1,CN,0.010445257861538649,0.00555,0.0105,nonbreeding,0.0887,,,,8.870000000000001,0.004356010865040352,rare,0.43560108650403523,,peak_abundance_with_occupancy_days_modifiers,0.0887
ruff,CN,0.010445257861538649,0.0075,0.0105,postbreeding_migration,0.0468,0.0202,0.0077,105.0,4.68,0.004356010865040352,rare,0.43560108650403523,rare,peak_abundance_with_occupancy_days_modifiers,0.0468
blagro1,CN,0.01014833105181515,0.0102,0.0102,resident,0.0182,0.0636,0.1015,365.0,1.82,0.004232182767503403,rare,0.4232182767503403,rare,peak_abundance_with_occupancy_days_modifiers,0.0182
mugfly,CN,0.010040518246569687,0.006329025163315467,0.0100910933750109,postbreeding_migration,0.0861030465293648,0.6099004862463089,0.8859150515106716,112.0,8.610304652936481,0.004187221335505739,rare,0.4187221335505739,,peak_abundance_with_occupancy_days_modifiers,0.0861030465293648
eurbul,CN,0.009851316050374183,0.0038000000000000004,0.0099,prebreeding_migration,0.0435,,,,4.35,0.0041083178911636145,very_rare,0.4108317891163614,rare,peak_abundance_with_occupancy_days_modifiers,0.0435
cregos1,CN,0.009554212804811658,0.0096,0.0096,resident,0.1379,0.4844,0.5684,365.0,13.79,0.0039844162141667834,very_rare,0.3984416214166783,,peak_abundance_with_occupancy_days_modifiers,0.1379
horgre,CN,0.009455158770755135,0.0052,0.0095,prebreeding_migration,0.1012,,,,10.12,0.003943107473463978,very_rare,0.39431074734639776,,peak_abundance_with_occupancy_days_modifiers,0.1012
caster1,CN,0.009455158770755135,0.007350000000000001,0.0095,prebreeding_migration,0.0073,0.0855,0.1392,126.0,0.73,0.003943107473463978,very_rare,0.39431074734639776,very_rare,peak_abundance_with_occupancy_days_modifiers,0.0073
snbfly1,CN,0.009306425334445234,0.004579981747629459,0.0093498647613869,breeding,0.1706768792147102,0.7235488101860907,0.4789277592250993,91.0,17.06768792147102,0.0038810808128349264,very_rare,0.3881080812834926,,peak_abundance_with_occupancy_days_modifiers,0.1706768792147102
alpacc1,CN,0.009257021262676763,0.00545,0.0093,breeding,0.128,0.4866,0.4364,91.0,12.8,0.003860477714639222,very_rare,0.3860477714639222,,peak_abundance_with_occupancy_days_modifiers,0.128
piehar1,CN,0.008982761918518684,0.0037522484312356905,0.0090232279993298,postbreeding_migration,0.1071025005076415,0.9375491531261624,0.8967040014230038,63.0,10.71025005076415,0.003746102684474524,very_rare,0.3746102684474524,,peak_abundance_with_occupancy_days_modifiers,0.1071025005076415
loeowl,CN,0.008860628432196557,0.00335,0.0089,nonbreeding,0.0909,0.0928,0.0831,42.0,9.09,0.003695169064600562,very_rare,0.3695169064600562,,peak_abundance_with_occupancy_days_modifiers,0.0909
perfal,CN,0.008662373078652657,0.00685,0.0087,postbreeding_migration,0.5124,,,,51.239999999999995,0.003612490160399499,very_rare,0.3612490160399499,,peak_abundance_with_occupancy_days_modifiers,0.5124
ortbun1,CN,0.008662373078652657,0.0061,0.0087,prebreeding_migration,0.0642,0.0893,0.0759,56.0,6.419999999999999,0.003612490160399499,very_rare,0.3612490160399499,,peak_abundance_with_occupancy_days_modifiers,0.0642
pygwoo1,CN,0.008563230660487873,0.0086,0.0086,resident,0.0314,0.2624,0.1689,365.0,3.1399999999999997,0.003571144560660661,very_rare,0.3571144560660661,rare,peak_abundance_with_occupancy_days_modifiers,0.0314
grebit1,CN,0.008364916331627708,0.0041,0.0084,breeding,0.0803,0.1838,0.2187,35.0,8.03,0.003488441061842421,very_rare,0.3488441061842421,,peak_abundance_with_occupancy_days_modifiers,0.0803
blcbul2,CN,0.008364916331627708,0.0084,0.0084,resident,0.0138,0.0904,0.0525,365.0,1.38,0.003488441061842421,very_rare,0.3488441061842421,rare,peak_abundance_with_occupancy_days_modifiers,0.0138
sander,CN,0.008265744417032617,0.005566666666666667,0.0083,prebreeding_migration,0.0048,0.0401,0.0119,35.0,0.48,0.0034470831611367143,very_rare,0.3447083161136714,very_rare,peak_abundance_with_occupancy_days_modifiers,0.0048
grewhi1,CN,0.008166562666393417,0.0068,0.0082,postbreeding_migration,0.0593,0.0393,0.0336,84.0,5.93,0.003405721158482009,very_rare,0.3405721158482009,,peak_abundance_with_occupancy_days_modifiers,0.0593
whbyuh1,CN,0.008067371077758796,0.0081,0.0081,resident,0.0327,0.2535,0.2599,365.0,3.27,0.0033643550530645483,very_rare,0.33643550530645483,rare,peak_abundance_with_occupancy_days_modifiers,0.0327
brodip1,CN,0.007769737264360664,0.0078,0.0078,resident,0.0564,,,,5.64,0.0032402321120944214,very_rare,0.32402321120944216,,peak_abundance_with_occupancy_days_modifiers,0.0564
eurlin1,CN,0.007472014838700995,0.0075,0.0075,breeding,0.0366,0.0404,0.0167,77.0,3.66,0.0031160722169409553,very_rare,0.31160722169409555,rare,peak_abundance_with_occupancy_days_modifiers,0.0366
japcor1,CN,0.007420083055885979,0.00562211757236075,0.0074476800873588,nonbreeding,0.0179698987632528,0.0680909929296034,0.0258967496766544,42.0,1.7969898763252798,0.003094414981362682,very_rare,0.3094414981362682,rare,peak_abundance_with_occupancy_days_modifiers,0.0179698987632528
eurgol,CN,0.007372754329413085,0.0051,0.0074,breeding,0.0302,0.0227,0.0099,91.0,3.02,0.003074677369378634,very_rare,0.3074677369378634,rare,peak_abundance_with_occupancy_days_modifiers,0.0302
saugul2,CN,0.007372754329413085,0.006533333333333333,0.0074,nonbreeding,0.0032,0.7968,0.839,98.0,0.32,0.003074677369378634,very_rare,0.3074677369378634,very_rare,peak_abundance_with_occupancy_days_modifiers,0.0032
commyn,CN,0.00707491367196188,0.0071,0.0071,resident,0.0073,0.0123,0.0044,365.0,0.73,0.002950468167738402,very_rare,0.2950468167738402,very_rare,peak_abundance_with_occupancy_days_modifiers,0.0073
padwar1,CN,0.006876303939432157,0.00465,0.0069,postbreeding_migration,0.035,0.001,0.0003,0.0,3.5000000000000004,0.0028676414760213194,very_rare,0.2867641476021319,very_rare,peak_abundance_with_occupancy_days_modifiers,0.035
recdov1,CN,0.006876303939432157,0.003475,0.0069,breeding,0.0245,,,,2.45,0.0028676414760213194,very_rare,0.2867641476021319,rare,peak_abundance_with_occupancy_days_modifiers,0.0245
comqua1,CN,0.006776984279023751,0.0023666666666666667,0.0068,breeding,0.0926,0.1004,0.0612,49.0,9.26,0.0028262219605257625,very_rare,0.28262219605257627,,peak_abundance_with_occupancy_days_modifiers,0.0926
norboo1,CN,0.006738877898335365,0.0036813634170953986,0.0067616352268989,breeding,0.0687138857160279,0.393848717573758,0.2711203682146865,49.0,6.8713885716027905,0.0028103303654587867,very_rare,0.2810330365458787,,peak_abundance_with_occupancy_days_modifiers,0.0687138857160279
gretit1,CN,0.006677654753240569,0.0067,0.0067,resident,0.0185,,,,1.8499999999999999,0.00278479833084937,very_rare,0.27847983308493696,rare,peak_abundance_with_occupancy_days_modifiers,0.0185
whssta2,CN,0.006478966097709122,0.004333333333333333,0.0065,postbreeding_migration,0.0032,0.236,0.5584,77.0,0.32,0.002701938725684232,very_rare,0.2701938725684232,very_rare,peak_abundance_with_occupancy_days_modifiers,0.0032
revbul,CN,0.006478966097709122,0.0065,0.0065,resident,0.0075,0.0166,0.005,365.0,0.75,0.002701938725684232,very_rare,0.2701938725684232,very_rare,peak_abundance_with_occupancy_days_modifiers,0.0075
crseag1,CN,0.006478966097709122,0.0065,0.0065,resident,0.0671,0.1668,0.1,365.0,6.710000000000001,0.002701938725684232,very_rare,0.2701938725684232,,peak_abundance_with_occupancy_days_modifiers,0.0671
colowl1,CN,0.006379606964039027,0.0064,0.0064,resident,0.0782,0.5307,0.5026,365.0,7.82,0.002660502748559955,very_rare,0.26605027485599547,,peak_abundance_with_occupancy_days_modifiers,0.0782
brbsan,CN,0.006180859075081115,0.0031,0.0062,prebreeding_migration,0.004,0.0221,0.013,0.0,0.4,0.0025776184411373257,very_rare,0.2577618441137326,very_rare,peak_abundance_with_occupancy_days_modifiers,0.004
whiyuh1,CN,0.006180859075081115,0.0062,0.0062,resident,0.0082,0.226,0.2223,365.0,0.8200000000000001,0.0025776184411373257,very_rare,0.2577618441137326,very_rare,peak_abundance_with_occupancy_days_modifiers,0.0082
blrwar1,CN,0.005982071677547464,0.0032999999999999995,0.006,prebreeding_migration,0.0943,0.0644,0.0292,70.0,9.43,0.002494717657358874,very_rare,0.2494717657358874,,peak_abundance_with_occupancy_days_modifiers,0.0943
salwar1,CN,0.0057553917122915715,0.00545069970398525,0.0057719857990545,postbreeding_migration,0.0716553218922961,0.1671084899510371,0.1254902220885193,56.0,7.16553218922961,0.002400184769360275,very_rare,0.2400184769360275,,peak_abundance_with_occupancy_days_modifiers,0.0716553218922961
booeag1,CN,0.005683816468297671,0.003425,0.0057,breeding,0.1825,0.1629,0.1096,119.0,18.25,0.002370335574190707,very_rare,0.2370335574190707,,peak_abundance_with_occupancy_days_modifiers,0.1825
barwar1,CN,0.005584378293900615,0.0040999999999999995,0.0056,breeding,0.0702,0.1312,0.2527,28.0,7.02,0.0023288666345230463,very_rare,0.23288666345230463,rare,peak_abundance_with_occupancy_days_modifiers,0.0702
whbwoo1,CN,0.005584378293900615,0.0056,0.0056,resident,0.0926,,,,9.26,0.0023288666345230463,very_rare,0.23288666345230463,,peak_abundance_with_occupancy_days_modifiers,0.0926
bltbar2,CN,0.005484930230569685,0.0055,0.0055,resident,0.0131,0.0973,0.0932,365.0,1.31,0.0022873935708496436,very_rare,0.22873935708496435,rare,peak_abundance_with_occupancy_days_modifiers,0.0131
comnig1,CN,0.005385472276337817,0.0043,0.0054,breeding,0.028,0.0461,0.0325,35.0,2.8000000000000003,0.0022459163823501686,very_rare,0.22459163823501685,rare,peak_abundance_with_occupancy_days_modifiers,0.028
vartit1,CN,0.005087039048557106,0.0051,0.0051,resident,0.0111,0.1693,0.0884,365.0,1.11,0.002121460059688336,very_rare,0.21214600596883357,rare,peak_abundance_with_occupancy_days_modifiers,0.0111
rudtur,CN,0.004987541511039074,0.002075,0.005,prebreeding_migration,0.006,0.0158,0.0097,7.0,0.6,0.0020799663636762796,very_rare,0.20799663636762797,very_rare,peak_abundance_with_occupancy_days_modifiers,0.006
misthr1,CN,0.004788516731797177,0.003025,0.0048,breeding,0.035,0.0528,0.0376,70.0,3.5000000000000004,0.001996966584036358,very_rare,0.19969665840363582,rare,peak_abundance_with_occupancy_days_modifiers,0.035
sheowl,CN,0.004788516731797177,0.0020499999999999997,0.0048,nonbreeding,0.0792,,,,7.920000000000001,0.001996966584036358,very_rare,0.19969665840363582,,peak_abundance_with_occupancy_days_modifiers,0.0792
btbeat1,CN,0.004788516731797177,0.0023,0.0048,breeding,0.0058,0.0192,0.0289,70.0,0.58,0.001996966584036358,very_rare,0.19969665840363582,very_rare,peak_abundance_with_occupancy_days_modifiers,0.0058
whbful1,CN,0.004788516731797177,0.0048,0.0048,resident,0.0098,0.6455,0.594,365.0,0.98,0.001996966584036358,very_rare,0.19969665840363582,very_rare,peak_abundance_with_occupancy_days_modifiers,0.0098
blnmon1,CN,0.004688989486131542,0.0047,0.0047,resident,0.0485,0.101,0.0635,365.0,4.8500000000000005,0.0019554604987645544,very_rare,0.19554604987645544,rare,peak_abundance_with_occupancy_days_modifiers,0.0485
gysfly1,CN,0.004688989486131542,0.0017000000000000001,0.0047,prebreeding_migration,0.1225,0.4889,0.3261,70.0,12.25,0.0019554604987645544,very_rare,0.19554604987645544,,peak_abundance_with_occupancy_days_modifiers,0.1225
litbit1,CN,0.0045894523338072864,0.0024666666666666665,0.0046,breeding,0.0413,0.05,0.0621,42.0,4.130000000000001,0.0019139502820952148,very_rare,0.19139502820952148,rare,peak_abundance_with_occupancy_days_modifiers,0.0413
blckin1,CN,0.0045894523338072864,0.0017000000000000001,0.0046,breeding,0.1374,0.9067,0.9169,56.0,13.74,0.0019139502820952148,very_rare,0.19139502820952148,,peak_abundance_with_occupancy_days_modifiers,0.1374
chhtes1,CN,0.004529233714126254,0.0045395061961134,0.0045395061961134,resident,0.1218052826698112,0.4996396124080613,0.3336936822067376,365.0,12.180528266981119,0.001888837167121359,very_rare,0.1888837167121359,,peak_abundance_with_occupancy_days_modifiers,0.1218052826698112
wemhar1,CN,0.004489905272852052,0.0013,0.0045,postbreeding_migration,0.0274,0.0158,0.0131,91.0,2.74,0.0018724359332058032,very_rare,0.18724359332058033,rare,peak_abundance_with_occupancy_days_modifiers,0.0274
hazgro1,CN,0.004290781417156275,0.0043,0.0043,resident,0.0634,0.1452,0.1088,365.0,6.34,0.0017893948354753858,very_rare,0.17893948354753858,,peak_abundance_with_occupancy_days_modifiers,0.0634
legshr2,CN,0.004290781417156275,0.0030333333333333336,0.0043,breeding,0.0722,0.086,0.0266,49.0,7.22,0.0017893948354753858,very_rare,0.17893948354753858,,peak_abundance_with_occupancy_days_modifiers,0.0722
cosowl1,CN,0.004290781417156275,0.0043,0.0043,resident,0.0495,0.3215,0.3166,365.0,4.95,0.0017893948354753858,very_rare,0.17893948354753858,rare,peak_abundance_with_occupancy_days_modifiers,0.0495
eurwry,CN,0.004290781417156275,0.002875,0.0043,breeding,0.239,0.1257,0.1345,105.0,23.9,0.0017893948354753858,very_rare,0.17893948354753858,,peak_abundance_with_occupancy_days_modifiers,0.239
eurgre1,CN,0.004191204618468071,0.0031999999999999997,0.0042,breeding,0.0207,0.0165,0.0106,56.0,2.07,0.0017478680849880779,very_rare,0.1747868084988078,rare,peak_abundance_with_occupancy_days_modifiers,0.0207
norgre1,CN,0.004191204618468071,0.00215,0.0042,postbreeding_migration,0.0012,,,,0.12,0.0017478680849880779,very_rare,0.1747868084988078,very_rare,peak_abundance_with_occupancy_days_modifiers,0.0012
alpswi1,CN,0.004191204618468071,0.0020749999999999996,0.0042,breeding,0.0805,0.0901,0.0248,77.0,8.05,0.0017478680849880779,very_rare,0.1747868084988078,,peak_abundance_with_occupancy_days_modifiers,0.0805
burthr,CN,0.004191204618468071,0.0027249999999999996,0.0042,breeding,0.1395,0.3508,0.1656,119.0,13.950000000000001,0.0017478680849880779,very_rare,0.1747868084988078,,peak_abundance_with_occupancy_days_modifiers,0.1395
himrub1,CN,0.004163990444711512,0.0026665948712906906,0.0041726718985712,breeding,0.0146055448020116,0.1352849144385928,0.2126682168189414,63.0,1.4605544802011599,0.0017365188930257896,very_rare,0.17365188930257897,rare,peak_abundance_with_occupancy_days_modifiers,0.0146055448020116
eurbla,CN,0.003992021269537453,0.0013250000000000002,0.004,breeding,0.0371,0.0292,0.0042,98.0,3.71,0.0016648021766516613,very_rare,0.16648021766516613,rare,peak_abundance_with_occupancy_days_modifiers,0.0371
lescou1,CN,0.003992021269537453,0.004,0.004,resident,0.0709,0.3714,0.1675,365.0,7.090000000000001,0.0016648021766516613,very_rare,0.16648021766516613,,peak_abundance_with_occupancy_days_modifiers,0.0709
strpri8,CN,0.0038846339687212835,0.0038921889388536,0.0038921889388536,resident,0.2757860518383188,0.9821733599854624,0.9267216237804105,365.0,27.57860518383188,0.001620018193783731,very_rare,0.1620018193783731,,peak_abundance_with_occupancy_days_modifiers,0.2757860518383188
lbbgul,CN,0.003792798238696237,0.002033333333333333,0.0038,prebreeding_migration,0.0055,0.0266,0.0079,77.0,0.5499999999999999,0.0015817197196731716,very_rare,0.15817197196731717,very_rare,peak_abundance_with_occupancy_days_modifiers,0.0055
asbowl1,CN,0.0035935355101301704,0.0036,0.0036,resident,0.0816,0.3865,0.1555,365.0,8.16,0.0014986207074575537,very_rare,0.14986207074575536,,peak_abundance_with_occupancy_days_modifiers,0.0816
japfly1,CN,0.0035125098381571023,0.0018349987956764605,0.0035186859299159,postbreeding_migration,0.0371347486849405,0.1502291369815535,0.5677766500611968,77.0,3.71347486849405,0.0014648303777078438,very_rare,0.1464830377707844,rare,peak_abundance_with_occupancy_days_modifiers,0.0371347486849405
clrwar1,CN,0.00349388925425578,0.0017000000000000001,0.0035,prebreeding_migration,0.0238,,,,2.3800000000000003,0.0014570649910737887,very_rare,0.14570649910737887,rare,peak_abundance_with_occupancy_days_modifiers,0.0238
blfspo1,CN,0.003394233068015547,0.002025,0.0034,breeding,0.0031,0.6842,0.6447,112.0,0.31,0.0014155051334058092,very_rare,0.1415505133405809,very_rare,peak_abundance_with_occupancy_days_modifiers,0.0031
blnter1,CN,0.003294566949430031,0.002333333333333333,0.0033,breeding,0.0023,,,,0.22999999999999998,0.0013739411336281234,very_rare,0.13739411336281235,very_rare,peak_abundance_with_occupancy_days_modifiers,0.0023
wallcr1,CN,0.003194890896519197,0.0025,0.0032,nonbreeding,0.1346,0.3824,0.3497,70.0,13.459999999999999,0.0013323729909149931,very_rare,0.1332372990914993,,peak_abundance_with_occupancy_days_modifiers,0.1346
bucred1,CN,0.003177001282894255,0.0026984367739772,0.0031820533001417,postbreeding_migration,0.0140394982255501,0.1836521238879142,0.2054475165838924,126.0,1.40394982255501,0.0013249124425632696,very_rare,0.13249124425632697,rare,peak_abundance_with_occupancy_days_modifiers,0.0140394982255501
shikra1,CN,0.002995508979798479,0.0022500000000000003,0.003,prebreeding_migration,0.049,,,,4.9,0.001249224273378119,very_rare,0.12492242733781189,rare,peak_abundance_with_occupancy_days_modifiers,0.049
litfor1,CN,0.002995508979798479,0.003,0.003,resident,0.0387,0.6073,0.7688,365.0,3.8699999999999997,0.001249224273378119,very_rare,0.12492242733781189,rare,peak_abundance_with_occupancy_days_modifiers,0.0387
boowar1,CN,0.002895803112025565,0.0021999999999999997,0.0029,prebreeding_migration,0.0544,0.0716,0.0428,28.0,5.4399999999999995,0.0012076436969017555,very_rare,0.12076436969017555,rare,peak_abundance_with_occupancy_days_modifiers,0.0544
grtsun1,CN,0.002895803112025565,0.0029,0.0029,resident,0.0053,0.2414,0.2628,365.0,0.53,0.0012076436969017555,very_rare,0.12076436969017555,very_rare,peak_abundance_with_occupancy_days_modifiers,0.0053
bkskit1,CN,0.002796087302001274,0.0028,0.0028,resident,0.0418,0.0331,0.0186,365.0,4.18,0.001166058974184524,very_rare,0.1166058974184524,rare,peak_abundance_with_occupancy_days_modifiers,0.0418
piekin1,CN,0.0026963615477426086,0.0027,0.0027,resident,0.0247,0.0539,0.0209,365.0,2.4699999999999998,0.0011244701043994507,very_rare,0.11244701043994507,rare,peak_abundance_with_occupancy_days_modifiers,0.0247
blabit1,CN,0.002596625847265978,0.0010999999999999998,0.0026,breeding,0.0768,0.1729,0.1073,56.0,7.68,0.001082877086719314,very_rare,0.1082877086719314,,peak_abundance_with_occupancy_days_modifiers,0.0768
golpar2,CN,0.002496880198587199,0.0025,0.0025,resident,0.0155,0.9702,0.9549,365.0,1.55,0.0010412799203166443,very_rare,0.10412799203166442,rare,peak_abundance_with_occupancy_days_modifiers,0.0155
brodro1,CN,0.002496880198587199,0.0025,0.0025,resident,0.0093,0.0635,0.0617,365.0,0.9299999999999999,0.0010412799203166443,very_rare,0.10412799203166442,very_rare,peak_abundance_with_occupancy_days_modifiers,0.0093
cinbit1,CN,0.002496880198587199,0.001275,0.0025,breeding,0.0544,0.2069,0.0624,98.0,5.4399999999999995,0.0010412799203166443,very_rare,0.10412799203166442,,peak_abundance_with_occupancy_days_modifiers,0.0544
whtlau1,CN,0.002496880198587199,0.0025,0.0025,resident,0.0074,0.5577,0.2797,365.0,0.74,0.0010412799203166443,very_rare,0.10412799203166442,very_rare,peak_abundance_with_occupancy_days_modifiers,0.0074
leswoo1,CN,0.002496880198587199,0.0025,0.0025,resident,0.064,0.093,0.071,365.0,6.4,0.0010412799203166443,very_rare,0.10412799203166442,,peak_abundance_with_occupancy_days_modifiers,0.064
roster,CN,0.0023971245997214934,0.0012666666666666666,0.0024,postbreeding_migration,0.0027,,,,0.27,0.000999678604363726,very_rare,0.09996786043637261,very_rare,peak_abundance_with_occupancy_days_modifiers,0.0027
narfly2,CN,0.0023070404698573906,0.001186830522018582,0.0023097037354155,prebreeding_migration,0.0351302936878758,0.0880414319599532,0.0136358828019706,42.0,3.51302936878758,0.0009621106042570993,very_rare,0.09621106042570993,rare,peak_abundance_with_occupancy_days_modifiers,0.0351302936878758
blaeag1,CN,0.0022973590486834897,0.0023,0.0023,resident,0.0357,0.2597,0.2426,365.0,3.5700000000000003,0.0009580731380325941,very_rare,0.09580731380325941,rare,peak_abundance_with_occupancy_days_modifiers,0.0357
inbrob1,CN,0.0022973590486834897,0.00155,0.0023,breeding,0.024,0.6231,0.7376,42.0,2.4,0.0009580731380325941,very_rare,0.09580731380325941,rare,peak_abundance_with_occupancy_days_modifiers,0.024
buhshr1,CN,0.0022973590486834897,0.00135,0.0023,nonbreeding,0.0134,0.2391,0.1019,21.0,1.34,0.0009580731380325941,very_rare,0.09580731380325941,rare,peak_abundance_with_occupancy_days_modifiers,0.0134
grrwar1,CN,0.0021975835434872217,0.0018666666666666666,0.0022,breeding,0.0101,0.0205,0.0124,28.0,1.01,0.0009164635204950369,very_rare,0.0916463520495037,rare,peak_abundance_with_occupancy_days_modifiers,0.0101
blkter,CN,0.0021975835434872217,0.0013,0.0022,breeding,0.0184,0.0315,0.0095,28.0,1.8399999999999999,0.0009164635204950369,very_rare,0.0916463520495037,rare,peak_abundance_with_occupancy_days_modifiers,0.0184
besra1,CN,0.0021975835434872217,0.0022,0.0022,resident,0.0937,0.5416,0.6645,365.0,9.370000000000001,0.0009164635204950369,very_rare,0.0916463520495037,,peak_abundance_with_occupancy_days_modifiers,0.0937
plaflo2,CN,0.0021975835434872217,0.0022,0.0022,resident,0.0209,0.214,0.1921,365.0,2.09,0.0009164635204950369,very_rare,0.0916463520495037,rare,peak_abundance_with_occupancy_days_modifiers,0.0209
eurnig1,CN,0.0021975835434872217,0.0017000000000000001,0.0022,postbreeding_migration,0.0614,0.0225,0.0195,14.0,6.140000000000001,0.0009164635204950369,very_rare,0.0916463520495037,rare,peak_abundance_with_occupancy_days_modifiers,0.0614
whtrob2,CN,0.001998002662673056,0.001725,0.002,nonbreeding,0.0554,0.4713,0.4706,98.0,5.54,0.000833231828486557,very_rare,0.0833231828486557,,peak_abundance_with_occupancy_days_modifiers,0.0554
yebfan1,CN,0.0018981972830802527,0.0019,0.0019,resident,0.0123,0.1987,0.2244,365.0,1.23,0.0007916097523579702,very_rare,0.07916097523579702,rare,peak_abundance_with_occupancy_days_modifiers,0.0123
gyttat1,CN,0.0018981972830802527,0.0011666666666666668,0.0019,postbreeding_migration,0.0125,0.0008,0.0,0.0,1.25,0.0007916097523579702,very_rare,0.07916097523579702,very_rare,peak_abundance_with_occupancy_days_modifiers,0.0125
whtkin2,CN,0.0018981972830802527,0.0019,0.0019,resident,0.0143,0.0266,0.0046,365.0,1.43,0.0007916097523579702,very_rare,0.07916097523579702,rare,peak_abundance_with_occupancy_days_modifiers,0.0143
sykwar2,CN,0.0018981972830802527,0.00135,0.0019,postbreeding_migration,0.0501,0.0769,0.0659,42.0,5.01,0.0007916097523579702,very_rare,0.07916097523579702,,peak_abundance_with_occupancy_days_modifiers,0.0501
hoocro1,CN,0.0017983819413793735,0.0006,0.0018,postbreeding_migration,0.0043,0.0031,0.0011,35.0,0.43,0.0007499835217076287,very_rare,0.07499835217076287,very_rare,peak_abundance_with_occupancy_days_modifiers,0.0043
cogwar1,CN,0.0017983819413793735,0.0014,0.0018,breeding,0.0203,0.0248,0.0278,35.0,2.03,0.0007499835217076287,very_rare,0.07499835217076287,rare,peak_abundance_with_occupancy_days_modifiers,0.0203
whwsno1,CN,0.0016985566355814774,0.0017,0.0017,resident,0.0013,0.0479,0.0543,365.0,0.13,0.00070835313570608,very_rare,0.070835313570608,very_rare,peak_abundance_with_occupancy_days_modifiers,0.0013
putbab1,CN,0.0016985566355814774,0.0017,0.0017,resident,0.0056,0.0371,0.0315,365.0,0.5599999999999999,0.00070835313570608,very_rare,0.070835313570608,very_rare,peak_abundance_with_occupancy_days_modifiers,0.0056
merlin,CN,0.0016985566355814774,0.0008333333333333332,0.0017,postbreeding_migration,0.0316,,,,3.16,0.00070835313570608,very_rare,0.070835313570608,rare,peak_abundance_with_occupancy_days_modifiers,0.0316
dusful1,CN,0.0016985566355814774,0.0017,0.0017,resident,0.0343,0.9513,0.5883,365.0,3.4299999999999997,0.00070835313570608,very_rare,0.070835313570608,rare,peak_abundance_with_occupancy_days_modifiers,0.0343
bwfshr1,CN,0.0016985566355814774,0.0017,0.0017,resident,0.0093,0.0706,0.0631,365.0,0.9299999999999999,0.00070835313570608,very_rare,0.070835313570608,very_rare,peak_abundance_with_occupancy_days_modifiers,0.0093
whrsha,CN,0.0016985566355814774,0.0017,0.0017,resident,0.0136,0.0678,0.0345,365.0,1.3599999999999999,0.00070835313570608,very_rare,0.070835313570608,rare,peak_abundance_with_occupancy_days_modifiers,0.0136
brebul1,CN,0.0015987213636970278,0.0016,0.0016,resident,0.0033,0.0611,0.0132,365.0,0.33,0.0006667185935236227,very_rare,0.06667185935236226,very_rare,peak_abundance_with_occupancy_days_modifiers,0.0033
gresca,CN,0.0015987213636970278,0.0014333333333333333,0.0016,nonbreeding,0.001,0.0364,0.011,0.0,0.1,0.0006667185935236227,very_rare,0.06667185935236226,very_rare,peak_abundance_with_occupancy_days_modifiers,0.001
aspswi1,CN,0.0015987213636970278,0.0016,0.0016,resident,0.0027,0.0099,0.006,365.0,0.27,0.0006667185935236227,very_rare,0.06667185935236226,very_rare,peak_abundance_with_occupancy_days_modifiers,0.0027
marori2,CN,0.0014988761237358919,0.001125,0.0015,nonbreeding,0.0081,0.2449,0.2521,49.0,0.8099999999999999,0.0006250798943303071,very_rare,0.06250798943303071,very_rare,peak_abundance_with_occupancy_days_modifiers,0.0081
grpsni1,CN,0.001450385618298024,0.001451437936213,0.001451437936213,resident,0.0720240153322176,0.0448830668228221,0.0194681750954733,365.0,7.20240153322176,0.0006048577828861343,very_rare,0.06048577828861343,,peak_abundance_with_occupancy_days_modifiers,0.0720240153322176
gybpri1,CN,0.001399020913707341,0.0014,0.0014,resident,0.0055,0.0344,0.0268,365.0,0.5499999999999999,0.0005834370372959348,very_rare,0.05834370372959348,very_rare,peak_abundance_with_occupancy_days_modifiers,0.0055
chtsta2,CN,0.001399020913707341,0.000575,0.0014,breeding,0.0047,0.028,0.0194,28.0,0.47000000000000003,0.0005834370372959348,very_rare,0.05834370372959348,rare,peak_abundance_with_occupancy_days_modifiers,0.0047
egyvul1,CN,0.0011992805754820971,0.000425,0.0012,prebreeding_migration,0.0178,0.0283,0.0084,84.0,1.78,0.0005001388463819827,very_rare,0.050013884638198274,rare,peak_abundance_with_occupancy_days_modifiers,0.0178
palhar1,CN,0.0011992805754820971,0.00065,0.0012,postbreeding_migration,0.0206,0.0113,0.0161,35.0,2.06,0.0005001388463819827,very_rare,0.050013884638198274,rare,peak_abundance_with_occupancy_days_modifiers,0.0206
bltlau1,CN,0.0011992805754820971,0.0012,0.0012,resident,0.0071,0.2843,0.4544,365.0,0.7100000000000001,0.0005001388463819827,very_rare,0.050013884638198274,very_rare,peak_abundance_with_occupancy_days_modifiers,0.0071
ashwoo2,CN,0.0011992805754820971,0.0012,0.0012,resident,0.0044,0.0289,0.0119,365.0,0.44,0.0005001388463819827,very_rare,0.050013884638198274,very_rare,peak_abundance_with_occupancy_days_modifiers,0.0044
vefnut1,CN,0.0011992805754820971,0.0012,0.0012,resident,0.0069,0.0551,0.0552,365.0,0.69,0.0005001388463819827,very_rare,0.050013884638198274,very_rare,peak_abundance_with_occupancy_days_modifiers,0.0069
rolhaw,CN,0.0011992805754820971,0.0007499999999999999,0.0012,prebreeding_migration,0.0173,,,,1.73,0.0005001388463819827,very_rare,0.050013884638198274,rare,peak_abundance_with_occupancy_days_modifiers,0.0173
shtshe,CN,0.001176429086366036,0.0011771213505036,0.0011771213505036,postbreeding_migration,0.0047183288311458,0.00024504594611489655,3.192704327969455e-07,0.0,0.47183288311458,0.0004906090352282814,very_rare,0.04906090352282814,very_rare,peak_abundance_with_occupancy_days_modifiers,0.0047183288311458
savnig1,CN,0.0010993954433009636,0.0007999999999999999,0.0011,breeding,0.0121,0.0567,0.0792,84.0,1.21,0.0004584835108407622,very_rare,0.04584835108407622,rare,peak_abundance_with_occupancy_days_modifiers,0.0121
brcful1,CN,0.0010993954433009636,0.0011,0.0011,resident,0.0023,0.0414,0.0465,365.0,0.22999999999999998,0.0004584835108407622,very_rare,0.04584835108407622,very_rare,peak_abundance_with_occupancy_days_modifiers,0.0023
parwar1,CN,0.0010993954433009636,0.0005,0.0011,prebreeding_migration,0.0131,,,,1.31,0.0004584835108407622,very_rare,0.04584835108407622,rare,peak_abundance_with_occupancy_days_modifiers,0.0131
gyebul1,CN,0.0009995003330835331,0.001,0.001,resident,0.0031,0.0702,0.0676,365.0,0.31,0.00041682401413511066,very_rare,0.04168240141351107,very_rare,peak_abundance_with_occupancy_days_modifiers,0.0031
eursco1,CN,0.0009995003330835331,0.001,0.001,breeding,0.0213,0.0322,0.0311,28.0,2.13,0.00041682401413511066,very_rare,0.04168240141351107,rare,peak_abundance_with_occupancy_days_modifiers,0.0213
himsno,CN,0.0009995003330835331,0.001,0.001,resident,0.0081,0.3813,0.3746,365.0,0.8099999999999999,0.00041682401413511066,very_rare,0.04168240141351107,very_rare,peak_abundance_with_occupancy_days_modifiers,0.0081
ingori1,CN,0.0009995003330835331,0.0007333333333333332,0.001,breeding,0.0057,0.014,0.0133,42.0,0.5700000000000001,0.00041682401413511066,very_rare,0.04168240141351107,very_rare,peak_abundance_with_occupancy_days_modifiers,0.0057
chiegr,CN,0.0009995003330835331,0.0007333333333333333,0.001,breeding,0.0023,0.3426,0.3161,119.0,0.22999999999999998,0.00041682401413511066,very_rare,0.04168240141351107,very_rare,peak_abundance_with_occupancy_days_modifiers,0.0023
redcro,CN,0.0009995003330835331,0.000375,0.001,breeding,0.0087,,,,0.8699999999999999,0.00041682401413511066,very_rare,0.04168240141351107,very_rare,peak_abundance_with_occupancy_days_modifiers,0.0087
impeag1,CN,0.000899595242836093,0.00025,0.0009,postbreeding_migration,0.0207,0.0013,0.0003,0.0,2.07,0.0003751603554337701,very_rare,0.03751603554337701,very_rare,peak_abundance_with_occupancy_days_modifiers,0.0207
ferfly1,CN,0.0007996801705643322,0.0005666666666666667,0.0008,breeding,0.0403,0.8049,0.7021,63.0,4.03,0.0003334925339049559,very_rare,0.03334925339049559,rare,peak_abundance_with_occupancy_days_modifiers,0.0403
combuz1,CN,0.0007996801705643322,0.00036666666666666667,0.0008,prebreeding_migration,0.0174,0.0069,0.0007,56.0,1.7399999999999998,0.0003334925339049559,very_rare,0.03334925339049559,rare,peak_abundance_with_occupancy_days_modifiers,0.0174
eurwoo,CN,0.0007996801705643322,0.00042500000000000003,0.0008,prebreeding_migration,0.0591,,,,5.91,0.0003334925339049559,very_rare,0.03334925339049559,,peak_abundance_with_occupancy_days_modifiers,0.0591
redjun,CN,0.0007996801705643322,0.0008,0.0008,resident,0.0068,0.0455,0.0221,365.0,0.6799999999999999,0.0003334925339049559,very_rare,0.03334925339049559,very_rare,peak_abundance_with_occupancy_days_modifiers,0.0068
copgoo1,CN,0.0006997551142733419,0.00023333333333333333,0.0007,prebreeding_migration,0.0094,,,,0.9400000000000001,0.0002918205487167264,very_rare,0.02918205487167264,very_rare,peak_abundance_with_occupancy_days_modifiers,0.0094
osprey,CN,0.0006997551142733419,0.00042500000000000003,0.0007,prebreeding_migration,0.1166,0.069,0.0118,105.0,11.66,0.0002918205487167264,very_rare,0.02918205487167264,,peak_abundance_with_occupancy_days_modifiers,0.1166
emedov2,CN,0.0006997551142733419,0.0007,0.0007,resident,0.0085,0.0402,0.0208,365.0,0.8500000000000001,0.0002918205487167264,very_rare,0.02918205487167264,very_rare,peak_abundance_with_occupancy_days_modifiers,0.0085
retloo,CN,0.0006997551142733419,0.0004,0.0007,nonbreeding,0.0382,0.5166,0.0535,35.0,3.82,0.0002918205487167264,very_rare,0.02918205487167264,rare,peak_abundance_with_occupancy_days_modifiers,0.0382
rudkin1,CN,0.0006061483523784352,0.000606332097414689,0.000606332097414689,breeding,0.0076857585310827,0.0067765110172791,0.0038562780854052,7.0,0.76857585310827,0.00025278349695028585,very_rare,0.025278349695028585,very_rare,peak_abundance_with_occupancy_days_modifiers,0.0076857585310827
blawoo1,CN,0.0005998200719676155,0.0006,0.0006,resident,0.0214,,,,2.1399999999999997,0.0002501443990368907,very_rare,0.02501443990368907,rare,peak_abundance_with_occupancy_days_modifiers,0.0214
mouhae1,CN,0.0005998200719676155,0.0006,0.0006,resident,0.021,0.2478,0.1525,365.0,2.1,0.0002501443990368907,very_rare,0.02501443990368907,rare,peak_abundance_with_occupancy_days_modifiers,0.021
mosowl2,CN,0.0005998200719676155,0.0006,0.0006,resident,0.0098,0.126,0.0684,365.0,0.98,0.0002501443990368907,very_rare,0.02501443990368907,very_rare,peak_abundance_with_occupancy_days_modifiers,0.0098
cetwar1,CN,0.0005998200719676155,0.0006,0.0006,breeding,0.0046,,,,0.45999999999999996,0.0002501443990368907,very_rare,0.02501443990368907,very_rare,peak_abundance_with_occupancy_days_modifiers,0.0046
cowpig1,CN,0.000499875041651048,0.0002666666666666667,0.0005,breeding,0.004,0.0028,0.0004,42.0,0.4,0.00020846408403300828,very_rare,0.020846408403300827,very_rare,peak_abundance_with_occupancy_days_modifiers,0.004
grtdro1,CN,0.000499875041651048,0.0005,0.0005,resident,0.0024,0.0123,0.0079,365.0,0.24,0.00020846408403300828,very_rare,0.020846408403300827,very_rare,peak_abundance_with_occupancy_days_modifiers,0.0024
piebus1,CN,0.000499875041651048,0.000325,0.0005,prebreeding_migration,0.0024,0.0043,0.0026,70.0,0.24,0.00020846408403300828,very_rare,0.020846408403300827,very_rare,peak_abundance_with_occupancy_days_modifiers,0.0024
stodov1,CN,0.000499875041651048,0.0005,0.0005,breeding,0.0052,,,,0.52,0.00020846408403300828,very_rare,0.020846408403300827,very_rare,peak_abundance_with_occupancy_days_modifiers,0.0052
shteag1,CN,0.000499875041651048,0.00023333333333333333,0.0005,postbreeding_migration,0.034,,,,3.4000000000000004,0.00020846408403300828,very_rare,0.020846408403300827,rare,peak_abundance_with_occupancy_days_modifiers,0.034
litcur,CN,0.000499875041651048,0.0005,0.0005,prebreeding_migration,0.0036,,,,0.36,0.00020846408403300828,very_rare,0.020846408403300827,very_rare,peak_abundance_with_occupancy_days_modifiers,0.0036
gytmar1,CN,0.000499875041651048,0.0005,0.0005,resident,0.0048,0.0168,0.0055,365.0,0.48,0.00020846408403300828,very_rare,0.020846408403300827,very_rare,peak_abundance_with_occupancy_days_modifiers,0.0048
eugori2,CN,0.000499875041651048,0.00030000000000000003,0.0005,prebreeding_migration,0.0083,,,,0.83,0.00020846408403300828,very_rare,0.020846408403300827,very_rare,peak_abundance_with_occupancy_days_modifiers,0.0083
faipit1,CN,0.0003999200213269354,0.00016666666666666666,0.0004,breeding,0.0179,0.983,0.9888,49.0,1.79,0.00016677960287238907,very_rare,0.016677960287238905,rare,peak_abundance_with_occupancy_days_modifiers,0.0179
slbgul,CN,0.0003999200213269354,0.0002,0.0004,nonbreeding,0.0013,0.0777,0.0073,7.0,0.13,0.00016677960287238907,very_rare,0.016677960287238905,very_rare,peak_abundance_with_occupancy_days_modifiers,0.0013
rebshr1,CN,0.0003999200213269354,0.0002,0.0004,prebreeding_migration,0.0048,0.0017,0.001,14.0,0.48,0.00016677960287238907,very_rare,0.016677960287238905,rare,peak_abundance_with_occupancy_days_modifiers,0.0048
purswa3,CN,0.0003999200213269354,0.0004,0.0004,resident,0.0006,0.006,0.0029,0.0,0.06,0.00016677960287238907,very_rare,0.016677960287238905,very_rare,peak_abundance_with_occupancy_days_modifiers,0.0006
smapra1,CN,0.0003999200213269354,0.0004,0.0004,resident,0.0015,0.0068,0.0075,0.0,0.15,0.00016677960287238907,very_rare,0.016677960287238905,very_rare,peak_abundance_with_occupancy_days_modifiers,0.0015
litspi1,CN,0.0003999200213269354,0.0004,0.0004,resident,0.0024,0.0155,0.009,365.0,0.24,0.00016677960287238907,very_rare,0.016677960287238905,very_rare,peak_abundance_with_occupancy_days_modifiers,0.0024
eacsun1,CN,0.0003999200213269354,0.0004,0.0004,resident,0.0043,0.032,0.0186,365.0,0.43,0.00016677960287238907,very_rare,0.016677960287238905,very_rare,peak_abundance_with_occupancy_days_modifiers,0.0043
eurgri1,CN,0.0003999200213269354,0.0002,0.0004,nonbreeding,0.0095,0.0014,0.0001,0.0,0.95,0.00016677960287238907,very_rare,0.016677960287238905,very_rare,peak_abundance_with_occupancy_days_modifiers,0.0095
arcloo,CN,0.0003999200213269354,0.00032500000000000004,0.0004,breeding,0.0032,0.0098,0.0053,21.0,0.32,0.00016677960287238907,very_rare,0.016677960287238905,rare,peak_abundance_with_occupancy_days_modifiers,0.0032
mutswa,CN,0.00029995500899797546,0.0001333333333333333,0.0003,breeding,0.0014,,,,0.13999999999999999,0.00012509095472209328,very_rare,0.012509095472209329,very_rare,peak_abundance_with_occupancy_days_modifiers,0.0014
savwar1,CN,0.00029995500899797546,0.0003,0.0003,breeding,0.0052,,,,0.52,0.00012509095472209328,very_rare,0.012509095472209329,very_rare,peak_abundance_with_occupancy_days_modifiers,0.0052
chbeat1,CN,0.00029995500899797546,0.00025,0.0003,nonbreeding,0.0014,0.0182,0.0078,14.0,0.13999999999999999,0.00012509095472209328,very_rare,0.012509095472209329,rare,peak_abundance_with_occupancy_days_modifiers,0.0014
gobmag1,CN,0.00029995500899797546,0.0003,0.0003,resident,0.001,0.0823,0.0604,0.0,0.1,0.00012509095472209328,very_rare,0.012509095472209329,very_rare,peak_abundance_with_occupancy_days_modifiers,0.001
orhthr1,CN,0.00029995500899797546,0.000225,0.0003,breeding,0.0151,0.1409,0.0575,84.0,1.51,0.00012509095472209328,very_rare,0.012509095472209329,rare,peak_abundance_with_occupancy_days_modifiers,0.0151
wbbrob1,CN,0.00029995500899797546,0.0003,0.0003,resident,0.0091,0.6131,0.4595,365.0,0.91,0.00012509095472209328,very_rare,0.012509095472209329,very_rare,peak_abundance_with_occupancy_days_modifiers,0.0091
whbpig1,CN,0.00019998000266626675,7.500000000000001e-05,0.0002,nonbreeding,0.0069,,,,0.69,8.339813874893117e-05,very_rare,0.008339813874893118,very_rare,peak_abundance_with_occupancy_days_modifiers,0.0069
comior1,CN,0.00019998000266626675,0.0002,0.0002,resident,0.0012,0.0029,0.0014,365.0,0.12,8.339813874893117e-05,very_rare,0.008339813874893118,very_rare,peak_abundance_with_occupancy_days_modifiers,0.0012
rufwoo2,CN,0.00019998000266626675,0.0002,0.0002,resident,0.0113,0.0936,0.0231,365.0,1.13,8.339813874893117e-05,very_rare,0.008339813874893118,rare,peak_abundance_with_occupancy_days_modifiers,0.0113
whhduc1,CN,0.00019998000266626675,0.00015000000000000001,0.0002,breeding,0.001,0.0283,0.0234,7.0,0.1,8.339813874893117e-05,very_rare,0.008339813874893118,very_rare,peak_abundance_with_occupancy_days_modifiers,0.001
watrai1,CN,0.00019998000266626675,0.0002,0.0002,nonbreeding,0.0011,0.0035,0.0107,7.0,0.11,8.339813874893117e-05,very_rare,0.008339813874893118,very_rare,peak_abundance_with_occupancy_days_modifiers,0.0011
strlau2,CN,0.00019998000266626675,0.0002,0.0002,resident,0.0004,0.0336,0.0317,0.0,0.04,8.339813874893117e-05,very_rare,0.008339813874893118,very_rare,peak_abundance_with_occupancy_days_modifiers,0.0004
bcrthr1,CN,0.00019998000266626675,0.0001,0.0002,breeding,0.0023,0.0854,0.0691,14.0,0.22999999999999998,8.339813874893117e-05,very_rare,0.008339813874893118,rare,peak_abundance_with_occupancy_days_modifiers,0.0023
rewlap1,CN,0.00019998000266626675,0.0001,0.0002,breeding,0.0006,0.001,0.0002,0.0,0.06,8.339813874893117e-05,very_rare,0.008339813874893118,very_rare,peak_abundance_with_occupancy_days_modifiers,0.0006
chclau2,CN,0.00019998000266626675,0.0002,0.0002,resident,0.0005,0.0604,0.0448,0.0,0.05,8.339813874893117e-05,very_rare,0.008339813874893118,very_rare,peak_abundance_with_occupancy_days_modifiers,0.0005
asiope1,CN,0.00019998000266626675,0.0002,0.0002,resident,0.0001,0.0003,0.0003,0.0,0.01,8.339813874893117e-05,very_rare,0.008339813874893118,very_rare,peak_abundance_with_occupancy_days_modifiers,0.0001
brbfly2,CN,0.00019998000266626675,0.00016666666666666666,0.0002,breeding,0.014,0.2431,0.2329,42.0,1.4000000000000001,8.339813874893117e-05,very_rare,0.008339813874893118,rare,peak_abundance_with_occupancy_days_modifiers,0.014
pacreh1,CN,0.00019998000266626675,0.0002,0.0002,resident,0.0025,0.0367,0.0161,365.0,0.25,8.339813874893117e-05,very_rare,0.008339813874893118,very_rare,peak_abundance_with_occupancy_days_modifiers,0.0025
brobul1,CN,0.00019998000266626675,0.0002,0.0002,resident,0.0021,0.2756,0.2399,365.0,0.21,8.339813874893117e-05,very_rare,0.008339813874893118,very_rare,peak_abundance_with_occupancy_days_modifiers,0.0021
lewduc1,CN,0.00019998000266626675,0.000125,0.0002,postbreeding_migration,0.0001,0.0003,0.0002,0.0,0.01,8.339813874893117e-05,very_rare,0.008339813874893118,very_rare,peak_abundance_with_occupancy_days_modifiers,0.0001
waterc1,CN,0.00018800616864098215,0.00011533336680268243,0.00018802384290831208,breeding,0.0010875728557542,0.0012473385618247,0.0010040826917815,0.0,0.10875728557541998,7.840466211089198e-05,very_rare,0.007840466211089199,very_rare,peak_abundance_with_occupancy_days_modifiers,0.0010875728557542
fieldf,CN,9.999500033330834e-05,5e-05,0.0001,breeding,0.0012,0.0011,0.0002,0.0,0.12,4.170115411946329e-05,very_rare,0.004170115411946329,very_rare,peak_abundance_with_occupancy_days_modifiers,0.0012
lesyel1,CN,9.999500033330834e-05,0.0001,0.0001,resident,0.0035,0.0599,0.0354,365.0,0.35000000000000003,4.170115411946329e-05,very_rare,0.004170115411946329,very_rare,peak_abundance_with_occupancy_days_modifiers,0.0035
cretre1,CN,9.999500033330834e-05,0.0001,0.0001,resident,0.0005,0.0082,0.0032,0.0,0.05,4.170115411946329e-05,very_rare,0.004170115411946329,very_rare,peak_abundance_with_occupancy_days_modifiers,0.0005
inpher1,CN,9.999500033330834e-05,2.5e-05,0.0001,nonbreeding,0.0003,0.0008,0.0001,0.0,0.03,4.170115411946329e-05,very_rare,0.004170115411946329,very_rare,peak_abundance_with_occupancy_days_modifiers,0.0003
tafowl1,CN,9.999500033330834e-05,0.0001,0.0001,resident,0.0066,0.7307,0.9409,365.0,0.66,4.170115411946329e-05,very_rare,0.004170115411946329,very_rare,peak_abundance_with_occupancy_days_modifiers,0.0066
spbsan1,CN,9.999500033330834e-05,0.0001,0.0001,nonbreeding,0.0011,0.8496,0.8047,0.0,0.11,4.170115411946329e-05,very_rare,0.004170115411946329,very_rare,peak_abundance_with_occupancy_days_modifiers,0.0011
yeebab1,CN,9.999500033330834e-05,0.0001,0.0001,resident,0.0015,0.0085,0.002,365.0,0.15,4.170115411946329e-05,very_rare,0.004170115411946329,very_rare,peak_abundance_with_occupancy_days_modifiers,0.0015
kalphe,CN,9.999500033330834e-05,0.0001,0.0001,resident,0.0014,0.0284,0.0093,365.0,0.13999999999999999,4.170115411946329e-05,very_rare,0.004170115411946329,very_rare,peak_abundance_with_occupancy_days_modifiers,0.0014
callar1,CN,9.999500033330834e-05,0.0001,0.0001,breeding,0.0002,0.0003,0.0005,0.0,0.02,4.170115411946329e-05,very_rare,0.004170115411946329,very_rare,peak_abundance_with_occupancy_days_modifiers,0.0002
brhthr1,CN,9.999500033330834e-05,3.3333333333333335e-05,0.0001,postbreeding_migration,0.0045,0.0368,0.0035,7.0,0.44999999999999996,4.170115411946329e-05,very_rare,0.004170115411946329,very_rare,peak_abundance_with_occupancy_days_modifiers,0.0045
isbduc1,CN,9.999500033330834e-05,0.0001,0.0001,resident,0.0002,0.0009,0.0002,0.0,0.02,4.170115411946329e-05,very_rare,0.004170115411946329,very_rare,peak_abundance_with_occupancy_days_modifiers,0.0002
gloibi,CN,9.999500033330834e-05,5e-05,0.0001,postbreeding_migration,0.0005,,,,0.05,4.170115411946329e-05,very_rare,0.004170115411946329,very_rare,peak_abundance_with_occupancy_days_modifiers,0.0005
rutscr1,CN,9.999500033330834e-05,0.0001,0.0001,prebreeding_migration,0.0012,,,,0.12,4.170115411946329e-05,very_rare,0.004170115411946329,very_rare,peak_abundance_with_occupancy_days_modifiers,0.0012
glagul,CN,9.999500033330834e-05,3.3333333333333335e-05,0.0001,prebreeding_migration,0.0008,0.009,0.0009,0.0,0.08,4.170115411946329e-05,very_rare,0.004170115411946329,very_rare,peak_abundance_with_occupancy_days_modifiers,0.0008
goflea1,CN,9.999500033330834e-05,0.0001,0.0001,resident,0.0004,0.0057,0.0032,0.0,0.04,4.170115411946329e-05,very_rare,0.004170115411946329,very_rare,peak_abundance_with_occupancy_days_modifiers,0.0004
yellow2,CN,9.999500033330834e-05,0.0001,0.0001,breeding,0.0006,0.0009,0.0002,0.0,0.06,4.170115411946329e-05,very_rare,0.004170115411946329,very_rare,peak_abundance_with_occupancy_days_modifiers,0.0006
rebfly,CN,9.999500033330834e-05,6.666666666666667e-05,0.0001,postbreeding_migration,0.0064,0.01,0.0016,35.0,0.64,4.170115411946329e-05,very_rare,0.004170115411946329,very_rare,peak_abundance_with_occupancy_days_modifiers,0.0064
rubcra1,CN,9.999500033330834e-05,5e-05,0.0001,nonbreeding,0.0029,,,,0.29,4.170115411946329e-05,very_rare,0.004170115411946329,very_rare,peak_abundance_with_occupancy_days_modifiers,0.0029
grehor1,CN,9.936226476229442e-05,9.936720135562611e-05,9.936720135562611e-05,resident,0.0011072434823101,0.0012155877656419,0.0004848401618807285,0.0,0.11072434823101,4.1437282891144425e-05,very_rare,0.004143728289114443,very_rare,peak_abundance_with_occupancy_days_modifiers,0.0011072434823101
butfly1,CN,9.365140684539712e-05,5.818843780806284e-05,9.365579227529868e-05,breeding,0.0018483767318126,0.0050869584251795,0.0023671621950197,7.0,0.18483767318126,3.9055670156969534e-05,very_rare,0.0039055670156969533,very_rare,peak_abundance_with_occupancy_days_modifiers,0.0018483767318126
redava,CN,7.634177473341538e-05,7.634468884085568e-05,7.634468884085568e-05,resident,0.00035029003996325293,7.364095615417471e-05,2.8360883553691456e-05,0.0,0.035029003996325296,3.183699288261083e-05,very_rare,0.003183699288261083,very_rare,peak_abundance_with_occupancy_days_modifiers,0.00035029003996325293
pltsun2,CN,1.9872598602588263e-05,1.9872796063983893e-05,1.9872796063983893e-05,resident,0.0027753468349044,0.0007172512790443305,1.0775490070270742e-05,0.0,0.27753468349044,8.287517319091546e-06,very_rare,0.0008287517319091546,very_rare,peak_abundance_with_occupancy_days_modifiers,0.0027753468349044
strwea2,CN,1.3767697564972992e-05,1.3767792340156057e-05,1.3767792340156057e-05,resident,0.0023107240860798,0.0008746180159768184,1.6884576342358966e-05,0.0,0.23107240860798,5.741575839941165e-06,very_rare,0.0005741575839941165,very_rare,peak_abundance_with_occupancy_days_modifiers,0.0023107240860798
borowl,CN,1.0366833106806034e-05,7.808328866961169e-06,1.0366886842606056e-05,breeding,0.0208615100825069,0.0071861122009149,0.0069221091552583,238.0,2.08615100825069,4.323305201994707e-06,very_rare,0.00043233052019947066,rare,peak_abundance_with_occupancy_days_modifiers,0.0208615100825069
sanlar1,CN,3.6310123962755522e-06,3.631018988409042e-06,3.631018988409042e-06,resident,0.00014400000522968797,0.0008122010648858406,5.814216056024952e-05,0.0,0.014400000522968796,1.5142497828937498e-06,very_rare,0.00015142497828937498,very_rare,peak_abundance_with_occupancy_days_modifiers,0.00014400000522968797
renfal1,CN,5.33812444500398e-07,5.338125869782863e-07,5.338125869782863e-07,resident,0.00026400000958776127,6.459037955655768e-05,5.356908536726308e-06,0.0,0.026400000958776128,2.226170803204427e-07,very_rare,2.226170803204427e-05,very_rare,peak_abundance_with_occupancy_days_modifiers,0.00026400000958776127
y00839,CN,0.0,0.0,0.0,resident,0.0004,0.0041,0.0001,0.0,0.04,0.0,very_rare,0.0,very_rare,peak_abundance_with_occupancy_days_modifiers,0.0004
whwsco3,CN,0.0,0.0,0.0,nonbreeding,0.0001,,,,0.01,0.0,very_rare,0.0,very_rare,peak_abundance_with_occupancy_days_modifiers,0.0001
barbut1,CN,0.0,0.0,0.0,resident,0.0001,0.0008,0.0008,0.0,0.01,0.0,very_rare,0.0,very_rare,peak_abundance_with_occupancy_days_modifiers,0.0001
asfblu1,CN,0.0,0.0,0.0,resident,0.0002,0.0025,0.0015,0.0,0.02,0.0,very_rare,0.0,very_rare,peak_abundance_with_occupancy_days_modifiers,0.0002
arcwar2,CN,0.0,0.0,0.0,postbreeding_migration,0.0047,0.091,0.0297,28.0,0.47000000000000003,0.0,very_rare,0.0,rare,peak_abundance_with_occupancy_days_modifiers,0.0047
bkhcus1,CN,0.0,0.0,0.0,breeding,0.0,0.0003,0.0001,0.0,0.0,0.0,very_rare,0.0,very_rare,peak_abundance_with_occupancy_days_modifiers,0.0
reffal1,CN,0.0,0.0,0.0,prebreeding_migration,0.0003,0.0008,0.0011,0.0,0.03,0.0,very_rare,0.0,very_rare,peak_abundance_with_occupancy_days_modifiers,0.0003
whbwag1,CN,0.0,0.0,0.0,resident,0.0002,0.0006,0.0001,0.0,0.02,0.0,very_rare,0.0,very_rare,peak_abundance_with_occupancy_days_modifiers,0.0002
ettwoo1,CN,0.0,0.0,0.0,resident,0.0083,,,,0.83,0.0,very_rare,0.0,very_rare,peak_abundance_with_occupancy_days_modifiers,0.0083
indnig1,CN,0.0,0.0,0.0,resident,0.0001,0.0004,0.0,0.0,0.01,0.0,very_rare,0.0,very_rare,peak_abundance_with_occupancy_days_modifiers,0.0001
hilmyn,CN,0.0,0.0,0.0,resident,0.0003,0.0017,0.0006,0.0,0.03,0.0,very_rare,0.0,very_rare,peak_abundance_with_occupancy_days_modifiers,0.0003
jabwar,CN,0.0,0.0,0.0,nonbreeding,0.0001,0.0045,0.0001,0.0,0.01,0.0,very_rare,0.0,very_rare,peak_abundance_with_occupancy_days_modifiers,0.0001
harduc,CN,0.0,0.0,0.0,nonbreeding,0.0001,0.0038,0.0004,0.0,0.01,0.0,very_rare,0.0,very_rare,peak_abundance_with_occupancy_days_modifiers,0.0001
latsni1,CN,0.0,0.0,0.0,prebreeding_migration,0.0068,0.1424,0.0074,7.0,0.6799999999999999,0.0,very_rare,0.0,very_rare,peak_abundance_with_occupancy_days_modifiers,0.0068
gyhchi,CN,0.0,0.0,0.0,resident,0.002,,,,0.2,0.0,very_rare,0.0,very_rare,peak_abundance_with_occupancy_days_modifiers,0.002
grseag1,CN,0.0,0.0,0.0,nonbreeding,0.0023,0.0068,0.0008,14.0,0.22999999999999998,0.0,very_rare,0.0,rare,peak_abundance_with_occupancy_days_modifiers,0.0023
grefla1,CN,0.0,0.0,0.0,resident,0.0002,0.0047,0.0023,0.0,0.02,0.0,very_rare,0.0,very_rare,peak_abundance_with_occupancy_days_modifiers,0.0002
gohcis1,CN,0.0,0.0,0.0,resident,0.0001,0.0006,0.0002,0.0,0.01,0.0,very_rare,0.0,very_rare,peak_abundance_with_occupancy_days_modifiers,0.0001
meapip1,CN,0.0,0.0,0.0,nonbreeding,0.0002,0.0003,0.0,0.0,0.02,0.0,very_rare,0.0,very_rare,peak_abundance_with_occupancy_days_modifiers,0.0002
oripip1,CN,0.0,0.0,0.0,resident,0.0001,0.0003,0.0002,0.0,0.01,0.0,very_rare,0.0,very_rare,peak_abundance_with_occupancy_days_modifiers,0.0001
pelcor,CN,0.0,0.0,0.0,resident,0.0006,0.0161,0.0001,0.0,0.06,0.0,very_rare,0.0,very_rare,peak_abundance_with_occupancy_days_modifiers,0.0006
blhori1,CN,0.0,0.0,0.0,resident,0.0005,0.002,0.0002,0.0,0.05,0.0,very_rare,0.0,very_rare,peak_abundance_with_occupancy_days_modifiers,0.0005
corbun1,CN,0.0,0.0,0.0,breeding,0.0001,0.0001,0.0001,0.0,0.01,0.0,very_rare,0.0,very_rare,peak_abundance_with_occupancy_days_modifiers,0.0001
copbar1,CN,0.0,0.0,0.0,resident,0.0001,0.0004,0.0002,0.0,0.01,0.0,very_rare,0.0,very_rare,peak_abundance_with_occupancy_days_modifiers,0.0001
rengre,CN,0.0,0.0,0.0,breeding,0.0,0.0023,0.0009,0.0,0.0,0.0,very_rare,0.0,very_rare,peak_abundance_with_occupancy_days_modifiers,0.0
chbnut3,CN,0.0,0.0,0.0,resident,0.0015,0.0468,0.0079,365.0,0.15,0.0,very_rare,0.0,very_rare,peak_abundance_with_occupancy_days_modifiers,0.0015
brnowl,CN,0.0,0.0,0.0,resident,0.0012,,,,0.12,0.0,very_rare,0.0,very_rare,peak_abundance_with_occupancy_days_modifiers,0.0012
slbrai1,CN,0.0,0.0,0.0,resident,0.0007,0.0904,0.039,0.0,0.06999999999999999,0.0,very_rare,0.0,very_rare,peak_abundance_with_occupancy_days_modifiers,0.0007
brant,CN,0.0,0.0,0.0,prebreeding_migration,0.0001,,,,0.01,0.0,very_rare,0.0,very_rare,peak_abundance_with_occupancy_days_modifiers,0.0001
strlau1,CN,0.0,0.0,0.0,resident,0.0001,0.0056,0.0015,0.0,0.01,0.0,very_rare,0.0,very_rare,peak_abundance_with_occupancy_days_modifiers,0.0001
boneag2,CN,0.0,0.0,0.0,resident,0.0029,,,,0.29,0.0,very_rare,0.0,very_rare,peak_abundance_with_occupancy_days_modifiers,0.0029
thbflo1,CN,0.0,0.0,0.0,resident,0.0005,0.005,0.0025,0.0,0.05,0.0,very_rare,0.0,very_rare,peak_abundance_with_occupancy_days_modifiers,0.0005
blksco2,CN,0.0,0.0,0.0,nonbreeding,0.001,0.0375,0.0004,0.0,0.1,0.0,very_rare,0.0,very_rare,peak_abundance_with_occupancy_days_modifiers,0.001
aleter1,CN,0.0,0.0,0.0,postbreeding_migration,0.0003,,,,0.03,0.0,very_rare,0.0,very_rare,peak_abundance_with_occupancy_days_modifiers,0.0003
