species_code,country_code,abundance,abundance_mean_avg,abundance_mean_max,peak_season,range_occupied_percent,range_total_percent,total_pop_percent,range_days_occupation,occupancy,score,frequency,frequency_pct,rarity_cap,commonness_basis,debug_range_occupied_max
wantat1,WF,0.8443053876912919,0.547201497656735,1.326361334004478,nonbreeding,0.4286430007386639,0.0034340659340659,0.0405127003393091,133.0,42.86430007386639,0.35210269492127483,common,35.21026949212748,,peak_abundance_with_occupancy_days_modifiers,0.4286430007386639
pagplo,WF,0.6349090431032468,0.5602637121890798,0.8868505115862246,nonbreeding,0.2222222222222222,0.00010418692523546245,0.00013503572493690164,28.0,22.22222222222222,0.26477763658222686,rare,26.477763658222685,rare,peak_abundance_with_occupancy_days_modifiers,0.2222222222222222
blnter1,WF,0.5499163685613175,0.7331080694851156,0.7331080694851156,postbreeding_migration,0.3052056710295744,4.223234547184792e-06,8.145058915096972e-06,14.0,30.52056710295744,0.22933293826446344,rare,22.933293826446345,rare,peak_abundance_with_occupancy_days_modifiers,0.3052056710295744
bubrai1,WF,0.42266772680097214,0.5260271537920524,0.5260271537920524,resident,0.5172413793103449,0.0004335636037806746,0.0059572841085781,365.0,51.724137931034484,0.1762661328856594,common,17.62661328856594,,peak_abundance_with_occupancy_days_modifiers,0.5172413793103449
pacreh1,WF,0.32400041187367806,0.3826478765956286,0.3826478765956286,resident,0.5689655172413793,0.000638878671132364,0.000920227724899938,365.0,56.896551724137936,0.13511866658612068,common,13.511866658612067,,peak_abundance_with_occupancy_days_modifiers,0.5689655172413793
sooshe,WF,0.12746781071091726,0.0745455859657853,0.1359483022843637,postbreeding_migration,0.4193548387096774,1.282788450074628e-05,1.8394373911563318e-07,7.0,41.93548387096774,0.053158205930387,very_rare,5.3158205930386995,very_rare,peak_abundance_with_occupancy_days_modifiers,0.4193548387096774
