species_code,country_code,abundance,abundance_mean_avg,abundance_mean_max,peak_season,range_occupied_percent,range_total_percent,total_pop_percent,range_days_occupation,occupancy,score,frequency,frequency_pct,rarity_cap,commonness_basis,debug_range_occupied_max
brcmar1,VE,2.66849129743563,3.5133250000000005,13.4182,nonbreeding,0.6447,0.0692,0.8409,126.0,64.47,1.0,abundant,100.0,,peak_abundance_with_occupancy_days_modifiers,0.6447
dickci,VE,1.8529016041702926,2.0458333333333334,5.3783,postbreeding_migration,0.2537,0.5352,0.719,98.0,25.369999999999997,0.7727199870609593,abundant,77.27199870609593,,peak_abundance_with_occupancy_days_modifiers,0.2537
fotfly,VE,1.69609255913638,1.5675000000000001,4.4526,prebreeding_migration,0.6013,0.261,0.561,133.0,60.129999999999995,0.7073255360135144,common,70.73255360135144,,peak_abundance_with_occupancy_days_modifiers,0.6013
bbwduc,VE,1.2010786202125998,1.5695750000000002,2.3237,prebreeding_migration,0.4345,0.1021,0.2789,161.0,43.45,0.5008886892757947,common,50.08886892757947,,peak_abundance_with_occupancy_days_modifiers,0.4345
categr1,VE,1.1320712714981318,1.534552739721493,2.102075090228061,nonbreeding,0.3107980566251992,0.0294214934931634,0.0560957695507864,140.0,31.07980566251992,0.472110389615553,common,47.2110389615553,,peak_abundance_with_occupancy_days_modifiers,0.3107980566251992
scaibi,VE,0.8766698035861722,1.4028842907228187,1.4028842907228187,resident,0.3451962158282117,0.4351400327832314,0.414993612445626,365.0,34.519621582821166,0.36559970467896563,common,36.55997046789656,,peak_abundance_with_occupancy_days_modifiers,0.3451962158282117
blkvul,VE,0.8360346681084928,1.3072,1.3072,resident,0.7989,0.0432,0.0662,365.0,79.89,0.3486535369548608,common,34.86535369548608,,peak_abundance_with_occupancy_days_modifiers,0.7989
wfwduc1,VE,0.6116659386920622,0.8435,0.8435,resident,0.1652,0.0206,0.0424,365.0,16.520000000000003,0.2550845091655071,fairly_common,25.50845091655071,,peak_abundance_with_occupancy_days_modifiers,0.1652
brtpar1,VE,0.590671388970709,0.8052,0.8052,resident,0.5233,0.5262,0.5101,365.0,52.33,0.24632910188833598,common,24.6329101888336,,peak_abundance_with_occupancy_days_modifiers,0.5233
greegr,VE,0.5762762288285299,0.5433,0.7794,nonbreeding,0.4947,0.0158,0.0429,133.0,49.47,0.240325853829308,fairly_common,24.032585382930797,,peak_abundance_with_occupancy_days_modifiers,0.4947
trokin,VE,0.5730677602294036,0.7166750000000001,0.7737,breeding,0.9758,0.0685,0.1203,119.0,97.58,0.2389878184966048,fairly_common,23.89878184966048,,peak_abundance_with_occupancy_days_modifiers,0.9758
turvul,VE,0.537370178988103,0.5373,0.7115,nonbreeding,0.9804,0.0454,0.0476,126.0,98.04,0.22410077082348387,fairly_common,22.410077082348387,,peak_abundance_with_occupancy_days_modifiers,0.9804
bafibi1,VE,0.5298632526431284,0.6987,0.6987,resident,0.3404,0.119,0.2442,365.0,34.04,0.2209701393775934,fairly_common,22.097013937759343,,peak_abundance_with_occupancy_days_modifiers,0.3404
smbani,VE,0.5073596241228161,0.6609,0.6609,resident,0.7028,0.0605,0.073,365.0,70.28,0.21158539736004472,common,21.15853973600447,,peak_abundance_with_occupancy_days_modifiers,0.7028
soulap1,VE,0.4918874227457398,0.60195,0.6354,postbreeding_migration,0.6954,0.0514,0.0349,175.0,69.54,0.20513298821916506,fairly_common,20.513298821916507,,peak_abundance_with_occupancy_days_modifiers,0.6954
scadov1,VE,0.47896337061720745,0.6144,0.6144,resident,0.4018,0.0774,0.1697,365.0,40.18,0.19974323985311157,fairly_common,19.974323985311155,,peak_abundance_with_occupancy_days_modifiers,0.4018
bugtan,VE,0.44673500230638125,0.5632,0.5632,resident,0.9351,0.1372,0.2029,365.0,93.51,0.18630296634474638,common,18.63029663447464,,peak_abundance_with_occupancy_days_modifiers,0.9351
watjac1,VE,0.44667102891928845,0.5631,0.5631,resident,0.3516,0.0701,0.1416,365.0,35.160000000000004,0.18627628737013951,fairly_common,18.62762873701395,,peak_abundance_with_occupancy_days_modifiers,0.3516
rugdov,VE,0.41989384476028535,0.5218,0.5218,resident,0.5014,0.0546,0.0643,365.0,50.13999999999999,0.175109334224703,common,17.510933422470302,,peak_abundance_with_occupancy_days_modifiers,0.5014
cargra1,VE,0.4033294959777428,0.4968,0.4968,resident,0.3469,0.5317,0.6011,365.0,34.69,0.16820146423953397,fairly_common,16.820146423953396,,peak_abundance_with_occupancy_days_modifiers,0.3469
neocor,VE,0.40025154105527694,0.4922,0.4922,resident,0.193,0.0488,0.0745,365.0,19.3,0.16691785733752204,fairly_common,16.691785733752205,,peak_abundance_with_occupancy_days_modifiers,0.193
grekis,VE,0.38960669217370647,0.4764,0.4764,resident,0.5937,0.0437,0.0406,365.0,59.37,0.16247861055209095,common,16.247861055209096,,peak_abundance_with_occupancy_days_modifiers,0.5937
pavpig2,VE,0.38055747240197957,0.4631,0.4631,resident,0.6001,0.0694,0.1673,365.0,60.01,0.15870479279016417,common,15.870479279016417,,peak_abundance_with_occupancy_days_modifiers,0.6001
yercac1,VE,0.3701832939635246,0.448,0.448,resident,0.5651,0.0724,0.0957,365.0,56.510000000000005,0.15437842434691343,common,15.437842434691342,,peak_abundance_with_occupancy_days_modifiers,0.5651
scrpih1,VE,0.36669237388351766,0.4429539605089139,0.4429539605089139,resident,0.562685765511745,0.055959047974969,0.0473555219846319,365.0,56.2685765511745,0.1529225975976772,common,15.29225975976772,,peak_abundance_with_occupancy_days_modifiers,0.562685765511745
barswi,VE,0.3578903289279133,0.4303087483840395,0.4303087483840395,resident,0.4574071086927284,0.1244023506823597,0.1054423047911144,365.0,45.74071086927284,0.14925185974041782,fairly_common,14.925185974041783,,peak_abundance_with_occupancy_days_modifiers,0.4574071086927284
eardov1,VE,0.3435897043900769,0.41,0.41,resident,0.3072,0.0395,0.0131,365.0,30.72,0.1432880360905436,fairly_common,14.328803609054361,,peak_abundance_with_occupancy_days_modifiers,0.3072
saffin,VE,0.3424543082987604,0.4084,0.4084,resident,0.4238,0.0516,0.0498,365.0,42.38,0.14281453914336814,fairly_common,14.281453914336813,,peak_abundance_with_occupancy_days_modifiers,0.4238
ywcpar,VE,0.333109445916024,0.3953,0.3953,resident,0.3822,0.0959,0.2188,365.0,38.22,0.13891742883636513,fairly_common,13.891742883636512,,peak_abundance_with_occupancy_days_modifiers,0.3822
blbgra1,VE,0.3317468036138815,0.3934,0.3934,resident,0.6905,0.061,0.048,365.0,69.05,0.13834916285844678,common,13.834916285844677,,peak_abundance_with_occupancy_days_modifiers,0.6905
whttou1,VE,0.2800856943135756,0.3232432018968274,0.3232432018968274,resident,0.6112467463263153,0.0824713755232736,0.0615340047545859,365.0,61.124674632631525,0.11680480690331084,common,11.680480690331084,,peak_abundance_with_occupancy_days_modifiers,0.6112467463263153
orwpar,VE,0.2741408018851136,0.3154,0.3154,resident,0.3441,0.0462,0.0918,365.0,34.410000000000004,0.11432559419710943,fairly_common,11.432559419710943,,peak_abundance_with_occupancy_days_modifiers,0.3441
yehbla2,VE,0.27182866361837527,0.3123621266688898,0.3123621266688898,resident,0.2929874630354549,0.4801281739682196,0.5120557047688574,365.0,29.298746303545492,0.11336135764642806,fairly_common,11.336135764642806,,peak_abundance_with_occupancy_days_modifiers,0.2929874630354549
tromoc,VE,0.271095268847382,0.3114,0.3114,resident,0.5046,0.3778,0.4784,365.0,50.46000000000001,0.11305550827122267,common,11.305550827122266,,peak_abundance_with_occupancy_days_modifiers,0.5046
whtdov,VE,0.2691106868663456,0.3088,0.3088,resident,0.6762,0.0551,0.0535,365.0,67.62,0.11222787330169358,common,11.222787330169357,,peak_abundance_with_occupancy_days_modifiers,0.6762
blhpar1,VE,0.2679639415856773,0.3073,0.3073,resident,0.4573,0.0659,0.067,365.0,45.73,0.11174964337494209,fairly_common,11.17496433749421,,peak_abundance_with_occupancy_days_modifiers,0.4573
snoegr,VE,0.26459254922674885,0.258,0.3029,prebreeding_migration,0.3031,0.0469,0.0658,119.0,30.31,0.11034366355706865,fairly_common,11.034366355706865,,peak_abundance_with_occupancy_days_modifiers,0.3031
sibtan2,VE,0.2630563326253763,0.3009,0.3009,resident,0.6076,0.0666,0.076,365.0,60.760000000000005,0.10970301147405265,common,10.970301147405264,,peak_abundance_with_occupancy_days_modifiers,0.6076
gybmar,VE,0.2592054344592317,0.252725,0.2959,postbreeding_migration,0.7433,0.0634,0.0831,112.0,74.33,0.10809706220269416,fairly_common,10.809706220269415,,peak_abundance_with_occupancy_days_modifiers,0.7433
barswa,VE,0.2580472673220902,0.2006,0.2944,prebreeding_migration,0.3585,0.0056,0.003,133.0,35.85,0.10761406899182303,fairly_common,10.761406899182303,,peak_abundance_with_occupancy_days_modifiers,0.3585
houwre,VE,0.25526218119566974,0.27435,0.2908,postbreeding_migration,0.9823,0.0516,0.0392,126.0,98.22999999999999,0.1064525978641994,fairly_common,10.64525978641994,,peak_abundance_with_occupancy_days_modifiers,0.9823
grrpar1,VE,0.2537115528806276,0.2888,0.2888,resident,0.3542,0.7593,0.8025,365.0,35.42,0.10580593562976721,fairly_common,10.580593562976722,,peak_abundance_with_occupancy_days_modifiers,0.3542
paltan1,VE,0.25301298491648755,0.2879,0.2879,resident,0.7691,0.0822,0.1165,365.0,76.91,0.10551461016110958,common,10.551461016110958,,peak_abundance_with_occupancy_days_modifiers,0.7691
banana,VE,0.24787518753339344,0.2813,0.2813,resident,0.9471,0.1023,0.1365,365.0,94.71000000000001,0.10337198223178455,common,10.337198223178454,,peak_abundance_with_occupancy_days_modifiers,0.9471
y00678,VE,0.24490504309572247,0.2775,0.2775,resident,0.4751,0.0397,0.04,365.0,47.510000000000005,0.10213333579406725,fairly_common,10.213333579406726,,peak_abundance_with_occupancy_days_modifiers,0.4751
rumfly1,VE,0.24451357705040225,0.277,0.277,resident,0.8551,0.1053,0.1336,365.0,85.50999999999999,0.101970081773026,common,10.1970081773026,,peak_abundance_with_occupancy_days_modifiers,0.8551
crebob1,VE,0.2192158479762298,0.2451,0.2451,resident,0.3646,0.3982,0.4851,365.0,36.46,0.09142010931962116,fairly_common,9.142010931962115,,peak_abundance_with_occupancy_days_modifiers,0.3646
woosto,VE,0.212931586237793,0.10445,0.2373,nonbreeding,0.243,0.0564,0.117,161.0,24.3,0.08879936861850497,fairly_common,8.879936861850497,,peak_abundance_with_occupancy_days_modifiers,0.243
whcswi,VE,0.211313855560631,0.2353,0.2353,resident,0.298,0.0846,0.0694,365.0,29.799999999999997,0.08812472252552773,fairly_common,8.812472252552773,,peak_abundance_with_occupancy_days_modifiers,0.298
whfant4,VE,0.20639518117208652,0.2292388800853746,0.2292388800853746,resident,0.573627242337647,0.6350062139116373,0.6725019018455135,365.0,57.362724233764695,0.08607347598263582,common,8.607347598263582,,peak_abundance_with_occupancy_days_modifiers,0.573627242337647
yehcar1,VE,0.20416458471640694,0.2265,0.2265,resident,0.564,0.0666,0.144,365.0,56.39999999999999,0.08514324500842128,common,8.514324500842129,,peak_abundance_with_occupancy_days_modifiers,0.564
yelori1,VE,0.1941677790776362,0.2143,0.2143,resident,0.474,0.5367,0.5177,365.0,47.4,0.08097425324628134,fairly_common,8.097425324628134,,peak_abundance_with_occupancy_days_modifiers,0.474
srwswa1,VE,0.1873920136070602,0.2041,0.2061,nonbreeding,0.7922,0.0613,0.0538,224.0,79.22,0.0781485395683572,common,7.814853956835719,,peak_abundance_with_occupancy_days_modifiers,0.7922
cotfly1,VE,0.17235539248210466,0.1881,0.1881,resident,0.5326,0.0903,0.0958,365.0,53.26,0.07187778150167665,fairly_common,7.187778150167665,,peak_abundance_with_occupancy_days_modifiers,0.5326
trogna1,VE,0.1690674411155387,0.1842,0.1842,resident,0.4423,0.1068,0.1327,365.0,44.230000000000004,0.070506599280391,uncommon,7.0506599280391,,peak_abundance_with_occupancy_days_modifiers,0.4423
rosspo1,VE,0.16839165126045666,0.12537500000000001,0.1834,prebreeding_migration,0.176,0.0831,0.1808,189.0,17.599999999999998,0.07022477302102594,uncommon,7.022477302102594,,peak_abundance_with_occupancy_days_modifiers,0.176
bknsti,VE,0.16746169388693063,0.09492500000000001,0.1823,nonbreeding,0.1489,0.0374,0.0325,140.0,14.89,0.06983695067362174,uncommon,6.983695067362174,,peak_abundance_with_occupancy_days_modifiers,0.1489
labter1,VE,0.16519347563201173,0.1796213246158525,0.1796213246158525,resident,0.1694992416818035,0.1329349945357208,0.1095676072113419,365.0,16.94992416818035,0.06889103019050079,uncommon,6.889103019050078,,peak_abundance_with_occupancy_days_modifiers,0.1694992416818035
buwtea,VE,0.16177865556262525,0.11803333333333332,0.1756,prebreeding_migration,0.1114,0.148,0.0597,98.0,11.14,0.06746693961068104,uncommon,6.746693961068104,,peak_abundance_with_occupancy_days_modifiers,0.1114
bicwre1,VE,0.1547790537875536,0.1674,0.1674,resident,0.376,0.509,0.4001,365.0,37.6,0.06454787894340552,uncommon,6.454787894340552,,peak_abundance_with_occupancy_days_modifiers,0.376
roahaw,VE,0.1540935353374002,0.1666,0.1666,resident,0.9413,0.0616,0.0536,365.0,94.13,0.06426199554477263,fairly_common,6.426199554477263,,peak_abundance_with_occupancy_days_modifiers,0.9413
ruvcha1,VE,0.15357908792830063,0.166,0.166,resident,0.2431,0.6777,0.6999,365.0,24.310000000000002,0.06404745431149379,uncommon,6.404745431149379,,peak_abundance_with_occupancy_days_modifiers,0.2431
cogdov,VE,0.15254939846028448,0.1648,0.1648,resident,0.3337,0.1331,0.1399,365.0,33.37,0.0636180404502227,uncommon,6.36180404502227,,peak_abundance_with_occupancy_days_modifiers,0.3337
bunibi1,VE,0.1520341558554981,0.1642,0.1642,resident,0.1585,0.0344,0.0693,365.0,15.85,0.06340316759458499,uncommon,6.340316759458499,,peak_abundance_with_occupancy_days_modifiers,0.1585
recwoo1,VE,0.15040080066752523,0.1623,0.1623,resident,0.4887,0.5033,0.4386,365.0,48.870000000000005,0.06272200557449946,uncommon,6.2722005574499455,,peak_abundance_with_occupancy_days_modifiers,0.4887
greani1,VE,0.1485924040498269,0.1602,0.1602,resident,0.3578,0.0559,0.0675,365.0,35.78,0.06196784560837721,uncommon,6.196784560837721,,peak_abundance_with_occupancy_days_modifiers,0.3578
orcpar,VE,0.14850620829922404,0.1601,0.1601,resident,0.1887,0.2684,0.181,365.0,18.87,0.061931899188372615,uncommon,6.193189918837262,,peak_abundance_with_occupancy_days_modifiers,0.1887
blkski,VE,0.14747127935820828,0.0854,0.1589,nonbreeding,0.2574,0.2058,0.1807,140.0,25.740000000000002,0.0615003002971467,uncommon,6.15003002971467,,peak_abundance_with_occupancy_days_modifiers,0.2574
trsowl,VE,0.1460564878564821,0.1572615574292591,0.1572615574292591,resident,0.9151219281056476,0.0606641665216021,0.0245169498705902,365.0,91.51219281056477,0.0609102864138151,fairly_common,6.09102864138151,,peak_abundance_with_occupancy_days_modifiers,0.9151219281056476
grefla2,VE,0.14513876566623865,0.1562,0.1562,resident,0.0118,0.1399,0.17,365.0,1.18,0.06052756653415484,rare,6.052756653415484,rare,peak_abundance_with_occupancy_days_modifiers,0.0118
gnbtro1,VE,0.14433252107126804,0.155268195680868,0.155268195680868,resident,0.4601874419396443,0.064570281112446,0.0549802697388558,365.0,46.01874419396443,0.060191336422641295,uncommon,6.01913364226413,,peak_abundance_with_occupancy_days_modifiers,0.4601874419396443
rebmac2,VE,0.1429821522483374,0.1537092103667793,0.1537092103667793,resident,0.3100734836633215,0.0555430981105014,0.0386044687179857,365.0,31.00734836633215,0.05962818888310979,uncommon,5.962818888310979,,peak_abundance_with_occupancy_days_modifiers,0.3100734836633215
chbtou1,VE,0.14281891763417104,0.1535209004587306,0.1535209004587306,resident,0.411283097464435,0.0582528387951566,0.0548275758253975,365.0,41.1283097464435,0.059560114761600794,uncommon,5.9560114761600795,,peak_abundance_with_occupancy_days_modifiers,0.411283097464435
bubwre1,VE,0.14184672422823638,0.1524,0.1524,resident,0.5599,0.0836,0.0963,365.0,55.989999999999995,0.05915467862059702,fairly_common,5.915467862059702,,peak_abundance_with_occupancy_days_modifiers,0.5599
paipar1,VE,0.14123911169272466,0.1517,0.1517,resident,0.1637,0.1479,0.1603,365.0,16.37,0.05890128451185317,uncommon,5.890128451185317,,peak_abundance_with_occupancy_days_modifiers,0.1637
compau,VE,0.14115227975588376,0.1516,0.1516,resident,0.8384,0.0607,0.0418,365.0,83.84,0.058865072781580416,fairly_common,5.886507278158041,,peak_abundance_with_occupancy_days_modifiers,0.8384
blcant4,VE,0.14045735269525578,0.1508,0.1508,resident,0.4805,0.4592,0.4713,365.0,48.05,0.05857526568762134,uncommon,5.857526568762134,,peak_abundance_with_occupancy_days_modifiers,0.4805
grbani,VE,0.13575392097761987,0.13240000000000002,0.1454,prebreeding_migration,0.3061,0.1883,0.1132,133.0,30.61,0.05661378231051496,uncommon,5.661378231051496,,peak_abundance_with_occupancy_days_modifiers,0.3061
whwswa1,VE,0.13479309634153203,0.1443,0.1443,resident,0.3147,0.0903,0.1273,365.0,31.47,0.056213087314787955,uncommon,5.621308731478796,,peak_abundance_with_occupancy_days_modifiers,0.3147
piwtyr1,VE,0.13286867307442432,0.1421,0.1421,resident,0.2786,0.4818,0.5911,365.0,27.860000000000003,0.05541054047759357,uncommon,5.541054047759357,,peak_abundance_with_occupancy_days_modifiers,0.2786
shicow,VE,0.13234318698771316,0.1415,0.1415,resident,0.3816,0.0389,0.016,365.0,38.16,0.0551913957581922,uncommon,5.51913957581922,,peak_abundance_with_occupancy_days_modifiers,0.3816
origoo1,VE,0.13164210905171514,0.1407,0.1407,resident,0.0844,0.3388,0.4408,365.0,8.44,0.0548990235499682,uncommon,5.48990235499682,,peak_abundance_with_occupancy_days_modifiers,0.0844
sobtyr1,VE,0.13006288429816837,0.11295,0.1389,breeding,0.9347,0.0658,0.0644,161.0,93.47,0.05424043567440021,uncommon,5.424043567440021,,peak_abundance_with_occupancy_days_modifiers,0.9347
pabspi1,VE,0.12944806718688645,0.1382,0.1382,resident,0.6571,0.0981,0.1505,365.0,65.71000000000001,0.05398403702419373,fairly_common,5.3984037024193725,,peak_abundance_with_occupancy_days_modifiers,0.6571
yebfly3,VE,0.12816800315915888,0.1367439632326024,0.1367439632326024,resident,0.5078858265012444,0.107258644324715,0.0687955639542074,365.0,50.78858265012444,0.053450208861534385,fairly_common,5.3450208861534385,,peak_abundance_with_occupancy_days_modifiers,0.5078858265012444
reccar3,VE,0.12741687826599057,0.1358904471333827,0.1358904471333827,resident,0.2147602731293338,0.6345914909296462,0.6650802151223629,365.0,21.47602731293338,0.05313696545107809,uncommon,5.313696545107809,,peak_abundance_with_occupancy_days_modifiers,0.2147602731293338
bubtan2,VE,0.12587019283684026,0.1341349398883943,0.1341349398883943,resident,0.4457599403652185,0.1422999234161557,0.0801085595829439,365.0,44.57599403652185,0.052491947527778485,uncommon,5.249194752777848,,peak_abundance_with_occupancy_days_modifiers,0.4457599403652185
cocher1,VE,0.12451587469756756,0.1326,0.1326,resident,0.342,0.0759,0.1128,365.0,34.2,0.05192715299540842,uncommon,5.192715299540842,,peak_abundance_with_occupancy_days_modifiers,0.342
gloibi,VE,0.12354418609145502,0.08195,0.1315,nonbreeding,0.2483,,,,24.83,0.051521927372281576,uncommon,5.152192737228158,,peak_abundance_with_occupancy_days_modifiers,0.2483
libher,VE,0.12142085520433943,0.0812,0.1291,nonbreeding,0.3938,0.1794,0.1865,133.0,39.379999999999995,0.05063642961464281,uncommon,5.063642961464281,,peak_abundance_with_occupancy_days_modifiers,0.3938
stbwoo2,VE,0.11849389404778915,0.1258,0.1258,resident,0.5007,0.083,0.141,365.0,50.07,0.04941579200392074,fairly_common,4.9415792003920735,,peak_abundance_with_occupancy_days_modifiers,0.5007
squcuc1,VE,0.11635980111619529,0.1234,0.1234,resident,0.8707,0.062,0.0595,365.0,87.07000000000001,0.04852580612513659,fairly_common,4.852580612513659,,peak_abundance_with_occupancy_days_modifiers,0.8707
creoro1,VE,0.11511280710050457,0.122,0.122,resident,0.2653,0.0486,0.0817,365.0,26.529999999999998,0.048005769228681335,uncommon,4.800576922868133,,peak_abundance_with_occupancy_days_modifiers,0.2653
grasal4,VE,0.11377501425884463,0.1205,0.1205,resident,0.4198,0.5449,0.5604,365.0,41.980000000000004,0.047447866280693723,uncommon,4.744786628069372,,peak_abundance_with_occupancy_days_modifiers,0.4198
rubsee1,VE,0.11279282747512216,0.1194,0.1194,resident,0.4854,0.4255,0.4009,365.0,48.54,0.047038262577452604,uncommon,4.70382625774526,,peak_abundance_with_occupancy_days_modifiers,0.4854
whiher1,VE,0.11136246785346073,0.1178,0.1178,resident,0.2716,0.0513,0.117,365.0,27.16,0.04644175628383444,uncommon,4.6441756283834446,,peak_abundance_with_occupancy_days_modifiers,0.2716
rubpep1,VE,0.10741839676727034,0.1134,0.1134,resident,0.7985,0.0598,0.0425,365.0,79.85,0.04479695088681326,fairly_common,4.479695088681326,,peak_abundance_with_occupancy_days_modifiers,0.7985
laugul,VE,0.10705907229340778,0.055900000000000005,0.113,breeding,0.0071,0.0343,0.0277,161.0,0.7100000000000001,0.044647100942181106,very_rare,4.464710094218111,very_rare,peak_abundance_with_occupancy_days_modifiers,0.0071
yebela1,VE,0.104720310770403,0.1104,0.1104,resident,0.5138,0.0841,0.0649,365.0,51.38,0.04367176163127144,fairly_common,4.367176163127144,,peak_abundance_with_occupancy_days_modifiers,0.5138
socfly1,VE,0.10426992117579677,0.1099,0.1099,resident,0.4864,0.0678,0.0658,365.0,48.64,0.043483934581560225,uncommon,4.348393458156022,,peak_abundance_with_occupancy_days_modifiers,0.4864
bncfly,VE,0.10390946339051156,0.08775,0.1095,nonbreeding,0.5227,0.0547,0.0621,140.0,52.27,0.043333612009355184,uncommon,4.333361200935518,,peak_abundance_with_occupancy_days_modifiers,0.5227
forela1,VE,0.10327834945350173,0.1088,0.1088,resident,0.5281,0.0687,0.0701,365.0,52.81,0.043070417054942835,fairly_common,4.307041705494283,,peak_abundance_with_occupancy_days_modifiers,0.5281
rebbla1,VE,0.098215047496955,0.1032,0.1032,resident,0.2473,0.187,0.1826,365.0,24.73,0.04095885613150106,uncommon,4.095885613150106,,peak_abundance_with_occupancy_days_modifiers,0.2473
savhaw1,VE,0.09776171778249576,0.1027,0.1027,resident,0.3338,0.0625,0.1247,365.0,33.379999999999995,0.04076980295657648,uncommon,4.0769802956576475,,peak_abundance_with_occupancy_days_modifiers,0.3338
peptyr1,VE,0.09731173633780303,0.1022039170833618,0.1022039170833618,resident,0.6111172146230043,0.4979637447738774,0.5017562939345841,365.0,61.11172146230043,0.0405821461185997,fairly_common,4.05821461185997,,peak_abundance_with_occupancy_days_modifiers,0.6111172146230043
meapar,VE,0.0969452060564791,0.1018,0.1018,resident,0.2305,0.0446,0.0423,365.0,23.05,0.04042929111884976,uncommon,4.042929111884976,,peak_abundance_with_occupancy_days_modifiers,0.2305
chfmac1,VE,0.09667288726026077,0.1015,0.1015,resident,0.296,0.0522,0.0435,365.0,29.599999999999998,0.04031572536003307,uncommon,4.031572536003307,,peak_abundance_with_occupancy_days_modifiers,0.296
gohman1,VE,0.09635589374253375,0.1011508869764298,0.1011508869764298,resident,0.369126331092006,0.1539120941554524,0.1274422119035911,365.0,36.9126331092006,0.04018352879526939,uncommon,4.0183528795269385,,peak_abundance_with_occupancy_days_modifiers,0.369126331092006
magfri,VE,0.09576462198437931,0.0814,0.1005,breeding,0.0188,0.0624,0.07,140.0,1.8800000000000001,0.03993694931998467,rare,3.993694931998467,rare,peak_abundance_with_occupancy_days_modifiers,0.0188
ragmac1,VE,0.09512834509157728,0.0998,0.0998,resident,0.3535,0.0839,0.0941,365.0,35.35,0.03967160124577148,uncommon,3.967160124577148,,peak_abundance_with_occupancy_days_modifiers,0.3535
plukit1,VE,0.09449166309271763,0.065575,0.0991,breeding,0.7795,0.1095,0.1313,126.0,77.95,0.039406084229210214,uncommon,3.9406084229210214,,peak_abundance_with_occupancy_days_modifiers,0.7795
verfly,VE,0.09449166309271763,0.0914,0.0991,postbreeding_migration,0.3599,0.077,0.0702,112.0,35.99,0.039406084229210214,uncommon,3.9406084229210214,,peak_abundance_with_occupancy_days_modifiers,0.3599
grfdov1,VE,0.0942106868392798,0.0987912223814671,0.0987912223814671,resident,0.3875652286229872,0.041204586696678,0.0504889457808535,365.0,38.75652286229872,0.039288908030305617,uncommon,3.9288908030305616,,peak_abundance_with_occupancy_days_modifiers,0.3875652286229872
bobfly1,VE,0.09339926425854966,0.0979,0.0979,resident,0.5838,0.0528,0.0604,365.0,58.379999999999995,0.03895051853100814,fairly_common,3.8950518531008136,,peak_abundance_with_occupancy_days_modifiers,0.5838
ruther1,VE,0.09075436326846414,0.095,0.095,resident,0.3428,0.0564,0.1445,365.0,34.28,0.03784750914603237,uncommon,3.784750914603237,,peak_abundance_with_occupancy_days_modifiers,0.3428
chivir1,VE,0.08929210747876185,0.066275,0.0934,nonbreeding,0.8212,0.0898,0.1111,182.0,82.12,0.03723770111717885,fairly_common,3.7237701117178847,,peak_abundance_with_occupancy_days_modifiers,0.8212
easmea,VE,0.0891091750717759,0.0591,0.0932,nonbreeding,0.409,0.1098,0.0446,119.0,40.9,0.03716141237802451,uncommon,3.7161412378024514,,peak_abundance_with_occupancy_days_modifiers,0.409
barant1,VE,0.08892620919440151,0.093,0.093,resident,0.364,0.0404,0.048,365.0,36.4,0.03708510968063405,uncommon,3.7085109680634045,,peak_abundance_with_occupancy_days_modifiers,0.364
yecspi2,VE,0.08892620919440151,0.093,0.093,resident,0.2203,0.0617,0.0825,365.0,22.03,0.03708510968063405,uncommon,3.7085109680634045,,peak_abundance_with_occupancy_days_modifiers,0.2203
y01204,VE,0.08821775133973381,0.07238906071534898,0.0922259297952828,postbreeding_migration,0.4908335348643394,0.1721795705723768,0.1761394118501705,154.0,49.08335348643394,0.036789659807278684,uncommon,3.6789659807278685,,peak_abundance_with_occupancy_days_modifiers,0.4908335348643394
linwoo1,VE,0.0880108773227133,0.092,0.092,resident,0.7944,0.0678,0.0737,365.0,79.44,0.03670338664123712,fairly_common,3.6703386641237126,,peak_abundance_with_occupancy_days_modifiers,0.7944
leasan,VE,0.08764450985204636,0.04845,0.0916,nonbreeding,0.1691,0.161,0.062,133.0,16.91,0.03655059953880477,uncommon,3.655059953880477,,peak_abundance_with_occupancy_days_modifiers,0.1691
dstkne,VE,0.08544348181746748,0.0892,0.0892,resident,0.269,0.4987,0.5329,365.0,26.900000000000002,0.03563269955395255,uncommon,3.563269955395255,,peak_abundance_with_occupancy_days_modifiers,0.269
pbgdov1,VE,0.0853516670995037,0.0891,0.0891,resident,0.3623,0.1024,0.0923,365.0,36.230000000000004,0.035594409842552174,uncommon,3.5594409842552173,,peak_abundance_with_occupancy_days_modifiers,0.3623
rudpig,VE,0.08461684571987893,0.0883,0.0883,resident,0.4252,0.072,0.0804,365.0,42.52,0.035287965525337625,uncommon,3.5287965525337626,,peak_abundance_with_occupancy_days_modifiers,0.4252
pabthr1,VE,0.08443305597482932,0.0881,0.0881,resident,0.4228,0.075,0.0467,365.0,42.28,0.03521131924844035,uncommon,3.521131924844035,,peak_abundance_with_occupancy_days_modifiers,0.4228
brnpel,VE,0.08268536661860784,0.0683,0.0862,nonbreeding,0.0156,0.0544,0.0468,161.0,1.5599999999999998,0.0344824761767486,rare,3.44824761767486,rare,peak_abundance_with_occupancy_days_modifiers,0.0156
linsee1,VE,0.08213282953852233,0.0426,0.0856,nonbreeding,0.5059,0.2423,0.2225,105.0,50.59,0.03425205031688991,uncommon,3.425205031688991,,peak_abundance_with_occupancy_days_modifiers,0.5059
purgal2,VE,0.08194858264716741,0.051575,0.0854,breeding,0.3833,0.0737,0.1809,112.0,38.33,0.03417521339517568,uncommon,3.417521339517568,,peak_abundance_with_occupancy_days_modifiers,0.3833
grykin,VE,0.08185644646983221,0.045425,0.0853,postbreeding_migration,0.303,0.5055,0.2818,98.0,30.3,0.03413678962480491,uncommon,3.413678962480491,,peak_abundance_with_occupancy_days_modifiers,0.303
swtkit,VE,0.08028883122880298,0.07255,0.0836,breeding,0.5255,0.0748,0.0816,98.0,52.55,0.03348304329200538,uncommon,3.348304329200538,,peak_abundance_with_occupancy_days_modifiers,0.5255
lyhvul1,VE,0.0800119379693847,0.0833,0.0833,resident,0.4306,0.0769,0.0663,365.0,43.059999999999995,0.03336756983386093,uncommon,3.3367569833860933,,peak_abundance_with_occupancy_days_modifiers,0.4306
scamac1,VE,0.07991962317587349,0.0832,0.0832,resident,0.2824,0.0593,0.0696,365.0,28.24,0.033329071574759124,uncommon,3.3329071574759124,,peak_abundance_with_occupancy_days_modifiers,0.2824
greibi1,VE,0.07945792133471552,0.0827,0.0827,resident,0.3368,0.0523,0.0802,365.0,33.68,0.033136526951816056,uncommon,3.3136526951816054,,peak_abundance_with_occupancy_days_modifiers,0.3368
bcnher,VE,0.07705362944229141,0.057225,0.0801,nonbreeding,0.2045,0.0203,0.0275,112.0,20.45,0.03213385935423652,uncommon,3.2133859354236525,,peak_abundance_with_occupancy_days_modifiers,0.2045
rinkin1,VE,0.076868444256577,0.0799,0.0799,resident,0.4052,0.0562,0.0847,365.0,40.52,0.032056631133381704,uncommon,3.2056631133381703,,peak_abundance_with_occupancy_days_modifiers,0.4052
strcuc1,VE,0.07232066157962612,0.075,0.075,resident,0.4946,0.0584,0.0765,365.0,49.46,0.030160058447935078,uncommon,3.016005844793508,,peak_abundance_with_occupancy_days_modifiers,0.4946
yectyr1,VE,0.07129688188203376,0.0739,0.0739,resident,0.432,0.0685,0.0672,365.0,43.2,0.029733109152356586,uncommon,2.9733109152356585,,peak_abundance_with_occupancy_days_modifiers,0.432
solsan,VE,0.07120375900633207,0.06546666666666666,0.0738,nonbreeding,0.3981,0.0541,0.1421,126.0,39.81,0.02969427389680641,uncommon,2.969427389680641,,peak_abundance_with_occupancy_days_modifiers,0.3981
musduc,VE,0.07055165595094469,0.0731,0.0731,resident,0.2675,0.0447,0.0663,365.0,26.75,0.0294223258001631,uncommon,2.9422325800163103,,peak_abundance_with_occupancy_days_modifiers,0.2675
rutjac1,VE,0.07036526266056349,0.0729,0.0729,resident,0.3236,0.0584,0.0625,365.0,32.36,0.02934459376053,uncommon,2.934459376053,,peak_abundance_with_occupancy_days_modifiers,0.3236
shtswi1,VE,0.06980587424396292,0.0723,0.0723,resident,0.3014,0.0718,0.0747,365.0,30.14,0.029111310671420067,uncommon,2.9111310671420068,,peak_abundance_with_occupancy_days_modifiers,0.3014
bludac1,VE,0.06952606264861023,0.072,0.072,resident,0.3682,0.0423,0.0514,365.0,36.82,0.02899462017266192,uncommon,2.8994620172661922,,peak_abundance_with_occupancy_days_modifiers,0.3682
whmtyr1,VE,0.06864797895271017,0.0710591074296627,0.0710591074296627,resident,0.3980844753522139,0.1655576273039062,0.165544599820481,365.0,39.80844753522139,0.02862843082909005,uncommon,2.862843082909005,,peak_abundance_with_occupancy_days_modifiers,0.3980844753522139
gofgre1,VE,0.06864422325022877,0.071055084857869,0.071055084857869,resident,0.1515071427238173,0.7683141567262995,0.8730170529846232,365.0,15.15071427238173,0.02862686457950277,uncommon,2.862686457950277,,peak_abundance_with_occupancy_days_modifiers,0.1515071427238173
leskis1,VE,0.0678455468950672,0.0702,0.0702,resident,0.3918,0.1047,0.1557,365.0,39.18,0.028293790669135736,uncommon,2.8293790669135737,,peak_abundance_with_occupancy_days_modifiers,0.3918
cattyr,VE,0.06747171511501267,0.0698,0.0698,resident,0.3269,0.0532,0.0473,365.0,32.690000000000005,0.028137890707909233,uncommon,2.813789070790923,,peak_abundance_with_occupancy_days_modifiers,0.3269
crcwoo1,VE,0.06681717303731714,0.0691,0.0691,resident,0.6334,0.0628,0.0663,365.0,63.339999999999996,0.027864925459960017,fairly_common,2.7864925459960017,,peak_abundance_with_occupancy_days_modifiers,0.6334
semsan,VE,0.06597498892353289,0.036525,0.0682,prebreeding_migration,0.0101,0.0693,0.0202,112.0,1.01,0.02751370740496909,rare,2.751370740496909,rare,peak_abundance_with_occupancy_days_modifiers,0.0101
spbwoo1,VE,0.06583648204425797,0.068052057197343,0.068052057197343,resident,0.4124786117183909,0.2776579966997871,0.3033910868674643,365.0,41.24786117183909,0.027455945549876383,uncommon,2.745594554987638,,peak_abundance_with_occupancy_days_modifiers,0.4124786117183909
purhon1,VE,0.06578730818755411,0.0679995382498203,0.0679995382498203,resident,0.3181354169370697,0.0770276289526805,0.0855924408517276,365.0,31.81354169370697,0.027435438458819548,uncommon,2.743543845881955,,peak_abundance_with_occupancy_days_modifiers,0.3181354169370697
webwoo1,VE,0.06531946612064257,0.0675,0.0675,resident,0.4005,0.0679,0.0681,365.0,40.050000000000004,0.02724033316284656,uncommon,2.724033316284656,,peak_abundance_with_occupancy_days_modifiers,0.4005
yebsee1,VE,0.06531946612064257,0.0675,0.0675,resident,0.1986,0.0641,0.0986,365.0,19.86,0.02724033316284656,uncommon,2.724033316284656,,peak_abundance_with_occupancy_days_modifiers,0.1986
norscr1,VE,0.06511615577106582,0.0672829882629404,0.0672829882629404,resident,0.2611367527429241,0.1746851780370145,0.0737756970191998,365.0,26.113675274292408,0.02715554616156133,uncommon,2.715554616156133,,peak_abundance_with_occupancy_days_modifiers,0.2611367527429241
anhing,VE,0.06353802080398764,0.049074999999999994,0.0656,nonbreeding,0.4425,0.0741,0.0918,105.0,44.25,0.026497412762250518,uncommon,2.649741276225052,,peak_abundance_with_occupancy_days_modifiers,0.4425
strfly1,VE,0.06278698809876482,0.0483,0.0648,postbreeding_migration,0.8096,0.0545,0.0951,112.0,80.96,0.026184207797153573,uncommon,2.618420779715357,,peak_abundance_with_occupancy_days_modifiers,0.8096
pirfly1,VE,0.06241126012139706,0.052125000000000005,0.0644,prebreeding_migration,0.6236,0.0853,0.1244,112.0,62.36000000000001,0.02602751706022692,uncommon,2.602751706022692,,peak_abundance_with_occupancy_days_modifiers,0.6236
dusant1,VE,0.06156535565815483,0.0635,0.0635,resident,0.3054,0.1753,0.18,365.0,30.54,0.02567474749900452,uncommon,2.5674747499004518,,peak_abundance_with_occupancy_days_modifiers,0.3054
whwbec1,VE,0.06071873503470581,0.050600000000000006,0.0626,nonbreeding,0.9131,0.0743,0.074,287.0,91.31,0.025321679275778525,fairly_common,2.5321679275778526,,peak_abundance_with_occupancy_days_modifiers,0.9131
lobgna5,VE,0.060059756427662814,0.0619,0.0619,resident,0.3889,0.0831,0.0982,365.0,38.89,0.025046863851385995,uncommon,2.5046863851385996,,peak_abundance_with_occupancy_days_modifiers,0.3889
ftpswi1,VE,0.05938033959040896,0.0611787722953868,0.0611787722953868,resident,0.1808880623993789,0.0474353792887189,0.0248748097436447,365.0,18.08880623993789,0.024763525022972063,uncommon,2.4763525022972064,,peak_abundance_with_occupancy_days_modifiers,0.1808880623993789
sunbit1,VE,0.05691506405020309,0.0585658962772607,0.0585658962772607,resident,0.5949689989847746,0.1800083193278644,0.3669107821911662,365.0,59.496899898477466,0.02373542526892031,fairly_common,2.373542526892031,,peak_abundance_with_occupancy_days_modifiers,0.5949689989847746
retcar2,VE,0.056663847117541744,0.0583,0.0583,resident,0.2734,0.058,0.0528,365.0,27.339999999999996,0.023630659670726327,uncommon,2.363065967072633,,peak_abundance_with_occupancy_days_modifiers,0.2734
ventro1,VE,0.056474846927978946,0.0581,0.0581,resident,0.2556,0.7171,0.774,365.0,25.56,0.023551840469693323,uncommon,2.3551840469693324,,peak_abundance_with_occupancy_days_modifiers,0.2556
plupig2,VE,0.05628508617780262,0.0578992331996702,0.0578992331996702,resident,0.3095192849714733,0.044048795049783,0.0237240204688138,365.0,30.95192849714733,0.023472704090248802,uncommon,2.34727040902488,,peak_abundance_with_occupancy_days_modifiers,0.3095192849714733
bkcdon,VE,0.05620041039877649,0.057809658550423,0.057809658550423,resident,0.2464105567274662,0.0741790319373493,0.0823894310235467,365.0,24.64105567274662,0.023437391547625874,uncommon,2.3437391547625874,,peak_abundance_with_occupancy_days_modifiers,0.2464105567274662
kinvul1,VE,0.05581306481921279,0.0574,0.0574,resident,0.6208,0.0941,0.101,365.0,62.08,0.023275855894272737,fairly_common,2.3275855894272737,,peak_abundance_with_occupancy_days_modifiers,0.6208
gycwor1,VE,0.05515084446484804,0.0567,0.0567,resident,0.3065,0.0601,0.089,365.0,30.65,0.022999688556242227,uncommon,2.299968855624223,,peak_abundance_with_occupancy_days_modifiers,0.3065
blgdov1,VE,0.05391984198943043,0.0554,0.0554,resident,0.6694,0.1086,0.1231,365.0,66.94,0.022486320650069624,fairly_common,2.248632065006962,,peak_abundance_with_occupancy_days_modifiers,0.6694
amekes,VE,0.05325636630043149,0.0469,0.0547,nonbreeding,0.4588,0.0263,0.0239,105.0,45.879999999999995,0.022209629796834576,uncommon,2.2209629796834576,,peak_abundance_with_occupancy_days_modifiers,0.4588
laufal1,VE,0.05278218543896945,0.0542,0.0542,resident,0.5885,0.051,0.0544,365.0,58.85,0.022011881018211474,fairly_common,2.2011881018211477,,peak_abundance_with_occupancy_days_modifiers,0.5885
grehon1,VE,0.05230777962334486,0.0537,0.0537,resident,0.3373,0.0754,0.1054,365.0,33.73,0.021814038426416004,uncommon,2.1814038426416005,,peak_abundance_with_occupancy_days_modifiers,0.3373
rercac1,VE,0.05211795426210667,0.0535,0.0535,resident,0.1781,0.0579,0.073,365.0,17.810000000000002,0.021734875102065877,uncommon,2.173487510206588,,peak_abundance_with_occupancy_days_modifiers,0.1781
amakin1,VE,0.05164323315183845,0.053,0.053,resident,0.4188,0.0645,0.0784,365.0,41.88,0.02153690102219108,uncommon,2.153690102219108,,peak_abundance_with_occupancy_days_modifiers,0.4188
whfant2,VE,0.05116828657439943,0.0525,0.0525,resident,0.2834,0.0502,0.0472,365.0,28.34,0.021338832915202947,uncommon,2.1338832915202945,,peak_abundance_with_occupancy_days_modifiers,0.2834
varfly,VE,0.05107012972913277,0.03567486028058097,0.0523966949904867,nonbreeding,0.5619296758510083,0.1363233536741132,0.1382849942654848,98.0,56.19296758510083,0.021297898331286695,uncommon,2.1297898331286693,,peak_abundance_with_occupancy_days_modifiers,0.5619296758510083
sptfly1,VE,0.05077307219913395,0.0520841190565099,0.0520841190565099,resident,0.2543528422095547,0.0246247031175817,0.0112891587471041,365.0,25.435284220955467,0.021174015719160787,uncommon,2.1174015719160786,,peak_abundance_with_occupancy_days_modifiers,0.2543528422095547
jabiru,VE,0.05050298217310676,0.0518,0.0518,resident,0.1357,0.1023,0.1212,365.0,13.569999999999999,0.02106137942970682,uncommon,2.106137942970682,,peak_abundance_with_occupancy_days_modifiers,0.1357
capher1,VE,0.04995834663952468,0.0512273083140557,0.0512273083140557,resident,0.5515709142238401,0.1772803269413485,0.2637844129693382,365.0,55.157091422384006,0.02083424877068246,fairly_common,2.083424877068246,,peak_abundance_with_occupancy_days_modifiers,0.5515709142238401
butsal1,VE,0.04993236874820901,0.0512,0.0512,resident,0.4212,0.0532,0.0458,365.0,42.120000000000005,0.02082341514854287,uncommon,2.082341514854287,,peak_abundance_with_occupancy_days_modifiers,0.4212
grrswi1,VE,0.04964693988941377,0.0509,0.0509,resident,0.2786,0.0644,0.057,365.0,27.860000000000003,0.020704382068978008,uncommon,2.070438206897801,,peak_abundance_with_occupancy_days_modifiers,0.2786
spepar1,VE,0.04953991330102252,0.0507875317769121,0.0507875317769121,resident,0.0970546218168191,0.0556570028936888,0.0272742214864774,365.0,9.705462181681911,0.020659748514875287,uncommon,2.0659748514875287,,peak_abundance_with_occupancy_days_modifiers,0.0970546218168191
blteme1,VE,0.04888539772981063,0.0501,0.0501,resident,0.6332,0.2164,0.4282,365.0,63.32,0.02038679432098836,fairly_common,2.038679432098836,,peak_abundance_with_occupancy_days_modifiers,0.6332
trieup1,VE,0.04879016416943201,0.05,0.05,resident,0.1926,0.685,0.5747,365.0,19.259999999999998,0.020347078841559823,rare,2.0347078841559822,,peak_abundance_with_occupancy_days_modifiers,0.1926
corhum1,VE,0.047990221426543245,0.0491603959823097,0.0491603959823097,resident,0.1486181166187178,0.906563238397056,0.7888201559585851,365.0,14.86181166187178,0.020013476806490436,rare,2.001347680649044,,peak_abundance_with_occupancy_days_modifiers,0.1486181166187178
bratea1,VE,0.046979001193994605,0.0481,0.0481,resident,0.039,0.0093,0.0226,365.0,3.9,0.019591765214654108,rare,1.9591765214654107,rare,peak_abundance_with_occupancy_days_modifiers,0.039
blttit1,VE,0.0463948958852529,0.0474879779859623,0.0474879779859623,resident,0.381519747060076,0.0725248254451595,0.1042999314388573,365.0,38.1519747060076,0.01934817438090593,rare,1.9348174380905931,,peak_abundance_with_occupancy_days_modifiers,0.381519747060076
litpar2,VE,0.046030680250301784,0.0471065359547489,0.0471065359547489,resident,0.1086900982806362,0.1450297868533814,0.1421317778073849,365.0,10.86900982806362,0.019196284663668173,rare,1.9196284663668173,,peak_abundance_with_occupancy_days_modifiers,0.1086900982806362
littin1,VE,0.044973365642731154,0.046,0.046,resident,0.4116,0.0729,0.0639,365.0,41.160000000000004,0.018755350224385226,rare,1.8755350224385225,,peak_abundance_with_occupancy_days_modifiers,0.4116
blcjay1,VE,0.044782142771893185,0.0458,0.0458,resident,0.0727,0.1713,0.1586,365.0,7.2700000000000005,0.018675604093264665,rare,1.8675604093264666,,peak_abundance_with_occupancy_days_modifiers,0.0727
limpki,VE,0.04430392555652441,0.0453,0.0453,resident,0.1984,0.0834,0.0545,365.0,19.84,0.018476172024319115,rare,1.8476172024319115,,peak_abundance_with_occupancy_days_modifiers,0.1984
bkpwar,VE,0.04401688541677432,0.029966666666666666,0.045,postbreeding_migration,0.6993,0.1941,0.1873,112.0,69.93,0.018356466988404402,rare,1.8356466988404403,,peak_abundance_with_occupancy_days_modifiers,0.6993
whltan1,VE,0.04382547954002956,0.0448,0.0448,resident,0.1258,0.0403,0.1019,365.0,12.58,0.018276644537892888,rare,1.8276644537892888,,peak_abundance_with_occupancy_days_modifiers,0.1258
burowl,VE,0.04382547954002956,0.032100000000000004,0.0448,prebreeding_migration,0.3075,0.0342,0.0249,112.0,30.75,0.018276644537892888,rare,1.8276644537892888,,peak_abundance_with_occupancy_days_modifiers,0.3075
scrgre1,VE,0.04344255784283673,0.0444,0.0444,resident,0.2589,0.4087,0.3631,365.0,25.89,0.018116953786784348,rare,1.8116953786784347,,peak_abundance_with_occupancy_days_modifiers,0.2589
brratt1,VE,0.04238876649178663,0.0433,0.0433,resident,0.371,0.0591,0.0433,365.0,37.1,0.017677488659593694,rare,1.7677488659593694,,peak_abundance_with_occupancy_days_modifiers,0.371
lesgol,VE,0.04094998632895411,0.033874999999999995,0.0418,breeding,0.0993,0.046,0.0282,105.0,9.93,0.017077470727553952,rare,1.7077470727553952,,peak_abundance_with_occupancy_days_modifiers,0.0993
magsto1,VE,0.04085399400826605,0.01985,0.0417,postbreeding_migration,0.2138,0.0792,0.0374,77.0,21.38,0.01703743882049905,rare,1.703743882049905,,peak_abundance_with_occupancy_days_modifiers,0.2138
sposan,VE,0.040661981718889635,0.023333333333333334,0.0415,nonbreeding,0.3502,0.1036,0.1057,126.0,35.02,0.016957363476277566,rare,1.6957363476277565,,peak_abundance_with_occupancy_days_modifiers,0.3502
whthaw,VE,0.03998964821615847,0.0408,0.0408,resident,0.2986,0.0512,0.1242,365.0,29.86,0.016676978627798888,rare,1.6676978627798889,,peak_abundance_with_occupancy_days_modifiers,0.2986
yespar1,VE,0.0397788347126281,0.0405806084316907,0.0405806084316907,resident,0.0374466826978739,0.9184890656063618,0.7580084775786948,365.0,3.74466826978739,0.016589062568277097,rare,1.6589062568277098,rare,peak_abundance_with_occupancy_days_modifiers,0.0374466826978739
lesyel,VE,0.03883602378519815,0.0194,0.0396,nonbreeding,0.1777,0.0416,0.0208,112.0,17.77,0.016195879872550122,rare,1.6195879872550123,,peak_abundance_with_occupancy_days_modifiers,0.1777
grnkin,VE,0.038643623592204426,0.0394,0.0394,resident,0.4033,0.0579,0.0765,365.0,40.33,0.016115642759955476,rare,1.6115642759955477,,peak_abundance_with_occupancy_days_modifiers,0.4033
ducfly,VE,0.03845118637425273,0.034374999999999996,0.0392,breeding,0.4202,0.0696,0.0521,133.0,42.02,0.016035390206753968,rare,1.6035390206753968,,peak_abundance_with_occupancy_days_modifiers,0.4202
grbhaw1,VE,0.03787365242808152,0.0386,0.0386,resident,0.5959,0.1195,0.109,365.0,59.589999999999996,0.015794539844053535,uncommon,1.5794539844053535,,peak_abundance_with_occupancy_days_modifiers,0.5959
fuwduc,VE,0.03739211921706267,0.014325000000000001,0.0381,nonbreeding,0.1159,,,,11.59,0.015593724897512167,rare,1.5593724897512167,,peak_abundance_with_occupancy_days_modifiers,0.1159
gilbar1,VE,0.03699547421153949,0.0376883244696852,0.0376883244696852,resident,0.2859429547177204,0.0527393887904114,0.0201110379824022,365.0,28.594295471772043,0.01542831108231238,rare,1.5428311082312378,,peak_abundance_with_occupancy_days_modifiers,0.2859429547177204
peakit1,VE,0.03662882742108056,0.0373079291156509,0.0373079291156509,resident,0.4554912590748589,0.0766997592794305,0.2669194211967494,365.0,45.54912590748589,0.015275407494479212,rare,1.5275407494479212,,peak_abundance_with_occupancy_days_modifiers,0.4554912590748589
amered,VE,0.0366211834556453,0.03056666666666667,0.0373,nonbreeding,0.2353,0.1501,0.1003,119.0,23.53,0.015272219713293851,rare,1.527221971329385,,peak_abundance_with_occupancy_days_modifiers,0.2353
plbwoo1,VE,0.036524774682372266,0.0372,0.0372,resident,0.4084,0.0703,0.0778,365.0,40.839999999999996,0.015232014132021432,rare,1.5232014132021432,,peak_abundance_with_occupancy_days_modifiers,0.4084
graspa1,VE,0.035946126773469124,0.0366,0.0366,resident,0.1616,0.0236,0.0135,365.0,16.16,0.01499069921077894,rare,1.4990699210778942,,peak_abundance_with_occupancy_days_modifiers,0.1616
yeofly1,VE,0.035656677208034684,0.0363,0.0363,resident,0.3966,0.0476,0.0415,365.0,39.660000000000004,0.01486998936630912,rare,1.486998936630912,,peak_abundance_with_occupancy_days_modifiers,0.3966
ocbfly1,VE,0.03498096889524552,0.0356,0.0356,resident,0.373,0.0693,0.0803,365.0,37.3,0.014588197112721444,rare,1.4588197112721444,,peak_abundance_with_occupancy_days_modifiers,0.373
latman1,VE,0.03469123978993036,0.0353,0.0353,resident,0.0648,0.579,0.5864,365.0,6.4799999999999995,0.014467370691066583,rare,1.4467370691066583,,peak_abundance_with_occupancy_days_modifiers,0.0648
lesnig,VE,0.03343477608623739,0.0199,0.034,nonbreeding,0.35,0.1519,0.0677,140.0,35.0,0.013943384627977793,rare,1.3943384627977793,,peak_abundance_with_occupancy_days_modifiers,0.35
royter1,VE,0.0329511001396859,0.025625,0.0335,nonbreeding,0.0116,0.0513,0.1194,126.0,1.16,0.01374167609131306,rare,1.374167609131306,rare,peak_abundance_with_occupancy_days_modifiers,0.0116
whiibi,VE,0.03285433687094718,0.016375,0.0334,nonbreeding,0.1128,0.1766,0.0226,105.0,11.28,0.013701322673948933,rare,1.3701322673948932,,peak_abundance_with_occupancy_days_modifiers,0.1128
gretin1,VE,0.03256399087326267,0.0331,0.0331,resident,0.3459,0.0835,0.0663,365.0,34.589999999999996,0.013580238988194026,rare,1.3580238988194027,,peak_abundance_with_occupancy_days_modifiers,0.3459
orcori1,VE,0.03248112383616898,0.0330143936110014,0.0330143936110014,resident,0.3494689239476973,0.4732490938302203,0.471484077839386,365.0,34.946892394769726,0.013545680749544656,rare,1.3545680749544657,,peak_abundance_with_occupancy_days_modifiers,0.3494689239476973
partan1,VE,0.032467190137501496,0.033,0.033,resident,0.1773,0.038,0.0198,365.0,17.73,0.01353986994586792,rare,1.353986994586792,,peak_abundance_with_occupancy_days_modifiers,0.1773
whepar2,VE,0.031789322489407336,0.0323,0.0323,resident,0.0822,0.0102,0.0051,365.0,8.219999999999999,0.013257177179514116,rare,1.3257177179514115,,peak_abundance_with_occupancy_days_modifiers,0.0822
gryhaw3,VE,0.031207927124193163,0.0317,0.0317,resident,0.4167,0.0757,0.1234,365.0,41.67,0.0130147164799959,rare,1.30147164799959,,peak_abundance_with_occupancy_days_modifiers,0.4167
giacow,VE,0.030917102634721517,0.0314,0.0314,resident,0.3167,0.0683,0.0683,365.0,31.669999999999998,0.01289343324766682,rare,1.2893433247666821,,peak_abundance_with_occupancy_days_modifiers,0.3167
thbeup1,VE,0.03072317264284058,0.0312,0.0312,resident,0.1111,0.1115,0.1403,365.0,11.110000000000001,0.012812558159383744,rare,1.2812558159383745,,peak_abundance_with_occupancy_days_modifiers,0.1111
fasant1,VE,0.03072317264284058,0.0312,0.0312,resident,0.2832,0.0556,0.0475,365.0,28.32,0.012812558159383744,rare,1.2812558159383745,,peak_abundance_with_occupancy_days_modifiers,0.2832
oliwoo1,VE,0.0298500219688853,0.0303,0.0303,resident,0.388,0.0457,0.0329,365.0,38.800000000000004,0.012448426045750522,rare,1.2448426045750522,,peak_abundance_with_occupancy_days_modifiers,0.388
fepowl,VE,0.0298500219688853,0.0303,0.0303,resident,0.2776,0.0326,0.0358,365.0,27.76,0.012448426045750522,rare,1.2448426045750522,,peak_abundance_with_occupancy_days_modifiers,0.2776
putfru1,VE,0.029170377299779858,0.0296,0.0296,resident,0.1919,0.0368,0.0285,365.0,19.189999999999998,0.01216499220407477,rare,1.216499220407477,,peak_abundance_with_occupancy_days_modifiers,0.1919
greant1,VE,0.02887895955037667,0.0293,0.0293,resident,0.3703,0.034,0.0157,365.0,37.03,0.012043461563137701,rare,1.20434615631377,,peak_abundance_with_occupancy_days_modifiers,0.3703
slcgro1,VE,0.028587456851912555,0.029,0.029,resident,0.2848,0.0735,0.0496,365.0,28.48,0.011921895495690513,rare,1.1921895495690513,,peak_abundance_with_occupancy_days_modifiers,0.2848
bahtan1,VE,0.027517886036739245,0.0279,0.0279,resident,0.0876,0.0721,0.1546,365.0,8.76,0.011475849820841258,rare,1.1475849820841257,,peak_abundance_with_occupancy_days_modifiers,0.0876
osprey,VE,0.027323295648890352,0.0131,0.0277,nonbreeding,0.2222,0.0334,0.0548,147.0,22.220000000000002,0.01139469932604847,rare,1.139469932604847,,peak_abundance_with_occupancy_days_modifiers,0.2222
reevir1,VE,0.027323295648890352,0.015866666666666664,0.0277,postbreeding_migration,0.5393,0.0763,0.0623,126.0,53.93,0.01139469932604847,rare,1.139469932604847,,peak_abundance_with_occupancy_days_modifiers,0.5393
swatan1,VE,0.027146696732678242,0.0226543046409711,0.0275185253183965,postbreeding_migration,0.1185316026392254,0.0301704036590101,0.021384771759425,203.0,11.85316026392254,0.011321051857697578,rare,1.132105185769758,,peak_abundance_with_occupancy_days_modifiers,0.1185316026392254
snakit,VE,0.02712866738825262,0.0275,0.0275,resident,0.1655,0.0687,0.0267,365.0,16.55,0.011313533037075985,rare,1.1313533037075985,,peak_abundance_with_occupancy_days_modifiers,0.1655
mawqua1,VE,0.026355845377169174,0.026706232143754,0.026706232143754,resident,0.4380963680056816,0.0712793459691069,0.0702550687715184,365.0,43.80963680056816,0.010991241225648485,rare,1.0991241225648485,,peak_abundance_with_occupancy_days_modifiers,0.4380963680056816
crahaw,VE,0.026252371144065742,0.0266,0.0266,resident,0.4355,0.05,0.077,365.0,43.55,0.010948089118766595,rare,1.0948089118766595,,peak_abundance_with_occupancy_days_modifiers,0.4355
whcman2,VE,0.025960101669531634,0.0263,0.0263,resident,0.1939,0.0566,0.0707,365.0,19.39,0.010826203280861342,rare,1.0826203280861342,,peak_abundance_with_occupancy_days_modifiers,0.1939
whnrob1,VE,0.02584042742152552,0.0261771856682743,0.0261771856682743,resident,0.3711235161792002,0.0773164039626398,0.0698819801196885,365.0,37.11235161792002,0.010776295243023419,rare,1.077629524302342,,peak_abundance_with_occupancy_days_modifiers,0.3711235161792002
relhon1,VE,0.025765207886026414,0.0261,0.0261,resident,0.2335,0.0517,0.0476,365.0,23.35,0.010744926260252448,rare,1.0744926260252448,,peak_abundance_with_occupancy_days_modifiers,0.2335
whbman1,VE,0.025082780367463153,0.0254,0.0254,resident,0.2353,0.0572,0.0526,365.0,23.53,0.01046033188021233,rare,1.046033188021233,,peak_abundance_with_occupancy_days_modifiers,0.2353
batfal1,VE,0.024302292522964862,0.0246,0.0246,resident,0.3477,0.0604,0.0697,365.0,34.77,0.010134843167943598,rare,1.0134843167943597,,peak_abundance_with_occupancy_days_modifiers,0.3477
yebter2,VE,0.024260461966578554,0.0245571413083343,0.0245571413083343,resident,0.1090180627195005,0.1157872681864493,0.0659816841614368,365.0,10.90180627195005,0.010117398470979231,rare,1.011739847097923,,peak_abundance_with_occupancy_days_modifiers,0.1090180627195005
stbspi1,VE,0.023687721222893674,0.0239705037009398,0.0239705037009398,resident,0.1035865208735279,0.7127456971810333,0.8731777943236884,365.0,10.358652087352791,0.009878547028974258,rare,0.9878547028974258,,peak_abundance_with_occupancy_days_modifiers,0.1035865208735279
sumtan,VE,0.023130417388854383,0.0148,0.0234,nonbreeding,0.3647,0.1266,0.0708,98.0,36.47,0.009646133278314949,rare,0.9646133278314949,,peak_abundance_with_occupancy_days_modifiers,0.3647
viotro2,VE,0.02178575888187969,0.0220248012775014,0.0220248012775014,resident,0.1500286299812962,0.0768641933289218,0.0654101234335277,365.0,15.00286299812962,0.009085367125502343,rare,0.9085367125502344,,peak_abundance_with_occupancy_days_modifiers,0.1500286299812962
greyel,VE,0.021467906615240923,0.011,0.0217,nonbreeding,0.0903,0.0425,0.0243,182.0,9.030000000000001,0.008952812434626341,rare,0.8952812434626342,,peak_abundance_with_occupancy_days_modifiers,0.0903
whtnig1,VE,0.021262547583102052,0.0214902062191249,0.0214902062191249,resident,0.3866898527531366,0.4633368324409822,0.5240040459410675,365.0,38.66898527531366,0.008867171066352876,rare,0.8867171066352877,,peak_abundance_with_occupancy_days_modifiers,0.3866898527531366
vioeup1,VE,0.02121412158376089,0.021440740732789,0.021440740732789,resident,0.2226628772707824,0.0982803406153887,0.0536022335713498,365.0,22.26628772707824,0.008846975856040527,rare,0.8846975856040526,,peak_abundance_with_occupancy_days_modifiers,0.2226628772707824
nosfly1,VE,0.021174235231406484,0.0214,0.0214,resident,0.1592,0.6115,0.6208,365.0,15.920000000000002,0.00883034195513301,rare,0.883034195513301,,peak_abundance_with_occupancy_days_modifiers,0.1592
lither2,VE,0.021158753664942236,0.0213841872504168,0.0213841872504168,resident,0.32532653879833,0.3833655322424242,0.3508942460859447,365.0,32.532653879833,0.008823885640447395,rare,0.8823885640447395,,peak_abundance_with_occupancy_days_modifiers,0.32532653879833
bawswa1,VE,0.020880477579355235,0.014924999999999999,0.0211,postbreeding_migration,0.0232,0.0052,0.0081,133.0,2.32,0.008707835498998829,rare,0.8707835498998829,rare,peak_abundance_with_occupancy_days_modifiers,0.0232
baepig2,VE,0.020880477579355235,0.0211,0.0211,resident,0.0171,0.5643,0.4519,365.0,1.71,0.008707835498998829,rare,0.8707835498998829,rare,peak_abundance_with_occupancy_days_modifiers,0.0171
epaori1,VE,0.019764586708038656,0.0199611993381008,0.0199611993381008,resident,0.3897427227324574,0.0674433540780194,0.0621265127978019,365.0,38.97427227324574,0.008242472860365236,rare,0.8242472860365236,,peak_abundance_with_occupancy_days_modifiers,0.3897427227324574
slftyr1,VE,0.019704583274335403,0.0199,0.0199,resident,0.1859,0.0457,0.0643,365.0,18.59,0.00821744948491431,rare,0.821744948491431,,peak_abundance_with_occupancy_days_modifiers,0.1859
baerob1,VE,0.01950846638804296,0.0197,0.0197,resident,0.1475,0.1865,0.2993,365.0,14.75,0.008135662390825105,rare,0.8135662390825105,,peak_abundance_with_occupancy_days_modifiers,0.1475
smbela1,VE,0.019312311032372815,0.0106,0.0195,nonbreeding,0.4786,0.0588,0.1898,70.0,47.86,0.00805385925375932,rare,0.8053859253759321,,peak_abundance_with_occupancy_days_modifiers,0.4786
norwat,VE,0.01911611719223005,0.0119,0.0193,nonbreeding,0.4699,0.2255,0.1145,147.0,46.989999999999995,0.007972040067421885,rare,0.7972040067421885,,peak_abundance_with_occupancy_days_modifiers,0.4699
shtfly1,VE,0.019018005835761846,0.0192,0.0192,resident,0.2762,0.1918,0.1319,365.0,27.62,0.007931124453808077,rare,0.7931124453808077,,peak_abundance_with_occupancy_days_modifiers,0.2762
leater1,VE,0.01882175424058776,0.0161,0.019,postbreeding_migration,0.0091,0.0482,0.1089,126.0,0.91,0.007849281181751724,very_rare,0.7849281181751724,very_rare,peak_abundance_with_occupancy_days_modifiers,0.0091
yelpip2,VE,0.01875875032829405,0.0189358010357869,0.0189358010357869,resident,0.193723610516963,0.0269741476714768,0.0130582886938128,365.0,19.3723610516963,0.007823006509538856,rare,0.7823006509538856,,peak_abundance_with_occupancy_days_modifiers,0.193723610516963
whtsab1,VE,0.01873809564854694,0.0189147554604792,0.0189147554604792,resident,0.0933184540586058,0.934640522875817,0.7964262305750985,365.0,9.33184540586058,0.007814392839049777,rare,0.7814392839049777,,peak_abundance_with_occupancy_days_modifiers,0.0933184540586058
tropar,VE,0.018527304613883622,0.01645,0.0187,prebreeding_migration,0.0801,0.0226,0.024,203.0,8.01,0.007726486149773333,rare,0.7726486149773333,,peak_abundance_with_occupancy_days_modifiers,0.0801
rubher,VE,0.01842913546836719,0.0186,0.0186,resident,0.4096,0.079,0.0831,365.0,40.96,0.007685546436254547,rare,0.7685546436254547,,peak_abundance_with_occupancy_days_modifiers,0.4096
wtgfin1,VE,0.018374682999607882,0.0185445362254052,0.0185445362254052,resident,0.2719704692357174,0.051610862361781,0.0230424936281056,365.0,27.197046923571737,0.0076628379929889615,rare,0.7662837992988961,,peak_abundance_with_occupancy_days_modifiers,0.2719704692357174
aplfal,VE,0.018036362486098582,0.0182,0.0182,resident,0.2192,0.0293,0.036,365.0,21.92,0.007521747380172253,rare,0.7521747380172252,,peak_abundance_with_occupancy_days_modifiers,0.2192
piepuf1,VE,0.018010849643404717,0.0181740231549421,0.0181740231549421,resident,0.4257499373315337,0.0527711839527558,0.0506770625338796,365.0,42.57499373315337,0.007511107698371603,rare,0.7511107698371603,,peak_abundance_with_occupancy_days_modifiers,0.4257499373315337
whecon1,VE,0.017478777038051264,0.017632424747354,0.017632424747354,resident,0.2266346635319076,0.2592405004189838,0.1955583901785532,365.0,22.66346635319076,0.007289216187349744,rare,0.7289216187349744,,peak_abundance_with_occupancy_days_modifiers,0.2266346635319076
tyrmet1,VE,0.017381911298912398,0.017533855804413,0.017533855804413,resident,0.0505789200694903,0.0431080744893492,0.047498527812697,365.0,5.0578920069490305,0.007248820036509529,rare,0.7248820036509529,,peak_abundance_with_occupancy_days_modifiers,0.0505789200694903
blchaw1,VE,0.016911360925169285,0.0170551675005806,0.0170551675005806,resident,0.4187966236474443,0.1618813910875813,0.1398500547538526,365.0,41.87966236474443,0.007052585288861884,rare,0.7052585288861885,,peak_abundance_with_occupancy_days_modifiers,0.4187966236474443
yeltyr1,VE,0.0168571170664229,0.017,0.017,resident,0.4411,0.2056,0.0854,365.0,44.11,0.007029963842728778,rare,0.7029963842728778,,peak_abundance_with_occupancy_days_modifiers,0.4411
oilbir1,VE,0.01670766243305895,0.0168480159955086,0.0168480159955086,resident,0.1076832650075579,0.1996963630100481,0.2559277838056235,365.0,10.76832650075579,0.006967636419567644,rare,0.6967636419567644,,peak_abundance_with_occupancy_days_modifiers,0.1076832650075579
whnjac1,VE,0.01666044089310724,0.0168,0.0168,resident,0.2627,0.0548,0.0499,365.0,26.27,0.006947943507834789,rare,0.6947943507834788,,peak_abundance_with_occupancy_days_modifiers,0.2627
whtkit,VE,0.01646372603066508,0.0166,0.0166,resident,0.2483,0.1243,0.1498,365.0,24.83,0.006865907038321851,rare,0.6865907038321851,,peak_abundance_with_occupancy_days_modifiers,0.2483
compot1,VE,0.01646372603066508,0.010325,0.0166,prebreeding_migration,0.7202,0.052,0.0284,105.0,72.02,0.006865907038321851,rare,0.6865907038321851,,peak_abundance_with_occupancy_days_modifiers,0.7202
blctit1,VE,0.016070180177494467,0.0162,0.0162,resident,0.4667,0.081,0.0678,365.0,46.67,0.006701785670039033,rare,0.6701785670039033,,peak_abundance_with_occupancy_days_modifiers,0.4667
venfly1,VE,0.015957210211156543,0.0160852064044438,0.0160852064044438,resident,0.3070027458636015,0.5514908695123618,0.668647298899287,365.0,30.70027458636015,0.006654673534818051,rare,0.6654673534818051,,peak_abundance_with_occupancy_days_modifiers,0.3070027458636015
santer1,VE,0.01587334915629015,0.01225,0.016,prebreeding_migration,0.0091,0.0293,0.0358,133.0,0.91,0.006619700758559729,very_rare,0.6619700758559729,very_rare,peak_abundance_with_occupancy_days_modifiers,0.0091
glatan1,VE,0.015774919115362215,0.0159,0.0159,resident,0.0457,0.6668,0.6643,365.0,4.569999999999999,0.00657865224320357,rare,0.657865224320357,rare,peak_abundance_with_occupancy_days_modifiers,0.0457
whbant1,VE,0.01567647938500758,0.0158,0.0158,resident,0.0696,0.3972,0.4769,365.0,6.959999999999999,0.006537599687042624,rare,0.6537599687042625,,peak_abundance_with_occupancy_days_modifiers,0.0696
blsspa1,VE,0.015282623531156904,0.0154,0.0154,resident,0.0748,0.1417,0.1012,365.0,7.48,0.0063733490384348555,rare,0.6373349038434856,,peak_abundance_with_occupancy_days_modifiers,0.0748
beabel1,VE,0.015276438571555882,0.0153937198114425,0.0153937198114425,resident,0.1819296692832832,0.1765582069833162,0.2934297518885161,365.0,18.192966928328318,0.006370769709941522,rare,0.6370769709941523,,peak_abundance_with_occupancy_days_modifiers,0.1819296692832832
lstswi1,VE,0.015085637418040853,0.0152,0.0152,resident,0.2231,0.0538,0.0864,365.0,22.31,0.006291199448604711,rare,0.6291199448604711,,peak_abundance_with_occupancy_days_modifiers,0.2231
sander,VE,0.014987129808248345,0.010633333333333333,0.0151,nonbreeding,0.009,0.0207,0.0126,77.0,0.8999999999999999,0.0062501185845193685,very_rare,0.6250118584519369,very_rare,peak_abundance_with_occupancy_days_modifiers,0.009
scbant3,VE,0.014888612493750654,0.015,0.015,resident,0.2331,0.0524,0.0421,365.0,23.31,0.006209033673257707,rare,0.6209033673257707,,peak_abundance_with_occupancy_days_modifiers,0.2331
vilwea1,VE,0.01471063827241055,0.0148193722393591,0.0148193722393591,resident,0.0193873709691419,0.0007773726059744846,0.00029143589460471696,365.0,1.93873709691419,0.006134812658120386,rare,0.6134812658120387,rare,peak_abundance_with_occupancy_days_modifiers,0.0193873709691419
bobher1,VE,0.014691548742989757,0.0148,0.0148,resident,0.1985,0.0745,0.1276,365.0,19.85,0.006126851706014866,rare,0.6126851706014866,,peak_abundance_with_occupancy_days_modifiers,0.1985
silant1,VE,0.014679429509359689,0.0147877014762367,0.0147877014762367,resident,0.1304104310532773,0.023922195004482,0.0384151837669125,365.0,13.041043105327729,0.006121797593031946,rare,0.6121797593031946,,peak_abundance_with_occupancy_days_modifiers,0.1304104310532773
strsal1,VE,0.01459300230290015,0.0147,0.0147,resident,0.0763,0.2377,0.1576,365.0,7.630000000000001,0.006085754648437957,rare,0.6085754648437957,,peak_abundance_with_occupancy_days_modifiers,0.0763
sthwoo1,VE,0.014494446150452563,0.0146,0.0146,resident,0.1139,0.159,0.1157,365.0,11.39,0.006044653540493171,rare,0.6044653540493171,,peak_abundance_with_occupancy_days_modifiers,0.1139
semplo,VE,0.014494446150452563,0.00835,0.0146,nonbreeding,0.0121,0.0396,0.0224,161.0,1.21,0.006044653540493171,rare,0.6044653540493171,rare,peak_abundance_with_occupancy_days_modifiers,0.0121
sohtyr1,VE,0.014444610789843786,0.014549438303017,0.014549438303017,resident,0.20683562613311,0.2615200176975883,0.2993555522432488,365.0,20.683562613311,0.00602387058088099,rare,0.602387058088099,,peak_abundance_with_occupancy_days_modifiers,0.20683562613311
baymac,VE,0.014297304700824425,0.0144,0.0144,resident,0.0738,0.0127,0.0046,365.0,7.380000000000001,0.005962439170305915,rare,0.5962439170305915,,peak_abundance_with_occupancy_days_modifiers,0.0738
andgua1,VE,0.014029563226739804,0.0141284394043279,0.0141284394043279,resident,0.0737559889749183,0.0655951523100392,0.0557764011870968,365.0,7.375598897491829,0.0058507823030849865,rare,0.5850782303084987,,peak_abundance_with_occupancy_days_modifiers,0.0737559889749183
litcuc2,VE,0.01389089406704531,0.0139878208157695,0.0139878208157695,resident,0.2724809158676004,0.1146452717199558,0.1794958602210494,365.0,27.248091586760044,0.005792952771800799,rare,0.5792952771800799,,peak_abundance_with_occupancy_days_modifiers,0.2724809158676004
ycnher,VE,0.013804280976397056,0.010124999999999999,0.0139,prebreeding_migration,0.1357,0.2772,0.1821,126.0,13.569999999999999,0.005756832307479104,rare,0.5756832307479104,,peak_abundance_with_occupancy_days_modifiers,0.1357
yebcuc,VE,0.013508350024792243,0.005966666666666666,0.0136,prebreeding_migration,0.5925,0.0787,0.0258,98.0,59.25,0.0056334195150349094,rare,0.563341951503491,,peak_abundance_with_occupancy_days_modifiers,0.5925
brnowl,VE,0.013508350024792243,0.0136,0.0136,resident,0.2194,,,,21.94,0.0056334195150349094,rare,0.563341951503491,,peak_abundance_with_occupancy_days_modifiers,0.2194
shtnig1,VE,0.013140376941114064,0.01055155166829035,0.0132270910968111,breeding,0.3031723485468844,0.0378747353935611,0.0105760432443308,161.0,30.31723485468844,0.005479962819968813,rare,0.5479962819968813,,peak_abundance_with_occupancy_days_modifiers,0.3031723485468844
wbwwre1,VE,0.013014937077494654,0.0131,0.0131,resident,0.29,0.1783,0.0812,365.0,28.999999999999996,0.005427650333663732,rare,0.5427650333663732,,peak_abundance_with_occupancy_days_modifiers,0.29
wessan,VE,0.012817503710614431,0.006699999999999999,0.0129,prebreeding_migration,0.007,0.0298,0.0058,140.0,0.7000000000000001,0.00534531422452665,very_rare,0.534531422452665,very_rare,peak_abundance_with_occupancy_days_modifiers,0.007
sltred,VE,0.012817503710614431,0.0129,0.0129,resident,0.0364,0.0563,0.0516,365.0,3.64,0.00534531422452665,rare,0.534531422452665,rare,peak_abundance_with_occupancy_days_modifiers,0.0364
rubwre1,VE,0.012718772407774689,0.0128,0.0128,resident,0.0441,0.5625,0.5449,365.0,4.41,0.0053041400731949654,rare,0.5304140073194965,rare,peak_abundance_with_occupancy_days_modifiers,0.0441
rebscy1,VE,0.012530781307597211,0.0126096205091259,0.0126096205091259,resident,0.1280124538607459,0.0224519283604307,0.0173148829600695,365.0,12.801245386074589,0.0052257416951215305,rare,0.5225741695121531,,peak_abundance_with_occupancy_days_modifiers,0.1280124538607459
crbtan1,VE,0.012521280553671745,0.0126,0.0126,resident,0.0285,0.1055,0.1046,365.0,2.85,0.005221779572991616,rare,0.5221779572991616,rare,peak_abundance_with_occupancy_days_modifiers,0.0285
gryfin1,VE,0.012521280553671745,0.0095,0.0126,breeding,0.0311,0.0062,0.0013,161.0,3.11,0.005221779572991616,rare,0.5221779572991616,rare,peak_abundance_with_occupancy_days_modifiers,0.0311
grhtan1,VE,0.012490117779057782,0.0125684450660981,0.0125684450660981,resident,0.0780820398704122,0.0244572423770163,0.0401767307300615,365.0,7.808203987041221,0.005208783686570967,rare,0.5208783686570967,,peak_abundance_with_occupancy_days_modifiers,0.0780820398704122
bkbwar,VE,0.012422519998557154,0.009000000000000001,0.0125,nonbreeding,0.0355,0.0811,0.0802,91.0,3.55,0.005180593222513795,rare,0.5180593222513795,rare,peak_abundance_with_occupancy_days_modifiers,0.0355
plaant1,VE,0.012178396501537509,0.0122528551274303,0.0122528551274303,resident,0.0920423756566861,0.0399249353379922,0.0303164662706689,365.0,9.20423756566861,0.005078785816748883,rare,0.5078785816748883,,peak_abundance_with_occupancy_days_modifiers,0.0920423756566861
grnjay,VE,0.012027380212718455,0.0121,0.0121,resident,0.0249,0.0404,0.0436,365.0,2.4899999999999998,0.005015807132678637,rare,0.5015807132678637,rare,peak_abundance_with_occupancy_days_modifiers,0.0249
rudtur,VE,0.012027380212718455,0.006549999999999999,0.0121,postbreeding_migration,0.0105,0.0127,0.0136,119.0,1.05,0.005015807132678637,rare,0.5015807132678637,rare,peak_abundance_with_occupancy_days_modifiers,0.0105
colplo1,VE,0.012027380212718455,0.0121,0.0121,resident,0.0496,0.1297,0.1019,365.0,4.96,0.005015807132678637,rare,0.5015807132678637,rare,peak_abundance_with_occupancy_days_modifiers,0.0496
gobfly1,VE,0.01177298336012126,0.0118425576931311,0.0118425576931311,resident,0.0704251316637226,0.1691876142260407,0.1743391866560557,365.0,7.04251316637226,0.004909715404869244,rare,0.49097154048692443,,peak_abundance_with_occupancy_days_modifiers,0.0704251316637226
blheag1,VE,0.011730922875698666,0.0118,0.0118,resident,0.2969,0.0547,0.0635,365.0,29.69,0.004892174820466024,rare,0.4892174820466024,,peak_abundance_with_occupancy_days_modifiers,0.2969
batpig1,VE,0.011335509663745602,0.0094,0.0114,nonbreeding,0.0164,0.0216,0.0212,112.0,1.6400000000000001,0.004727274703084514,rare,0.4727274703084514,rare,peak_abundance_with_occupancy_days_modifiers,0.0164
easkin,VE,0.011335509663745602,0.0041333333333333335,0.0114,postbreeding_migration,0.0514,0.104,0.0038,91.0,5.140000000000001,0.004727274703084514,rare,0.4727274703084514,,peak_abundance_with_occupancy_days_modifiers,0.0514
blfant1,VE,0.011335509663745602,0.0114,0.0114,resident,0.0973,0.028,0.0261,365.0,9.73,0.004727274703084514,rare,0.4727274703084514,,peak_abundance_with_occupancy_days_modifiers,0.0973
ampkin1,VE,0.010939940038334364,0.011,0.011,resident,0.2552,0.0849,0.0998,365.0,25.52,0.004562309356224399,rare,0.4562309356224399,,peak_abundance_with_occupancy_days_modifiers,0.2552
rucspa1,VE,0.010742096531902109,0.0108,0.0108,resident,0.0201,0.0025,0.0007,365.0,2.01,0.004479802205609206,rare,0.4479802205609206,rare,peak_abundance_with_occupancy_days_modifiers,0.0201
rawwre1,VE,0.010643160098479827,0.0107,0.0107,resident,0.0568,0.3253,0.3416,365.0,5.680000000000001,0.004438542508180131,rare,0.4438542508180131,,peak_abundance_with_occupancy_days_modifiers,0.0568
blttro1,VE,0.010631146499984695,0.0106878579289361,0.0106878579289361,resident,0.2042860154959506,0.0184099400505783,0.0056773242680754,365.0,20.42860154959506,0.004433532448470085,rare,0.44335324484700855,,peak_abundance_with_occupancy_days_modifiers,0.2042860154959506
gcrwar,VE,0.010445257861538649,0.0105,0.0105,resident,0.0448,0.0147,0.0105,365.0,4.4799999999999995,0.004356010865040352,rare,0.43560108650403523,rare,peak_abundance_with_occupancy_days_modifiers,0.0448
comblh1,VE,0.0103462920541443,0.0056749999999999995,0.0104,postbreeding_migration,0.4217,0.2344,0.1944,98.0,42.17,0.004314738917713461,rare,0.4314738917713461,,peak_abundance_with_occupancy_days_modifiers,0.4217
spetan1,VE,0.010247316451549523,0.0103,0.0103,resident,0.0348,0.3602,0.4654,365.0,3.4799999999999995,0.0042734628854707085,rare,0.42734628854707085,rare,peak_abundance_with_occupancy_days_modifiers,0.0348
prowar,VE,0.010247316451549523,0.006633333333333334,0.0103,nonbreeding,0.227,0.3218,0.1645,105.0,22.7,0.0042734628854707085,rare,0.42734628854707085,,peak_abundance_with_occupancy_days_modifiers,0.227
rutfly2,VE,0.01004933585300144,0.0101,0.0101,resident,0.2191,0.0445,0.0344,365.0,21.91,0.004190898563002608,rare,0.41908985630026085,,peak_abundance_with_occupancy_days_modifiers,0.2191
greela,VE,0.01004933585300144,0.0034749999999999994,0.0101,nonbreeding,0.3427,0.0399,0.0305,119.0,34.27,0.004190898563002608,rare,0.41908985630026085,,peak_abundance_with_occupancy_days_modifiers,0.3427
whstan1,VE,0.009653257028138304,0.0097,0.0097,resident,0.2711,0.0667,0.0402,365.0,27.11,0.0040257208634774475,very_rare,0.4025720863477448,,peak_abundance_with_occupancy_days_modifiers,0.2711
bkbplo,VE,0.009356094924024954,0.003875,0.0094,nonbreeding,0.0098,0.0142,0.0082,140.0,0.98,0.00390179464055841,very_rare,0.390179464055841,very_rare,peak_abundance_with_occupancy_days_modifiers,0.0098
speowl1,VE,0.009356094924024954,0.0094,0.0094,resident,0.3076,0.0469,0.0442,365.0,30.759999999999998,0.00390179464055841,very_rare,0.390179464055841,,peak_abundance_with_occupancy_days_modifiers,0.3076
plsfin1,VE,0.009256737679223892,0.0092997137792616,0.0092997137792616,resident,0.0199478373599846,0.0027367670446725,0.0019233782280329,365.0,1.9947837359984602,0.003860359451153685,very_rare,0.3860359451153685,rare,peak_abundance_with_occupancy_days_modifiers,0.0199478373599846
hrshaw,VE,0.008959741371471904,0.009,0.009,resident,0.0676,0.045,0.077,365.0,6.76,0.003736502370687642,very_rare,0.3736502370687642,,peak_abundance_with_occupancy_days_modifiers,0.0676
dotkit1,VE,0.008860628432196557,0.0089,0.0089,resident,0.2733,0.0578,0.0407,365.0,27.33,0.003695169064600562,very_rare,0.3695169064600562,,peak_abundance_with_occupancy_days_modifiers,0.2733
scapig2,VE,0.008662373078652657,0.0087,0.0087,resident,0.1396,0.0295,0.0139,365.0,13.96,0.003612490160399499,very_rare,0.3612490160399499,,peak_abundance_with_occupancy_days_modifiers,0.1396
chewoo2,VE,0.008564300111729217,0.0086010786490988,0.0086010786490988,resident,0.215970240363327,0.0324133827185213,0.0277981404050309,365.0,21.597024036332698,0.0035715905564694035,very_rare,0.35715905564694034,,peak_abundance_with_occupancy_days_modifiers,0.215970240363327
blbwoo1,VE,0.008563230660487873,0.0086,0.0086,resident,0.2496,0.0551,0.0373,365.0,24.959999999999997,0.003571144560660661,very_rare,0.3571144560660661,,peak_abundance_with_occupancy_days_modifiers,0.2496
ruqdov,VE,0.008563230660487873,0.0086,0.0086,resident,0.3609,0.0681,0.0307,365.0,36.09,0.003571144560660661,very_rare,0.3571144560660661,,peak_abundance_with_occupancy_days_modifiers,0.3609
whvplu1,VE,0.008464078412129412,0.0085,0.0085,resident,0.0388,0.3024,0.381,365.0,3.88,0.003529794861412646,very_rare,0.35297948614126456,rare,peak_abundance_with_occupancy_days_modifiers,0.0388
pvttyr1,VE,0.008364916331627708,0.0084,0.0084,resident,0.1127,0.0219,0.0059,365.0,11.27,0.003488441061842421,very_rare,0.3488441061842421,,peak_abundance_with_occupancy_days_modifiers,0.1127
swafly1,VE,0.008344010324361254,0.0048285801691473895,0.0083789186026372,prebreeding_migration,0.2169892062011064,0.006197652978305,0.0050005422376993,98.0,21.69892062011064,0.0034797225796370105,very_rare,0.34797225796370107,,peak_abundance_with_occupancy_days_modifiers,0.2169892062011064
brcfly1,VE,0.008265744417032617,0.0046500000000000005,0.0083,postbreeding_migration,0.1581,0.0169,0.0123,133.0,15.809999999999999,0.0034470831611367143,very_rare,0.3447083161136714,,peak_abundance_with_occupancy_days_modifiers,0.1581
gbwwre1,VE,0.008265744417032617,0.0083,0.0083,resident,0.0166,0.0456,0.0471,365.0,1.66,0.0034470831611367143,very_rare,0.3447083161136714,rare,peak_abundance_with_occupancy_days_modifiers,0.0166
pabher1,VE,0.00817603636625811,0.0082095514294472,0.0082095514294472,resident,0.1453061083582266,0.268919808064825,0.192671885769707,365.0,14.53061083582266,0.0034096719981921934,very_rare,0.34096719981921936,,peak_abundance_with_occupancy_days_modifiers,0.1453061083582266
tropew4,VE,0.008085435675870315,0.0081182110858437,0.0081182110858437,resident,0.0972016791632214,0.0683177164744269,0.0357809703027147,365.0,9.72016791632214,0.0033718885756151406,very_rare,0.33718885756151407,,peak_abundance_with_occupancy_days_modifiers,0.0972016791632214
purmar,VE,0.007968169649176874,0.008,0.008,postbreeding_migration,0.033,0.0053,0.0013,56.0,3.3000000000000003,0.003322984844070332,very_rare,0.3322984844070332,rare,peak_abundance_with_occupancy_days_modifiers,0.033
cocwoo1,VE,0.007769737264360664,0.0078,0.0078,resident,0.0478,0.157,0.1535,365.0,4.78,0.0032402321120944214,very_rare,0.32402321120944216,rare,peak_abundance_with_occupancy_days_modifiers,0.0478
yebsis1,VE,0.007672471285974545,0.0077019801140598,0.0077019801140598,resident,0.1141698998395716,0.1710680035133945,0.1242961081581076,365.0,11.41698998395716,0.0031996690485238555,very_rare,0.31996690485238555,,peak_abundance_with_occupancy_days_modifiers,0.1141698998395716
coltro1,VE,0.007670506304219701,0.0077,0.0077,resident,0.0785,0.0213,0.0293,365.0,7.85,0.0031988495874835155,very_rare,0.31988495874835154,,peak_abundance_with_occupancy_days_modifiers,0.0785
whihaw1,VE,0.007670506304219701,0.0077,0.0077,resident,0.1473,0.0789,0.0821,365.0,14.729999999999999,0.0031988495874835155,very_rare,0.31988495874835154,,peak_abundance_with_occupancy_days_modifiers,0.1473
yebori1,VE,0.007571265496318075,0.0076,0.0076,resident,0.0319,0.1117,0.0922,365.0,3.19,0.0031574629560374313,very_rare,0.3157462956037431,rare,peak_abundance_with_occupancy_days_modifiers,0.0319
turtan1,VE,0.007446057133660154,0.0074738479515964,0.0074738479515964,resident,0.0905764452095953,0.0276308281420259,0.0124130102929449,365.0,9.057644520959531,0.0031052470131318357,very_rare,0.31052470131318355,,peak_abundance_with_occupancy_days_modifiers,0.0905764452095953
bffgle,VE,0.0073965390314572384,0.0074239609937907,0.0074239609937907,resident,0.0650163759176182,0.0091684571039588,0.0089346212644674,365.0,6.5016375917618205,0.0030845963605514006,very_rare,0.30845963605514004,,peak_abundance_with_occupancy_days_modifiers,0.0650163759176182
slcfly1,VE,0.007273483966498386,0.0073,0.0073,resident,0.0337,0.0992,0.1115,365.0,3.37,0.0030332784125347693,very_rare,0.30332784125347695,rare,peak_abundance_with_occupancy_days_modifiers,0.0337
tenwar,VE,0.007174203748000358,0.004833333333333333,0.0072,nonbreeding,0.0378,0.0426,0.0319,98.0,3.7800000000000002,0.0029918753455934195,very_rare,0.29918753455934194,rare,peak_abundance_with_occupancy_days_modifiers,0.0378
lesela1,VE,0.00714954500193418,0.0071751640171755,0.0071751640171755,resident,0.2655398450008493,0.0781216560307541,0.0318671637344066,365.0,26.553984500084933,0.0029815918497518995,very_rare,0.29815918497518995,,peak_abundance_with_occupancy_days_modifiers,0.2655398450008493
grejac2,VE,0.00707491367196188,0.0071,0.0071,resident,0.0914,0.0271,0.0281,365.0,9.139999999999999,0.002950468167738402,very_rare,0.2950468167738402,,peak_abundance_with_occupancy_days_modifiers,0.0914
masflo1,VE,0.007048905982377105,0.0070738079964174,0.0070738079964174,resident,0.0559920893166803,0.0568271965812975,0.018087139797942,365.0,5.59920893166803,0.0029396221187554155,very_rare,0.29396221187554156,,peak_abundance_with_occupancy_days_modifiers,0.0559920893166803
rtlhum,VE,0.006876303939432157,0.0069,0.0069,resident,0.0392,0.0546,0.0289,365.0,3.92,0.0028676414760213194,very_rare,0.2867641476021319,rare,peak_abundance_with_occupancy_days_modifiers,0.0392
fusfly1,VE,0.006713560554499376,0.0051649010624265,0.0067361470190672,breeding,0.3339619931102518,0.0654063141620426,0.0140695009029043,147.0,33.396199311025185,0.0027997722130143716,very_rare,0.27997722130143715,,peak_abundance_with_occupancy_days_modifiers,0.3339619931102518
babwar,VE,0.006578315360122567,0.004166666666666667,0.0066,nonbreeding,0.0479,0.1223,0.1164,105.0,4.79,0.002743370586174741,very_rare,0.2743370586174741,rare,peak_abundance_with_occupancy_days_modifiers,0.0479
rerwoo1,VE,0.006578315360122567,0.0066,0.0066,resident,0.101,0.4479,0.3571,365.0,10.100000000000001,0.002743370586174741,very_rare,0.2743370586174741,,peak_abundance_with_occupancy_days_modifiers,0.101
wilfly,VE,0.006578315360122567,0.002833333333333333,0.0066,postbreeding_migration,0.1211,0.1332,0.1783,147.0,12.11,0.002743370586174741,very_rare,0.2743370586174741,,peak_abundance_with_occupancy_days_modifiers,0.1211
whnpuf2,VE,0.0065559503164424986,0.006577487598778,0.006577487598778,resident,0.2954365466692816,0.0187743499720931,0.0116289631539796,365.0,29.54365466692816,0.0027340436385245906,very_rare,0.2734043638524591,,peak_abundance_with_occupancy_days_modifiers,0.2954365466692816
rufnig1,VE,0.0064969926250880265,0.0065181438633418,0.0065181438633418,resident,0.3633449990036724,0.0248130120063721,0.011665144315962,365.0,36.33449990036724,0.0027094563715061135,very_rare,0.2709456371506114,,peak_abundance_with_occupancy_days_modifiers,0.3633449990036724
croslf1,VE,0.006478966097709122,0.0038666666666666663,0.0065,prebreeding_migration,0.1064,0.0137,0.0143,63.0,10.639999999999999,0.002701938725684232,very_rare,0.2701938725684232,,peak_abundance_with_occupancy_days_modifiers,0.1064
whtgol1,VE,0.006403001590656562,0.0064235446276357,0.0064235446276357,resident,0.214317483395197,0.0935272850237283,0.1032575700189071,365.0,21.4317483395197,0.002670259065644769,very_rare,0.2670259065644769,,peak_abundance_with_occupancy_days_modifiers,0.214317483395197
veery,VE,0.00608147031586796,0.0032,0.0061,postbreeding_migration,0.0955,0.0307,0.0734,49.0,9.55,0.002536170109201979,very_rare,0.2536170109201979,,peak_abundance_with_occupancy_days_modifiers,0.0955
zothaw,VE,0.00608147031586796,0.004175,0.0061,prebreeding_migration,0.4116,0.0885,0.0822,126.0,41.160000000000004,0.002536170109201979,very_rare,0.2536170109201979,,peak_abundance_with_occupancy_days_modifiers,0.4116
comnig,VE,0.005982071677547464,0.0028333333333333335,0.006,nonbreeding,0.038,0.0044,0.0008,42.0,3.8,0.002494717657358874,very_rare,0.2494717657358874,rare,peak_abundance_with_occupancy_days_modifiers,0.038
spetea3,VE,0.005686987686785809,0.0057031892994905,0.0057031892994905,resident,0.0185542074261625,0.0645591637946364,0.0483344451975548,365.0,1.8554207426162501,0.0023716580750205453,very_rare,0.23716580750205454,rare,peak_abundance_with_occupancy_days_modifiers,0.0185542074261625
grhkit1,VE,0.005683816468297671,0.0057,0.0057,resident,0.3227,0.0475,0.0394,365.0,32.269999999999996,0.002370335574190707,very_rare,0.2370335574190707,,peak_abundance_with_occupancy_days_modifiers,0.3227
milmac,VE,0.005578733552825,0.0055943236643951,0.0055943236643951,resident,0.1084123608901092,0.0526147691983326,0.0358118938066573,365.0,10.84123608901092,0.0023265125946533177,very_rare,0.23265125946533177,,peak_abundance_with_occupancy_days_modifiers,0.1084123608901092
rocpig,VE,0.005385472276337817,0.0054,0.0054,resident,0.005,0.0003,0.0001,365.0,0.5,0.0022459163823501686,very_rare,0.22459163823501685,very_rare,peak_abundance_with_occupancy_days_modifiers,0.005
swathr,VE,0.005286004429237355,0.0034333333333333334,0.0053,postbreeding_migration,0.0537,0.021,0.0091,91.0,5.37,0.0022044350682040464,very_rare,0.22044350682040464,,peak_abundance_with_occupancy_days_modifiers,0.0537
bltman1,VE,0.005286004429237355,0.0053,0.0053,resident,0.0814,0.018,0.0206,365.0,8.14,0.0022044350682040464,very_rare,0.22044350682040464,,peak_abundance_with_occupancy_days_modifiers,0.0814
gubter2,VE,0.005240586057765425,0.0033880109708714,0.0052543419480243,postbreeding_migration,0.0322476243001989,0.0138355161458158,0.0034621386204911,112.0,3.2247624300198905,0.0021854941361344415,very_rare,0.21854941361344415,rare,peak_abundance_with_occupancy_days_modifiers,0.0322476243001989
bkfgra,VE,0.005186526687300061,0.0052,0.0052,resident,0.0114,0.1088,0.0659,365.0,1.1400000000000001,0.0021629496275904574,very_rare,0.21629496275904575,rare,peak_abundance_with_occupancy_days_modifiers,0.0114
eawpew,VE,0.005087039048557106,0.004033333333333333,0.0051,postbreeding_migration,0.1262,0.0372,0.0265,84.0,12.620000000000001,0.002121460059688336,very_rare,0.21214600596883357,,peak_abundance_with_occupancy_days_modifiers,0.1262
brwhaw,VE,0.004987541511039074,0.0036666666666666666,0.005,postbreeding_migration,0.0486,0.0413,0.0574,70.0,4.859999999999999,0.0020799663636762796,very_rare,0.20799663636762797,rare,peak_abundance_with_occupancy_days_modifiers,0.0486
grhowl,VE,0.004888034072775962,0.0049,0.0049,resident,0.092,0.01,0.0061,365.0,9.2,0.002038468538732918,very_rare,0.2038468538732918,,peak_abundance_with_occupancy_days_modifiers,0.092
grtgra,VE,0.004888034072775962,0.004025,0.0049,postbreeding_migration,0.0082,0.0064,0.0015,105.0,0.8200000000000001,0.002038468538732918,very_rare,0.2038468538732918,very_rare,peak_abundance_with_occupancy_days_modifiers,0.0082
goftyr1,VE,0.004788516731797177,0.0048,0.0048,resident,0.0233,0.0909,0.0495,365.0,2.33,0.001996966584036358,very_rare,0.19969665840363582,rare,peak_abundance_with_occupancy_days_modifiers,0.0233
bacant2,VE,0.004773629522693621,0.0047850414436386,0.0047850414436386,resident,0.0115159793311025,0.0014457383007995,0.000912498435638414,0.0,1.15159793311025,0.0019907581356222873,very_rare,0.19907581356222873,very_rare,peak_abundance_with_occupancy_days_modifiers,0.0115159793311025
cocthr1,VE,0.00475463255849989,0.0047659537594885,0.0047659537594885,resident,0.2886138039463086,0.1156208457254236,0.0651889541989288,365.0,28.86138039463086,0.0019828357862147527,very_rare,0.19828357862147528,,peak_abundance_with_occupancy_days_modifiers,0.2886138039463086
olsfly,VE,0.004688989486131542,0.0030666666666666668,0.0047,nonbreeding,0.1756,0.0658,0.0825,98.0,17.560000000000002,0.0019554604987645544,very_rare,0.19554604987645544,,peak_abundance_with_occupancy_days_modifiers,0.1756
coffal1,VE,0.004688989486131542,0.0047,0.0047,resident,0.2853,0.0437,0.0226,365.0,28.53,0.0019554604987645544,very_rare,0.19554604987645544,,peak_abundance_with_occupancy_days_modifiers,0.2853
yegvir,VE,0.0045894523338072864,0.0015333333333333334,0.0046,postbreeding_migration,0.0603,0.0275,0.0373,77.0,6.03,0.0019139502820952148,very_rare,0.19139502820952148,,peak_abundance_with_occupancy_days_modifiers,0.0603
garkin1,VE,0.0045894523338072864,0.0046,0.0046,resident,0.1973,0.064,0.0486,365.0,19.73,0.0019139502820952148,very_rare,0.19139502820952148,,peak_abundance_with_occupancy_days_modifiers,0.1973
strxen1,VE,0.004558709364291637,0.0045691160875586,0.0045691160875586,resident,0.0977926164775738,0.02761465802349,0.0163134753569587,365.0,9.77926164775738,0.0019011294679986055,very_rare,0.19011294679986054,,peak_abundance_with_occupancy_days_modifiers,0.0977926164775738
yelthr1,VE,0.004489905272852052,0.0045,0.0045,resident,0.0205,0.1203,0.1217,365.0,2.0500000000000003,0.0018724359332058032,very_rare,0.18724359332058033,rare,peak_abundance_with_occupancy_days_modifiers,0.0205
fabtan1,VE,0.004410426642633736,0.0044201668885009,0.0044201668885009,resident,0.0807273669698254,0.0275652529344055,0.020245870935592,365.0,8.07273669698254,0.0018392907699787515,very_rare,0.18392907699787514,,peak_abundance_with_occupancy_days_modifiers,0.0807273669698254
bucpar,VE,0.004390348301292895,0.0044,0.0044,resident,0.0134,0.0089,0.0022,365.0,1.34,0.0018309174512735364,very_rare,0.18309174512735363,rare,peak_abundance_with_occupancy_days_modifiers,0.0134
biccon1,VE,0.004264453225716765,0.0042735589454114,0.0042735589454114,resident,0.0207561990356271,0.0690502782027326,0.0856417205863285,365.0,2.07561990356271,0.0017784151268375374,very_rare,0.17784151268375376,rare,peak_abundance_with_occupancy_days_modifiers,0.0207561990356271
sungre1,VE,0.004248848966388693,0.0042578881226274,0.0042578881226274,resident,0.2882999288646461,0.0426800232637777,0.0309838321321561,365.0,28.829992886464613,0.001771907645253512,very_rare,0.1771907645253512,,peak_abundance_with_occupancy_days_modifiers,0.2882999288646461
cliswa,VE,0.004191204618468071,0.00215,0.0042,postbreeding_migration,0.0049,0.0005,0.0005,14.0,0.49,0.0017478680849880779,very_rare,0.1747868084988078,rare,peak_abundance_with_occupancy_days_modifiers,0.0049
btfgle1,VE,0.004191204618468071,0.0042,0.0042,resident,0.0982,0.0247,0.0148,365.0,9.82,0.0017478680849880779,very_rare,0.1747868084988078,,peak_abundance_with_occupancy_days_modifiers,0.0982
comgal1,VE,0.004191204618468071,0.003,0.0042,nonbreeding,0.0033,0.0018,0.0025,56.0,0.33,0.0017478680849880779,very_rare,0.1747868084988078,very_rare,peak_abundance_with_occupancy_days_modifiers,0.0033
soogra2,VE,0.004148944364082919,0.0041575631492488,0.0041575631492488,resident,0.1760963502232378,0.0508989858440637,0.0337837317284822,365.0,17.60963502232378,0.0017302441900396298,very_rare,0.17302441900396298,,peak_abundance_with_occupancy_days_modifiers,0.1760963502232378
shbdow,VE,0.004091617903253565,0.002325,0.0041,nonbreeding,0.0067,0.0339,0.0099,140.0,0.67,0.0017063371989880915,very_rare,0.17063371989880916,very_rare,peak_abundance_with_occupancy_days_modifiers,0.0067
blkpho,VE,0.004091617903253565,0.0037749999999999997,0.0041,breeding,0.0451,0.0175,0.0095,112.0,4.51,0.0017063371989880915,very_rare,0.17063371989880916,rare,peak_abundance_with_occupancy_days_modifiers,0.0451
sptnig1,VE,0.004018636618961436,0.00402672216643,0.00402672216643,resident,0.2572446587274805,0.005439008379844,0.0051390233514733,365.0,25.72446587274805,0.0016759016394705662,very_rare,0.16759016394705661,,peak_abundance_with_occupancy_days_modifiers,0.2572446587274805
goltan1,VE,0.003992021269537453,0.004,0.004,resident,0.0098,0.0437,0.0392,365.0,0.98,0.0016648021766516613,very_rare,0.16648021766516613,very_rare,peak_abundance_with_occupancy_days_modifiers,0.0098
bawwar,VE,0.003792798238696237,0.002466666666666667,0.0038,nonbreeding,0.0304,0.0143,0.0135,98.0,3.04,0.0015817197196731716,very_rare,0.15817197196731717,rare,peak_abundance_with_occupancy_days_modifiers,0.0304
blctan1,VE,0.0036931718376175702,0.0037,0.0037,resident,0.0136,0.1167,0.0969,365.0,1.3599999999999999,0.0015401722833823486,very_rare,0.15401722833823486,rare,peak_abundance_with_occupancy_days_modifiers,0.0136
goowoo1,VE,0.003394233068015547,0.0034,0.0034,resident,0.025,0.0306,0.0257,365.0,2.5,0.0014155051334058092,very_rare,0.1415505133405809,rare,peak_abundance_with_occupancy_days_modifiers,0.025
cobtan1,VE,0.003394233068015547,0.0034,0.0034,resident,0.0076,0.0276,0.015,365.0,0.76,0.0014155051334058092,very_rare,0.1415505133405809,very_rare,peak_abundance_with_occupancy_days_modifiers,0.0076
roltyr1,VE,0.0033780947878438356,0.0033838069803398,0.0033838069803398,resident,0.2714855457228808,0.0608026293028887,0.06481574875126,365.0,27.14855457228808,0.0014087749478322962,very_rare,0.1408774947832296,,peak_abundance_with_occupancy_days_modifiers,0.2714855457228808
whveup1,VE,0.003360896335312486,0.0033665504799577,0.0033665504799577,resident,0.2388101831847358,0.0428350851075503,0.0352979360424945,365.0,23.88101831847358,0.0014016026360443089,very_rare,0.14016026360443087,,peak_abundance_with_occupancy_days_modifiers,0.2388101831847358
comter,VE,0.003294566949430031,0.001925,0.0033,postbreeding_migration,0.0089,0.0007,0.0004,126.0,0.89,0.0013739411336281234,very_rare,0.13739411336281235,very_rare,peak_abundance_with_occupancy_days_modifiers,0.0089
triher,VE,0.003294566949430031,0.00245,0.0033,postbreeding_migration,0.0112,0.0214,0.017,196.0,1.1199999999999999,0.0013739411336281234,very_rare,0.13739411336281235,rare,peak_abundance_with_occupancy_days_modifiers,0.0112
willet1,VE,0.003294566949430031,0.0019249999999999998,0.0033,postbreeding_migration,0.0107,0.0549,0.0074,147.0,1.0699999999999998,0.0013739411336281234,very_rare,0.13739411336281235,rare,peak_abundance_with_occupancy_days_modifiers,0.0107
scbwre1,VE,0.003294566949430031,0.0033,0.0033,resident,0.0232,0.0067,0.0092,365.0,2.32,0.0013739411336281234,very_rare,0.13739411336281235,rare,peak_abundance_with_occupancy_days_modifiers,0.0232
thswar1,VE,0.003294566949430031,0.0033,0.0033,resident,0.0089,0.0475,0.0464,365.0,0.89,0.0013739411336281234,very_rare,0.13739411336281235,very_rare,peak_abundance_with_occupancy_days_modifiers,0.0089
bucmot3,VE,0.003194890896519197,0.0032,0.0032,resident,0.0335,0.1858,0.1046,365.0,3.35,0.0013323729909149931,very_rare,0.1332372990914993,rare,peak_abundance_with_occupancy_days_modifiers,0.0335
bubgro1,VE,0.003095204907302419,0.0031,0.0031,resident,0.0302,0.1023,0.0687,365.0,3.02,0.001290800704440433,very_rare,0.1290800704440433,rare,peak_abundance_with_occupancy_days_modifiers,0.0302
olsfly1,VE,0.003095204907302419,0.0031,0.0031,resident,0.0194,0.0626,0.104,365.0,1.94,0.001290800704440433,very_rare,0.1290800704440433,rare,peak_abundance_with_occupancy_days_modifiers,0.0194
stther2,VE,0.003095204907302419,0.0031,0.0031,resident,0.0268,0.0711,0.0497,365.0,2.68,0.001290800704440433,very_rare,0.1290800704440433,rare,peak_abundance_with_occupancy_days_modifiers,0.0268
grethr1,VE,0.003095204907302419,0.0031,0.0031,resident,0.0065,0.0179,0.0128,365.0,0.65,0.001290800704440433,very_rare,0.1290800704440433,very_rare,peak_abundance_with_occupancy_days_modifiers,0.0065
puteup1,VE,0.002995508979798479,0.003,0.003,resident,0.0838,0.0106,0.0018,365.0,8.38,0.001249224273378119,very_rare,0.12492242733781189,,peak_abundance_with_occupancy_days_modifiers,0.0838
spvear1,VE,0.002995508979798479,0.0019249999999999998,0.003,nonbreeding,0.0106,0.0231,0.0333,119.0,1.06,0.001249224273378119,very_rare,0.12492242733781189,rare,peak_abundance_with_occupancy_days_modifiers,0.0106
wilplo,VE,0.002995508979798479,0.001875,0.003,postbreeding_migration,0.0109,0.0641,0.0529,119.0,1.09,0.001249224273378119,very_rare,0.12492242733781189,rare,peak_abundance_with_occupancy_days_modifiers,0.0109
chcant2,VE,0.002895803112025565,0.0029,0.0029,resident,0.011,0.0557,0.0419,365.0,1.0999999999999999,0.0012076436969017555,very_rare,0.12076436969017555,rare,peak_abundance_with_occupancy_days_modifiers,0.011
bucsap1,VE,0.002890132709948467,0.0028943131698802,0.0028943131698802,resident,0.0845097588564278,0.1000933373734568,0.097131354310725,365.0,8.45097588564278,0.0012052789555632478,very_rare,0.12052789555632479,,peak_abundance_with_occupancy_days_modifiers,0.0845097588564278
crrtou1,VE,0.0028898045818674034,0.0028939840921477,0.0028939840921477,resident,0.0573338013378834,0.0777501465328675,0.0260237752265993,365.0,5.73338013378834,0.0012051421155249513,very_rare,0.12051421155249513,,peak_abundance_with_occupancy_days_modifiers,0.0573338013378834
bkmtou1,VE,0.002796087302001274,0.0028,0.0028,resident,0.011,0.0417,0.0309,365.0,1.0999999999999999,0.001166058974184524,very_rare,0.1166058974184524,rare,peak_abundance_with_occupancy_days_modifiers,0.011
grepot1,VE,0.0026281335501925148,0.0026315901206176,0.0026315901206176,resident,0.4437324543092794,0.065179500607886,0.0208510105390123,365.0,44.37324543092794,0.0010960168194190508,very_rare,0.10960168194190509,,peak_abundance_with_occupancy_days_modifiers,0.4437324543092794
heptan,VE,0.002596625847265978,0.0013499999999999999,0.0026,nonbreeding,0.0703,0.0143,0.0104,140.0,7.03,0.001082877086719314,very_rare,0.1082877086719314,,peak_abundance_with_occupancy_days_modifiers,0.0703
brcvir1,VE,0.002596625847265978,0.0026,0.0026,resident,0.0119,0.0481,0.0621,365.0,1.1900000000000002,0.001082877086719314,very_rare,0.1082877086719314,rare,peak_abundance_with_occupancy_days_modifiers,0.0119
bawnig1,VE,0.0025560649403743195,0.001478841715524987,0.0025593344594716,postbreeding_migration,0.0593138759600497,0.012766167260064,0.0062192304384992,98.0,5.93138759600497,0.0010659618747199976,very_rare,0.10659618747199977,,peak_abundance_with_occupancy_days_modifiers,0.0593138759600497
whrsan,VE,0.002496880198587199,0.0009666666666666666,0.0025,prebreeding_migration,0.0023,0.002,0.0019,35.0,0.22999999999999998,0.0010412799203166443,very_rare,0.10412799203166442,very_rare,peak_abundance_with_occupancy_days_modifiers,0.0023
bawbec7,VE,0.0024952586682941654,0.0024983744171992,0.0024983744171992,resident,0.1147553014317536,0.4452095174119501,0.7032351863262785,365.0,11.475530143175359,0.0010406036896607686,very_rare,0.10406036896607686,,peak_abundance_with_occupancy_days_modifiers,0.1147553014317536
lbsfin1,VE,0.002484254981171173,0.0024873432994374,0.0024873432994374,resident,0.3917279085512704,0.2021460305468638,0.0664695054588645,365.0,39.17279085512704,0.0010360147957054308,very_rare,0.10360147957054308,,peak_abundance_with_occupancy_days_modifiers,0.3917279085512704
robgro,VE,0.0022973590486834897,0.0016333333333333332,0.0023,nonbreeding,0.0255,0.0248,0.0221,98.0,2.55,0.0009580731380325941,very_rare,0.09580731380325941,rare,peak_abundance_with_occupancy_days_modifiers,0.0255
blkter,VE,0.0022973590486834897,0.0023,0.0023,postbreeding_migration,0.0095,0.0021,0.0014,84.0,0.95,0.0009580731380325941,very_rare,0.09580731380325941,very_rare,peak_abundance_with_occupancy_days_modifiers,0.0095
pinbit1,VE,0.0022916405949143276,0.0022942684101751,0.0022942684101751,resident,0.1575780719324775,0.1527681139576427,0.1458541458365907,365.0,15.75780719324775,0.00095568835758196,very_rare,0.095568835758196,,peak_abundance_with_occupancy_days_modifiers,0.1575780719324775
bufpar1,VE,0.0022580495665773686,0.0022606008804696,0.0022606008804696,resident,0.0852431771654911,0.1316463174478141,0.0558914562527042,365.0,8.52431771654911,0.0009416798107042144,very_rare,0.09416798107042144,,peak_abundance_with_occupancy_days_modifiers,0.0852431771654911
kebtou1,VE,0.0021975835434872217,0.0022,0.0022,resident,0.0065,0.0169,0.0118,365.0,0.65,0.0009164635204950369,very_rare,0.0916463520495037,very_rare,peak_abundance_with_occupancy_days_modifiers,0.0065
aldfly,VE,0.0021975835434872217,0.0007333333333333333,0.0022,postbreeding_migration,0.0406,0.004,0.0022,56.0,4.06,0.0009164635204950369,very_rare,0.0916463520495037,rare,peak_abundance_with_occupancy_days_modifiers,0.0406
ultgro1,VE,0.002097798082146129,0.0021,0.0021,resident,0.009,0.0035,0.0049,365.0,0.8999999999999999,0.0008748497509225938,very_rare,0.08748497509225937,very_rare,peak_abundance_with_occupancy_days_modifiers,0.009
stisan,VE,0.002097798082146129,0.0013,0.0021,nonbreeding,0.0048,0.0076,0.006,77.0,0.48,0.0008748497509225938,very_rare,0.08748497509225937,very_rare,peak_abundance_with_occupancy_days_modifiers,0.0048
crowoo1,VE,0.002097798082146129,0.0021,0.0021,resident,0.0103,0.058,0.0597,365.0,1.03,0.0008748497509225938,very_rare,0.08748497509225937,rare,peak_abundance_with_occupancy_days_modifiers,0.0103
lesvio1,VE,0.002097798082146129,0.0021,0.0021,resident,0.0099,0.0998,0.128,365.0,0.9900000000000001,0.0008748497509225938,very_rare,0.08748497509225937,very_rare,peak_abundance_with_occupancy_days_modifiers,0.0099
gycthr,VE,0.002097798082146129,0.0012333333333333332,0.0021,postbreeding_migration,0.0639,0.0221,0.0219,56.0,6.39,0.0008748497509225938,very_rare,0.08748497509225937,,peak_abundance_with_occupancy_days_modifiers,0.0639
tortyr1,VE,0.0020616940811451732,0.0020638208337072,0.0020638208337072,resident,0.0921588057866255,0.0719766646555706,0.0180680087184788,365.0,9.21588057866255,0.000859793213045166,very_rare,0.0859793213045166,,peak_abundance_with_occupancy_days_modifiers,0.0921588057866255
sulfly1,VE,0.0020554318861581836,0.0020575457343197,0.0020575457343197,resident,0.0551583312160852,0.0139983393058817,0.012227065616124,365.0,5.51583312160852,0.0008571816748942006,very_rare,0.08571816748942006,,peak_abundance_with_occupancy_days_modifiers,0.0551583312160852
rivwar1,VE,0.001998002662673056,0.002,0.002,resident,0.0679,0.055,0.039,365.0,6.79,0.000833231828486557,very_rare,0.0833231828486557,,peak_abundance_with_occupancy_days_modifiers,0.0679
grytin1,VE,0.0019406638358126845,0.0019425481426127,0.0019425481426127,resident,0.0938318460042135,0.0187581578941449,0.0043939992090449,365.0,9.38318460042135,0.0008093196803995327,very_rare,0.08093196803995327,,peak_abundance_with_occupancy_days_modifiers,0.0938318460042135
whceme1,VE,0.001914065095203223,0.0019158980870996,0.0019158980870996,resident,0.1499867316870524,0.3491658913178728,0.1877066656450984,365.0,14.99867316870524,0.0007982271439943143,very_rare,0.07982271439943144,,peak_abundance_with_occupancy_days_modifiers,0.1499867316870524
orheag1,VE,0.0018981972830802527,0.0019,0.0019,resident,0.0707,0.0218,0.0242,365.0,7.07,0.0007916097523579702,very_rare,0.07916097523579702,,peak_abundance_with_occupancy_days_modifiers,0.0707
banswa,VE,0.0018981972830802527,0.0014,0.0019,nonbreeding,0.085,,,,8.5,0.0007916097523579702,very_rare,0.07916097523579702,,peak_abundance_with_occupancy_days_modifiers,0.085
lobsta1,VE,0.0017983819413793735,0.0018,0.0018,resident,0.1053,0.0395,0.0241,365.0,10.530000000000001,0.0007499835217076287,very_rare,0.07499835217076287,,peak_abundance_with_occupancy_days_modifiers,0.1053
cinbec1,VE,0.0017983819413793735,0.0018,0.0018,resident,0.0141,0.0563,0.0375,365.0,1.41,0.0007499835217076287,very_rare,0.07499835217076287,rare,peak_abundance_with_occupancy_days_modifiers,0.0141
barbec1,VE,0.00177289487231358,0.0017744673795871,0.0017744673795871,resident,0.0892413148046607,0.0919064186153059,0.0195449941069038,365.0,8.92413148046607,0.0007393545883447563,very_rare,0.07393545883447562,,peak_abundance_with_occupancy_days_modifiers,0.0892413148046607
lebfly2,VE,0.001755702020124256,0.0017572441673009,0.0017572441673009,resident,0.1262250378811452,0.0656052949331425,0.0071073341696686,365.0,12.62250378811452,0.00073218461208077,very_rare,0.073218461208077,,peak_abundance_with_occupancy_days_modifiers,0.1262250378811452
ameoys,VE,0.0016985566355814774,0.001325,0.0017,breeding,0.0077,0.0489,0.0098,98.0,0.77,0.00070835313570608,very_rare,0.070835313570608,very_rare,peak_abundance_with_occupancy_days_modifiers,0.0077
shthaw,VE,0.0016985566355814774,0.0017,0.0017,resident,0.0634,0.012,0.0119,365.0,6.34,0.00070835313570608,very_rare,0.070835313570608,,peak_abundance_with_occupancy_days_modifiers,0.0634
jetant1,VE,0.0016985566355814774,0.0017,0.0017,resident,0.0868,0.4381,0.1615,365.0,8.68,0.00070835313570608,very_rare,0.070835313570608,,peak_abundance_with_occupancy_days_modifiers,0.0868
cregua1,VE,0.0015987213636970278,0.0016,0.0016,resident,0.017,0.081,0.0361,365.0,1.7000000000000002,0.0006667185935236227,very_rare,0.06667185935236226,rare,peak_abundance_with_occupancy_days_modifiers,0.017
roster,VE,0.0015987213636970278,0.0007333333333333333,0.0016,breeding,0.0043,,,,0.43,0.0006667185935236227,very_rare,0.06667185935236226,very_rare,peak_abundance_with_occupancy_days_modifiers,0.0043
mouela1,VE,0.0015987213636970278,0.0016,0.0016,resident,0.0077,0.0697,0.0663,365.0,0.77,0.0006667185935236227,very_rare,0.06667185935236226,very_rare,peak_abundance_with_occupancy_days_modifiers,0.0077
mastit1,VE,0.0015987213636970278,0.0016,0.0016,resident,0.0133,0.0028,0.0028,365.0,1.3299999999999998,0.0006667185935236227,very_rare,0.06667185935236226,rare,peak_abundance_with_occupancy_days_modifiers,0.0133
vauswi,VE,0.0015987213636970278,0.0008,0.0016,prebreeding_migration,0.0064,0.0043,0.0034,35.0,0.64,0.0006667185935236227,very_rare,0.06667185935236226,very_rare,peak_abundance_with_occupancy_days_modifiers,0.0064
blatap1,VE,0.0015633289434085842,0.0015645515791455,0.0015645515791455,resident,0.0402562171197958,0.0296368786214493,0.0057869165538067,365.0,4.02562171197958,0.0006519588078524595,very_rare,0.06519588078524595,rare,peak_abundance_with_occupancy_days_modifiers,0.0402562171197958
baceag2,VE,0.0014990106828459602,0.0015001347609578,0.0015001347609578,resident,0.1035919347645809,0.0513730607214892,0.033827382744415,365.0,10.35919347645809,0.0006251360098377361,very_rare,0.0625136009837736,,peak_abundance_with_occupancy_days_modifiers,0.1035919347645809
acafly,VE,0.0014988761237358919,0.0009666666666666668,0.0015,nonbreeding,0.0279,0.0551,0.0538,91.0,2.79,0.0006250798943303071,very_rare,0.06250798943303071,rare,peak_abundance_with_occupancy_days_modifiers,0.0279
caster1,VE,0.001399020913707341,0.0007,0.0014,nonbreeding,0.002,0.0019,0.0015,49.0,0.2,0.0005834370372959348,very_rare,0.05834370372959348,very_rare,peak_abundance_with_occupancy_days_modifiers,0.002
andsol1,VE,0.001399020913707341,0.0014,0.0014,resident,0.0097,0.0394,0.0197,365.0,0.97,0.0005834370372959348,very_rare,0.05834370372959348,very_rare,peak_abundance_with_occupancy_days_modifiers,0.0097
tinhaw1,VE,0.001378298942079471,0.001379249232611,0.001379249232611,resident,0.3079116889463776,0.0383567444915589,0.0371764175083348,365.0,30.79116889463776,0.0005747953039129159,very_rare,0.05747953039129159,,peak_abundance_with_occupancy_days_modifiers,0.3079116889463776
tufcoq1,VE,0.001360158860380019,0.001361084295975,0.001361084295975,resident,0.1149646324482044,0.0882219899303427,0.0661662208777163,365.0,11.49646324482044,0.0005672303022611713,very_rare,0.05672303022611713,,peak_abundance_with_occupancy_days_modifiers,0.1149646324482044
whcpin,VE,0.00129915573162005,0.000825,0.0013,nonbreeding,0.0011,0.0012,0.0017,7.0,0.11,0.0005417900215900586,very_rare,0.05417900215900586,very_rare,peak_abundance_with_occupancy_days_modifiers,0.0011
whwtan1,VE,0.00129915573162005,0.0013,0.0013,resident,0.0099,0.0585,0.0654,365.0,0.9900000000000001,0.0005417900215900586,very_rare,0.05417900215900586,very_rare,peak_abundance_with_occupancy_days_modifiers,0.0099
houspa,VE,0.00129915573162005,0.0013,0.0013,resident,0.0013,0.0001,0.0,365.0,0.13,0.0005417900215900586,very_rare,0.05417900215900586,very_rare,peak_abundance_with_occupancy_days_modifiers,0.0013
cerwar,VE,0.00129915573162005,0.0007666666666666667,0.0013,nonbreeding,0.0336,0.1254,0.1153,133.0,3.36,0.0005417900215900586,very_rare,0.05417900215900586,rare,peak_abundance_with_occupancy_days_modifiers,0.0336
ccbfin,VE,0.00129915573162005,0.0013,0.0013,resident,0.0064,0.042,0.046,365.0,0.64,0.0005417900215900586,very_rare,0.05417900215900586,very_rare,peak_abundance_with_occupancy_days_modifiers,0.0064
ruthum1,VE,0.0012708313578489944,0.0007322692263394936,0.0012716392061958,breeding,0.0640899487710604,0.0260204585792068,0.0043128125272265,105.0,6.40899487710604,0.0005299778402606773,very_rare,0.05299778402606773,,peak_abundance_with_occupancy_days_modifiers,0.0640899487710604
rottan2,VE,0.0012549314240351908,0.0012557191799668,0.0012557191799668,resident,0.066829371624356,0.3399703572350649,0.3978449132334803,365.0,6.6829371624356,0.0005233470528387875,very_rare,0.05233470528387874,,peak_abundance_with_occupancy_days_modifiers,0.066829371624356
olipic1,VE,0.0011448943574032598,0.0011455499991377,0.0011455499991377,resident,0.0077467793359358,0.0051012725715061,0.0057558168774687,365.0,0.77467793359358,0.000477458031796024,very_rare,0.0477458031796024,very_rare,peak_abundance_with_occupancy_days_modifiers,0.0077467793359358
redkno,VE,0.0010993954433009636,0.0006333333333333333,0.0011,nonbreeding,0.0009,,,,0.09,0.0004584835108407622,very_rare,0.04584835108407622,very_rare,peak_abundance_with_occupancy_days_modifiers,0.0009
stbwoo1,VE,0.0010993954433009636,0.0011,0.0011,resident,0.0663,0.0238,0.0121,365.0,6.63,0.0004584835108407622,very_rare,0.04584835108407622,,peak_abundance_with_occupancy_days_modifiers,0.0663
grcfly,VE,0.0010993954433009636,0.0005333333333333334,0.0011,postbreeding_migration,0.0282,0.0265,0.0061,91.0,2.82,0.0004584835108407622,very_rare,0.04584835108407622,rare,peak_abundance_with_occupancy_days_modifiers,0.0282
leagre,VE,0.0010993954433009636,0.0011,0.0011,resident,0.0034,0.0024,0.0061,365.0,0.33999999999999997,0.0004584835108407622,very_rare,0.04584835108407622,very_rare,peak_abundance_with_occupancy_days_modifiers,0.0034
thlwre1,VE,0.0009995003330835331,0.001,0.001,resident,0.027,0.0063,0.0011,365.0,2.7,0.00041682401413511066,very_rare,0.04168240141351107,rare,peak_abundance_with_occupancy_days_modifiers,0.027
slcsee1,VE,0.0009642049771336371,0.0009646699721907754,0.0009646699721907754,resident,0.1738706823170221,0.1311560828299845,0.0496342367885854,365.0,17.38706823170221,0.0004021047074372122,very_rare,0.04021047074372122,,peak_abundance_with_occupancy_days_modifiers,0.1738706823170221
grflan1,VE,0.0009271898408944547,0.0009276198142736982,0.0009276198142736982,resident,0.0537974337109761,0.0183770265284106,0.0066008154516669,365.0,5.37974337109761,0.00038666819665252565,very_rare,0.038666819665252566,,peak_abundance_with_occupancy_days_modifiers,0.0537974337109761
whtspa1,VE,0.000903272815534761,0.0009036808892824616,0.0009036808892824616,resident,0.1487197491535253,0.0565326398926819,0.006233489399292,365.0,14.87197491535253,0.0003766940223709427,very_rare,0.03766940223709427,,peak_abundance_with_occupancy_days_modifiers,0.1487197491535253
mouwar,VE,0.000899595242836093,0.0007,0.0009,nonbreeding,0.0264,0.0676,0.0516,140.0,2.64,0.0003751603554337701,very_rare,0.03751603554337701,rare,peak_abundance_with_occupancy_days_modifiers,0.0264
gogwoo1,VE,0.000899595242836093,0.0009,0.0009,resident,0.1039,0.0189,0.006,365.0,10.39,0.0003751603554337701,very_rare,0.03751603554337701,,peak_abundance_with_occupancy_days_modifiers,0.1039
merlin,VE,0.000899595242836093,0.0005666666666666667,0.0009,nonbreeding,0.028,,,,2.8000000000000003,0.0003751603554337701,very_rare,0.03751603554337701,rare,peak_abundance_with_occupancy_days_modifiers,0.028
scptyr1,VE,0.000899595242836093,0.0009,0.0009,resident,0.0087,0.0337,0.0145,365.0,0.8699999999999999,0.0003751603554337701,very_rare,0.03751603554337701,very_rare,peak_abundance_with_occupancy_days_modifiers,0.0087
azaspi1,VE,0.000899595242836093,0.0009,0.0009,resident,0.0071,0.0171,0.005,365.0,0.7100000000000001,0.0003751603554337701,very_rare,0.03751603554337701,very_rare,peak_abundance_with_occupancy_days_modifiers,0.0071
olifla2,VE,0.000861353001709661,0.0008617240727398388,0.0008617240727398388,resident,0.1016806809117557,0.0572162120081102,0.0593516973928104,365.0,10.16806809117557,0.0003592121021634028,very_rare,0.03592121021634028,,peak_abundance_with_occupancy_days_modifiers,0.1016806809117557
atbtan1,VE,0.0008174600882694696,0.0008177942998294261,0.0008177942998294261,resident,0.0062947281821027,0.0063715072133022,0.0056681640447441,365.0,0.62947281821027,0.00034090733550493687,very_rare,0.03409073355049369,very_rare,peak_abundance_with_occupancy_days_modifiers,0.0062947281821027
rucwar4,VE,0.0007996801705643322,0.0008,0.0008,resident,0.0033,0.0137,0.01,365.0,0.33,0.0003334925339049559,very_rare,0.03334925339049559,very_rare,peak_abundance_with_occupancy_days_modifiers,0.0033
obnthr1,VE,0.0007996801705643322,0.0008,0.0008,resident,0.0077,0.0207,0.0111,365.0,0.77,0.0003334925339049559,very_rare,0.03334925339049559,very_rare,peak_abundance_with_occupancy_days_modifiers,0.0077
bhtfly1,VE,0.0007996801705643322,0.0008,0.0008,resident,0.0123,0.1026,0.0545,365.0,1.23,0.0003334925339049559,very_rare,0.03334925339049559,rare,peak_abundance_with_occupancy_days_modifiers,0.0123
redegr,VE,0.0007996801705643322,0.0008,0.0008,resident,0.001,0.0214,0.0203,365.0,0.1,0.0003334925339049559,very_rare,0.03334925339049559,very_rare,peak_abundance_with_occupancy_days_modifiers,0.001
andeme1,VE,0.0007647732152626573,0.0007650657288621516,0.0007650657288621516,resident,0.0071756546771501,0.0115552251763142,0.0065334522404058,365.0,0.71756546771501,0.00031893520285824003,very_rare,0.031893520285824005,very_rare,peak_abundance_with_occupancy_days_modifiers,0.0071756546771501
soleag1,VE,0.0007610439891870865,0.0007613336566423901,0.0007613336566423901,resident,0.1245944276948328,0.0434454054344174,0.0289450824804762,365.0,12.45944276948328,0.00031737999478971253,very_rare,0.031737999478971254,,peak_abundance_with_occupancy_days_modifiers,0.1245944276948328
grnher,VE,0.0006997551142733419,0.000375,0.0007,postbreeding_migration,0.0089,0.0245,0.0031,119.0,0.89,0.0002918205487167264,very_rare,0.02918205487167264,very_rare,peak_abundance_with_occupancy_days_modifiers,0.0089
smbwoo1,VE,0.0006997551142733419,0.0007,0.0007,resident,0.0095,0.022,0.0219,365.0,0.95,0.0002918205487167264,very_rare,0.02918205487167264,very_rare,peak_abundance_with_occupancy_days_modifiers,0.0095
slaant1,VE,0.0006997551142733419,0.0007,0.0007,resident,0.0058,0.0802,0.1276,365.0,0.58,0.0002918205487167264,very_rare,0.02918205487167264,very_rare,peak_abundance_with_occupancy_days_modifiers,0.0058
grcfly1,VE,0.0006997551142733419,0.0007,0.0007,resident,0.027,0.0151,0.003,365.0,2.7,0.0002918205487167264,very_rare,0.02918205487167264,rare,peak_abundance_with_occupancy_days_modifiers,0.027
swahaw,VE,0.0006997551142733419,0.00035,0.0007,postbreeding_migration,0.0095,0.0019,0.0003,42.0,0.95,0.0002918205487167264,very_rare,0.02918205487167264,very_rare,peak_abundance_with_occupancy_days_modifiers,0.0095
blcwar2,VE,0.0006997551142733419,0.0007,0.0007,resident,0.0024,0.0298,0.0282,365.0,0.24,0.0002918205487167264,very_rare,0.02918205487167264,very_rare,peak_abundance_with_occupancy_days_modifiers,0.0024
bawhae1,VE,0.0006997551142733419,0.0007,0.0007,resident,0.1451,0.0726,0.0407,365.0,14.510000000000002,0.0002918205487167264,very_rare,0.02918205487167264,,peak_abundance_with_occupancy_days_modifiers,0.1451
grtman1,VE,0.0006523817805732592,0.00065259462785045,0.00065259462785045,resident,0.0753344285835306,0.0528189418893035,0.015927601667933,365.0,7.53344285835306,0.0002720643340740489,very_rare,0.02720643340740489,,peak_abundance_with_occupancy_days_modifiers,0.0753344285835306
manrai1,VE,0.0006010646188893173,0.0006012452944247682,0.0006012452944247682,resident,0.0193271328240739,0.0813255445611601,0.0456362437038693,365.0,1.93271328240739,0.00025066341541594755,very_rare,0.025066341541594754,rare,peak_abundance_with_occupancy_days_modifiers,0.0193271328240739
subfly,VE,0.0005998200719676155,0.00023333333333333333,0.0006,postbreeding_migration,0.039,0.0158,0.0076,70.0,3.9,0.0002501443990368907,very_rare,0.02501443990368907,rare,peak_abundance_with_occupancy_days_modifiers,0.039
canwar,VE,0.0005998200719676155,0.0004666666666666666,0.0006,nonbreeding,0.0155,0.0345,0.0137,84.0,1.55,0.0002501443990368907,very_rare,0.02501443990368907,rare,peak_abundance_with_occupancy_days_modifiers,0.0155
flawar1,VE,0.0005998200719676155,0.0006,0.0006,resident,0.0069,0.0022,0.0007,365.0,0.69,0.0002501443990368907,very_rare,0.02501443990368907,very_rare,peak_abundance_with_occupancy_days_modifiers,0.0069
oncbec1,VE,0.000583688244549643,0.0005838586236808752,0.0005838586236808752,resident,0.0398641613571108,0.0207855580143012,0.0065731443279504,365.0,3.9864161357110803,0.00024341690447073565,very_rare,0.024341690447073565,rare,peak_abundance_with_occupancy_days_modifiers,0.0398641613571108
whctan1,VE,0.0005790282944208965,0.0005791959636639502,0.0005791959636639502,resident,0.0055772342009196,0.0035819082284763,0.0020517204909836,0.0,0.55772342009196,0.00024147355432460634,very_rare,0.024147355432460636,very_rare,peak_abundance_with_occupancy_days_modifiers,0.0055772342009196
strowl1,VE,0.000540993352827579,0.0005411397161241478,0.0005411397161241478,resident,0.3194195295215501,0.0381387670286238,0.0028785561042169,365.0,31.941952952155013,0.0002256117516742982,very_rare,0.02256117516742982,,peak_abundance_with_occupancy_days_modifiers,0.3194195295215501
balori,VE,0.000499875041651048,0.00036666666666666667,0.0005,postbreeding_migration,0.0175,0.0133,0.002,98.0,1.7500000000000002,0.00020846408403300828,very_rare,0.020846408403300827,rare,peak_abundance_with_occupancy_days_modifiers,0.0175
bawowl1,VE,0.000499875041651048,0.0005,0.0005,resident,0.0151,0.1637,0.1189,365.0,1.51,0.00020846408403300828,very_rare,0.020846408403300827,rare,peak_abundance_with_occupancy_days_modifiers,0.0151
twbwar1,VE,0.000499875041651048,0.0005,0.0005,resident,0.015,0.0922,0.0047,365.0,1.5,0.00020846408403300828,very_rare,0.020846408403300827,rare,peak_abundance_with_occupancy_days_modifiers,0.015
royfly1,VE,0.000499875041651048,0.0005,0.0005,resident,0.0689,0.0178,0.0076,365.0,6.890000000000001,0.00020846408403300828,very_rare,0.020846408403300827,,peak_abundance_with_occupancy_days_modifiers,0.0689
wesant1,VE,0.000499875041651048,0.0005,0.0005,resident,0.0052,0.0261,0.0101,365.0,0.52,0.00020846408403300828,very_rare,0.020846408403300827,very_rare,peak_abundance_with_occupancy_days_modifiers,0.0052
gocspa1,VE,0.000499875041651048,0.0005,0.0005,resident,0.023,0.0106,0.0076,365.0,2.3,0.00020846408403300828,very_rare,0.020846408403300827,rare,peak_abundance_with_occupancy_days_modifiers,0.023
goreup1,VE,0.000499875041651048,0.0005,0.0005,resident,0.0092,0.0161,0.0217,365.0,0.9199999999999999,0.00020846408403300828,very_rare,0.020846408403300827,very_rare,peak_abundance_with_occupancy_days_modifiers,0.0092
masyel2,VE,0.00048527292138136516,0.0004853906853339269,0.0004853906853339269,resident,0.0939488262899074,0.1561178628582369,0.0332084699887218,365.0,9.39488262899074,0.00020237452689710257,very_rare,0.020237452689710257,,peak_abundance_with_occupancy_days_modifiers,0.0939488262899074
scaant1,VE,0.0004579882028266182,0.00045809309543616377,0.00045809309543616377,resident,0.0900618273763163,0.0479533631245399,0.0129289529745729,365.0,9.00618273763163,0.00019099591546884918,very_rare,0.01909959154688492,,peak_abundance_with_occupancy_days_modifiers,0.0900618273763163
torduc1,VE,0.000453252064133169,0.000453354798370905,0.000453354798370905,resident,0.0836439297223594,0.0102304254007398,0.000824611339022048,365.0,8.36439297223594,0.0001890207922234467,very_rare,0.01890207922234467,,peak_abundance_with_occupancy_days_modifiers,0.0836439297223594
whcswi1,VE,0.00045153831147081916,0.00045164027023970144,0.00045164027023970144,resident,0.0008211426799419085,0.0006610450877316405,0.0026390345968834,365.0,0.08211426799419085,0.00018830610185233918,very_rare,0.01883061018523392,very_rare,peak_abundance_with_occupancy_days_modifiers,0.0008211426799419085
snoplo5,VE,0.0003999200213269354,0.00025,0.0004,prebreeding_migration,0.0016,0.0249,0.0112,42.0,0.16,0.00016677960287238907,very_rare,0.016677960287238905,very_rare,peak_abundance_with_occupancy_days_modifiers,0.0016
miskit,VE,0.0003999200213269354,0.00025,0.0004,postbreeding_migration,0.0056,0.0031,0.0005,56.0,0.5599999999999999,0.00016677960287238907,very_rare,0.016677960287238905,very_rare,peak_abundance_with_occupancy_days_modifiers,0.0056
trimun,VE,0.0003999200213269354,0.0004,0.0004,resident,0.0022,0.0016,0.0006,365.0,0.22,0.00016677960287238907,very_rare,0.016677960287238905,very_rare,peak_abundance_with_occupancy_days_modifiers,0.0022
hobkit,VE,0.0003999200213269354,0.0004,0.0004,resident,0.0728,0.0133,0.0072,365.0,7.28,0.00016677960287238907,very_rare,0.016677960287238905,,peak_abundance_with_occupancy_days_modifiers,0.0728
boboli,VE,0.0003999200213269354,0.0002,0.0004,postbreeding_migration,0.0042,0.0012,0.0008,28.0,0.42,0.00016677960287238907,very_rare,0.016677960287238905,rare,peak_abundance_with_occupancy_days_modifiers,0.0042
scatan,VE,0.0003999200213269354,0.00016666666666666666,0.0004,prebreeding_migration,0.0283,0.0064,0.0022,42.0,2.83,0.00016677960287238907,very_rare,0.016677960287238905,rare,peak_abundance_with_occupancy_days_modifiers,0.0283
secfly1,VE,0.0003999200213269354,0.0004,0.0004,resident,0.0129,0.0034,0.0016,365.0,1.29,0.00016677960287238907,very_rare,0.016677960287238905,rare,peak_abundance_with_occupancy_days_modifiers,0.0129
pnbfin1,VE,0.00034582292593741525,0.00034588272957909196,0.00034588272957909196,resident,0.0015287495863457,0.0019721882482674,0.001563299392796,0.0,0.15287495863456999,0.00014421936181298358,very_rare,0.014421936181298358,very_rare,peak_abundance_with_occupancy_days_modifiers,0.0015287495863457
eulfly1,VE,0.00033327988489170886,0.0001917300572345618,0.0003333354288029303,breeding,0.0374667713580455,0.0071797500553187,0.0008802120966125662,70.0,3.74667713580455,0.00013898850740996267,very_rare,0.013898850740996267,rare,peak_abundance_with_occupancy_days_modifiers,0.0374667713580455
chcswi1,VE,0.00032840335985972476,0.0003284572901465759,0.0003284572901465759,resident,0.1367509256459138,0.0508987586581128,0.0030665072182353,365.0,13.67509256459138,0.00013695483851403593,very_rare,0.013695483851403593,,peak_abundance_with_occupancy_days_modifiers,0.1367509256459138
bawsee1,VE,0.00029995500899797546,0.00019999999999999998,0.0003,nonbreeding,0.0084,0.0349,0.0117,63.0,0.84,0.00012509095472209328,very_rare,0.012509095472209329,very_rare,peak_abundance_with_occupancy_days_modifiers,0.0084
wibant1,VE,0.00029995500899797546,0.0003,0.0003,resident,0.0632,0.0507,0.0109,365.0,6.32,0.00012509095472209328,very_rare,0.012509095472209329,,peak_abundance_with_occupancy_days_modifiers,0.0632
brwpar1,VE,0.00029995500899797546,0.0003,0.0003,resident,0.0023,0.0113,0.0022,365.0,0.22999999999999998,0.00012509095472209328,very_rare,0.012509095472209329,very_rare,peak_abundance_with_occupancy_days_modifiers,0.0023
bichaw1,VE,0.00029995500899797546,0.0003,0.0003,resident,0.0304,0.0137,0.015,365.0,3.04,0.00012509095472209328,very_rare,0.012509095472209329,rare,peak_abundance_with_occupancy_days_modifiers,0.0304
wewpew,VE,0.00029995500899797546,0.0001333333333333333,0.0003,postbreeding_migration,0.0184,0.0115,0.0022,84.0,1.8399999999999999,0.00012509095472209328,very_rare,0.012509095472209329,rare,peak_abundance_with_occupancy_days_modifiers,0.0184
brbswa1,VE,0.00029995500899797546,0.0003,0.0003,resident,0.0011,0.0039,0.0014,365.0,0.11,0.00012509095472209328,very_rare,0.012509095472209329,very_rare,peak_abundance_with_occupancy_days_modifiers,0.0011
gartro1,VE,0.00029995500899797546,0.0003,0.0003,resident,0.004,0.0089,0.0025,365.0,0.4,0.00012509095472209328,very_rare,0.012509095472209329,very_rare,peak_abundance_with_occupancy_days_modifiers,0.004
lobher,VE,0.00029995500899797546,0.0003,0.0003,resident,0.0037,0.0195,0.0076,365.0,0.37,0.00012509095472209328,very_rare,0.012509095472209329,very_rare,peak_abundance_with_occupancy_days_modifiers,0.0037
pecsan,VE,0.00029995500899797546,0.00015,0.0003,postbreeding_migration,0.0369,0.006,0.0001,42.0,3.6900000000000004,0.00012509095472209328,very_rare,0.012509095472209329,rare,peak_abundance_with_occupancy_days_modifiers,0.0369
perfal,VE,0.00029995500899797546,0.0002666666666666666,0.0003,nonbreeding,0.0166,,,,1.66,0.00012509095472209328,very_rare,0.012509095472209329,rare,peak_abundance_with_occupancy_days_modifiers,0.0166
greher1,VE,0.00029995500899797546,0.0003,0.0003,resident,0.0061,0.0518,0.0192,365.0,0.61,0.00012509095472209328,very_rare,0.012509095472209329,very_rare,peak_abundance_with_occupancy_days_modifiers,0.0061
stvhum2,VE,0.00029995500899797546,0.0003,0.0003,resident,0.0025,0.0381,0.0257,365.0,0.25,0.00012509095472209328,very_rare,0.012509095472209329,very_rare,peak_abundance_with_occupancy_days_modifiers,0.0025
vihhum1,VE,0.00029995500899797546,0.0003,0.0003,resident,0.0151,0.1337,0.0662,365.0,1.51,0.00012509095472209328,very_rare,0.012509095472209329,rare,peak_abundance_with_occupancy_days_modifiers,0.0151
scrtan1,VE,0.00029995500899797546,0.0003,0.0003,resident,0.0016,0.0131,0.0054,365.0,0.16,0.00012509095472209328,very_rare,0.012509095472209329,very_rare,peak_abundance_with_occupancy_days_modifiers,0.0016
panfly1,VE,0.00029995500899797546,0.0003,0.0003,resident,0.0095,0.0563,0.0246,365.0,0.95,0.00012509095472209328,very_rare,0.012509095472209329,very_rare,peak_abundance_with_occupancy_days_modifiers,0.0095
lottyr1,VE,0.00029995500899797546,0.0003,0.0003,resident,0.0115,0.0059,0.0015,365.0,1.15,0.00012509095472209328,very_rare,0.012509095472209329,rare,peak_abundance_with_occupancy_days_modifiers,0.0115
agaher1,VE,0.00029995500899797546,0.0003,0.0003,resident,0.1018,0.1728,0.0282,365.0,10.18,0.00012509095472209328,very_rare,0.012509095472209329,,peak_abundance_with_occupancy_days_modifiers,0.1018
sahpar1,VE,0.00029995500899797546,0.0003,0.0003,resident,0.0028,0.1021,0.1003,365.0,0.27999999999999997,0.00012509095472209328,very_rare,0.012509095472209329,very_rare,peak_abundance_with_occupancy_days_modifiers,0.0028
grcbri1,VE,0.0002754942389688676,0.000275532190991828,0.000275532190991828,resident,0.0021897374947867,0.0033077233596606,0.0039105310348538,365.0,0.21897374947867002,0.00011489002130075511,very_rare,0.011489002130075511,very_rare,peak_abundance_with_occupancy_days_modifiers,0.0021897374947867
grbcra1,VE,0.0002214161430248639,0.00022144065738831844,0.00022144065738831844,resident,0.2900639213445183,0.0125449925894558,0.0065898638673501,365.0,29.00639213445183,9.233770362561892e-05,very_rare,0.009233770362561892,,peak_abundance_with_occupancy_days_modifiers,0.2900639213445183
bcbeag1,VE,0.00019998000266626675,0.0002,0.0002,resident,0.0017,0.0011,0.0011,365.0,0.16999999999999998,8.339813874893117e-05,very_rare,0.008339813874893118,very_rare,peak_abundance_with_occupancy_days_modifiers,0.0017
motowl,VE,0.00019998000266626675,0.0002,0.0002,resident,0.0082,0.005,0.0051,365.0,0.8200000000000001,8.339813874893117e-05,very_rare,0.008339813874893118,very_rare,peak_abundance_with_occupancy_days_modifiers,0.0082
sbffal1,VE,0.00019998000266626675,0.0002,0.0002,resident,0.0396,0.0212,0.0059,365.0,3.9600000000000004,8.339813874893117e-05,very_rare,0.008339813874893118,rare,peak_abundance_with_occupancy_days_modifiers,0.0396
masduc,VE,0.00019998000266626675,0.0002,0.0002,resident,0.038,0.068,0.005,365.0,3.8,8.339813874893117e-05,very_rare,0.008339813874893118,rare,peak_abundance_with_occupancy_days_modifiers,0.038
burwar1,VE,0.00019998000266626675,0.0002,0.0002,resident,0.0015,0.0011,0.0015,365.0,0.15,8.339813874893117e-05,very_rare,0.008339813874893118,very_rare,peak_abundance_with_occupancy_days_modifiers,0.0015
grbher3,VE,0.00019998000266626675,0.00017500000000000003,0.0002,breeding,0.0013,0.0009,0.0003,77.0,0.13,8.339813874893117e-05,very_rare,0.008339813874893118,very_rare,peak_abundance_with_occupancy_days_modifiers,0.0013
lowhar1,VE,0.00019998000266626675,0.0002,0.0002,breeding,0.0118,0.0045,0.0016,28.0,1.18,8.339813874893117e-05,very_rare,0.008339813874893118,rare,peak_abundance_with_occupancy_days_modifiers,0.0118
brctyr,VE,0.00019998000266626675,0.0002,0.0002,resident,0.0071,0.0826,0.0193,365.0,0.7100000000000001,8.339813874893117e-05,very_rare,0.008339813874893118,very_rare,peak_abundance_with_occupancy_days_modifiers,0.0071
gofred1,VE,0.00019998000266626675,0.0002,0.0002,resident,0.0005,0.01,0.0075,0.0,0.05,8.339813874893117e-05,very_rare,0.008339813874893118,very_rare,peak_abundance_with_occupancy_days_modifiers,0.0005
brvear1,VE,0.00019998000266626675,0.0002,0.0002,resident,0.0018,0.0517,0.1596,365.0,0.18,8.339813874893117e-05,very_rare,0.008339813874893118,very_rare,peak_abundance_with_occupancy_days_modifiers,0.0018
yebcra1,VE,0.00013823833547503382,0.00013824789083403185,0.00013824789083403185,resident,0.0365049857872168,0.0146452960099328,0.0121948712693239,365.0,3.65049857872168,5.764986362966957e-05,very_rare,0.005764986362966957,rare,peak_abundance_with_occupancy_days_modifiers,0.0365049857872168
styowl1,VE,0.00012444105000593026,0.00012444879311457706,0.00012444879311457706,resident,0.0569528410198984,0.0132705771485641,0.0060047449608645,365.0,5.69528410198984,5.189594867536201e-05,very_rare,0.005189594867536201,,peak_abundance_with_occupancy_days_modifiers,0.0569528410198984
hoosis1,VE,9.999500033330834e-05,0.0001,0.0001,resident,0.0058,0.0023,0.0001,365.0,0.58,4.170115411946329e-05,very_rare,0.004170115411946329,very_rare,peak_abundance_with_occupancy_days_modifiers,0.0058
rehbar1,VE,9.999500033330834e-05,0.0001,0.0001,resident,0.0031,0.0329,0.0072,365.0,0.31,4.170115411946329e-05,very_rare,0.004170115411946329,very_rare,peak_abundance_with_occupancy_days_modifiers,0.0031
clcrob,VE,9.999500033330834e-05,0.0001,0.0001,resident,0.0013,0.0014,0.0001,365.0,0.13,4.170115411946329e-05,very_rare,0.004170115411946329,very_rare,peak_abundance_with_occupancy_days_modifiers,0.0013
colinc1,VE,9.999500033330834e-05,0.0001,0.0001,resident,0.0026,0.0298,0.007,365.0,0.26,4.170115411946329e-05,very_rare,0.004170115411946329,very_rare,peak_abundance_with_occupancy_days_modifiers,0.0026
yetori1,VE,9.999500033330834e-05,0.0001,0.0001,resident,0.0046,0.017,0.0031,365.0,0.45999999999999996,4.170115411946329e-05,very_rare,0.004170115411946329,very_rare,peak_abundance_with_occupancy_days_modifiers,0.0046
thlsch4,VE,9.999500033330834e-05,0.0001,0.0001,resident,0.0044,0.1702,0.046,365.0,0.44,4.170115411946329e-05,very_rare,0.004170115411946329,very_rare,peak_abundance_with_occupancy_days_modifiers,0.0044
yefgra1,VE,9.999500033330834e-05,0.0001,0.0001,resident,0.0004,0.0006,0.0001,0.0,0.04,4.170115411946329e-05,very_rare,0.004170115411946329,very_rare,peak_abundance_with_occupancy_days_modifiers,0.0004
father1,VE,9.999500033330834e-05,0.0001,0.0001,resident,0.0128,0.0651,0.0286,365.0,1.28,4.170115411946329e-05,very_rare,0.004170115411946329,rare,peak_abundance_with_occupancy_days_modifiers,0.0128
gohque1,VE,9.999500033330834e-05,0.0001,0.0001,resident,0.001,0.0078,0.0035,365.0,0.1,4.170115411946329e-05,very_rare,0.004170115411946329,very_rare,peak_abundance_with_occupancy_days_modifiers,0.001
bkwvir,VE,9.999500033330834e-05,5e-05,0.0001,postbreeding_migration,0.0432,0.0937,0.0015,21.0,4.32,4.170115411946329e-05,very_rare,0.004170115411946329,rare,peak_abundance_with_occupancy_days_modifiers,0.0432
blaant1,VE,9.999500033330834e-05,0.0001,0.0001,resident,0.0013,0.0325,0.019,365.0,0.13,4.170115411946329e-05,very_rare,0.004170115411946329,very_rare,peak_abundance_with_occupancy_days_modifiers,0.0013
amgplo,VE,9.999500033330834e-05,3.3333333333333335e-05,0.0001,postbreeding_migration,0.0018,0.0031,0.0001,14.0,0.18,4.170115411946329e-05,very_rare,0.004170115411946329,rare,peak_abundance_with_occupancy_days_modifiers,0.0018
blkflo1,VE,9.999500033330834e-05,0.0001,0.0001,resident,0.0005,0.0069,0.003,0.0,0.05,4.170115411946329e-05,very_rare,0.004170115411946329,very_rare,peak_abundance_with_occupancy_days_modifiers,0.0005
palhor3,VE,9.975998087839296e-05,9.976495707075896e-05,9.976495707075896e-05,resident,0.0006454045437724074,8.271184571483712e-05,6.961155443190178e-05,0.0,0.06454045437724075,4.160314339419926e-05,very_rare,0.004160314339419926,very_rare,peak_abundance_with_occupancy_days_modifiers,0.0006454045437724074
lifgle1,VE,9.783977851402821e-05,9.784456498125908e-05,9.784456498125908e-05,resident,0.0081283419429289,0.0051758086559334,0.0014475866839709,0.0,0.81283419429289,4.0802356810139825e-05,very_rare,0.004080235681013983,very_rare,peak_abundance_with_occupancy_days_modifiers,0.0081283419429289
ruccoq1,VE,2.378089314835611e-05,2.378117591603706e-05,2.378117591603706e-05,resident,0.0075377653948497,0.0047636090436595,0.0005941779140265879,0.0,0.75377653948497,9.917402739872986e-06,very_rare,0.0009917402739872986,very_rare,peak_abundance_with_occupancy_days_modifiers,0.0075377653948497
blbman1,VE,1.6475329875894823e-05,1.647546559488742e-05,1.647546559488742e-05,resident,0.0005408682529897727,7.072512116113908e-05,1.666374934690657e-05,0.0,0.05408682529897727,6.870746217657897e-06,very_rare,0.0006870746217657897,very_rare,peak_abundance_with_occupancy_days_modifiers,0.0005408682529897727
stbbit1,VE,1.2118090863322476e-05,1.2118164287682149e-05,1.2118164287682149e-05,resident,0.0358154436885738,0.0046958155066263,0.00014101889622488082,365.0,3.58154436885738,5.053636412188811e-06,very_rare,0.0005053636412188812,rare,peak_abundance_with_occupancy_days_modifiers,0.0358154436885738
rnwrai1,VE,2.0132838205230454e-06,2.0132858471802764e-06,2.0132858471802764e-06,resident,0.011816000353737,0.0203359858532272,0.0011712470975759,365.0,1.1816000353737,8.396045662744503e-07,very_rare,8.396045662744503e-05,rare,peak_abundance_with_occupancy_days_modifiers,0.011816000353737
grttra1,VE,3.1831354873292644e-07,3.183135993946895e-07,3.183135993946895e-07,resident,0.00012187484865030336,5.341897535786289e-05,1.7335945689151331e-06,0.0,0.012187484865030336,1.3274706048593666e-07,very_rare,1.3274706048593665e-05,very_rare,peak_abundance_with_occupancy_days_modifiers,0.00012187484865030336
yemfly2,VE,7.567370291202114e-08,7.567370577527587e-08,7.567370577527587e-08,resident,0.0001005784261045207,3.773666735351092e-05,8.125047990041852e-07,0.0,0.01005784261045207,3.155838528117191e-08,very_rare,3.1558385281171907e-06,very_rare,peak_abundance_with_occupancy_days_modifiers,0.0001005784261045207
dowant1,VE,1.4635029410468524e-08,1.4635029517560567e-08,1.4635029517560567e-08,resident,9.49567638699872e-05,1.1461481266203744e-05,1.783457578839798e-07,0.0,0.009495676386998721,6.103281268993399e-09,very_rare,6.1032812689934e-07,very_rare,peak_abundance_with_occupancy_days_modifiers,9.49567638699872e-05
barpar1,VE,0.0,0.0,0.0,resident,0.0003,0.0049,0.0007,0.0,0.03,0.0,very_rare,0.0,very_rare,peak_abundance_with_occupancy_days_modifiers,0.0003
ocecra1,VE,0.0,0.0,0.0,resident,0.0032,0.0174,0.0037,365.0,0.32,0.0,very_rare,0.0,very_rare,peak_abundance_with_occupancy_days_modifiers,0.0032
yetvir,VE,0.0,0.0,0.0,nonbreeding,0.0012,0.0013,0.0,14.0,0.12,0.0,very_rare,0.0,rare,peak_abundance_with_occupancy_days_modifiers,0.0012
pibgre,VE,0.0,0.0,0.0,postbreeding_migration,0.0001,0.0,0.0,0.0,0.01,0.0,very_rare,0.0,very_rare,peak_abundance_with_occupancy_days_modifiers,0.0001
rucwar1,VE,0.0,0.0,0.0,resident,0.0007,0.0053,0.0003,0.0,0.06999999999999999,0.0,very_rare,0.0,very_rare,peak_abundance_with_occupancy_days_modifiers,0.0007
baffal1,VE,0.0,0.0,0.0,resident,0.0034,0.0008,0.0002,365.0,0.33999999999999997,0.0,very_rare,0.0,very_rare,peak_abundance_with_occupancy_days_modifiers,0.0034
lbbgul,VE,0.0,0.0,0.0,nonbreeding,0.0001,0.0,0.0,0.0,0.01,0.0,very_rare,0.0,very_rare,peak_abundance_with_occupancy_days_modifiers,0.0001
batbar1,VE,0.0,0.0,0.0,resident,0.0002,0.0033,0.0004,0.0,0.02,0.0,very_rare,0.0,very_rare,peak_abundance_with_occupancy_days_modifiers,0.0002
sponit2,VE,0.0,0.0,0.0,resident,0.0014,0.0145,0.0013,365.0,0.13999999999999999,0.0,very_rare,0.0,very_rare,peak_abundance_with_occupancy_days_modifiers,0.0014
citwar1,VE,0.0,0.0,0.0,resident,0.0005,0.0082,0.0003,0.0,0.05,0.0,very_rare,0.0,very_rare,peak_abundance_with_occupancy_days_modifiers,0.0005
bubsan,VE,0.0,0.0,0.0,postbreeding_migration,0.0001,0.0001,0.0001,0.0,0.01,0.0,very_rare,0.0,very_rare,peak_abundance_with_occupancy_days_modifiers,0.0001
whcpig2,VE,0.0,0.0,0.0,resident,0.0002,0.0023,0.0001,0.0,0.02,0.0,very_rare,0.0,very_rare,peak_abundance_with_occupancy_days_modifiers,0.0002
tbsfin1,VE,0.0,0.0,0.0,resident,0.0004,0.0013,0.0006,0.0,0.04,0.0,very_rare,0.0,very_rare,peak_abundance_with_occupancy_days_modifiers,0.0004
gnbman,VE,0.0,0.0,0.0,breeding,0.0003,0.0006,0.0,0.0,0.03,0.0,very_rare,0.0,very_rare,peak_abundance_with_occupancy_days_modifiers,0.0003
whfred2,VE,0.0,0.0,0.0,resident,0.0015,0.9664,0.9778,365.0,0.15,0.0,very_rare,0.0,very_rare,peak_abundance_with_occupancy_days_modifiers,0.0015
brotin1,VE,0.0,0.0,0.0,resident,0.0015,0.0022,0.0001,365.0,0.15,0.0,very_rare,0.0,very_rare,peak_abundance_with_occupancy_days_modifiers,0.0015
gowwar,VE,0.0,0.0,0.0,nonbreeding,0.0025,0.006,0.0004,14.0,0.25,0.0,very_rare,0.0,rare,peak_abundance_with_occupancy_days_modifiers,0.0025
spobar1,VE,0.0,0.0,0.0,resident,0.0013,0.0096,0.0034,365.0,0.13,0.0,very_rare,0.0,very_rare,peak_abundance_with_occupancy_days_modifiers,0.0013
louwat,VE,0.0,0.0,0.0,nonbreeding,0.0072,0.0054,0.0008,56.0,0.72,0.0,very_rare,0.0,very_rare,peak_abundance_with_occupancy_days_modifiers,0.0072
gytwar1,VE,0.0,0.0,0.0,resident,0.0005,0.0889,0.1133,0.0,0.05,0.0,very_rare,0.0,very_rare,peak_abundance_with_occupancy_days_modifiers,0.0005
higtin1,VE,0.0,0.0,0.0,resident,0.0014,0.0249,0.0232,365.0,0.13999999999999999,0.0,very_rare,0.0,very_rare,peak_abundance_with_occupancy_days_modifiers,0.0014
shshaw,VE,0.0,0.0,0.0,breeding,0.0045,0.0006,0.0004,35.0,0.44999999999999996,0.0,very_rare,0.0,very_rare,peak_abundance_with_occupancy_days_modifiers,0.0045
leabit,VE,0.0,0.0,0.0,breeding,0.0009,0.0017,0.0001,0.0,0.09,0.0,very_rare,0.0,very_rare,peak_abundance_with_occupancy_days_modifiers,0.0009
scrcac1,VE,0.0,0.0,0.0,resident,0.0001,0.0008,0.0001,0.0,0.01,0.0,very_rare,0.0,very_rare,peak_abundance_with_occupancy_days_modifiers,0.0001
belkin1,VE,0.0,0.0,0.0,nonbreeding,0.0002,0.0001,0.0,0.0,0.02,0.0,very_rare,0.0,very_rare,peak_abundance_with_occupancy_days_modifiers,0.0002
sbnthr1,VE,0.0,0.0,0.0,resident,0.0003,0.0037,0.0028,0.0,0.03,0.0,very_rare,0.0,very_rare,peak_abundance_with_occupancy_days_modifiers,0.0003
yebcac1,VE,0.0,0.0,0.0,resident,0.0015,0.0032,0.0003,365.0,0.15,0.0,very_rare,0.0,very_rare,peak_abundance_with_occupancy_days_modifiers,0.0015
rcatan1,VE,0.0,0.0,0.0,resident,0.0059,0.0022,0.0001,365.0,0.59,0.0,very_rare,0.0,very_rare,peak_abundance_with_occupancy_days_modifiers,0.0059
