species_code,country_code,abundance,abundance_mean_avg,abundance_mean_max,peak_season,range_occupied_percent,range_total_percent,total_pop_percent,range_days_occupation,occupancy,score,frequency,frequency_pct,rarity_cap,commonness_basis,debug_range_occupied_max
andfla2,BO,1.701539657108591,2.26562211291056,4.482381885188639,breeding,0.1510628427728681,0.6027556071906963,0.7444180635968197,175.0,15.106284277286811,0.7095971523071878,common,70.95971523071879,,peak_abundance_with_occupancy_days_modifiers,0.1510628427728681
wilpha,BO,1.6637556286436883,2.2176666666666662,4.2791,nonbreeding,0.0753,0.0725,0.5845,133.0,7.53,0.6938399885588277,common,69.38399885588277,,peak_abundance_with_occupancy_days_modifiers,0.0753
jamfla1,BO,1.595824534190795,3.8116155854380063,3.9323943236817143,nonbreeding,0.1651983938834601,0.5801877609878497,0.7426912005211669,98.0,16.51983938834601,0.6655105217870712,common,66.55105217870711,,peak_abundance_with_occupancy_days_modifiers,0.1651983938834601
chifla1,BO,1.1784088121946619,1.43205,2.2492,prebreeding_migration,0.0452,0.0644,0.3011,133.0,4.52,0.49143464502494527,rare,49.143464502494524,rare,peak_abundance_with_occupancy_days_modifiers,0.0452
absfin1,BO,1.0034246792206043,1.7276070305514706,1.7276070305514706,resident,0.5342373311697223,0.2979618940096069,0.4199484715253975,365.0,53.42373311697223,0.4184605935894758,common,41.84605935894758,,peak_abundance_with_occupancy_days_modifiers,0.5342373311697223
andgul1,BO,0.7771118706045065,0.6517026467497277,1.1751809807181357,prebreeding_migration,0.3435493160763389,0.2886049097938397,0.5553273442121275,154.0,34.35493160763389,0.32408082180236675,common,32.408082180236676,,peak_abundance_with_occupancy_days_modifiers,0.3435493160763389
gryfin3,BO,0.743924479131041,0.727810017366648,1.1041771311294568,nonbreeding,0.3639072168559717,0.2554899111021547,0.2032982969613285,133.0,36.39072168559717,0.3102406045710548,common,31.024060457105477,,peak_abundance_with_occupancy_days_modifiers,0.3639072168559717
pigdov1,BO,0.7002220942319072,1.0142,1.0142,resident,0.5166,0.095,0.0867,365.0,51.66,0.29201529448562613,common,29.201529448562614,,peak_abundance_with_occupancy_days_modifiers,0.5166
picpig2,BO,0.6600039619666911,0.9348,0.9348,resident,0.4912,0.0679,0.0604,365.0,49.120000000000005,0.2752430306084465,fairly_common,27.52430306084465,,peak_abundance_with_occupancy_days_modifiers,0.4912
categr1,BO,0.6514271590463492,0.8298522062339442,0.9182765621354696,breeding,0.2892467929275363,0.0318450810421676,0.0420257247012079,140.0,28.92467929275363,0.2716662259758018,fairly_common,27.16662259758018,,peak_abundance_with_occupancy_days_modifiers,0.2892467929275363
slccoo1,BO,0.5754153962707991,0.7778688936544195,0.7778688936544195,resident,0.0678608219893368,0.346317540177027,0.4453581324571002,365.0,6.78608219893368,0.23996685876914167,fairly_common,23.996685876914167,,peak_abundance_with_occupancy_days_modifiers,0.0678608219893368
bryfin1,BO,0.5524770854481628,0.7375517556682942,0.7375517556682942,resident,0.4457265740505607,0.3405241912854735,0.2838045923580862,365.0,44.57265740505607,0.230400840151545,fairly_common,23.0400840151545,,peak_abundance_with_occupancy_days_modifiers,0.4457265740505607
blkvul,BO,0.475985700923283,0.6096,0.6096,resident,0.7086,0.0448,0.0361,365.0,70.86,0.19850145513978276,common,19.850145513978276,,peak_abundance_with_occupancy_days_modifiers,0.7086
baisan,BO,0.46593285487525404,0.3992,0.5935,postbreeding_migration,0.0836,0.0637,0.2929,112.0,8.36,0.1943090927117535,fairly_common,19.430909271175352,,peak_abundance_with_occupancy_days_modifiers,0.0836
bbwduc,BO,0.43080791577995947,0.36705,0.5385,nonbreeding,0.3509,0.0939,0.0664,161.0,35.089999999999996,0.17966085536221177,fairly_common,17.966085536221176,,peak_abundance_with_occupancy_days_modifiers,0.3509
soulap1,BO,0.42748749214265697,0.50245,0.5334,prebreeding_migration,0.6223,0.0534,0.0334,175.0,62.23,0.17827613115220592,fairly_common,17.827613115220593,,peak_abundance_with_occupancy_days_modifiers,0.6223
smbani,BO,0.4093907261106367,0.5059,0.5059,resident,0.6072,0.0611,0.0653,365.0,60.72,0.17072919353682747,common,17.072919353682746,,peak_abundance_with_occupancy_days_modifiers,0.6072
whepar2,BO,0.4027280323982782,0.4959,0.4959,resident,0.5157,0.0746,0.0918,365.0,51.57000000000001,0.16795063444463532,common,16.79506344446353,,peak_abundance_with_occupancy_days_modifiers,0.5157
rucspa1,BO,0.39298758659705174,0.4814,0.4814,resident,0.3213,0.0473,0.0353,365.0,32.129999999999995,0.1638885530386116,fairly_common,16.38885530386116,,peak_abundance_with_occupancy_days_modifiers,0.3213
trokin,BO,0.3659616883304642,0.34292500000000004,0.4419,nonbreeding,0.7404,0.0528,0.0534,119.0,74.03999999999999,0.15261787805410815,fairly_common,15.261787805410815,,peak_abundance_with_occupancy_days_modifiers,0.7404
yebtea1,BO,0.3636704184511188,0.3154,0.4386,breeding,0.17,0.0613,0.1278,217.0,17.0,0.15166234429692643,fairly_common,15.166234429692643,,peak_abundance_with_occupancy_days_modifiers,0.17
woosto,BO,0.3622095994372072,0.284,0.4365,breeding,0.3963,0.1098,0.1869,161.0,39.629999999999995,0.15105313545011687,fairly_common,15.105313545011686,,peak_abundance_with_occupancy_days_modifiers,0.3963
grekis,BO,0.3517829978583045,0.4216,0.4216,resident,0.6116,0.0526,0.042,365.0,61.160000000000004,0.14670490485923923,common,14.670490485923922,,peak_abundance_with_occupancy_days_modifiers,0.6116
rugdov,BO,0.34578587260656346,0.4131,0.4131,resident,0.5135,0.0654,0.0595,365.0,51.349999999999994,0.14420390937383493,common,14.420390937383493,,peak_abundance_with_occupancy_days_modifiers,0.5135
andgoo1,BO,0.3314596947976687,0.29475,0.393,breeding,0.1693,0.2958,0.5011,126.0,16.93,0.13822942918222259,fairly_common,13.822942918222259,,peak_abundance_with_occupancy_days_modifiers,0.1693
mitpar,BO,0.31225272638598567,0.3665,0.3665,resident,0.0846,0.5698,0.6255,365.0,8.459999999999999,0.13021950121348846,fairly_common,13.021950121348846,,peak_abundance_with_occupancy_days_modifiers,0.0846
recfin1,BO,0.31174033754485186,0.3658,0.3658,resident,0.3824,0.1024,0.175,365.0,38.24,0.13000581846973136,fairly_common,13.000581846973136,,peak_abundance_with_occupancy_days_modifiers,0.3824
greegr,BO,0.3083666636446136,0.329025,0.3612,postbreeding_migration,0.5232,0.0188,0.029,133.0,52.32,0.1285988871752294,fairly_common,12.85988871752294,,peak_abundance_with_occupancy_days_modifiers,0.5232
saytan1,BO,0.3039624525714069,0.34440565877093715,0.3552181701768873,breeding,0.4321387599731466,0.0977624148151149,0.1201121307719681,168.0,43.21387599731466,0.12676218849903287,fairly_common,12.676218849903286,,peak_abundance_with_occupancy_days_modifiers,0.4321387599731466
watjac1,BO,0.2998823455330992,0.3497,0.3497,resident,0.3235,0.0754,0.1028,365.0,32.35,0.1250606517035805,fairly_common,12.506065170358049,,peak_abundance_with_occupancy_days_modifiers,0.3235
mosfin1,BO,0.2990476586450395,0.3485738931458787,0.3485738931458787,resident,0.4010589741008877,0.1044031306502169,0.0376367771235242,365.0,40.10589741008877,0.12471256023456247,fairly_common,12.471256023456247,,peak_abundance_with_occupancy_days_modifiers,0.4010589741008877
purmar,BO,0.2985478257620869,0.27385,0.3479,nonbreeding,0.2137,0.1298,0.2309,56.0,21.37,0.12450411373207232,fairly_common,12.450411373207231,,peak_abundance_with_occupancy_days_modifiers,0.2137
turvul,BO,0.2922964100025264,0.3268,0.3395,nonbreeding,0.8283,0.0449,0.0268,126.0,82.83,0.1218970708680756,fairly_common,12.189707086807559,,peak_abundance_with_occupancy_days_modifiers,0.8283
bufpar,BO,0.2908021997880246,0.3375,0.3375,resident,0.3718,0.115,0.1241,365.0,37.18,0.1212739368090313,fairly_common,12.127393680903129,,peak_abundance_with_occupancy_days_modifiers,0.3718
rufhor2,BO,0.2888563826795496,0.3349,0.3349,resident,0.4156,0.0722,0.0573,365.0,41.56,0.1204624680470098,fairly_common,12.04624680470098,,peak_abundance_with_occupancy_days_modifiers,0.4156
trsowl,BO,0.28667739942234144,0.3319944419807158,0.3319944419807158,resident,0.763237687688536,0.0562756289264061,0.0575681080632678,365.0,76.3237687688536,0.11955376144838292,common,11.955376144838292,,peak_abundance_with_occupancy_days_modifiers,0.763237687688536
whtdov,BO,0.2826192781093186,0.3266,0.3266,resident,0.5169,0.0492,0.0661,365.0,51.690000000000005,0.11786139341252326,common,11.786139341252326,,peak_abundance_with_occupancy_days_modifiers,0.5169
baymac,BO,0.2740647764925959,0.3153,0.3153,resident,0.4218,0.0847,0.1177,365.0,42.18,0.11429388914585886,fairly_common,11.429388914585886,,peak_abundance_with_occupancy_days_modifiers,0.4218
guicuc1,BO,0.27094274844748284,0.3112,0.3112,resident,0.366,0.0576,0.0593,365.0,36.6,0.11299190232411174,fairly_common,11.299190232411174,,peak_abundance_with_occupancy_days_modifiers,0.366
yecpar,BO,0.27002713721306015,0.31,0.31,resident,0.219,0.0723,0.0906,365.0,21.9,0.11261006278140559,fairly_common,11.26100627814056,,peak_abundance_with_occupancy_days_modifiers,0.219
y00678,BO,0.2676579206208532,0.3069,0.3069,resident,0.4824,0.0471,0.0517,365.0,48.24,0.11162202272015548,fairly_common,11.162202272015548,,peak_abundance_with_occupancy_days_modifiers,0.4824
eardov1,BO,0.26696903085423934,0.306,0.306,resident,0.3201,0.048,0.0114,365.0,32.01,0.11133473337335684,fairly_common,11.133473337335683,,peak_abundance_with_occupancy_days_modifiers,0.3201
snoegr,BO,0.26535977344728956,0.232575,0.3039,breeding,0.5693,0.0835,0.0865,119.0,56.93,0.11066362090851939,fairly_common,11.06636209085194,,peak_abundance_with_occupancy_days_modifiers,0.5693
creoro1,BO,0.26497623491614297,0.3034,0.3034,resident,0.6282,0.1345,0.2372,365.0,62.82,0.11050367291767192,common,11.050367291767191,,peak_abundance_with_occupancy_days_modifiers,0.6282
whcswi,BO,0.2605934667610478,0.2977,0.2977,resident,0.2117,0.0702,0.1026,365.0,21.17,0.10867591663289462,fairly_common,10.867591663289462,,peak_abundance_with_occupancy_days_modifiers,0.2117
punmin1,BO,0.25927393454496045,0.2959887723015162,0.2959887723015162,resident,0.3606485053150018,0.4357740672775544,0.3061741831991309,365.0,36.064850531500184,0.10812562895725836,fairly_common,10.812562895725836,,peak_abundance_with_occupancy_days_modifiers,0.3606485053150018
puntea1,BO,0.2527237725081544,0.2875275771965516,0.2875275771965516,resident,0.1132612529460027,0.4031660471716582,0.5571761371904119,365.0,11.32612529460027,0.1053939992188328,fairly_common,10.53939992188328,,peak_abundance_with_occupancy_days_modifiers,0.1132612529460027
bawswa1,BO,0.25153662581542763,0.222575,0.286,postbreeding_migration,0.3171,0.0833,0.1278,133.0,31.71,0.1048989205945936,fairly_common,10.489892059459361,,peak_abundance_with_occupancy_days_modifiers,0.3171
saffin,BO,0.24959072132905802,0.2835,0.2835,resident,0.398,0.0566,0.0404,365.0,39.800000000000004,0.10408741539315974,fairly_common,10.408741539315974,,peak_abundance_with_occupancy_days_modifiers,0.398
bucpar,BO,0.24740680344988902,0.2807,0.2807,resident,0.1706,0.1324,0.1633,365.0,17.06,0.10317665089733567,fairly_common,10.317665089733568,,peak_abundance_with_occupancy_days_modifiers,0.1706
bawcow4,BO,0.2426324038980567,0.2746,0.2746,resident,0.2897,0.1106,0.0633,365.0,28.970000000000002,0.10118557163462019,fairly_common,10.11855716346202,,peak_abundance_with_occupancy_days_modifiers,0.2897
bknsti,BO,0.239646623413224,0.20232499999999998,0.2708,prebreeding_migration,0.2069,0.0593,0.0514,140.0,20.69,0.09994040445876257,fairly_common,9.994040445876257,,peak_abundance_with_occupancy_days_modifiers,0.2069
brcmar1,BO,0.23878065209360866,0.198675,0.2697,prebreeding_migration,0.5329,0.0583,0.0706,126.0,53.290000000000006,0.0995792663684386,fairly_common,9.95792663684386,,peak_abundance_with_occupancy_days_modifiers,0.5329
blasis1,BO,0.23839915502332262,0.2178563859424157,0.2692157055541876,breeding,0.4028238321379045,0.2335884884620118,0.2298143332645348,133.0,40.28238321379045,0.09942016973289582,fairly_common,9.942016973289581,,peak_abundance_with_occupancy_days_modifiers,0.4028238321379045
sibtan2,BO,0.23507212217948356,0.265,0.265,resident,0.4457,0.0571,0.0783,365.0,44.57,0.09803268926968267,fairly_common,9.803268926968267,,peak_abundance_with_occupancy_days_modifiers,0.4457
fotfly,BO,0.23190505698278252,0.13799999999999998,0.261,postbreeding_migration,0.549,0.0579,0.0597,126.0,54.900000000000006,0.09671192049690593,fairly_common,9.671192049690593,,peak_abundance_with_occupancy_days_modifiers,0.549
blbgra1,BO,0.22896656461699844,0.2573,0.2573,resident,0.5702,0.0589,0.0367,365.0,57.02,0.09548647399842104,common,9.548647399842105,,peak_abundance_with_occupancy_days_modifiers,0.5702
houwre,BO,0.22888702594127547,0.23025,0.2572,postbreeding_migration,0.8302,0.0464,0.0382,126.0,83.02000000000001,0.09545330379427365,fairly_common,9.545330379427366,,peak_abundance_with_occupancy_days_modifiers,0.8302
gsgdov1,BO,0.22441101741673739,0.2454310050522196,0.2515853370964419,breeding,0.4271016081957285,0.4037950788889193,0.3373299359736603,126.0,42.71016081957285,0.09358666325525015,fairly_common,9.358666325525016,,peak_abundance_with_occupancy_days_modifiers,0.4271016081957285
barswa,BO,0.2182516052337819,0.17113333333333336,0.2439,nonbreeding,0.167,0.0048,0.0029,105.0,16.7,0.09101798886282463,fairly_common,9.101798886282463,,peak_abundance_with_occupancy_days_modifiers,0.167
yebpin1,BO,0.21640087044681727,0.2416,0.2416,resident,0.0091,0.0062,0.0973,365.0,0.91,0.09024617250872471,very_rare,9.024617250872472,very_rare,peak_abundance_with_occupancy_days_modifiers,0.0091
plsfin1,BO,0.2134938365881837,0.2379958679662105,0.2379958679662105,resident,0.3640547641008123,0.1570762970709058,0.154798394962502,365.0,36.40547641008123,0.08903384522670747,fairly_common,8.903384522670747,,peak_abundance_with_occupancy_days_modifiers,0.3640547641008123
neocor,BO,0.21268909341035083,0.237,0.237,resident,0.2884,0.0853,0.0419,365.0,28.84,0.08869824125477355,fairly_common,8.869824125477354,,peak_abundance_with_occupancy_days_modifiers,0.2884
chfmac1,BO,0.21220393127582418,0.2364,0.2364,resident,0.3933,0.0811,0.1185,365.0,39.33,0.08849591292958335,fairly_common,8.849591292958335,,peak_abundance_with_occupancy_days_modifiers,0.3933
bafibi1,BO,0.20742059084897352,0.2305,0.2305,resident,0.1528,0.0624,0.0941,365.0,15.28,0.08650110503237753,fairly_common,8.650110503237753,,peak_abundance_with_occupancy_days_modifiers,0.1528
bhsfin1,BO,0.20162461325713074,0.2233886780124349,0.2233886780124349,resident,0.3821623227088507,0.3882627944851946,0.4143614781914856,365.0,38.21623227088507,0.08408399463661007,fairly_common,8.408399463661006,,peak_abundance_with_occupancy_days_modifiers,0.3821623227088507
corcan1,BO,0.19593162377077555,0.216443726655534,0.216443726655534,resident,0.4019199996992578,0.1203106371942902,0.2513370556749116,365.0,40.19199996992578,0.0817098336167622,fairly_common,8.170983361676221,,peak_abundance_with_occupancy_days_modifiers,0.4019199996992578
scrpih1,BO,0.1949277917144508,0.2152232341352489,0.2152232341352489,resident,0.3064149785401529,0.0503080064502355,0.0379860311799346,365.0,30.64149785401529,0.0812912031337248,fairly_common,8.12912031337248,,peak_abundance_with_occupancy_days_modifiers,0.3064149785401529
yercac1,BO,0.1895454018832742,0.2087,0.2087,resident,0.3628,0.0543,0.0521,365.0,36.28,0.07904657223085165,fairly_common,7.904657223085165,,peak_abundance_with_occupancy_days_modifiers,0.3628
crwcin1,BO,0.18097907182430226,0.1983900989122128,0.1983900989122128,resident,0.307044768369467,0.2795814175219413,0.2216787667068279,365.0,30.704476836946696,0.07547413512062918,uncommon,7.547413512062919,,peak_abundance_with_occupancy_days_modifiers,0.307044768369467
srwswa1,BO,0.17973488089718773,0.17259999999999998,0.1969,nonbreeding,0.541,0.0492,0.0522,224.0,54.1,0.07495526720290631,fairly_common,7.495526720290631,,peak_abundance_with_occupancy_days_modifiers,0.541
monpar,BO,0.17965132823807575,0.1968,0.1968,resident,0.0838,0.0376,0.0135,365.0,8.38,0.07492042303766698,uncommon,7.492042303766698,,peak_abundance_with_occupancy_days_modifiers,0.0838
shicow,BO,0.17923346019472147,0.1963,0.1963,resident,0.389,0.0463,0.0259,365.0,38.9,0.0747461585282471,uncommon,7.47461585282471,,peak_abundance_with_occupancy_days_modifiers,0.389
compau,BO,0.17689016679674774,0.1935,0.1935,resident,0.5938,0.0502,0.0624,365.0,59.38,0.0737689292786815,fairly_common,7.37689292786815,,peak_abundance_with_occupancy_days_modifiers,0.5938
punplo1,BO,0.17147483495975546,0.1870542700879371,0.1870542700879371,resident,0.149859939014173,0.3367302690524674,0.656095836961023,365.0,14.985993901417299,0.0715105604923448,uncommon,7.15105604923448,,peak_abundance_with_occupancy_days_modifiers,0.149859939014173
roahaw,BO,0.1710077968936812,0.1865,0.1865,resident,0.7442,0.0569,0.0701,365.0,74.42,0.0713157904907637,fairly_common,7.13157904907637,,peak_abundance_with_occupancy_days_modifiers,0.7442
andfli1,BO,0.16977825042515304,0.1850420396137902,0.1850420396137902,resident,0.4110805431955918,0.3444462319047972,0.2849147325373866,365.0,41.10805431955918,0.07080302978662613,uncommon,7.080302978662613,,peak_abundance_with_occupancy_days_modifiers,0.4110805431955918
punibi1,BO,0.16793920738151508,0.1828646990196181,0.1828646990196181,resident,0.1251649836735076,0.3655827438003557,0.3106981952680095,365.0,12.51649836735076,0.07003608926820566,uncommon,7.003608926820566,,peak_abundance_with_occupancy_days_modifiers,0.1251649836735076
blhpar1,BO,0.1678845089961851,0.1828,0.1828,resident,0.2899,0.0489,0.0466,365.0,28.99,0.07001327826976449,uncommon,7.001327826976449,,peak_abundance_with_occupancy_days_modifiers,0.2899
andavo1,BO,0.16568679106880185,0.1802033935848518,0.1802033935848518,resident,0.1198617430276374,0.3906592420019196,0.5797522447875918,365.0,11.98617430276374,0.06909675870683185,uncommon,6.909675870683185,,peak_abundance_with_occupancy_days_modifiers,0.1198617430276374
wfwduc1,BO,0.1624589276977029,0.1764,0.1764,resident,0.1835,0.0267,0.0104,365.0,18.35,0.0677506351259918,uncommon,6.77506351259918,,peak_abundance_with_occupancy_days_modifiers,0.1835
plcjay1,BO,0.15819961467354485,0.1714,0.1714,resident,0.3349,0.1691,0.212,365.0,33.489999999999995,0.0659743636297027,uncommon,6.59743636297027,,peak_abundance_with_occupancy_days_modifiers,0.3349
stisan,BO,0.15743100794882842,0.057566666666666676,0.1705,prebreeding_migration,0.0211,0.0144,0.2412,56.0,2.11,0.06565382972922947,rare,6.565382972922946,rare,peak_abundance_with_occupancy_days_modifiers,0.0211
horcoo1,BO,0.15437370325357785,0.166926889680875,0.166926889680875,resident,0.0505235174981134,0.0974610565034141,0.3468466376273715,365.0,5.05235174981134,0.06437883464085649,uncommon,6.437883464085649,,peak_abundance_with_occupancy_days_modifiers,0.0505235174981134
giacoo1,BO,0.1535124141492876,0.1659222609652772,0.1659222609652772,resident,0.1388292600437534,0.2556239170552314,0.2416161229584789,365.0,13.88292600437534,0.06401964918598675,uncommon,6.401964918598675,,peak_abundance_with_occupancy_days_modifiers,0.1388292600437534
andswi1,BO,0.1521210945204926,0.1643012183936189,0.1643012183936189,resident,0.1453151648071541,0.2145403597574889,0.2872804837513614,365.0,14.531516480715409,0.0634394238339548,uncommon,6.34394238339548,,peak_abundance_with_occupancy_days_modifiers,0.1453151648071541
moucar1,BO,0.14836447754356205,0.1599355898016226,0.1599355898016226,resident,0.3221085694444225,0.2475373222433908,0.3024639116434491,365.0,32.21085694444225,0.061872792872400564,uncommon,6.187279287240057,,peak_abundance_with_occupancy_days_modifiers,0.3221085694444225
greant1,BO,0.14712606489029384,0.1585,0.1585,resident,0.6039,0.0649,0.0996,365.0,60.39,0.06135633468203812,fairly_common,6.135633468203812,,peak_abundance_with_occupancy_days_modifiers,0.6039
bratea1,BO,0.14634889633513704,0.1576,0.1576,resident,0.2291,0.0636,0.0867,365.0,22.91,0.0610322302209413,uncommon,6.10322302209413,,peak_abundance_with_occupancy_days_modifiers,0.2291
chacha1,BO,0.14288748754854758,0.1536,0.1536,resident,0.1423,0.1466,0.0789,365.0,14.23,0.059588710636973,uncommon,5.9588710636973,,peak_abundance_with_occupancy_days_modifiers,0.1423
andswa2,BO,0.14238055716214496,0.1530153533063532,0.1530153533063532,resident,0.4250337985552594,0.3582479050188103,0.3541308668225276,365.0,42.50337985552594,0.05937730424564589,uncommon,5.937730424564589,,peak_abundance_with_occupancy_days_modifiers,0.4250337985552594
bunibi1,BO,0.14002277791982753,0.1503,0.1503,resident,0.3235,0.0821,0.0741,365.0,32.35,0.05839403392977187,uncommon,5.839403392977187,,peak_abundance_with_occupancy_days_modifiers,0.3235
puyfin1,BO,0.13683263633452275,0.1466362272185636,0.1466362272185636,resident,0.360177770791081,0.5707757775064879,0.6982881288528558,365.0,36.0177770791081,0.0570636415554702,uncommon,5.70636415554702,,peak_abundance_with_occupancy_days_modifiers,0.360177770791081
grasal3,BO,0.13540463700620295,0.145,0.145,resident,0.5049,0.1478,0.1628,365.0,50.49,0.05646811958062883,fairly_common,5.646811958062883,,peak_abundance_with_occupancy_days_modifiers,0.5049
chivir1,BO,0.1344434765494907,0.06369999999999999,0.1439,breeding,0.7502,0.0736,0.0982,182.0,75.02,0.05606728453682365,fairly_common,5.606728453682365,,peak_abundance_with_occupancy_days_modifiers,0.7502
gobsal1,BO,0.13418118146601968,0.1436,0.1436,resident,0.2218,0.1228,0.1236,365.0,22.18,0.055957898990904927,uncommon,5.595789899090493,,peak_abundance_with_occupancy_days_modifiers,0.2218
verfly,BO,0.1339188175657872,0.09867500000000001,0.1433,prebreeding_migration,0.6234,0.1009,0.1128,112.0,62.339999999999996,0.055848484746167576,uncommon,5.5848484746167575,,peak_abundance_with_occupancy_days_modifiers,0.6234
labter1,BO,0.13334231490015502,0.1426410744567986,0.1426410744567986,resident,0.1263070146574497,0.0922249981868309,0.0810062460209769,365.0,12.63070146574497,0.05560806446085653,uncommon,5.560806446085653,,peak_abundance_with_occupancy_days_modifiers,0.1263070146574497
greani1,BO,0.13251837970014443,0.1417,0.1417,resident,0.482,0.088,0.0698,365.0,48.199999999999996,0.05526445679401751,uncommon,5.526445679401751,,peak_abundance_with_occupancy_days_modifiers,0.482
whttou1,BO,0.1296465026036733,0.1384258816021005,0.1384258816021005,resident,0.2962589213640544,0.0446022941806174,0.0294037120867479,365.0,29.62589213640544,0.054066791020599636,uncommon,5.406679102059964,,peak_abundance_with_occupancy_days_modifiers,0.2962589213640544
rebmac2,BO,0.12935241718090945,0.1380911363696834,0.1380911363696834,resident,0.2172334158288344,0.0427235228103137,0.0380783783401904,365.0,21.72334158288344,0.05394414787346139,uncommon,5.394414787346139,,peak_abundance_with_occupancy_days_modifiers,0.2172334158288344
gybmar,BO,0.12874495589056226,0.10497499999999998,0.1374,prebreeding_migration,0.5629,0.0564,0.0417,112.0,56.28999999999999,0.05369081683885027,uncommon,5.369081683885027,,peak_abundance_with_occupancy_days_modifiers,0.5629
rucsee1,BO,0.1265359971976898,0.1348903033113903,0.1348903033113903,resident,0.3171405486691518,0.1671140722474391,0.2200667038133838,365.0,31.71405486691518,0.05276960951260427,uncommon,5.276960951260427,,peak_abundance_with_occupancy_days_modifiers,0.3171405486691518
pavpig2,BO,0.1259275565977906,0.1342,0.1342,resident,0.4684,0.0633,0.0567,365.0,46.839999999999996,0.052515870074188765,uncommon,5.251587007418877,,peak_abundance_with_occupancy_days_modifiers,0.4684
puteup1,BO,0.12583938483914772,0.1341,0.1341,resident,0.6275,0.0927,0.0929,365.0,62.74999999999999,0.05247909959482586,fairly_common,5.247909959482587,,peak_abundance_with_occupancy_days_modifiers,0.6275
schpar1,BO,0.1231021971339834,0.131,0.131,resident,0.1988,0.169,0.27,365.0,19.88,0.05133760366036409,uncommon,5.133760366036409,,peak_abundance_with_occupancy_days_modifiers,0.1988
whfibi,BO,0.12274846525905336,0.0507,0.1306,breeding,0.1205,0.0395,0.0093,119.0,12.049999999999999,0.05119008601063906,uncommon,5.119008601063906,,peak_abundance_with_occupancy_days_modifiers,0.1205
tattin1,BO,0.12138145189044611,0.1290555105948038,0.1290555105948038,resident,0.3951002163590726,0.0948913095163917,0.1384350835234993,365.0,39.51002163590726,0.050619997156419884,uncommon,5.0619997156419885,,peak_abundance_with_occupancy_days_modifiers,0.3951002163590726
andlap1,BO,0.1195406422407451,0.126979046090157,0.126979046090157,resident,0.1956796972623302,0.3293144536369356,0.3275550142941045,365.0,19.56796972623302,0.049852319906048194,uncommon,4.985231990604819,,peak_abundance_with_occupancy_days_modifiers,0.1956796972623302
snakit,BO,0.1194704999761666,0.1269,0.1269,resident,0.2036,0.0987,0.144,365.0,20.36,0.049823068309711116,uncommon,4.982306830971112,,peak_abundance_with_occupancy_days_modifiers,0.2036
barant1,BO,0.1185827158269478,0.1259,0.1259,resident,0.5723,0.0742,0.0759,365.0,57.230000000000004,0.04945283356289391,fairly_common,4.945283356289391,,peak_abundance_with_occupancy_days_modifiers,0.5723
creduc1,BO,0.11831622681804224,0.1256,0.1256,resident,0.0127,0.0579,0.2791,365.0,1.27,0.049341699014221675,rare,4.934169901422168,rare,peak_abundance_with_occupancy_days_modifiers,0.0127
andneg1,BO,0.1180661061176312,0.09736761496693767,0.1253184993456553,prebreeding_migration,0.2699727538487684,0.3334031232532734,0.4559690941065641,147.0,26.99727538487684,0.04923739058038457,uncommon,4.923739058038457,,peak_abundance_with_occupancy_days_modifiers,0.2699727538487684
strfly1,BO,0.11707167158583756,0.06135,0.1242,breeding,0.7273,0.0718,0.0868,112.0,72.72999999999999,0.04882267916947585,uncommon,4.882267916947585,,peak_abundance_with_occupancy_days_modifiers,0.7273
rubpep1,BO,0.1149345380920995,0.1218,0.1218,resident,0.6976,0.061,0.0534,365.0,69.76,0.04793142527778935,fairly_common,4.793142527778935,,peak_abundance_with_occupancy_days_modifiers,0.6976
lesrhe2,BO,0.11475264747997943,0.1215959736671235,0.1215959736671235,resident,0.2723242025106099,0.1035140923558125,0.0504542728502718,365.0,27.23242025106099,0.04785557100083933,uncommon,4.785557100083933,,peak_abundance_with_occupancy_days_modifiers,0.2723242025106099
plupig2,BO,0.11255864795923058,0.1191378901414887,0.1191378901414887,resident,0.3198125185804492,0.0571451962764131,0.0612919350219001,365.0,31.981251858044917,0.04694060213391782,uncommon,4.694060213391782,,peak_abundance_with_occupancy_days_modifiers,0.3198125185804492
gybsee1,BO,0.11166986745987108,0.1137910710485622,0.1181436640984436,breeding,0.2472295200789431,0.2939662135034877,0.2506682644669291,112.0,24.72295200789431,0.046569951876818685,uncommon,4.6569951876818685,,peak_abundance_with_occupancy_days_modifiers,0.2472295200789431
reccar,BO,0.11127300240942878,0.1177,0.1177,resident,0.1856,0.1021,0.0503,365.0,18.56,0.046404446295759974,uncommon,4.640444629575997,,peak_abundance_with_occupancy_days_modifiers,0.1856
easkin,BO,0.11127300240942878,0.06813333333333334,0.1177,postbreeding_migration,0.0841,0.0883,0.6097,105.0,8.41,0.046404446295759974,uncommon,4.640444629575997,,peak_abundance_with_occupancy_days_modifiers,0.0841
nabwoo1,BO,0.10912342701835417,0.1153,0.1153,resident,0.3524,0.0736,0.0782,365.0,35.24,0.04550800372987343,uncommon,4.550800372987343,,peak_abundance_with_occupancy_days_modifiers,0.3524
tropar,BO,0.10903376102412238,0.086875,0.1152,postbreeding_migration,0.4968,0.1142,0.1549,203.0,49.68,0.04547061010586952,uncommon,4.547061010586952,,peak_abundance_with_occupancy_days_modifiers,0.4968
limpki,BO,0.10885440491208209,0.115,0.115,resident,0.2585,0.127,0.1618,365.0,25.85,0.04539581279754881,uncommon,4.539581279754882,,peak_abundance_with_occupancy_days_modifiers,0.2585
cliswa,BO,0.10876471479138874,0.062099999999999995,0.1149,postbreeding_migration,0.2463,0.0771,0.0176,77.0,24.63,0.04535840911202894,uncommon,4.535840911202894,,peak_abundance_with_occupancy_days_modifiers,0.2463
partan1,BO,0.10849559615329893,0.1146,0.1146,resident,0.2379,0.0596,0.0803,365.0,23.79,0.04524617792280952,uncommon,4.524617792280952,,peak_abundance_with_occupancy_days_modifiers,0.2379
bwgdov1,BO,0.10685461973050801,0.1076226963388993,0.1127724675580806,nonbreeding,0.1946127278645373,0.1983124490164358,0.2244978399020219,112.0,19.46127278645373,0.0445618376009422,uncommon,4.45618376009422,,peak_abundance_with_occupancy_days_modifiers,0.1946127278645373
thlwre1,BO,0.10625011984265922,0.1121,0.1121,resident,0.3879,0.1066,0.1511,365.0,38.79,0.04430974156709697,uncommon,4.430974156709698,,peak_abundance_with_occupancy_days_modifiers,0.3879
squcuc1,BO,0.10408970852438094,0.1097,0.1097,resident,0.6234,0.0519,0.0618,365.0,62.339999999999996,0.043408780068575306,fairly_common,4.340878006857531,,peak_abundance_with_occupancy_days_modifiers,0.6234
swatan1,BO,0.10364519431717341,0.07022699056190032,0.1092068322024286,prebreeding_migration,0.3049822945588841,0.0582949651936701,0.0477188147415796,203.0,30.49822945588841,0.04322340324572155,uncommon,4.322340324572155,,peak_abundance_with_occupancy_days_modifiers,0.3049822945588841
docsee1,BO,0.10363903475948592,0.0686,0.1092,breeding,0.4023,0.1082,0.0559,126.0,40.23,0.04322083451064899,uncommon,4.322083451064898,,peak_abundance_with_occupancy_days_modifiers,0.4023
pvttyr1,BO,0.10228579354075011,0.1077,0.1077,resident,0.3705,0.0841,0.0893,365.0,37.05,0.04265648908902571,uncommon,4.265648908902571,,peak_abundance_with_occupancy_days_modifiers,0.3705
bncfly,BO,0.10029772131536394,0.092275,0.1055,postbreeding_migration,0.6867,0.0806,0.0667,140.0,68.67,0.04182739857454879,uncommon,4.182739857454879,,peak_abundance_with_occupancy_days_modifiers,0.6867
comgal1,BO,0.09957380489609238,0.068,0.1047,breeding,0.0911,0.034,0.0655,126.0,9.11,0.04152550197902874,uncommon,4.152550197902874,,peak_abundance_with_occupancy_days_modifiers,0.0911
commin1,BO,0.09929858094493407,0.08635006653112097,0.1043960019368484,prebreeding_migration,0.4434091428092109,0.1375850813651452,0.170938188496088,147.0,44.34091428092109,0.04141072467649994,uncommon,4.141072467649995,,peak_abundance_with_occupancy_days_modifiers,0.4434091428092109
cocher1,BO,0.09585548564352137,0.1006,0.1006,resident,0.3394,0.088,0.1,365.0,33.94,0.039974842409050235,uncommon,3.9974842409050235,,peak_abundance_with_occupancy_days_modifiers,0.3394
smbela1,BO,0.09485553101267882,0.04875,0.0995,breeding,0.4383,0.1165,0.1153,119.0,43.830000000000005,0.03955782893803418,uncommon,3.955782893803418,,peak_abundance_with_occupancy_days_modifiers,0.4383
sobtyr1,BO,0.09093699499210209,0.0817,0.0952,prebreeding_migration,0.6815,0.063,0.0423,161.0,68.15,0.03792367249049102,uncommon,3.7923672490491023,,peak_abundance_with_occupancy_days_modifiers,0.6815
toctou1,BO,0.09020626788614897,0.0944,0.0944,resident,0.3313,0.0977,0.0794,365.0,33.129999999999995,0.03761893561801691,uncommon,3.7618935618016907,,peak_abundance_with_occupancy_days_modifiers,0.3313
chithr1,BO,0.08993210750060718,0.0941,0.0941,resident,0.1064,0.188,0.2276,365.0,10.639999999999999,0.03750460185680064,uncommon,3.750460185680064,,peak_abundance_with_occupancy_days_modifiers,0.1064
whbpar1,BO,0.08974760610431587,0.0938981556431731,0.0938981556431731,resident,0.2321642549002946,0.0623616731154485,0.1066420357559171,365.0,23.21642549002946,0.037427658798284115,uncommon,3.7427658798284114,,peak_abundance_with_occupancy_days_modifiers,0.2321642549002946
masgna1,BO,0.0896578719305353,0.0938,0.0938,resident,0.2654,0.0744,0.0673,365.0,26.540000000000003,0.0373902367411999,uncommon,3.73902367411999,,peak_abundance_with_occupancy_days_modifiers,0.2654
musduc,BO,0.08956644335904304,0.0937,0.0937,resident,0.3879,0.0757,0.0993,365.0,38.79,0.03735210806538607,uncommon,3.7352108065386065,,peak_abundance_with_occupancy_days_modifiers,0.3879
bcwfin2,BO,0.0891091750717759,0.0932,0.0932,resident,0.1611,0.1281,0.103,365.0,16.11,0.03716141237802451,uncommon,3.7161412378024514,,peak_abundance_with_occupancy_days_modifiers,0.1611
hoosis1,BO,0.08791929803788351,0.0919,0.0919,resident,0.1455,0.0672,0.0874,365.0,14.549999999999999,0.03666519511307964,uncommon,3.666519511307964,,peak_abundance_with_occupancy_days_modifiers,0.1455
rumfly1,BO,0.08672800350982414,0.0906,0.0906,resident,0.4373,0.063,0.051,365.0,43.730000000000004,0.03616838670715239,uncommon,3.616838670715239,,peak_abundance_with_occupancy_days_modifiers,0.4373
rbsfin1,BO,0.08645254533919644,0.0902996266911538,0.0902996266911538,resident,0.1746304538073252,0.2400728174575679,0.2542098938530024,365.0,17.46304538073252,0.03605351172751816,uncommon,3.605351172751816,,peak_abundance_with_occupancy_days_modifiers,0.1746304538073252
meapar,BO,0.08608594891312889,0.0899,0.0899,resident,0.1925,0.0435,0.0436,365.0,19.25,0.03590062914326767,uncommon,3.5900629143267673,,peak_abundance_with_occupancy_days_modifiers,0.1925
whwcin1,BO,0.0857241510344352,0.0895057478161142,0.0895057478161142,resident,0.414598862802968,0.2378650418627816,0.2647691906171331,365.0,41.4598862802968,0.03574974770870383,uncommon,3.574974770870383,,peak_abundance_with_occupancy_days_modifiers,0.414598862802968
cattyr,BO,0.08507617235511927,0.0888,0.0888,resident,0.2494,0.0474,0.0703,365.0,24.94,0.03547951961047673,uncommon,3.5479519610476733,,peak_abundance_with_occupancy_days_modifiers,0.2494
souscr1,BO,0.08452495506968792,0.0882,0.0882,resident,0.1884,0.1268,0.0631,365.0,18.84,0.03524964414773894,uncommon,3.524964414773894,,peak_abundance_with_occupancy_days_modifiers,0.1884
swtkit,BO,0.08369755902156674,0.053275,0.0873,nonbreeding,0.4287,0.0597,0.0946,98.0,42.870000000000005,0.03490459319513595,uncommon,3.4904593195135947,,peak_abundance_with_occupancy_days_modifiers,0.4287
chcbla2,BO,0.08314558108666886,0.0867,0.0867,resident,0.0463,0.0185,0.0152,365.0,4.63,0.0346744005169321,rare,3.4674400516932105,rare,peak_abundance_with_occupancy_days_modifiers,0.0463
bcnher,BO,0.08231704248921366,0.058499999999999996,0.0858,breeding,0.2265,0.0302,0.0196,112.0,22.650000000000002,0.034328873084248104,uncommon,3.4328873084248106,,peak_abundance_with_occupancy_days_modifiers,0.2265
rosspo1,BO,0.08194858264716741,0.059225,0.0854,postbreeding_migration,0.343,0.16,0.09,189.0,34.300000000000004,0.03417521339517568,uncommon,3.417521339517568,,peak_abundance_with_occupancy_days_modifiers,0.343
pirfly1,BO,0.08157998699242287,0.045775,0.085,nonbreeding,0.5738,0.0661,0.0707,91.0,57.379999999999995,0.034021497067809006,uncommon,3.4021497067809006,,peak_abundance_with_occupancy_days_modifiers,0.5738
plukit1,BO,0.08065790301745447,0.06075,0.084,nonbreeding,0.5783,0.0654,0.0738,133.0,57.830000000000005,0.033636958182634,uncommon,3.3636958182634,,peak_abundance_with_occupancy_days_modifiers,0.5783
burowl,BO,0.07973496801885356,0.05795,0.083,nonbreeding,0.6665,0.0853,0.057,112.0,66.64999999999999,0.03325206439303828,uncommon,3.325206439303828,,peak_abundance_with_occupancy_days_modifiers,0.6665
paltan1,BO,0.0784414263065626,0.0816,0.0816,resident,0.3778,0.0472,0.0386,365.0,37.78,0.032712615599354546,uncommon,3.2712615599354544,,peak_abundance_with_occupancy_days_modifiers,0.3778
gycwor1,BO,0.07816402096935436,0.0813,0.0813,resident,0.5027,0.1152,0.1491,365.0,50.27,0.032596928588184755,fairly_common,3.2596928588184757,,peak_abundance_with_occupancy_days_modifiers,0.5027
bfgdov1,BO,0.07753017257492777,0.0806148368988118,0.0806148368988118,resident,0.1408010986071718,0.3560624937101869,0.3278638056301265,365.0,14.08010986071718,0.03233259327645663,uncommon,3.233259327645663,,peak_abundance_with_occupancy_days_modifiers,0.1408010986071718
bkbsht1,BO,0.07613785283686479,0.0633047527257875,0.0791113224614547,nonbreeding,0.525893362913073,0.1649998326872962,0.1619229832444934,259.0,52.5893362913073,0.031751950846465093,fairly_common,3.1751950846465093,,peak_abundance_with_occupancy_days_modifiers,0.525893362913073
lesyel,BO,0.07538572690588961,0.033125,0.0783,prebreeding_migration,0.1746,0.0519,0.0314,112.0,17.46,0.03143828997081831,uncommon,3.143828997081831,,peak_abundance_with_occupancy_days_modifiers,0.1746
oliwoo1,BO,0.0752929840354313,0.0782,0.0782,resident,0.5474,0.0753,0.0994,365.0,54.74,0.03139961318976353,fairly_common,3.1399613189763533,,peak_abundance_with_occupancy_days_modifiers,0.5474
rebhaw2,BO,0.07306457085700514,0.06225,0.0758,nonbreeding,0.3122,0.11,0.1189,196.0,31.22,0.030470292712883183,uncommon,3.0470292712883182,,peak_abundance_with_occupancy_days_modifiers,0.3122
blttro1,BO,0.07255532561334754,0.0752522934371906,0.0752522934371906,resident,0.3505695087554806,0.0603695774548257,0.0763841109068934,365.0,35.05695087554806,0.03025792095109921,uncommon,3.025792095109921,,peak_abundance_with_occupancy_days_modifiers,0.3505695087554806
whfnun1,BO,0.07204179310026317,0.0747002581809,0.0747002581809,resident,0.2262762914466169,0.0415999232867122,0.059210133374973,365.0,22.62762914466169,0.03004376125909351,uncommon,3.004376125909351,,peak_abundance_with_occupancy_days_modifiers,0.2262762914466169
ruther1,BO,0.07204155286497055,0.0747,0.0747,resident,0.3736,0.0718,0.1327,365.0,37.36,0.03004366107319493,uncommon,3.004366107319493,,peak_abundance_with_occupancy_days_modifiers,0.3736
purgal2,BO,0.07120375900633207,0.041325,0.0738,nonbreeding,0.4331,0.0793,0.1211,112.0,43.309999999999995,0.02969427389680641,uncommon,2.969427389680641,,peak_abundance_with_occupancy_days_modifiers,0.4331
bobfly1,BO,0.07008560756668776,0.0726,0.0726,resident,0.5259,0.0555,0.0523,365.0,52.59,0.02922796852795705,fairly_common,2.922796852795705,,peak_abundance_with_occupancy_days_modifiers,0.5259
croslf1,BO,0.06859279146561172,0.0443,0.071,nonbreeding,0.516,0.1111,0.0955,119.0,51.6,0.028605415859368665,uncommon,2.8605415859368666,,peak_abundance_with_occupancy_days_modifiers,0.516
yeofly1,BO,0.06728474680559636,0.0696,0.0696,resident,0.5448,0.0764,0.0929,365.0,54.48,0.028059918866712726,fairly_common,2.8059918866712725,,peak_abundance_with_occupancy_days_modifiers,0.5448
rubthr1,BO,0.06634938054153391,0.0686,0.0686,resident,0.1987,0.0528,0.0742,365.0,19.869999999999997,0.02766984083675324,uncommon,2.766984083675324,,peak_abundance_with_occupancy_days_modifiers,0.1987
ywcpar,BO,0.06606859996970468,0.0683,0.0683,resident,0.1705,0.05,0.0442,365.0,17.05,0.02755274624341784,uncommon,2.755274624341784,,peak_abundance_with_occupancy_days_modifiers,0.1705
tabsee1,BO,0.06593112083549844,0.06272139796954548,0.0681531411361735,breeding,0.3004698067863041,0.4636741049533341,0.7487266766049525,105.0,30.04698067863041,0.027495412991308883,uncommon,2.7495412991308883,,peak_abundance_with_occupancy_days_modifiers,0.3004698067863041
orntin1,BO,0.06582092669499061,0.0680354434037746,0.0680354434037746,resident,0.35954134728312,0.3487220100700298,0.4501769741454695,365.0,35.954134728312,0.02744945846537197,uncommon,2.7449458465371968,,peak_abundance_with_occupancy_days_modifiers,0.35954134728312
cibgrt1,BO,0.06507917699814868,0.044047751014133635,0.0672435221773873,prebreeding_migration,0.2870291034038013,0.5172757876753705,0.6415306587318462,105.0,28.70291034038013,0.027140124815459736,uncommon,2.7140124815459736,,peak_abundance_with_occupancy_days_modifiers,0.2870291034038013
whiher1,BO,0.06456977064930008,0.0667,0.0667,resident,0.3248,0.0717,0.0774,365.0,32.48,0.02692768586759272,uncommon,2.692768586759272,,peak_abundance_with_occupancy_days_modifiers,0.3248
sicswi1,BO,0.06297479916138844,0.03916666666666666,0.065,breeding,0.24,0.06,0.192,161.0,24.0,0.026262531093735417,uncommon,2.626253109373542,,peak_abundance_with_occupancy_days_modifiers,0.24
swafly1,BO,0.06291198662739389,0.027814310632239752,0.064933106752185,breeding,0.6648880647861748,0.1117639758384845,0.0941084782490563,105.0,66.48880647861748,0.026236336232472273,uncommon,2.6236336232472275,,peak_abundance_with_occupancy_days_modifiers,0.6648880647861748
yelpip2,BO,0.062438695729449954,0.0644292028618088,0.0644292028618088,resident,0.2726500008813701,0.0606398375542945,0.0709696546532413,365.0,27.265000088137008,0.02603895859746337,uncommon,2.6038958597463373,,peak_abundance_with_occupancy_days_modifiers,0.2726500008813701
anhing,BO,0.0616593803867277,0.0516,0.0636,nonbreeding,0.5166,0.0849,0.1005,105.0,51.66,0.025713958856414358,uncommon,2.5713958856414356,,peak_abundance_with_occupancy_days_modifiers,0.5166
amekes,BO,0.060906934903521386,0.0569,0.0628,prebreeding_migration,0.5579,0.0375,0.0319,105.0,55.78999999999999,0.025400164717136405,uncommon,2.5400164717136406,,peak_abundance_with_occupancy_days_modifiers,0.5579
grfdov1,BO,0.05948797460701241,0.0612929984374181,0.0612929984374181,resident,0.4354044197252052,0.0543146698763229,0.0367546563059885,365.0,43.54044197252052,0.024808412311347262,uncommon,2.4808412311347263,,peak_abundance_with_occupancy_days_modifiers,0.4354044197252052
twbwar1,BO,0.05930610589740758,0.0611,0.0611,resident,0.07,0.5043,0.6577,365.0,7.000000000000001,0.024732567168455448,uncommon,2.473256716845545,,peak_abundance_with_occupancy_days_modifiers,0.07
swathr,BO,0.05911760448308881,0.035833333333333335,0.0609,nonbreeding,0.143,0.1064,0.2969,91.0,14.299999999999999,0.02465395597285525,uncommon,2.465395597285525,,peak_abundance_with_occupancy_days_modifiers,0.143
varant1,BO,0.05883478572089257,0.0606,0.0606,resident,0.2971,0.1176,0.1009,365.0,29.709999999999997,0.02453601138811692,uncommon,2.453601138811692,,peak_abundance_with_occupancy_days_modifiers,0.2971
wtgfin1,BO,0.05856288815931009,0.0603116646468017,0.0603116646468017,resident,0.3198941135923638,0.0671018355621571,0.0828368548952175,365.0,31.98941135923638,0.024422621297787724,uncommon,2.4422621297787726,,peak_abundance_with_occupancy_days_modifiers,0.3198941135923638
rutjac1,BO,0.05836324329691494,0.0601,0.0601,resident,0.3459,0.073,0.0602,365.0,34.589999999999996,0.024339362923387568,uncommon,2.433936292338757,,peak_abundance_with_occupancy_days_modifiers,0.3459
whrswa1,BO,0.05704174036719702,0.0305,0.0587,nonbreeding,0.2067,,,,20.669999999999998,0.02378825339633313,uncommon,2.378825339633313,,peak_abundance_with_occupancy_days_modifiers,0.2067
epaori4,BO,0.05571848875634378,0.0573,0.0573,resident,0.3469,0.0938,0.1015,365.0,34.69,0.023236414612602993,uncommon,2.323641461260299,,peak_abundance_with_occupancy_days_modifiers,0.3469
lyhvul1,BO,0.05571848875634378,0.0573,0.0573,resident,0.2307,0.0481,0.0533,365.0,23.07,0.023236414612602993,uncommon,2.323641461260299,,peak_abundance_with_occupancy_days_modifiers,0.2307
rinkin1,BO,0.055434706888100586,0.057,0.057,resident,0.37,0.0599,0.0706,365.0,37.0,0.0231180683814467,uncommon,2.31180683814467,,peak_abundance_with_occupancy_days_modifiers,0.37
yersis1,BO,0.055423308658087644,0.02758043025709175,0.0569879521395386,prebreeding_migration,0.3211415627980922,0.2491354729809436,0.4022012981976531,84.0,32.11415627980922,0.023113314950326452,uncommon,2.311331495032645,,peak_abundance_with_occupancy_days_modifiers,0.3211415627980922
wwdfin1,BO,0.05531942015066483,0.0568781489425708,0.0568781489425708,resident,0.086647947650496,0.1340813288619427,0.1093985415927421,365.0,8.6647947650496,0.023069990077634356,uncommon,2.3069990077634355,,peak_abundance_with_occupancy_days_modifiers,0.086647947650496
glbeme1,BO,0.05496155807397434,0.0565,0.0565,resident,0.3002,0.0547,0.0679,365.0,30.020000000000003,0.022920749999992107,uncommon,2.292074999999211,,peak_abundance_with_occupancy_days_modifiers,0.3002
baytan3,BO,0.05467756129069573,0.05595,0.0562,breeding,0.1546,0.0964,0.1346,301.0,15.459999999999999,0.02280231414230465,uncommon,2.280231414230465,,peak_abundance_with_occupancy_days_modifiers,0.1546
cobtan1,BO,0.05467756129069573,0.0562,0.0562,resident,0.0609,0.2597,0.2922,365.0,6.09,0.02280231414230465,uncommon,2.280231414230465,,peak_abundance_with_occupancy_days_modifiers,0.0609
greibi1,BO,0.05373032242096779,0.0552,0.0552,resident,0.3298,0.0599,0.0625,365.0,32.98,0.02240728485121196,uncommon,2.2407284851211964,,peak_abundance_with_occupancy_days_modifiers,0.3298
crcwoo1,BO,0.053540766928029816,0.055,0.055,resident,0.4897,0.0567,0.0617,365.0,48.97,0.022328234070684447,uncommon,2.2328234070684445,,peak_abundance_with_occupancy_days_modifiers,0.4897
cingrt1,BO,0.053197573585997755,0.0432894912843744,0.0546379931468802,nonbreeding,0.3178423808763603,0.2432979249687793,0.293455075435071,168.0,31.78423808763603,0.02218511133053593,uncommon,2.218511133053593,,peak_abundance_with_occupancy_days_modifiers,0.3178423808763603
chbtou1,BO,0.05287191503099468,0.0542945971799327,0.0542945971799327,resident,0.2300678018891334,0.0382345189981372,0.0227515875265435,365.0,23.00678018891334,0.02204930116455526,uncommon,2.2049301164555257,,peak_abundance_with_occupancy_days_modifiers,0.2300678018891334
yecspi2,BO,0.052687322279006465,0.0541,0.0541,resident,0.1643,0.0538,0.0561,365.0,16.43,0.021972320007754047,uncommon,2.1972320007754047,,peak_abundance_with_occupancy_days_modifiers,0.1643
orwpar,BO,0.05240267879304835,0.0538,0.0538,resident,0.2474,0.0388,0.0183,365.0,24.740000000000002,0.021853614454101618,uncommon,2.185361445410162,,peak_abundance_with_occupancy_days_modifiers,0.2474
rintea1,BO,0.051928092860359196,0.0533,0.0533,resident,0.0605,0.0667,0.0594,365.0,6.05,0.021655696747655887,uncommon,2.165569674765589,,peak_abundance_with_occupancy_days_modifiers,0.0605
yehcar1,BO,0.051833148640017285,0.0532,0.0532,resident,0.3215,0.0444,0.0395,365.0,32.15,0.021616101932394792,uncommon,2.161610193239479,,peak_abundance_with_occupancy_days_modifiers,0.3215
jabiru,BO,0.050883210314569806,0.0522,0.0522,resident,0.1277,0.1124,0.1427,365.0,12.770000000000001,0.02121994688082793,uncommon,2.1219946880827933,,peak_abundance_with_occupancy_days_modifiers,0.1277
bkcdon,BO,0.05061034045468438,0.0519129255021988,0.0519129255021988,resident,0.1998667265430319,0.0631548999074397,0.0776589122949431,365.0,19.986672654303188,0.021106151310612317,uncommon,2.1106151310612318,,peak_abundance_with_occupancy_days_modifiers,0.1998667265430319
banswa,BO,0.05050298217310676,0.028033333333333337,0.0518,postbreeding_migration,0.2057,,,,20.57,0.02106137942970682,uncommon,2.106137942970682,,peak_abundance_with_occupancy_days_modifiers,0.2057
compot1,BO,0.05050298217310676,0.026775,0.0518,prebreeding_migration,0.6991,0.0607,0.0777,105.0,69.91000000000001,0.02106137942970682,uncommon,2.106137942970682,,peak_abundance_with_occupancy_days_modifiers,0.6991
forela1,BO,0.05021771616061742,0.0515,0.0515,resident,0.2888,0.0439,0.0388,365.0,28.88,0.020942414262326344,uncommon,2.0942414262326343,,peak_abundance_with_occupancy_days_modifiers,0.2888
whwbec1,BO,0.04888539772981063,0.0427,0.0501,breeding,0.7112,0.0558,0.0522,287.0,71.12,0.02038679432098836,fairly_common,2.038679432098836,,peak_abundance_with_occupancy_days_modifiers,0.7112
andcon1,BO,0.04888539772981063,0.0501,0.0501,resident,0.1454,0.1452,0.1003,365.0,14.540000000000001,0.02038679432098836,uncommon,2.038679432098836,,peak_abundance_with_occupancy_days_modifiers,0.1454
savhaw1,BO,0.04774199598542116,0.0489,0.0489,resident,0.2221,0.0486,0.0694,365.0,22.21,0.019909958757166932,rare,1.9909958757166932,,peak_abundance_with_occupancy_days_modifiers,0.2221
magsto1,BO,0.04726519246711422,0.039125,0.0484,breeding,0.3711,0.1419,0.0501,196.0,37.11,0.019711116245687915,rare,1.9711116245687914,,peak_abundance_with_occupancy_days_modifiers,0.3711
scapig2,BO,0.046979001193994605,0.0481,0.0481,resident,0.2175,0.0537,0.0895,365.0,21.75,0.019591765214654108,rare,1.9591765214654107,,peak_abundance_with_occupancy_days_modifiers,0.2175
graspa1,BO,0.046024438311279336,0.0471,0.0471,resident,0.2002,0.0342,0.0203,365.0,20.02,0.019193681572910487,rare,1.9193681572910486,,peak_abundance_with_occupancy_days_modifiers,0.2002
giacow,BO,0.04554681495597039,0.0466,0.0466,resident,0.339,0.0854,0.1185,365.0,33.900000000000006,0.018994497162845948,rare,1.8994497162845947,,peak_abundance_with_occupancy_days_modifiers,0.339
whiwoo1,BO,0.04526013140486457,0.0463,0.0463,resident,0.2537,0.055,0.0596,365.0,25.369999999999997,0.018874940835946305,rare,1.8874940835946306,,peak_abundance_with_occupancy_days_modifiers,0.2537
grerhe1,BO,0.04459088332787514,0.0456,0.0456,resident,0.1331,0.0623,0.0542,365.0,13.309999999999999,0.018595842709943355,rare,1.8595842709943355,,peak_abundance_with_occupancy_days_modifiers,0.1331
gretho2,BO,0.04430392555652441,0.0453,0.0453,resident,0.1334,0.1055,0.1063,365.0,13.34,0.018476172024319115,rare,1.8476172024319115,,peak_abundance_with_occupancy_days_modifiers,0.1334
andhil3,BO,0.044071380265171524,0.0450569486682655,0.0450569486682655,resident,0.2980005389997729,0.3264739616767186,0.3720372014039782,365.0,29.800053899977293,0.01837919310535181,rare,1.837919310535181,,peak_abundance_with_occupancy_days_modifiers,0.2980005389997729
linwoo1,BO,0.04382547954002956,0.0448,0.0448,resident,0.4268,0.0426,0.0419,365.0,42.68,0.018276644537892888,rare,1.8276644537892888,,peak_abundance_with_occupancy_days_modifiers,0.4268
gnbtro1,BO,0.04337528513275278,0.0443297427448128,0.0443297427448128,resident,0.2281494395586949,0.0306992079069591,0.0150532204095772,365.0,22.81494395586949,0.01808889888762046,rare,1.808889888762046,,peak_abundance_with_occupancy_days_modifiers,0.2281494395586949
fepowl,BO,0.04325104199431494,0.0442,0.0442,resident,0.5141,0.0706,0.061,365.0,51.41,0.01803708547447967,uncommon,1.8037085474479668,,peak_abundance_with_occupancy_days_modifiers,0.5141
solsan,BO,0.0431552703139276,0.03766666666666667,0.0441,prebreeding_migration,0.4277,0.0628,0.0801,119.0,42.77,0.017997145581577025,rare,1.7997145581577025,,peak_abundance_with_occupancy_days_modifiers,0.4277
stbwoo2,BO,0.04296369943211568,0.0439,0.0439,resident,0.3298,0.0639,0.0574,365.0,32.98,0.017917254318607752,rare,1.7917254318607752,,peak_abundance_with_occupancy_days_modifiers,0.3298
laufal1,BO,0.04258044753511839,0.0435,0.0435,resident,0.5112,0.0518,0.051,365.0,51.12,0.01775742586348511,uncommon,1.775742586348511,,peak_abundance_with_occupancy_days_modifiers,0.5112
ybttyr1,BO,0.04215419360793023,0.032832393047023,0.0430552988115264,nonbreeding,0.1284452984831665,0.1427079488406813,0.1881336047139979,126.0,12.844529848316649,0.017579664168875853,rare,1.7579664168875853,,peak_abundance_with_occupancy_days_modifiers,0.1284452984831665
bludac1,BO,0.04210117601863539,0.043,0.043,resident,0.248,0.0333,0.0359,365.0,24.8,0.017557554116824615,rare,1.7557554116824616,,peak_abundance_with_occupancy_days_modifiers,0.248
brcred1,BO,0.04152574682849831,0.0424,0.0424,resident,0.0809,0.5877,0.4822,365.0,8.09,0.01731758150556646,rare,1.731758150556646,,peak_abundance_with_occupancy_days_modifiers,0.0809
fusfly1,BO,0.04094764174610806,0.02606877943568507,0.0417975574164544,prebreeding_migration,0.7364161945376735,0.1154672551642674,0.0682741316772055,147.0,73.64161945376735,0.017076492960562746,rare,1.7076492960562746,,peak_abundance_with_occupancy_days_modifiers,0.7364161945376735
bbfgle1,BO,0.04050105811074682,0.0413324115469502,0.0413324115469502,resident,0.1222825673769006,0.1138148251312998,0.1873931553666969,365.0,12.22825673769006,0.01689025311913712,rare,1.6890253119137122,,peak_abundance_with_occupancy_days_modifiers,0.1222825673769006
linsee1,BO,0.04027784649857016,0.0185,0.0411,breeding,0.2608,0.0539,0.0888,119.0,26.08,0.016797166646717387,rare,1.6797166646717387,,peak_abundance_with_occupancy_days_modifiers,0.2608
pugtyr1,BO,0.04025718612608448,0.0410784907084009,0.0410784907084009,resident,0.2396774218567265,0.266519133966432,0.2439476226802387,365.0,23.96774218567265,0.016788550602172027,rare,1.6788550602172028,,peak_abundance_with_occupancy_days_modifiers,0.2396774218567265
strcuc1,BO,0.039893563661676665,0.0407,0.0407,resident,0.3459,0.0477,0.0485,365.0,34.589999999999996,0.016636908256264415,rare,1.6636908256264415,,peak_abundance_with_occupancy_days_modifiers,0.3459
sofspi1,BO,0.039605254592359425,0.0404,0.0404,resident,0.2664,0.0561,0.0474,365.0,26.640000000000004,0.01651667403561776,rare,1.651667403561776,,peak_abundance_with_occupancy_days_modifiers,0.2664
andduc1,BO,0.03896507607752887,0.0397341714204855,0.0397341714204855,resident,0.0230505337593306,0.0810865935155837,0.2045594044377377,365.0,2.30505337593306,0.016249698858639562,rare,1.6249698858639563,rare,peak_abundance_with_occupancy_days_modifiers,0.0230505337593306
butsal1,BO,0.038932210001787475,0.0397,0.0397,resident,0.2451,0.0362,0.0415,365.0,24.51,0.016235992640476416,rare,1.6235992640476415,,peak_abundance_with_occupancy_days_modifiers,0.2451
whbmoc1,BO,0.038643623592204426,0.030166666666666665,0.0394,nonbreeding,0.2187,0.0986,0.072,126.0,21.87,0.016115642759955476,rare,1.6115642759955477,,peak_abundance_with_occupancy_days_modifiers,0.2187
whwswa1,BO,0.03845118637425273,0.0392,0.0392,resident,0.1381,0.0463,0.0404,365.0,13.81,0.016035390206753968,rare,1.6035390206753968,,peak_abundance_with_occupancy_days_modifiers,0.1381
silgre1,BO,0.03835495387646399,0.020950000000000003,0.0391,prebreeding_migration,0.0175,0.0602,0.0922,105.0,1.7500000000000002,0.01599525813806841,rare,1.599525813806841,rare,peak_abundance_with_occupancy_days_modifiers,0.0175
scamac1,BO,0.03796993125162867,0.0387,0.0387,resident,0.1192,0.0292,0.0379,365.0,11.92,0.01583469123208091,rare,1.583469123208091,,peak_abundance_with_occupancy_days_modifiers,0.1192
perwaa1,BO,0.03775226014840051,0.0384739296304629,0.0384739296304629,resident,0.2185958584155742,0.0489384791542523,0.0300487738388051,365.0,21.85958584155742,0.0157439153313577,rare,1.5743915331357698,,peak_abundance_with_occupancy_days_modifiers,0.2185958584155742
amakin1,BO,0.03719944098910626,0.0379,0.0379,resident,0.3189,0.0574,0.0655,365.0,31.89,0.01551337183533213,rare,1.551337183533213,,peak_abundance_with_occupancy_days_modifiers,0.3189
ultgro1,BO,0.03710308795150221,0.0378,0.0378,resident,0.1834,0.0831,0.1055,365.0,18.34,0.015473189497639128,rare,1.5473189497639128,,peak_abundance_with_occupancy_days_modifiers,0.1834
batsee1,BO,0.03546366427556904,0.0361,0.0361,resident,0.0811,0.2081,0.2207,365.0,8.110000000000001,0.014789496721507176,rare,1.4789496721507176,,peak_abundance_with_occupancy_days_modifiers,0.0811
bubear2,BO,0.03539929983099185,0.0360333141450956,0.0360333141450956,resident,0.310776427640711,0.2823184126608933,0.2404205838985902,365.0,31.0776427640711,0.014762654663262487,rare,1.4762654663262487,,peak_abundance_with_occupancy_days_modifiers,0.310776427640711
pecsan,BO,0.035367143837291316,0.019899999999999998,0.036,postbreeding_migration,0.1923,0.0642,0.014,119.0,19.23,0.014749244572310905,rare,1.4749244572310904,,peak_abundance_with_occupancy_days_modifiers,0.1923
grbhaw1,BO,0.035367143837291316,0.036,0.036,resident,0.3431,0.0804,0.1186,365.0,34.31,0.014749244572310905,rare,1.4749244572310904,,peak_abundance_with_occupancy_days_modifiers,0.3431
gyctyr2,BO,0.03527061408191929,0.017233333333333333,0.0359,nonbreeding,0.2054,0.0979,0.0814,112.0,20.54,0.014708988537584516,rare,1.4708988537584515,,peak_abundance_with_occupancy_days_modifiers,0.2054
sobcac1,BO,0.03469123978993036,0.0353,0.0353,resident,0.2625,0.1365,0.1123,365.0,26.25,0.014467370691066583,rare,1.4467370691066583,,peak_abundance_with_occupancy_days_modifiers,0.2625
retcar2,BO,0.03420817132973701,0.0348,0.0348,resident,0.1743,0.0432,0.0368,365.0,17.43,0.014265915495890543,rare,1.4265915495890542,,peak_abundance_with_occupancy_days_modifiers,0.1743
dorcht1,BO,0.03419668347625719,0.0347881124375005,0.0347881124375005,resident,0.1854193877532593,0.3061404240057304,0.4051108045878482,365.0,18.54193877532593,0.01426112468888153,rare,1.426112468888153,,peak_abundance_with_occupancy_days_modifiers,0.1854193877532593
rebscy1,BO,0.033644009629795885,0.0342163701191935,0.0342163701191935,resident,0.2996720004879348,0.1163244952649275,0.1039860456681943,365.0,29.96720004879348,0.014030641793014166,rare,1.4030641793014167,,peak_abundance_with_occupancy_days_modifiers,0.2996720004879348
boboli,BO,0.03362818097998405,0.0131,0.0342,postbreeding_migration,0.36,0.1166,0.071,49.0,36.0,0.014024040733330106,rare,1.4024040733330105,,peak_abundance_with_occupancy_days_modifiers,0.36
bugtan,BO,0.03343477608623739,0.034,0.034,resident,0.1662,0.0285,0.0143,365.0,16.619999999999997,0.013943384627977793,rare,1.3943384627977793,,peak_abundance_with_occupancy_days_modifiers,0.1662
rubsee2,BO,0.033178771832127175,0.0337353254815969,0.0337353254815969,resident,0.1260952806854871,0.0963987920050867,0.1078363343841836,365.0,12.609528068548709,0.0138366225616714,rare,1.3836622561671401,,peak_abundance_with_occupancy_days_modifiers,0.1260952806854871
whbbla2,BO,0.033144598592302024,0.0337,0.0337,resident,0.0992,0.0265,0.0212,365.0,9.92,0.013822371213744447,rare,1.3822371213744447,,peak_abundance_with_occupancy_days_modifiers,0.0992
relser1,BO,0.033144598592302024,0.0337,0.0337,resident,0.1686,0.0457,0.0182,365.0,16.86,0.013822371213744447,rare,1.3822371213744447,,peak_abundance_with_occupancy_days_modifiers,0.1686
rudpig,BO,0.033144598592302024,0.0337,0.0337,resident,0.2148,0.0425,0.0359,365.0,21.48,0.013822371213744447,rare,1.3822371213744447,,peak_abundance_with_occupancy_days_modifiers,0.2148
sbgtyr1,BO,0.03304785404620035,0.02165,0.0336,nonbreeding,0.2088,0.2093,0.2294,98.0,20.880000000000003,0.013782025604326415,rare,1.3782025604326416,,peak_abundance_with_occupancy_days_modifiers,0.2088
stcspi2,BO,0.03275756423817219,0.0333,0.0333,resident,0.117,0.0742,0.0726,365.0,11.700000000000001,0.01366096535147836,rare,1.366096535147836,,peak_abundance_with_occupancy_days_modifiers,0.117
varfly,BO,0.03244086525107828,0.025868495485918266,0.032972806750256,postbreeding_migration,0.48862616090206,0.0667413244816597,0.0359503741481066,105.0,48.862616090206004,0.013528891615528883,rare,1.3528891615528882,,peak_abundance_with_occupancy_days_modifiers,0.48862616090206
fuwduc,BO,0.032370380030450716,0.016625,0.0329,nonbreeding,0.1375,,,,13.750000000000002,0.0134994969954105,rare,1.34994969954105,,peak_abundance_with_occupancy_days_modifiers,0.1375
lalbru1,BO,0.0322735605502957,0.0328,0.0328,resident,0.0311,0.0327,0.0368,365.0,3.11,0.013459120136065003,rare,1.3459120136065004,rare,peak_abundance_with_occupancy_days_modifiers,0.0311
whtpla1,BO,0.03217673169522125,0.01995,0.0327,breeding,0.0952,0.0831,0.0786,42.0,9.520000000000001,0.01341873936707444,rare,1.341873936707444,,peak_abundance_with_occupancy_days_modifiers,0.0952
brcfly1,BO,0.03207989346341168,0.0276,0.0326,postbreeding_migration,0.6535,0.0929,0.069,133.0,65.35,0.013378354687681606,rare,1.3378354687681606,,peak_abundance_with_occupancy_days_modifiers,0.6535
moctyr2,BO,0.030804393815493568,0.0312837586746826,0.0312837586746826,resident,0.1049201363079186,0.121748011989138,0.1919920463931273,365.0,10.49201363079186,0.012846430019249537,rare,1.2846430019249537,,peak_abundance_with_occupancy_days_modifiers,0.1049201363079186
rngtyr1,BO,0.030432207120201987,0.027,0.0309,nonbreeding,0.1689,0.2609,0.2668,119.0,16.89,0.01269121611165578,rare,1.269121611165578,,peak_abundance_with_occupancy_days_modifiers,0.1689
spwpig3,BO,0.030432207120201987,0.0309,0.0309,resident,0.0384,0.0216,0.0088,365.0,3.84,0.01269121611165578,rare,1.269121611165578,rare,peak_abundance_with_occupancy_days_modifiers,0.0384
puntin1,BO,0.03037082215570412,0.0308367201823337,0.0308367201823337,resident,0.2664331891867688,0.2625840882041382,0.2462128956484744,365.0,26.64331891867688,0.012665616593113743,rare,1.2665616593113742,,peak_abundance_with_occupancy_days_modifiers,0.2664331891867688
gilhum1,BO,0.030335199796072947,0.0308,0.0308,resident,0.2625,0.1396,0.1384,365.0,26.25,0.012650760915288583,rare,1.2650760915288584,,peak_abundance_with_occupancy_days_modifiers,0.2625
stbear2,BO,0.030119855666077132,0.0305780471697776,0.0305780471697776,resident,0.2061605213310827,0.1225427013694128,0.1500574698446813,365.0,20.61605213310827,0.012560955437777294,rare,1.2560955437777295,,peak_abundance_with_occupancy_days_modifiers,0.2061605213310827
whfant2,BO,0.0298500219688853,0.0303,0.0303,resident,0.1662,0.0344,0.0319,365.0,16.619999999999997,0.012448426045750522,rare,1.2448426045750522,,peak_abundance_with_occupancy_days_modifiers,0.1662
ongtyr1,BO,0.029717194944918902,0.025247042156153046,0.0301631574056059,breeding,0.1751179541865214,0.1462535387290255,0.1040090213822606,112.0,17.51179541865214,0.012393032874300021,rare,1.239303287430002,,peak_abundance_with_occupancy_days_modifiers,0.1751179541865214
socfly1,BO,0.029170377299779858,0.0296,0.0296,resident,0.1909,0.0311,0.0207,365.0,19.09,0.01216499220407477,rare,1.216499220407477,,peak_abundance_with_occupancy_days_modifiers,0.1909
gilbar1,BO,0.029112089459773487,0.0295399885889142,0.0295399885889142,resident,0.1525665905634679,0.0537706631248456,0.030120920426493,365.0,15.256659056346791,0.01214068428676596,rare,1.2140684286765961,,peak_abundance_with_occupancy_days_modifiers,0.1525665905634679
aplfal,BO,0.02887895955037667,0.0293,0.0293,resident,0.4539,0.0708,0.0674,365.0,45.39,0.012043461563137701,rare,1.20434615631377,,peak_abundance_with_occupancy_days_modifiers,0.4539
spvear1,BO,0.028587456851912555,0.021575,0.029,breeding,0.1351,0.3093,0.2011,119.0,13.51,0.011921895495690513,rare,1.1921895495690513,,peak_abundance_with_occupancy_days_modifiers,0.1351
azaspi1,BO,0.028393074501217887,0.0288,0.0288,resident,0.0715,0.2027,0.1793,365.0,7.1499999999999995,0.01184083175912966,rare,1.184083175912966,,peak_abundance_with_occupancy_days_modifiers,0.0715
pesfin1,BO,0.028303683246098003,0.0287080383870759,0.0287080383870759,resident,0.087775866284043,0.0788800042199337,0.0498544480821569,365.0,8.7775866284043,0.011803552710234632,rare,1.1803552710234633,,peak_abundance_with_occupancy_days_modifiers,0.087775866284043
wbctyr1,BO,0.027874054101090527,0.0282661703585697,0.0282661703585697,resident,0.2057135548820254,0.2921563461611742,0.217132205739672,365.0,20.57135548820254,0.01162438344046656,rare,1.162438344046656,,peak_abundance_with_occupancy_days_modifiers,0.2057135548820254
camfli1,BO,0.02780970063926723,0.0282,0.0282,resident,0.1097,0.0248,0.0247,365.0,10.97,0.011597545962386005,rare,1.1597545962386004,,peak_abundance_with_occupancy_days_modifiers,0.1097
yewbla2,BO,0.027797003509893708,0.0242510253577344,0.0281869448944595,nonbreeding,0.0141568403951341,0.0085652732025887,0.0072635504782547,140.0,1.41568403951341,0.011592250848159184,rare,1.1592250848159185,rare,peak_abundance_with_occupancy_days_modifiers,0.0141568403951341
blkski,BO,0.027712438566535786,0.0149,0.0281,postbreeding_migration,0.2812,0.1365,0.038,140.0,28.12,0.011556984527599937,rare,1.1556984527599936,,peak_abundance_with_occupancy_days_modifiers,0.2812
grrswi1,BO,0.027615167032973367,0.028,0.028,resident,0.2324,0.0627,0.0366,365.0,23.24,0.0115164191473409,rare,1.15164191473409,,peak_abundance_with_occupancy_days_modifiers,0.2324
ftpswi1,BO,0.027567865309708655,0.0279513749785166,0.0279513749785166,resident,0.1160778625938491,0.0253222483743248,0.0094541519385197,365.0,11.607786259384909,0.011496692796569287,rare,1.1496692796569288,,peak_abundance_with_occupancy_days_modifiers,0.1160778625938491
masyel5,BO,0.027152877078570788,0.01919250249512145,0.0275248757579179,breeding,0.3898041491304235,0.1215513038349593,0.0311355370856376,140.0,38.98041491304235,0.011323629262124955,rare,1.1323629262124955,,peak_abundance_with_occupancy_days_modifiers,0.3898041491304235
leasee1,BO,0.026999182916658686,0.0273669633187153,0.0273669633187153,breeding,0.3775283515153014,0.0875646083961558,0.0188607057437958,112.0,37.75283515153014,0.011259533818234805,rare,1.1259533818234806,,peak_abundance_with_occupancy_days_modifiers,0.3775283515153014
uplsan,BO,0.02673929718962161,0.016733333333333333,0.0271,prebreeding_migration,0.3449,0.0859,0.0546,63.0,34.489999999999995,0.011151153051991488,rare,1.1151153051991487,,peak_abundance_with_occupancy_days_modifiers,0.3449
ragmac1,BO,0.02634977532278202,0.0267,0.0267,resident,0.0851,0.0236,0.0295,365.0,8.51,0.010988709816351354,rare,1.0988709816351354,,peak_abundance_with_occupancy_days_modifiers,0.0851
blttit1,BO,0.026348962639943074,0.0266991656188683,0.0266991656188683,resident,0.4952118618566534,0.0839108700438308,0.0522703669538899,365.0,49.521186185665336,0.010988370901283542,rare,1.0988370901283542,,peak_abundance_with_occupancy_days_modifiers,0.4952118618566534
whmtyr1,BO,0.02578142787363812,0.0261166434642664,0.0261166434642664,resident,0.192062833404394,0.071338887286422,0.0543402556954048,365.0,19.206283340439402,0.010751690520475001,rare,1.0751690520475001,,peak_abundance_with_occupancy_days_modifiers,0.192062833404394
retcom1,BO,0.025765207886026414,0.0261,0.0261,resident,0.0897,0.4402,0.3689,365.0,8.97,0.010744926260252448,rare,1.0744926260252448,,peak_abundance_with_occupancy_days_modifiers,0.0897
batpig1,BO,0.025765207886026414,0.01795,0.0261,postbreeding_migration,0.055,0.0581,0.0402,112.0,5.5,0.010744926260252448,rare,1.0744926260252448,,peak_abundance_with_occupancy_days_modifiers,0.055
turtan1,BO,0.025733397027334317,0.0260673593970616,0.0260673593970616,resident,0.1732253673255265,0.0741356622999394,0.060738903618259,365.0,17.322536732552653,0.010731660101778784,rare,1.0731660101778784,,peak_abundance_with_occupancy_days_modifiers,0.1732253673255265
blfant1,BO,0.025180298530298247,0.0255,0.0255,resident,0.1587,0.0534,0.0682,365.0,15.870000000000001,0.010501000112866745,rare,1.0501000112866745,,peak_abundance_with_occupancy_days_modifiers,0.1587
yebter2,BO,0.02501042755491262,0.0253258121098943,0.0253258121098943,resident,0.0786303914699297,0.0762890694949852,0.0621610727096735,365.0,7.86303914699297,0.01043015841376806,rare,1.043015841376806,,peak_abundance_with_occupancy_days_modifiers,0.0786303914699297
yectyr1,BO,0.0249852526939085,0.0253,0.0253,resident,0.1829,0.0339,0.0268,365.0,18.29,0.010419659681279796,rare,1.0419659681279796,,peak_abundance_with_occupancy_days_modifiers,0.1829
chbmoc1,BO,0.024790168807218786,0.0251,0.0251,resident,0.1148,0.0218,0.011,365.0,11.48,0.010338303381485165,rare,1.0338303381485165,,peak_abundance_with_occupancy_days_modifiers,0.1148
greela,BO,0.024399886823535173,0.0108,0.0247,breeding,0.4592,0.0682,0.0415,154.0,45.92,0.010175543152499808,rare,1.0175543152499809,,peak_abundance_with_occupancy_days_modifiers,0.4592
whcpin,BO,0.024204688696817394,0.013949999999999999,0.0245,nonbreeding,0.0567,0.0482,0.0372,105.0,5.67,0.010094139210913167,rare,1.0094139210913167,,peak_abundance_with_occupancy_days_modifiers,0.0567
littin1,BO,0.023911820046312877,0.0242,0.0242,resident,0.1958,0.0405,0.0394,365.0,19.580000000000002,0.00997200349722009,rare,0.997200349722009,,peak_abundance_with_occupancy_days_modifiers,0.1958
moupar2,BO,0.023814178099254877,0.0241,0.0241,resident,0.0375,0.5407,0.5748,365.0,3.75,0.009931283642535179,rare,0.9931283642535179,rare,peak_abundance_with_occupancy_days_modifiers,0.0375
whcela1,BO,0.023521195041345824,0.01615,0.0238,breeding,0.1731,0.1135,0.0448,105.0,17.31,0.00980910021724859,rare,0.980910021724859,,peak_abundance_with_occupancy_days_modifiers,0.1731
heptan,BO,0.02293497128249588,0.019299999999999998,0.0232,prebreeding_migration,0.4505,0.1193,0.0812,140.0,45.050000000000004,0.009564625921185715,rare,0.9564625921185714,,peak_abundance_with_occupancy_days_modifiers,0.4505
leskis1,BO,0.022250608934819758,0.0225,0.0225,resident,0.219,0.0684,0.0584,365.0,21.9,0.00927922465473357,rare,0.927922465473357,,peak_abundance_with_occupancy_days_modifiers,0.219
shtswi1,BO,0.02195716735204214,0.0222,0.0222,resident,0.1301,0.0362,0.0267,365.0,13.01,0.009156850009724517,rare,0.9156850009724518,,peak_abundance_with_occupancy_days_modifiers,0.1301
kinvul1,BO,0.021565777914560547,0.0218,0.0218,resident,0.2147,0.038,0.0448,365.0,21.47,0.008993627936633396,rare,0.8993627936633396,,peak_abundance_with_occupancy_days_modifiers,0.2147
grnkin,BO,0.021467906615240923,0.0217,0.0217,resident,0.3037,0.051,0.0492,365.0,30.37,0.008952812434626341,rare,0.8952812434626342,,peak_abundance_with_occupancy_days_modifiers,0.3037
rufnig1,BO,0.021218056809704674,0.021444760340801,0.021444760340801,resident,0.4676482783538468,0.0538489023435823,0.0647119650843376,365.0,46.76482783538468,0.008848616972726656,rare,0.8848616972726656,,peak_abundance_with_occupancy_days_modifiers,0.4676482783538468
bawnig1,BO,0.02103438343716391,0.01142108006113085,0.0212571653654334,prebreeding_migration,0.3544509235945401,0.1351562134946266,0.1522240999185123,98.0,35.44509235945401,0.008772019226935034,rare,0.8772019226935034,,peak_abundance_with_occupancy_days_modifiers,0.3544509235945401
origoo1,BO,0.020880477579355235,0.0211,0.0211,resident,0.0692,0.3248,0.0772,365.0,6.92,0.008707835498998829,rare,0.8707835498998829,,peak_abundance_with_occupancy_days_modifiers,0.0692
bkfibi2,BO,0.020245192888457872,0.0204515168096562,0.0204515168096562,resident,0.1213116905221837,0.210258828029782,0.1326835714938372,365.0,12.13116905221837,0.008442901205118723,rare,0.8442901205118724,,peak_abundance_with_occupancy_days_modifiers,0.1213116905221837
y01204,BO,0.01965012210217414,0.01089945136163115,0.0198444565630068,prebreeding_migration,0.5432727836793726,0.1006741931488797,0.0252906040207411,154.0,54.32727836793726,0.008194737412048082,rare,0.8194737412048082,,peak_abundance_with_occupancy_days_modifiers,0.5432727836793726
whrsan,BO,0.019312311032372815,0.0195,0.0195,postbreeding_migration,0.2785,0.0945,0.0011,98.0,27.85,0.00805385925375932,rare,0.8053859253759321,,peak_abundance_with_occupancy_days_modifiers,0.2785
mastit1,BO,0.019214218923804288,0.0194,0.0194,resident,0.168,0.041,0.0378,365.0,16.8,0.008012951667143145,rare,0.8012951667143146,,peak_abundance_with_occupancy_days_modifiers,0.168
btfgle1,BO,0.01911611719223005,0.0193,0.0193,resident,0.1957,0.0575,0.0789,365.0,19.57,0.007972040067421885,rare,0.7972040067421885,,peak_abundance_with_occupancy_days_modifiers,0.1957
purhon1,BO,0.019039517050384983,0.019221924465754,0.019221924465754,resident,0.1654007454912333,0.035696816493608,0.021566706530382,365.0,16.54007454912333,0.007940095327084805,rare,0.7940095327084805,,peak_abundance_with_occupancy_days_modifiers,0.1654007454912333
whfwoo1,BO,0.019018005835761846,0.0192,0.0192,resident,0.0586,0.0679,0.068,365.0,5.86,0.007931124453808077,rare,0.7931124453808077,,peak_abundance_with_occupancy_days_modifiers,0.0586
scbwre1,BO,0.018919884852510872,0.0191,0.0191,resident,0.1562,0.0523,0.0615,365.0,15.620000000000001,0.00789020482551394,rare,0.789020482551394,,peak_abundance_with_occupancy_days_modifiers,0.1562
yebcuc,BO,0.01842913546836719,0.009566666666666666,0.0186,postbreeding_migration,0.364,0.0603,0.0686,70.0,36.4,0.007685546436254547,rare,0.7685546436254547,,peak_abundance_with_occupancy_days_modifiers,0.364
andgua1,BO,0.018411173856844883,0.0185817044668125,0.0185817044668125,resident,0.0723490748947937,0.2304646245907584,0.2627475532078237,365.0,7.23490748947937,0.007678055862447544,rare,0.7678055862447545,,peak_abundance_with_occupancy_days_modifiers,0.0723490748947937
sltred,BO,0.018232768261059712,0.0184,0.0184,resident,0.033,0.0597,0.0862,365.0,3.3000000000000003,0.0076036549501938165,rare,0.7603654950193817,rare,peak_abundance_with_occupancy_days_modifiers,0.033
whbpic1,BO,0.01813457019548269,0.0183,0.0183,resident,0.1882,0.1141,0.0868,365.0,18.82,0.007562703176073003,rare,0.7562703176073003,,peak_abundance_with_occupancy_days_modifiers,0.1882
btsfin1,BO,0.018036362486098582,0.0182,0.0182,resident,0.0887,0.2261,0.129,365.0,8.870000000000001,0.007521747380172253,rare,0.7521747380172252,,peak_abundance_with_occupancy_days_modifiers,0.0887
blgdov1,BO,0.017839918128331,0.018,0.018,resident,0.3272,0.062,0.0467,365.0,32.72,0.007439823719870647,rare,0.7439823719870647,,peak_abundance_with_occupancy_days_modifiers,0.3272
eawpew,BO,0.017839918128331,0.012066666666666665,0.018,postbreeding_migration,0.2762,0.0871,0.05,70.0,27.62,0.007439823719870647,rare,0.7439823719870647,,peak_abundance_with_occupancy_days_modifiers,0.2762
brnowl,BO,0.017741681476157102,0.0179,0.0179,resident,0.697,,,,69.69999999999999,0.0073988558538890595,rare,0.7398855853889059,,peak_abundance_with_occupancy_days_modifiers,0.697
brratt1,BO,0.017741681476157102,0.0179,0.0179,resident,0.1767,0.0329,0.021,365.0,17.669999999999998,0.0073988558538890595,rare,0.7398855853889059,,peak_abundance_with_occupancy_days_modifiers,0.1767
pabthr1,BO,0.017643435172595243,0.0178,0.0178,resident,0.1623,0.0337,0.011,365.0,16.23,0.00735788396296607,rare,0.735788396296607,,peak_abundance_with_occupancy_days_modifiers,0.1623
ducfly,BO,0.017446913603720648,0.014474999999999998,0.0176,postbreeding_migration,0.429,0.0663,0.0283,133.0,42.9,0.007275928103131861,rare,0.7275928103131861,,peak_abundance_with_occupancy_days_modifiers,0.429
bubwre1,BO,0.017446913603720648,0.0176,0.0176,resident,0.1114,0.0194,0.013,365.0,11.14,0.007275928103131861,rare,0.7275928103131861,,peak_abundance_with_occupancy_days_modifiers,0.1114
putfru1,BO,0.017250353406527592,0.0174,0.0174,resident,0.1434,0.0321,0.0196,365.0,14.34,0.00719395613403763,rare,0.7193956134037629,,peak_abundance_with_occupancy_days_modifiers,0.1434
bktflo1,BO,0.017224896653323298,0.0173741006289483,0.0173741006289483,resident,0.0745840419147744,0.1051391040551577,0.0907019516507122,365.0,7.45840419147744,0.0071833398433709065,rare,0.7183339843370906,,peak_abundance_with_occupancy_days_modifiers,0.0745840419147744
thbsis1,BO,0.01700740543870061,0.0171528547604653,0.0171528547604653,resident,0.2473874543921269,0.2884677736373282,0.3127995826425904,365.0,24.73874543921269,0.00709263896202307,rare,0.709263896202307,,peak_abundance_with_occupancy_days_modifiers,0.2473874543921269
chospi2,BO,0.016955440649413473,0.0171,0.0171,resident,0.0874,0.0669,0.0379,365.0,8.74,0.007070967961676732,rare,0.7070967961676732,,peak_abundance_with_occupancy_days_modifiers,0.0874
thswar2,BO,0.016881868027813066,0.0170251720392486,0.0170251720392486,resident,0.0642007261077256,0.9406202288379116,0.9293919574616806,365.0,6.420072610772561,0.007040285795347445,rare,0.7040285795347445,,peak_abundance_with_occupancy_days_modifiers,0.0642007261077256
spetyr1,BO,0.0168571170664229,0.008875000000000001,0.017,nonbreeding,0.1566,0.0868,0.0332,98.0,15.659999999999998,0.007029963842728778,rare,0.7029963842728778,,peak_abundance_with_occupancy_days_modifiers,0.1566
scrcow1,BO,0.01646372603066508,0.0166,0.0166,resident,0.1286,0.0472,0.0139,365.0,12.86,0.006865907038321851,rare,0.6865907038321851,,peak_abundance_with_occupancy_days_modifiers,0.1286
masflo1,BO,0.016382017900020383,0.0165169389078161,0.0165169389078161,resident,0.0478989863257918,0.1091636789135102,0.0948349615166526,365.0,4.78989863257918,0.006831832101200325,rare,0.6831832101200326,rare,peak_abundance_with_occupancy_days_modifiers,0.0478989863257918
tyrmet1,BO,0.01582721249225827,0.0159531262306516,0.0159531262306516,resident,0.0575867663098917,0.1194191429273267,0.1051503458748524,365.0,5.75867663098917,0.006600460275226169,rare,0.6600460275226169,,peak_abundance_with_occupancy_days_modifiers,0.0575867663098917
gryfin1,BO,0.015774919115362215,0.0115,0.0159,nonbreeding,0.1026,0.032,0.0022,161.0,10.26,0.00657865224320357,rare,0.657865224320357,,peak_abundance_with_occupancy_days_modifiers,0.1026
rewtin1,BO,0.015774919115362215,0.0159,0.0159,resident,0.0876,0.0248,0.032,365.0,8.76,0.00657865224320357,rare,0.657865224320357,,peak_abundance_with_occupancy_days_modifiers,0.0876
grytin1,BO,0.015624612052839052,0.0157473145303224,0.0157473145303224,resident,0.2344238673724855,0.1123899190889399,0.0854240762419261,365.0,23.44238673724855,0.006515969329471576,rare,0.6515969329471576,,peak_abundance_with_occupancy_days_modifiers,0.2344238673724855
leagre,BO,0.015479570848386318,0.0156,0.0156,resident,0.1416,0.1149,0.0974,365.0,14.16,0.006455482449123619,rare,0.6455482449123618,,peak_abundance_with_occupancy_days_modifiers,0.1416
webwoo1,BO,0.015479570848386318,0.0156,0.0156,resident,0.1646,0.0326,0.0184,365.0,16.46,0.006455482449123619,rare,0.6455482449123618,,peak_abundance_with_occupancy_days_modifiers,0.1646
giahum1,BO,0.015381102038302324,0.012775,0.0155,postbreeding_migration,0.1051,0.2541,0.2554,161.0,10.51,0.006414417765773596,rare,0.6414417765773596,,peak_abundance_with_occupancy_days_modifiers,0.1051
blkpho,BO,0.015381102038302324,0.0116,0.0155,prebreeding_migration,0.0967,0.0469,0.0444,112.0,9.67,0.006414417765773596,rare,0.6414417765773596,,peak_abundance_with_occupancy_days_modifiers,0.0967
whtgol1,BO,0.015367572188580227,0.0154862605305539,0.0154862605305539,resident,0.2554522059120021,0.1100516313807498,0.2457535595603607,365.0,25.545220591200206,0.006408775380188354,rare,0.6408775380188354,,peak_abundance_with_occupancy_days_modifiers,0.2554522059120021
whwcoo1,BO,0.015269271624200125,0.01249352382116705,0.0153864425641851,nonbreeding,0.012414881937383,0.0137570559983225,0.0031529357203103,105.0,1.2414881937383,0.006367780860746604,rare,0.6367780860746605,rare,peak_abundance_with_occupancy_days_modifiers,0.012414881937383
blchaw1,BO,0.014821508772434584,0.0149318920080396,0.0149318920080396,resident,0.3335573682472447,0.1275058684402885,0.1210841705139799,365.0,33.35573682472447,0.006181049247883873,rare,0.6181049247883873,,peak_abundance_with_occupancy_days_modifiers,0.3335573682472447
sunbit1,BO,0.014599016777531108,0.0147061029057609,0.0147061029057609,resident,0.3358361509754543,0.0978245658745811,0.0887024318607668,365.0,33.583615097545426,0.006088262879176495,rare,0.6088262879176495,,peak_abundance_with_occupancy_days_modifiers,0.3358361509754543
banana,BO,0.014494446150452563,0.0146,0.0146,resident,0.0891,0.0112,0.0083,365.0,8.91,0.006044653540493171,rare,0.6044653540493171,,peak_abundance_with_occupancy_days_modifiers,0.0891
fasant1,BO,0.014198719399812949,0.0143,0.0143,resident,0.1625,0.0373,0.0255,365.0,16.25,0.005921325906465824,rare,0.5921325906465824,,peak_abundance_with_occupancy_days_modifiers,0.1625
schbla1,BO,0.014157771481341449,0.0142584673766374,0.0142584673766374,resident,0.1030459328539456,0.1164702991933616,0.0647253105625728,365.0,10.30459328539456,0.005904249298101858,rare,0.5904249298101858,,peak_abundance_with_occupancy_days_modifiers,0.1030459328539456
coltro1,BO,0.013607003406216902,0.0137,0.0137,resident,0.1329,0.0422,0.0611,365.0,13.29,0.005674561170612519,rare,0.5674561170612519,,peak_abundance_with_occupancy_days_modifiers,0.1329
gbwwre1,BO,0.013508350024792243,0.0136,0.0136,resident,0.0237,0.0759,0.0898,365.0,2.37,0.0056334195150349094,rare,0.563341951503491,rare,peak_abundance_with_occupancy_days_modifiers,0.0237
plaant1,BO,0.013442027328785555,0.0135327775445395,0.0135327775445395,resident,0.0737581971216295,0.0666126583502208,0.0697137256796966,365.0,7.37581971216295,0.005605760802513521,rare,0.5605760802513521,,peak_abundance_with_occupancy_days_modifiers,0.0737581971216295
yebtyr2,BO,0.013425249266967426,0.013097105836925249,0.0135157725715988,nonbreeding,0.3472538038248509,0.2117138357104739,0.1297580796999921,105.0,34.725380382485085,0.00559876380727006,rare,0.5598763807270061,,peak_abundance_with_occupancy_days_modifiers,0.3472538038248509
secfly1,BO,0.013409686909917675,0.0135,0.0135,resident,0.1789,0.0559,0.0573,365.0,17.89,0.005592273800293407,rare,0.5592273800293407,,peak_abundance_with_occupancy_days_modifiers,0.1789
eulfly1,BO,0.01323670143587979,0.010234379549647024,0.0133246943851622,breeding,0.2500433303151887,0.0816441870192484,0.0527492817714126,182.0,25.004333031518872,0.005520133254373683,rare,0.5520133254373683,,peak_abundance_with_occupancy_days_modifiers,0.2500433303151887
wfgtyr1,BO,0.013200072077236542,0.0132875776312951,0.0132875776312951,resident,0.0806810950209413,0.1466045617304819,0.1001994257070267,365.0,8.06810950209413,0.00550485762534236,rare,0.550485762534236,,peak_abundance_with_occupancy_days_modifiers,0.0806810950209413
capher1,BO,0.01318309378627957,0.0132703738860245,0.0132703738860245,resident,0.2533091185139433,0.0727141711478563,0.0610294981477976,365.0,25.330911851394326,0.005497777128062282,rare,0.5497777128062282,,peak_abundance_with_occupancy_days_modifiers,0.2533091185139433
yebela1,BO,0.013014937077494654,0.0131,0.0131,resident,0.0949,0.0181,0.009,365.0,9.49,0.005427650333663732,rare,0.5427650333663732,,peak_abundance_with_occupancy_days_modifiers,0.0949
brncac1,BO,0.012916225266546328,0.013,0.013,resident,0.0263,0.0238,0.0261,365.0,2.63,0.005386484311082047,rare,0.5386484311082047,rare,peak_abundance_with_occupancy_days_modifiers,0.0263
aldfly,BO,0.012916225266546328,0.007466666666666667,0.013,nonbreeding,0.64,0.0614,0.0103,49.0,64.0,0.005386484311082047,rare,0.5386484311082047,,peak_abundance_with_occupancy_days_modifiers,0.64
bfgtyr1,BO,0.012878550112299134,0.010081610824562326,0.0129618357876734,prebreeding_migration,0.1515150329441578,0.1383409643480819,0.1166968284722837,91.0,15.15150329441578,0.005370772551409059,rare,0.5370772551409059,,peak_abundance_with_occupancy_days_modifiers,0.1515150329441578
blbwoo1,BO,0.012817503710614431,0.0129,0.0129,resident,0.283,0.073,0.0653,365.0,28.299999999999997,0.00534531422452665,rare,0.534531422452665,,peak_abundance_with_occupancy_days_modifiers,0.283
crahaw,BO,0.012521280553671745,0.0126,0.0126,resident,0.3837,0.0515,0.0426,365.0,38.37,0.005221779572991616,rare,0.5221779572991616,,peak_abundance_with_occupancy_days_modifiers,0.3837
rwbtyr1,BO,0.012478279329112985,0.0125564578962004,0.0125564578962004,resident,0.1578429011675851,0.3497462482701525,0.3061951175078666,365.0,15.784290116758509,0.005203846669479687,rare,0.5203846669479687,,peak_abundance_with_occupancy_days_modifiers,0.1578429011675851
silant1,BO,0.012356718442977687,0.0124333781169116,0.0124333781169116,resident,0.1611743839931915,0.0405893832444719,0.0443423922188875,365.0,16.117438399319152,0.0051531518424311135,rare,0.5153151842431114,,peak_abundance_with_occupancy_days_modifiers,0.1611743839931915
creowl1,BO,0.012292455184114644,0.012368317939164,0.012368317939164,resident,0.3207450962592723,0.0320054333415102,0.0324678641540399,365.0,32.07450962592723,0.00512635198190672,rare,0.512635198190672,,peak_abundance_with_occupancy_days_modifiers,0.3207450962592723
strxen1,BO,0.01228055166659222,0.0123562672668751,0.0123562672668751,resident,0.1135043119878753,0.08008713149915,0.1102347108575639,365.0,11.35043119878753,0.0051213878295279704,rare,0.512138782952797,,peak_abundance_with_occupancy_days_modifiers,0.1135043119878753
sctear1,BO,0.012247739329127415,0.0069533677185414,0.0123230500363694,prebreeding_migration,0.1688730594610968,0.0175846501775734,0.003588067123745,91.0,16.88730594610968,0.005107704021966781,rare,0.5107704021966781,,peak_abundance_with_occupancy_days_modifiers,0.1688730594610968
thswar1,BO,0.012126179797840565,0.0122,0.0122,resident,0.0271,0.1693,0.2017,365.0,2.71,0.00505700975993383,rare,0.5057009759933829,rare,peak_abundance_with_occupancy_days_modifiers,0.0271
ruqdov,BO,0.012027380212718455,0.0121,0.0121,resident,0.1819,0.0401,0.0504,365.0,18.19,0.005015807132678637,rare,0.5015807132678637,,peak_abundance_with_occupancy_days_modifiers,0.1819
cintea,BO,0.012027380212718455,0.010475,0.0121,postbreeding_migration,0.0114,0.0277,0.0388,168.0,1.1400000000000001,0.005015807132678637,rare,0.5015807132678637,rare,peak_abundance_with_occupancy_days_modifiers,0.0114
grehon1,BO,0.0118297517535772,0.0119,0.0119,resident,0.1292,0.0338,0.0272,365.0,12.920000000000002,0.004933389663749479,rare,0.4933389663749479,,peak_abundance_with_occupancy_days_modifiers,0.1292
brotin1,BO,0.011730922875698666,0.0118,0.0118,resident,0.0584,0.0986,0.1106,365.0,5.84,0.004892174820466024,rare,0.4892174820466024,,peak_abundance_with_occupancy_days_modifiers,0.0584
whstan1,BO,0.011335509663745602,0.0114,0.0114,resident,0.1232,0.0354,0.0554,365.0,12.32,0.004727274703084514,rare,0.4727274703084514,,peak_abundance_with_occupancy_days_modifiers,0.1232
whthaw,BO,0.011236631925987681,0.0113,0.0113,resident,0.2142,0.0429,0.0403,365.0,21.42,0.0046860394836487134,rare,0.46860394836487135,,peak_abundance_with_occupancy_days_modifiers,0.2142
batfal1,BO,0.011137744410455924,0.0112,0.0112,resident,0.1723,0.035,0.0372,365.0,17.23,0.004644800186564507,rare,0.4644800186564507,,peak_abundance_with_occupancy_days_modifiers,0.1723
speowl1,BO,0.011038847115216341,0.0111,0.0111,resident,0.3372,0.0602,0.0612,365.0,33.72,0.004603556811025358,rare,0.4603556811025358,,peak_abundance_with_occupancy_days_modifiers,0.3372
greyel,BO,0.010939940038334364,0.006575,0.011,prebreeding_migration,0.0831,0.0165,0.0112,175.0,8.309999999999999,0.004562309356224399,rare,0.4562309356224399,,peak_abundance_with_occupancy_days_modifiers,0.0831
gobwar3,BO,0.010905786081161177,0.0109654709389533,0.0109654709389533,resident,0.0594274087126379,0.2024623456046244,0.2662472062289233,365.0,5.94274087126379,0.004548066049787897,rare,0.45480660497878966,,peak_abundance_with_occupancy_days_modifiers,0.0594274087126379
ltrfin1,BO,0.010671375335810564,0.0107285175426829,0.0107285175426829,resident,0.1117983883120019,0.0289718277014646,0.0192318256692421,365.0,11.17983883120019,0.00445030917607884,rare,0.44503091760788405,,peak_abundance_with_occupancy_days_modifiers,0.1117983883120019
grpfin1,BO,0.010544213875671154,0.0106,0.0106,resident,0.089,0.0443,0.0098,365.0,8.9,0.004397278728259838,rare,0.4397278728259838,,peak_abundance_with_occupancy_days_modifiers,0.089
whimon1,BO,0.010544213875671154,0.0106,0.0106,resident,0.0989,0.0355,0.0176,365.0,9.89,0.004397278728259838,rare,0.4397278728259838,,peak_abundance_with_occupancy_days_modifiers,0.0989
blbman1,BO,0.010538579741914729,0.0105943061604657,0.0105943061604657,resident,0.1479759731557357,0.0312324478873004,0.0172957801768658,365.0,14.79759731557357,0.00439492911198579,rare,0.43949291119857903,,peak_abundance_with_occupancy_days_modifiers,0.1479759731557357
baffal1,BO,0.0103462920541443,0.0104,0.0104,resident,0.2111,0.0553,0.0557,365.0,21.11,0.004314738917713461,rare,0.4314738917713461,,peak_abundance_with_occupancy_days_modifiers,0.2111
bltman1,BO,0.01014833105181515,0.0102,0.0102,resident,0.2464,0.0636,0.0462,365.0,24.64,0.004232182767503403,rare,0.4232182767503403,,peak_abundance_with_occupancy_days_modifiers,0.2464
fabtan1,BO,0.010102841725572152,0.0101540477278062,0.0101540477278062,resident,0.0984963647160318,0.1130929623511676,0.1563907928446133,365.0,9.84963647160318,0.004213212244995992,rare,0.42132122449959925,,peak_abundance_with_occupancy_days_modifiers,0.0984963647160318
yebsis1,BO,0.010069145352983862,0.0101200097741234,0.0101200097741234,resident,0.1182212467639749,0.4179628315670459,0.3853550284360016,365.0,11.82212467639749,0.004199159766153203,rare,0.4199159766153203,,peak_abundance_with_occupancy_days_modifiers,0.1182212467639749
scbant3,BO,0.009950330853168083,0.01,0.01,resident,0.1423,0.0374,0.0326,365.0,14.23,0.0041496102711591504,very_rare,0.41496102711591504,,peak_abundance_with_occupancy_days_modifiers,0.1423
gryfin2,BO,0.00988406545669064,0.00637421017799935,0.0099330741670157,nonbreeding,0.0927971025302433,0.0402289016380459,0.0188240975671983,126.0,9.27971025302433,0.004121975454397445,very_rare,0.4121975454397445,,peak_abundance_with_occupancy_days_modifiers,0.0927971025302433
rcatan1,BO,0.009851316050374183,0.0099,0.0099,resident,0.0999,0.044,0.0614,365.0,9.99,0.0041083178911636145,very_rare,0.4108317891163614,,peak_abundance_with_occupancy_days_modifiers,0.0999
brbswa1,BO,0.009752291442678272,0.0098,0.0098,resident,0.0228,0.0908,0.055,365.0,2.2800000000000002,0.004067021422206345,very_rare,0.4067021422206345,rare,peak_abundance_with_occupancy_days_modifiers,0.0228
pmtspi1,BO,0.009752291442678272,0.0098,0.0098,resident,0.0646,0.0503,0.0386,365.0,6.460000000000001,0.004067021422206345,very_rare,0.4067021422206345,,peak_abundance_with_occupancy_days_modifiers,0.0646
scatan,BO,0.009653257028138304,0.008199999999999999,0.0097,postbreeding_migration,0.2031,0.1004,0.1569,56.0,20.31,0.0040257208634774475,very_rare,0.4025720863477448,,peak_abundance_with_occupancy_days_modifiers,0.2031
torduc1,BO,0.009581646652862926,0.0096276975929166,0.0096276975929166,resident,0.121413022557996,0.1164639744076492,0.1373411240408021,365.0,12.1413022557996,0.003995857017425549,very_rare,0.3995857017425549,,peak_abundance_with_occupancy_days_modifiers,0.121413022557996
punsni1,BO,0.009546951215138834,0.0095926687256847,0.0095926687256847,resident,0.3298351922806863,0.2656926035744288,0.1503193737251578,365.0,32.98351922806863,0.003981387896059941,very_rare,0.3981387896059941,,peak_abundance_with_occupancy_days_modifiers,0.3298351922806863
rubher,BO,0.009455158770755135,0.0095,0.0095,resident,0.1895,0.0427,0.0498,365.0,18.95,0.003943107473463978,very_rare,0.39431074734639776,,peak_abundance_with_occupancy_days_modifiers,0.1895
chewoo3,BO,0.009058844488346039,0.0091,0.0091,resident,0.0835,0.0536,0.0379,365.0,8.35,0.0037778315805153456,very_rare,0.37778315805153456,,peak_abundance_with_occupancy_days_modifiers,0.0835
grepot1,BO,0.008857906799833587,0.0088972541488456,0.0088972541488456,resident,0.4877771004029382,0.0743044940162105,0.0731086383893968,365.0,48.77771004029382,0.003694034055747726,very_rare,0.3694034055747726,,peak_abundance_with_occupancy_days_modifiers,0.4877771004029382
wewpew,BO,0.00876150566857275,0.005333333333333333,0.0088,postbreeding_migration,0.0617,0.1343,0.1648,84.0,6.17,0.0036538316614419504,very_rare,0.365383166144195,,peak_abundance_with_occupancy_days_modifiers,0.0617
bltsta2,BO,0.00876150566857275,0.00605,0.0088,prebreeding_migration,0.2489,0.111,0.1608,77.0,24.89,0.0036538316614419504,very_rare,0.365383166144195,,peak_abundance_with_occupancy_days_modifiers,0.2489
gcrwar,BO,0.00876150566857275,0.0088,0.0088,resident,0.089,0.0341,0.0102,365.0,8.9,0.0036538316614419504,very_rare,0.365383166144195,,peak_abundance_with_occupancy_days_modifiers,0.089
bubsan,BO,0.008464078412129412,0.0085,0.0085,postbreeding_migration,0.0603,0.0874,0.083,70.0,6.03,0.003529794861412646,very_rare,0.35297948614126456,,peak_abundance_with_occupancy_days_modifiers,0.0603
osprey,BO,0.008464078412129412,0.004875,0.0085,nonbreeding,0.2466,0.0433,0.0197,147.0,24.66,0.003529794861412646,very_rare,0.35297948614126456,,peak_abundance_with_occupancy_days_modifiers,0.2466
bcbeag1,BO,0.008464078412129412,0.0085,0.0085,resident,0.1039,0.0748,0.0494,365.0,10.39,0.003529794861412646,very_rare,0.35297948614126456,,peak_abundance_with_occupancy_days_modifiers,0.1039
plbwoo1,BO,0.008265744417032617,0.0083,0.0083,resident,0.1746,0.0351,0.0203,365.0,17.46,0.0034470831611367143,very_rare,0.3447083161136714,,peak_abundance_with_occupancy_days_modifiers,0.1746
gryhaw3,BO,0.008265744417032617,0.0083,0.0083,resident,0.1996,0.0424,0.038,365.0,19.96,0.0034470831611367143,very_rare,0.3447083161136714,,peak_abundance_with_occupancy_days_modifiers,0.1996
goowoo1,BO,0.008166562666393417,0.0082,0.0082,resident,0.0522,0.0748,0.0718,365.0,5.220000000000001,0.003405721158482009,very_rare,0.3405721158482009,,peak_abundance_with_occupancy_days_modifiers,0.0522
blctit1,BO,0.008067371077758796,0.0081,0.0081,resident,0.2108,0.0427,0.0397,365.0,21.08,0.0033643550530645483,very_rare,0.33643550530645483,,peak_abundance_with_occupancy_days_modifiers,0.2108
bahtan1,BO,0.007968169649176874,0.008,0.008,resident,0.0522,0.0503,0.0516,365.0,5.220000000000001,0.003322984844070332,very_rare,0.3322984844070332,,peak_abundance_with_occupancy_days_modifiers,0.0522
pabspi1,BO,0.007968169649176874,0.008,0.008,resident,0.1703,0.0297,0.0102,365.0,17.03,0.003322984844070332,very_rare,0.3322984844070332,,peak_abundance_with_occupancy_days_modifiers,0.1703
spered1,BO,0.007769737264360664,0.0078,0.0078,resident,0.0152,0.1687,0.1718,365.0,1.52,0.0032402321120944214,very_rare,0.32402321120944216,rare,peak_abundance_with_occupancy_days_modifiers,0.0152
yebcar,BO,0.007769737264360664,0.0078,0.0078,resident,0.0086,0.0188,0.0245,365.0,0.86,0.0032402321120944214,very_rare,0.32402321120944216,very_rare,peak_abundance_with_occupancy_days_modifiers,0.0086
chcswi1,BO,0.007713992094667652,0.0077438215838356,0.0077438215838356,resident,0.0904950632749128,0.0899680529667948,0.1931109684958584,365.0,9.04950632749128,0.003216984570667017,very_rare,0.3216984570667017,,peak_abundance_with_occupancy_days_modifiers,0.0904950632749128
giacon1,BO,0.00759165928531422,0.0076205489913277,0.0076205489913277,resident,0.1043817908969779,0.1829752508760403,0.1808371561808541,365.0,10.43817908969779,0.00316596782663267,very_rare,0.31659678266326696,,peak_abundance_with_occupancy_days_modifiers,0.1043817908969779
diaplo1,BO,0.007524825266779885,0.0075532079112434,0.0075532079112434,resident,0.0883285031539496,0.1029347942134257,0.1129228166829567,365.0,8.83285031539496,0.0031380958760548385,very_rare,0.31380958760548383,,peak_abundance_with_occupancy_days_modifiers,0.0883285031539496
gogwoo1,BO,0.007472014838700995,0.0075,0.0075,resident,0.2618,0.0556,0.0585,365.0,26.179999999999996,0.0031160722169409553,very_rare,0.31160722169409555,,peak_abundance_with_occupancy_days_modifiers,0.2618
bkhpar,BO,0.007273483966498386,0.0073,0.0073,resident,0.0055,0.0218,0.0229,365.0,0.5499999999999999,0.0030332784125347693,very_rare,0.30332784125347695,very_rare,peak_abundance_with_occupancy_days_modifiers,0.0055
cincon1,BO,0.007255023310391705,0.0072814047527445,0.0072814047527445,resident,0.0393650825477387,0.0301183801611923,0.0092297570233921,365.0,3.93650825477387,0.0030255797209713144,very_rare,0.3025579720971314,rare,peak_abundance_with_occupancy_days_modifiers,0.0393650825477387
whnpuf2,BO,0.007216666167195673,0.0072427690566459,0.0072427690566459,resident,0.2452392276762689,0.0351027390320828,0.0288427037067186,365.0,24.52392276762689,0.003009583549816058,very_rare,0.3009583549816058,,peak_abundance_with_occupancy_days_modifiers,0.2452392276762689
amgplo,BO,0.00707491367196188,0.0032333333333333333,0.0071,prebreeding_migration,0.018,0.0556,0.006,84.0,1.7999999999999998,0.002950468167738402,very_rare,0.2950468167738402,rare,peak_abundance_with_occupancy_days_modifiers,0.018
sptnig1,BO,0.007038381867347716,0.007063209491589,0.007063209491589,resident,0.4193187350852121,0.0556667002240091,0.0565990136040916,365.0,41.931873508521214,0.002935233221897073,very_rare,0.2935233221897073,,peak_abundance_with_occupancy_days_modifiers,0.4193187350852121
lesela1,BO,0.006883883767348152,0.0069076321576538,0.0069076321576538,resident,0.2835660212282657,0.069591933848879,0.0255919720811863,365.0,28.35660212282657,0.00287080250978374,very_rare,0.287080250978374,,peak_abundance_with_occupancy_days_modifiers,0.2835660212282657
whnjac1,BO,0.006876303939432157,0.0069,0.0069,resident,0.1732,0.0422,0.0241,365.0,17.32,0.0028676414760213194,very_rare,0.2867641476021319,,peak_abundance_with_occupancy_days_modifiers,0.1732
slcfly1,BO,0.006876303939432157,0.0069,0.0069,resident,0.0317,0.1089,0.1217,365.0,3.17,0.0028676414760213194,very_rare,0.2867641476021319,rare,peak_abundance_with_occupancy_days_modifiers,0.0317
rufmot1,BO,0.006776984279023751,0.0068,0.0068,resident,0.0833,0.0566,0.0488,365.0,8.33,0.0028262219605257625,very_rare,0.28262219605257627,,peak_abundance_with_occupancy_days_modifiers,0.0833
dotkit1,BO,0.006776984279023751,0.0068,0.0068,resident,0.2111,0.0522,0.0365,365.0,21.11,0.0028262219605257625,very_rare,0.28262219605257627,,peak_abundance_with_occupancy_days_modifiers,0.2111
rutfly2,BO,0.006677654753240569,0.0067,0.0067,resident,0.1348,0.032,0.0268,365.0,13.48,0.00278479833084937,very_rare,0.27847983308493696,,peak_abundance_with_occupancy_days_modifiers,0.1348
brbmot1,BO,0.006677654753240569,0.0067,0.0067,resident,0.0787,0.0664,0.0887,365.0,7.870000000000001,0.00278479833084937,very_rare,0.27847983308493696,,peak_abundance_with_occupancy_days_modifiers,0.0787
strowl1,BO,0.006568080805279294,0.0065896979498133,0.0065896979498133,resident,0.69417784078104,0.1015897813738057,0.0429640183808375,365.0,69.41778407810399,0.002739102445293286,rare,0.2739102445293286,,peak_abundance_with_occupancy_days_modifiers,0.69417784078104
litcuc2,BO,0.006500112589511348,0.0065212841690409,0.0065212841690409,resident,0.2657415346478411,0.1016725745426792,0.0760959995830884,365.0,26.57415346478411,0.0027107574977307944,very_rare,0.2710757497730794,,peak_abundance_with_occupancy_days_modifiers,0.2657415346478411
flawar1,BO,0.006379606964039027,0.0064,0.0064,resident,0.0468,0.0173,0.0084,365.0,4.68,0.002660502748559955,very_rare,0.26605027485599547,rare,peak_abundance_with_occupancy_days_modifiers,0.0468
grethr1,BO,0.006280237957150483,0.0063,0.0063,resident,0.017,0.055,0.0302,365.0,1.7000000000000002,0.002619062653983778,very_rare,0.2619062653983778,rare,peak_abundance_with_occupancy_days_modifiers,0.017
tuttyr1,BO,0.006280237957150483,0.0063,0.0063,resident,0.0435,0.0456,0.0189,365.0,4.35,0.002619062653983778,very_rare,0.2619062653983778,rare,peak_abundance_with_occupancy_days_modifiers,0.0435
whnrob1,BO,0.006273676939435063,0.006293397669532,0.006293397669532,resident,0.1673799184258901,0.0330323674810302,0.0159151450510105,365.0,16.737991842589008,0.002616326497075782,very_rare,0.2616326497075782,,peak_abundance_with_occupancy_days_modifiers,0.1673799184258901
rubmin1,BO,0.006170677657475366,0.0061897555097569,0.0061897555097569,resident,0.0297061284728511,0.005116477418927,0.001672305913862,365.0,2.97061284728511,0.0025733724602051504,very_rare,0.25733724602051505,rare,peak_abundance_with_occupancy_days_modifiers,0.0297061284728511
grymon1,BO,0.006091668508050794,0.0061102604534741,0.0061102604534741,resident,0.1832537898899902,0.0578735977188469,0.0168514426090544,365.0,18.32537898899902,0.002540423085676227,very_rare,0.2540423085676227,,peak_abundance_with_occupancy_days_modifiers,0.1832537898899902
rocpig,BO,0.00608147031586796,0.0061,0.0061,resident,0.0028,0.0002,0.0001,365.0,0.27999999999999997,0.002536170109201979,very_rare,0.2536170109201979,very_rare,peak_abundance_with_occupancy_days_modifiers,0.0028
mawqua1,BO,0.006032843081124441,0.0060510773286213,0.0060510773286213,resident,0.3372107397860029,0.0648198077445433,0.0188065890015031,365.0,33.72107397860029,0.0025158909772085495,very_rare,0.25158909772085497,,peak_abundance_with_occupancy_days_modifiers,0.3372107397860029
subfly,BO,0.005982071677547464,0.0051,0.006,nonbreeding,0.1508,0.1389,0.274,84.0,15.079999999999998,0.002494717657358874,very_rare,0.2494717657358874,,peak_abundance_with_occupancy_days_modifiers,0.1508
grcfly1,BO,0.005783244755727333,0.0058,0.0058,resident,0.0587,0.0383,0.0297,365.0,5.87,0.002411800390672712,very_rare,0.2411800390672712,,peak_abundance_with_occupancy_days_modifiers,0.0587
reevir1,BO,0.005683816468297671,0.0029,0.0057,nonbreeding,0.2143,0.0708,0.0451,91.0,21.43,0.002370335574190707,very_rare,0.2370335574190707,,peak_abundance_with_occupancy_days_modifiers,0.2143
soumar,BO,0.005484930230569685,0.002725,0.0055,prebreeding_migration,0.0286,0.0492,0.0084,63.0,2.86,0.0022873935708496436,very_rare,0.22873935708496435,rare,peak_abundance_with_occupancy_days_modifiers,0.0286
palwar1,BO,0.005484930230569685,0.0055,0.0055,resident,0.0294,0.6536,0.6125,365.0,2.94,0.0022873935708496436,very_rare,0.22873935708496435,rare,peak_abundance_with_occupancy_days_modifiers,0.0294
blheag1,BO,0.005484930230569685,0.0055,0.0055,resident,0.205,0.0441,0.0349,365.0,20.5,0.0022873935708496436,very_rare,0.22873935708496435,,peak_abundance_with_occupancy_days_modifiers,0.205
grnjay,BO,0.005484930230569685,0.0055,0.0055,resident,0.0215,0.0407,0.023,365.0,2.15,0.0022873935708496436,very_rare,0.22873935708496435,rare,peak_abundance_with_occupancy_days_modifiers,0.0215
slftyr1,BO,0.005484930230569685,0.0055,0.0055,resident,0.1729,0.0497,0.0208,365.0,17.29,0.0022873935708496436,very_rare,0.22873935708496435,,peak_abundance_with_occupancy_days_modifiers,0.1729
andtin1,BO,0.005385472276337817,0.0054,0.0054,resident,0.0664,0.2308,0.131,365.0,6.64,0.0022459163823501686,very_rare,0.22459163823501685,,peak_abundance_with_occupancy_days_modifiers,0.0664
milmac,BO,0.005324251454162706,0.0053384504694608,0.0053384504694608,resident,0.08934607390398,0.126902216802495,0.1000137667993132,365.0,8.934607390398,0.0022203853164735393,very_rare,0.22203853164735393,,peak_abundance_with_occupancy_days_modifiers,0.08934607390398
pibgre,BO,0.005286004429237355,0.0040999999999999995,0.0053,prebreeding_migration,0.0437,0.0115,0.0134,119.0,4.37,0.0022044350682040464,very_rare,0.22044350682040464,rare,peak_abundance_with_occupancy_days_modifiers,0.0437
scadov1,BO,0.005186526687300061,0.0052,0.0052,resident,0.0246,0.0055,0.0017,365.0,2.46,0.0021629496275904574,very_rare,0.21629496275904575,rare,peak_abundance_with_occupancy_days_modifiers,0.0246
burwar1,BO,0.005087039048557106,0.0051,0.0051,resident,0.0487,0.0434,0.0415,365.0,4.87,0.002121460059688336,very_rare,0.21214600596883357,rare,peak_abundance_with_occupancy_days_modifiers,0.0487
houspa,BO,0.004788516731797177,0.0048,0.0048,resident,0.0042,0.0002,0.0001,365.0,0.42,0.001996966584036358,very_rare,0.19969665840363582,very_rare,peak_abundance_with_occupancy_days_modifiers,0.0042
thbeup1,BO,0.004688989486131542,0.0047,0.0047,resident,0.0537,0.0629,0.0249,365.0,5.37,0.0019554604987645544,very_rare,0.19554604987645544,,peak_abundance_with_occupancy_days_modifiers,0.0537
lbsfin1,BO,0.004619004632735829,0.0046296886781858,0.0046296886781858,resident,0.0944510241165534,0.083923116089613,0.2130260582135552,365.0,9.44510241165534,0.001926274547989498,very_rare,0.1926274547989498,,peak_abundance_with_occupancy_days_modifiers,0.0944510241165534
goreup1,BO,0.0045894523338072864,0.0046,0.0046,resident,0.0594,0.1217,0.2286,365.0,5.94,0.0019139502820952148,very_rare,0.19139502820952148,,peak_abundance_with_occupancy_days_modifiers,0.0594
siltea1,BO,0.004390348301292895,0.0022500000000000003,0.0044,nonbreeding,0.0338,0.0203,0.0045,35.0,3.38,0.0018309174512735364,very_rare,0.18309174512735363,rare,peak_abundance_with_occupancy_days_modifiers,0.0338
olsfly,BO,0.004390348301292895,0.0023333333333333335,0.0044,nonbreeding,0.123,0.0539,0.0891,98.0,12.3,0.0018309174512735364,very_rare,0.18309174512735363,,peak_abundance_with_occupancy_days_modifiers,0.123
stbwoo1,BO,0.004290781417156275,0.0043,0.0043,resident,0.1462,0.0614,0.0573,365.0,14.62,0.0017893948354753858,very_rare,0.17893948354753858,,peak_abundance_with_occupancy_days_modifiers,0.1462
tortyr1,BO,0.004167163509553632,0.004175858208627,0.004175858208627,resident,0.0891297766542653,0.0815148623434123,0.0428097946637789,365.0,8.91297766542653,0.001737842163845044,very_rare,0.1737842163845044,,peak_abundance_with_occupancy_days_modifiers,0.0891297766542653
gybsht1,BO,0.003992021269537453,0.002725,0.004,nonbreeding,0.217,0.1485,0.0915,126.0,21.7,0.0016648021766516613,very_rare,0.16648021766516613,,peak_abundance_with_occupancy_days_modifiers,0.217
shtnig1,BO,0.0039634384375113645,0.0039282179242849,0.003971303246765,nonbreeding,0.2408100601525695,0.0248339933595849,0.0029532914262519,161.0,24.08100601525695,0.001652882209858134,very_rare,0.1652882209858134,,peak_abundance_with_occupancy_days_modifiers,0.2408100601525695
slcgro1,BO,0.0038924147153438387,0.0039,0.0039,resident,0.0665,0.0201,0.0078,365.0,6.65,0.001623263017154774,very_rare,0.1623263017154774,,peak_abundance_with_occupancy_days_modifiers,0.0665
palhor3,BO,0.003813389302556268,0.0038206695227057,0.0038206695227057,resident,0.0533568791947302,0.0209003248060191,0.0081483506052558,365.0,5.3356879194730205,0.0015903068602766606,very_rare,0.15903068602766607,,peak_abundance_with_occupancy_days_modifiers,0.0533568791947302
andsol1,BO,0.003792798238696237,0.0038,0.0038,resident,0.0223,0.1054,0.0653,365.0,2.23,0.0015817197196731716,very_rare,0.15817197196731717,rare,peak_abundance_with_occupancy_days_modifiers,0.0223
libher,BO,0.003792798238696237,0.002025,0.0038,breeding,0.0324,0.0292,0.0053,105.0,3.2399999999999998,0.0015817197196731716,very_rare,0.15817197196731717,rare,peak_abundance_with_occupancy_days_modifiers,0.0324
hrshaw,BO,0.0036931718376175702,0.0037,0.0037,resident,0.0766,0.0596,0.0364,365.0,7.66,0.0015401722833823486,very_rare,0.15401722833823486,,peak_abundance_with_occupancy_days_modifiers,0.0766
hobkit,BO,0.0036931718376175702,0.0037,0.0037,resident,0.4434,0.0946,0.0789,365.0,44.34,0.0015401722833823486,very_rare,0.15401722833823486,,peak_abundance_with_occupancy_days_modifiers,0.4434
whtgre3,BO,0.0036931718376175702,0.00275,0.0037,nonbreeding,0.0078,0.0078,0.004,210.0,0.7799999999999999,0.0015401722833823486,very_rare,0.15401722833823486,very_rare,peak_abundance_with_occupancy_days_modifiers,0.0078
lobsta1,BO,0.00349388925425578,0.0035,0.0035,resident,0.1413,0.062,0.056,365.0,14.13,0.0014570649910737887,very_rare,0.14570649910737887,,peak_abundance_with_occupancy_days_modifiers,0.1413
cotfly1,BO,0.00349388925425578,0.0035,0.0035,resident,0.0432,0.0086,0.0021,365.0,4.32,0.0014570649910737887,very_rare,0.14570649910737887,rare,peak_abundance_with_occupancy_days_modifiers,0.0432
sptfly1,BO,0.003487775528037148,0.0034938648944938,0.0034938648944938,resident,0.0244190325653531,0.0141170037517703,0.0045221194720585,365.0,2.4419032565353103,0.0014545153692082828,very_rare,0.1454515369208283,rare,peak_abundance_with_occupancy_days_modifiers,0.0244190325653531
sulfly1,BO,0.0034291495241233383,0.0034350357837177,0.0034350357837177,resident,0.1607639111684222,0.0260746725583363,0.0130457458380648,365.0,16.07639111684222,0.0014300664265964392,very_rare,0.1430066426596439,,peak_abundance_with_occupancy_days_modifiers,0.1607639111684222
grhtan1,BO,0.0034106642901321044,0.003416487223724,0.003416487223724,resident,0.1899147039241535,0.0899118985934465,0.016507263534221,365.0,18.991470392415348,0.0014223574852590278,very_rare,0.1422357485259028,,peak_abundance_with_occupancy_days_modifiers,0.1899147039241535
whthaw1,BO,0.003294566949430031,0.001175,0.0033,postbreeding_migration,0.0934,0.1812,0.3239,119.0,9.34,0.0013739411336281234,very_rare,0.13739411336281235,,peak_abundance_with_occupancy_days_modifiers,0.0934
sttspi1,BO,0.003204079946735252,0.0032092184975313,0.0032092184975313,resident,0.0342342842734228,0.0473226187099742,0.0392127379076196,365.0,3.42342842734228,0.001336205122501431,very_rare,0.1336205122501431,rare,peak_abundance_with_occupancy_days_modifiers,0.0342342842734228
wtsfin1,BO,0.0031966012382684834,0.0032017158163102,0.0032017158163102,resident,0.0477212902179774,0.1076091580690772,0.0531569698938991,365.0,4.77212902179774,0.0013330862588248275,very_rare,0.13330862588248274,rare,peak_abundance_with_occupancy_days_modifiers,0.0477212902179774
coffal1,BO,0.003095204907302419,0.0031,0.0031,resident,0.1546,0.0277,0.0178,365.0,15.459999999999999,0.001290800704440433,very_rare,0.1290800704440433,,peak_abundance_with_occupancy_days_modifiers,0.1546
ampkin1,BO,0.002995508979798479,0.003,0.003,resident,0.0981,0.0381,0.0317,365.0,9.81,0.001249224273378119,very_rare,0.12492242733781189,,peak_abundance_with_occupancy_days_modifiers,0.0981
wbgtyr1,BO,0.002895803112025565,0.0020499999999999997,0.0029,prebreeding_migration,0.0825,0.1514,0.1722,98.0,8.25,0.0012076436969017555,very_rare,0.12076436969017555,,peak_abundance_with_occupancy_days_modifiers,0.0825
styowl1,BO,0.002875418023474511,0.0028795560030692,0.0028795560030692,resident,0.3052234954146086,0.0180541674199447,0.0352707335750993,365.0,30.52234954146086,0.001199142454673962,very_rare,0.1199142454673962,,peak_abundance_with_occupancy_days_modifiers,0.3052234954146086
giwrai1,BO,0.0026963615477426086,0.0027,0.0027,resident,0.0151,0.0136,0.0049,365.0,1.51,0.0011244701043994507,very_rare,0.11244701043994507,rare,peak_abundance_with_occupancy_days_modifiers,0.0151
corpip1,BO,0.0026963615477426086,0.00185,0.0027,breeding,0.0584,0.0327,0.0077,49.0,5.84,0.0011244701043994507,very_rare,0.11244701043994507,,peak_abundance_with_occupancy_days_modifiers,0.0584
grhowl,BO,0.0026963615477426086,0.0027,0.0027,resident,0.0509,0.0065,0.0039,365.0,5.09,0.0011244701043994507,very_rare,0.11244701043994507,,peak_abundance_with_occupancy_days_modifiers,0.0509
brwhaw,BO,0.0026963615477426086,0.0024000000000000002,0.0027,postbreeding_migration,0.0784,0.0686,0.0387,42.0,7.84,0.0011244701043994507,very_rare,0.11244701043994507,,peak_abundance_with_occupancy_days_modifiers,0.0784
lowhar1,BO,0.0026963615477426086,0.0027,0.0027,breeding,0.1811,0.081,0.0205,42.0,18.11,0.0011244701043994507,very_rare,0.11244701043994507,,peak_abundance_with_occupancy_days_modifiers,0.1811
sponit2,BO,0.0026963615477426086,0.0027,0.0027,resident,0.0389,0.4602,0.6712,365.0,3.8899999999999997,0.0011244701043994507,very_rare,0.11244701043994507,rare,peak_abundance_with_occupancy_days_modifiers,0.0389
cinhar1,BO,0.002596625847265978,0.0015,0.0026,nonbreeding,0.2221,0.0807,0.0314,245.0,22.21,0.001082877086719314,very_rare,0.1082877086719314,,peak_abundance_with_occupancy_days_modifiers,0.2221
gretin1,BO,0.002596625847265978,0.0026,0.0026,resident,0.0458,0.0129,0.0061,365.0,4.58,0.001082877086719314,very_rare,0.1082877086719314,rare,peak_abundance_with_occupancy_days_modifiers,0.0458
ruccoq1,BO,0.0025942298629764997,0.0025975977890292,0.0025975977890292,resident,0.0696049018052761,0.4788491625632027,0.7065135534498106,365.0,6.960490180527611,0.001081877883661254,very_rare,0.1081877883661254,,peak_abundance_with_occupancy_days_modifiers,0.0696049018052761
sungre1,BO,0.0025760001434341324,0.0025793208825996,0.0025793208825996,resident,0.1849500735816196,0.037308998629865,0.0255755646873062,365.0,18.49500735816196,0.0010742755001254918,very_rare,0.10742755001254918,,peak_abundance_with_occupancy_days_modifiers,0.1849500735816196
baceag2,BO,0.002506633265929424,0.0025097774976908,0.0025097774976908,resident,0.1145186246387108,0.2421456016659355,0.2413038819419257,365.0,11.45186246387108,0.0010453472653141032,very_rare,0.10453472653141033,,peak_abundance_with_occupancy_days_modifiers,0.1145186246387108
peakit1,BO,0.0023972543570053733,0.0024001300687098,0.0024001300687098,resident,0.5553609469188451,0.0922932505650382,0.0169470636605306,365.0,55.53609469188451,0.0009997327173541283,rare,0.09997327173541283,,peak_abundance_with_occupancy_days_modifiers,0.5553609469188451
sposan,BO,0.0023971245997214934,0.0022,0.0024,prebreeding_migration,0.1091,0.0333,0.007,112.0,10.91,0.000999678604363726,very_rare,0.09996786043637261,,peak_abundance_with_occupancy_days_modifiers,0.1091
pbgdov1,BO,0.0023971245997214934,0.0024,0.0024,resident,0.1303,0.043,0.003,365.0,13.03,0.000999678604363726,very_rare,0.09996786043637261,,peak_abundance_with_occupancy_days_modifiers,0.1303
ocbfly1,BO,0.0023971245997214934,0.0024,0.0024,resident,0.1085,0.0236,0.0063,365.0,10.85,0.000999678604363726,very_rare,0.09996786043637261,,peak_abundance_with_occupancy_days_modifiers,0.1085
bobher1,BO,0.0023971245997214934,0.0024,0.0024,resident,0.121,0.0531,0.0237,365.0,12.1,0.000999678604363726,very_rare,0.09996786043637261,,peak_abundance_with_occupancy_days_modifiers,0.121
grhkit1,BO,0.0023971245997214934,0.0024,0.0024,resident,0.174,0.03,0.0189,365.0,17.4,0.000999678604363726,very_rare,0.09996786043637261,,peak_abundance_with_occupancy_days_modifiers,0.174
whveup1,BO,0.0023250049501360452,0.0023277098700563,0.0023277098700563,resident,0.1661384090650836,0.0441497376897021,0.0361579930485726,365.0,16.613840906508358,0.000969602374428429,very_rare,0.09696023744284289,,peak_abundance_with_occupancy_days_modifiers,0.1661384090650836
zothaw,BO,0.0022973590486834897,0.0009666666666666666,0.0023,breeding,0.4075,0.0626,0.0317,112.0,40.75,0.0009580731380325941,very_rare,0.09580731380325941,,peak_abundance_with_occupancy_days_modifiers,0.4075
citwar1,BO,0.0021975835434872217,0.0022,0.0022,resident,0.0083,0.1638,0.1554,365.0,0.83,0.0009164635204950369,very_rare,0.0916463520495037,very_rare,peak_abundance_with_occupancy_days_modifiers,0.0083
chewoo2,BO,0.002178926145395548,0.0021813017300636,0.0021813017300636,resident,0.1761019021137639,0.0211626169016401,0.0056448635287092,365.0,17.610190211376388,0.0009086827811511161,very_rare,0.09086827811511161,,peak_abundance_with_occupancy_days_modifiers,0.1761019021137639
relhon1,BO,0.002097798082146129,0.0021,0.0021,resident,0.1111,0.0287,0.0045,365.0,11.110000000000001,0.0008748497509225938,very_rare,0.08748497509225937,,peak_abundance_with_occupancy_days_modifiers,0.1111
shthaw,BO,0.002097798082146129,0.0021,0.0021,resident,0.1553,0.0343,0.0174,365.0,15.53,0.0008748497509225938,very_rare,0.08748497509225937,,peak_abundance_with_occupancy_days_modifiers,0.1553
whbman1,BO,0.001998002662673056,0.002,0.002,resident,0.076,0.0216,0.0049,365.0,7.6,0.000833231828486557,very_rare,0.0833231828486557,,peak_abundance_with_occupancy_days_modifiers,0.076
sporai,BO,0.0019628157590957764,0.0019647433429055,0.0019647433429055,resident,0.1255342595891882,0.061751794470463,0.0609830636815387,365.0,12.55342595891882,0.0008185577499409206,very_rare,0.08185577499409206,,peak_abundance_with_occupancy_days_modifiers,0.1255342595891882
shtstr1,BO,0.0019553226577814307,0.0019572355476986,0.0019572355476986,resident,0.1373517156240127,0.1067191424103734,0.0178319749556958,365.0,13.735171562401268,0.0008154328839806306,very_rare,0.08154328839806306,,peak_abundance_with_occupancy_days_modifiers,0.1373517156240127
grttra1,BO,0.001954739388802876,0.0019566511372957,0.0019566511372957,resident,0.1024751406711553,0.1893303292569144,0.0449185725815012,365.0,10.24751406711553,0.0008151896419236354,very_rare,0.08151896419236354,,peak_abundance_with_occupancy_days_modifiers,0.1024751406711553
soleag1,BO,0.0019145650997580111,0.0019163990497374,0.0019163990497374,resident,0.1320714627038678,0.2314174642702901,0.3661235097491747,365.0,13.20714627038678,0.0007984356620895277,very_rare,0.07984356620895278,,peak_abundance_with_occupancy_days_modifiers,0.1320714627038678
blteme1,BO,0.0018981972830802527,0.0019,0.0019,resident,0.1132,0.0452,0.0191,365.0,11.32,0.0007916097523579702,very_rare,0.07916097523579702,,peak_abundance_with_occupancy_days_modifiers,0.1132
lstswi1,BO,0.0018981972830802527,0.0019,0.0019,resident,0.0756,0.0213,0.0125,365.0,7.5600000000000005,0.0007916097523579702,very_rare,0.07916097523579702,,peak_abundance_with_occupancy_days_modifiers,0.0756
colplo1,BO,0.0018981972830802527,0.0019,0.0019,resident,0.0114,0.0347,0.0184,365.0,1.1400000000000001,0.0007916097523579702,very_rare,0.07916097523579702,rare,peak_abundance_with_occupancy_days_modifiers,0.0114
strwoo6,BO,0.0018981972830802527,0.0019,0.0019,resident,0.0406,0.1395,0.0425,365.0,4.06,0.0007916097523579702,very_rare,0.07916097523579702,rare,peak_abundance_with_occupancy_days_modifiers,0.0406
whshil1,BO,0.001846496891956558,0.0013864196379376268,0.0018482027171146,nonbreeding,0.0399306931341487,0.0269086568979881,0.0089125331154073,126.0,3.9930693134148703,0.0007700490146100398,very_rare,0.07700490146100399,rare,peak_abundance_with_occupancy_days_modifiers,0.0399306931341487
rercac1,BO,0.0017983819413793735,0.0018,0.0018,resident,0.0158,0.006,0.0029,365.0,1.58,0.0007499835217076287,very_rare,0.07499835217076287,rare,peak_abundance_with_occupancy_days_modifiers,0.0158
rivwar1,BO,0.0017983819413793735,0.0018,0.0018,resident,0.0508,0.048,0.0408,365.0,5.08,0.0007499835217076287,very_rare,0.07499835217076287,,peak_abundance_with_occupancy_days_modifiers,0.0508
shshaw,BO,0.0017983819413793735,0.0012,0.0018,breeding,0.1467,0.0219,0.0212,126.0,14.67,0.0007499835217076287,very_rare,0.07499835217076287,,peak_abundance_with_occupancy_days_modifiers,0.1467
ocecra1,BO,0.0017983819413793735,0.0018,0.0018,resident,0.0651,0.4203,0.3571,365.0,6.510000000000001,0.0007499835217076287,very_rare,0.07499835217076287,,peak_abundance_with_occupancy_days_modifiers,0.0651
garkin1,BO,0.0016985566355814774,0.0017,0.0017,resident,0.0599,0.0227,0.0211,365.0,5.99,0.00070835313570608,very_rare,0.070835313570608,,peak_abundance_with_occupancy_days_modifiers,0.0599
epaori1,BO,0.0016191726768697134,0.0016204842447379,0.0016204842447379,resident,0.1152498327511133,0.0286152781049654,0.0072365518802353,365.0,11.52498327511133,0.0006752474535637411,very_rare,0.06752474535637411,,peak_abundance_with_occupancy_days_modifiers,0.1152498327511133
perfal,BO,0.0015987213636970278,0.001075,0.0016,prebreeding_migration,0.1939,,,,19.39,0.0006667185935236227,very_rare,0.06667185935236226,,peak_abundance_with_occupancy_days_modifiers,0.1939
brcvir1,BO,0.0015987213636970278,0.0016,0.0016,resident,0.0281,0.1327,0.0448,365.0,2.81,0.0006667185935236227,very_rare,0.06667185935236226,rare,peak_abundance_with_occupancy_days_modifiers,0.0281
bichaw1,BO,0.0015987213636970278,0.0016,0.0016,resident,0.1444,0.0757,0.1034,365.0,14.44,0.0006667185935236227,very_rare,0.06667185935236226,,peak_abundance_with_occupancy_days_modifiers,0.1444
plurai1,BO,0.0015933505835463786,0.0015946206410468,0.0015946206410468,resident,0.0078025001381738,0.00380991161,0.0029253436014131,365.0,0.78025001381738,0.0006644788042335952,very_rare,0.06644788042335953,very_rare,peak_abundance_with_occupancy_days_modifiers,0.0078025001381738
scbwoo4,BO,0.0014988761237358919,0.0015,0.0015,resident,0.0068,0.0069,0.0053,365.0,0.6799999999999999,0.0006250798943303071,very_rare,0.06250798943303071,very_rare,peak_abundance_with_occupancy_days_modifiers,0.0068
whwtan1,BO,0.0014988761237358919,0.0015,0.0015,resident,0.0212,0.1467,0.0864,365.0,2.12,0.0006250798943303071,very_rare,0.06250798943303071,rare,peak_abundance_with_occupancy_days_modifiers,0.0212
comnig,BO,0.0014988761237358919,0.0006333333333333333,0.0015,postbreeding_migration,0.038,0.0037,0.0005,21.0,3.8,0.0006250798943303071,very_rare,0.06250798943303071,rare,peak_abundance_with_occupancy_days_modifiers,0.038
lottyr1,BO,0.0014988761237358919,0.0015,0.0015,resident,0.0134,0.0081,0.01,365.0,1.34,0.0006250798943303071,very_rare,0.06250798943303071,rare,peak_abundance_with_occupancy_days_modifiers,0.0134
barbec1,BO,0.0014748886704853664,0.0014759768536978,0.0014759768536978,resident,0.0325667079757311,0.1375726327850069,0.0666845733199122,365.0,3.25667079757311,0.0006150763493370497,very_rare,0.06150763493370497,rare,peak_abundance_with_occupancy_days_modifiers,0.0325667079757311
father1,BO,0.001399020913707341,0.0014,0.0014,resident,0.0503,0.3,0.3248,365.0,5.029999999999999,0.0005834370372959348,very_rare,0.05834370372959348,,peak_abundance_with_occupancy_days_modifiers,0.0503
rucwar1,BO,0.001399020913707341,0.0014,0.0014,resident,0.0082,0.0708,0.0381,365.0,0.8200000000000001,0.0005834370372959348,very_rare,0.05834370372959348,very_rare,peak_abundance_with_occupancy_days_modifiers,0.0082
yegvir,BO,0.001399020913707341,0.0009666666666666668,0.0014,nonbreeding,0.0946,0.079,0.0312,63.0,9.46,0.0005834370372959348,very_rare,0.05834370372959348,,peak_abundance_with_occupancy_days_modifiers,0.0946
goltan1,BO,0.00129915573162005,0.0013,0.0013,resident,0.0095,0.0497,0.0146,365.0,0.95,0.0005417900215900586,very_rare,0.05417900215900586,very_rare,peak_abundance_with_occupancy_days_modifiers,0.0095
spbwoo1,BO,0.001261982013062946,0.0012627786474411,0.0012627786474411,resident,0.0572285442918107,0.0343383138372991,0.0050181807920893,365.0,5.72285442918107,0.0005262873768420101,very_rare,0.05262873768420101,,peak_abundance_with_occupancy_days_modifiers,0.0572285442918107
scaant1,BO,0.0012371292063129134,0.0012378947663158,0.0012378947663158,resident,0.0986013884795499,0.2153474100695598,0.1433083984775164,365.0,9.860138847954989,0.0005159229514094796,very_rare,0.05159229514094796,,peak_abundance_with_occupancy_days_modifiers,0.0986013884795499
oilbir1,BO,0.0012319415519389998,0.0012327007036442,0.0012327007036442,resident,0.0098064063629261,0.0210026134473746,0.0216255831270224,365.0,0.9806406362926101,0.0005137595314999845,very_rare,0.051375953149998446,very_rare,peak_abundance_with_occupancy_days_modifiers,0.0098064063629261
grejac2,BO,0.0011992805754820971,0.0012,0.0012,resident,0.0335,0.0116,0.0055,365.0,3.35,0.0005001388463819827,very_rare,0.050013884638198274,rare,peak_abundance_with_occupancy_days_modifiers,0.0335
chicar1,BO,0.0011992805754820971,0.0012,0.0012,resident,0.0369,0.0113,0.0002,365.0,3.6900000000000004,0.0005001388463819827,very_rare,0.050013884638198274,rare,peak_abundance_with_occupancy_days_modifiers,0.0369
yebfly3,BO,0.0011343960860824775,0.001135039756692,0.001135039756692,resident,0.0224716868345237,0.0032664951098531,0.00039304608446004907,365.0,2.24716868345237,0.0004730799126013002,very_rare,0.04730799126013002,rare,peak_abundance_with_occupancy_days_modifiers,0.0224716868345237
bffgle,BO,0.001128341315473644,0.0011289781320287,0.0011289781320287,resident,0.024435973274217,0.0321807212994535,0.0126887438172813,365.0,2.4435973274217,0.00047055487713476373,very_rare,0.047055487713476375,rare,peak_abundance_with_occupancy_days_modifiers,0.024435973274217
gohque1,BO,0.0010993954433009636,0.0011,0.0011,resident,0.0155,0.1408,0.0613,365.0,1.55,0.0004584835108407622,very_rare,0.04584835108407622,rare,peak_abundance_with_occupancy_days_modifiers,0.0155
strwoo,BO,0.0010993954433009636,0.0011,0.0011,resident,0.0696,0.0384,0.0366,365.0,6.959999999999999,0.0004584835108407622,very_rare,0.04584835108407622,,peak_abundance_with_occupancy_days_modifiers,0.0696
spobar1,BO,0.0010993954433009636,0.0011,0.0011,resident,0.0208,0.1846,0.109,365.0,2.08,0.0004584835108407622,very_rare,0.04584835108407622,rare,peak_abundance_with_occupancy_days_modifiers,0.0208
sharpb1,BO,0.0010452472749464614,0.0010457937362585,0.0010457937362585,resident,0.0441496937681155,0.0958182236771487,0.0427038052270483,365.0,4.41496937681155,0.0004359019707005829,very_rare,0.04359019707005829,rare,peak_abundance_with_occupancy_days_modifiers,0.0441496937681155
tinhaw1,BO,0.001006870699432706,0.0010073777639039,0.0010073777639039,resident,0.2602450991787681,0.0527523761455382,0.0441835949850574,365.0,26.02450991787681,0.00041989769563943155,very_rare,0.04198976956394315,,peak_abundance_with_occupancy_days_modifiers,0.2602450991787681
colinc1,BO,0.000899595242836093,0.0009,0.0009,resident,0.0069,0.0936,0.0545,365.0,0.69,0.0003751603554337701,very_rare,0.03751603554337701,very_rare,peak_abundance_with_occupancy_days_modifiers,0.0069
wrlrus1,BO,0.000899595242836093,0.000675,0.0009,prebreeding_migration,0.0028,0.0069,0.0022,84.0,0.27999999999999997,0.0003751603554337701,very_rare,0.03751603554337701,very_rare,peak_abundance_with_occupancy_days_modifiers,0.0028
grhowl2,BO,0.0008861650621610348,0.0008865578224279731,0.0008865578224279731,resident,0.1480463831132988,0.0605956451245324,0.0086492634918826,365.0,14.80463831132988,0.0003695595350696306,very_rare,0.036955953506963055,,peak_abundance_with_occupancy_days_modifiers,0.1480463831132988
cancan1,BO,0.0008451783485034025,0.0008455356123672634,0.0008455356123672634,resident,0.0166640590279682,0.0329061869904228,0.016511616024951,365.0,1.6664059027968199,0.0003524667478563975,very_rare,0.035246674785639746,rare,peak_abundance_with_occupancy_days_modifiers,0.0166640590279682
lesvio1,BO,0.0007996801705643322,0.0008,0.0008,resident,0.0115,0.1358,0.0568,365.0,1.15,0.0003334925339049559,very_rare,0.03334925339049559,rare,peak_abundance_with_occupancy_days_modifiers,0.0115
grwsal1,BO,0.0007996801705643322,0.0008,0.0008,resident,0.0317,0.017,0.0023,365.0,3.17,0.0003334925339049559,very_rare,0.03334925339049559,rare,peak_abundance_with_occupancy_days_modifiers,0.0317
miskit,BO,0.0007996801705643322,0.0007,0.0008,nonbreeding,0.005,0.0083,0.0066,14.0,0.5,0.0003334925339049559,very_rare,0.03334925339049559,rare,peak_abundance_with_occupancy_days_modifiers,0.005
whtear1,BO,0.0007688609475858409,0.0007691565969304256,0.0007691565969304256,resident,0.0212091689577632,0.0674925211263528,0.035648633860194,365.0,2.12091689577632,0.0003206399196443961,very_rare,0.03206399196443961,rare,peak_abundance_with_occupancy_days_modifiers,0.0212091689577632
gramin1,BO,0.000758126208569775,0.0007584136588804504,0.0007584136588804504,resident,0.0356879167641232,0.0340030907906147,0.0017008983619238,365.0,3.5687916764123204,0.0003161631857612788,very_rare,0.03161631857612788,rare,peak_abundance_with_occupancy_days_modifiers,0.0356879167641232
grflan1,BO,0.0007208754598894565,0.0007211353530502408,0.0007211353530502408,resident,0.0407218751277692,0.0570169878296146,0.021033288561565,365.0,4.07218751277692,0.000300628416956776,very_rare,0.030062841695677602,rare,peak_abundance_with_occupancy_days_modifiers,0.0407218751277692
codfin1,BO,0.0006997551142733419,0.00035,0.0007,breeding,0.004,0.0024,0.0005,42.0,0.4,0.0002918205487167264,very_rare,0.02918205487167264,very_rare,peak_abundance_with_occupancy_days_modifiers,0.004
motowl,BO,0.0006997551142733419,0.0007,0.0007,resident,0.0569,0.0402,0.0224,365.0,5.6899999999999995,0.0002918205487167264,very_rare,0.02918205487167264,,peak_abundance_with_occupancy_days_modifiers,0.0569
royfly1,BO,0.0006997551142733419,0.0007,0.0007,resident,0.0567,0.0172,0.0114,365.0,5.67,0.0002918205487167264,very_rare,0.02918205487167264,,peak_abundance_with_occupancy_days_modifiers,0.0567
bawsee1,BO,0.0006997551142733419,0.00065,0.0007,nonbreeding,0.0047,0.05,0.042,70.0,0.47000000000000003,0.0002918205487167264,very_rare,0.02918205487167264,very_rare,peak_abundance_with_occupancy_days_modifiers,0.0047
smbwoo1,BO,0.0006997551142733419,0.0007,0.0007,resident,0.0427,0.1158,0.0234,365.0,4.2700000000000005,0.0002918205487167264,very_rare,0.02918205487167264,rare,peak_abundance_with_occupancy_days_modifiers,0.0427
phecuc1,BO,0.0006449263487534085,0.0006451343584656448,0.0006451343584656448,resident,0.2028938373486556,0.0158854206642375,0.0027583192563627,365.0,20.28938373486556,0.00026895517751316164,very_rare,0.026895517751316163,,peak_abundance_with_occupancy_days_modifiers,0.2028938373486556
masduc,BO,0.0005998200719676155,0.0006,0.0006,resident,0.0136,0.0284,0.0178,365.0,1.3599999999999999,0.0002501443990368907,very_rare,0.02501443990368907,rare,peak_abundance_with_occupancy_days_modifiers,0.0136
whtswa1,BO,0.0005334243288913821,0.000533566624948977,0.000533566624948977,resident,0.0379721061100811,0.0081768284396036,0.0019290477416158,365.0,3.79721061100811,0.00022245522352148876,very_rare,0.022245522352148876,rare,peak_abundance_with_occupancy_days_modifiers,0.0379721061100811
whtkit,BO,0.000499875041651048,0.0005,0.0005,resident,0.0217,0.0127,0.0055,365.0,2.17,0.00020846408403300828,very_rare,0.020846408403300827,rare,peak_abundance_with_occupancy_days_modifiers,0.0217
orheag1,BO,0.000499875041651048,0.0005,0.0005,resident,0.0449,0.0162,0.0073,365.0,4.49,0.00020846408403300828,very_rare,0.020846408403300827,rare,peak_abundance_with_occupancy_days_modifiers,0.0449
rebbla1,BO,0.000499875041651048,0.0005,0.0005,resident,0.0057,0.005,0.001,365.0,0.5700000000000001,0.00020846408403300828,very_rare,0.020846408403300827,very_rare,peak_abundance_with_occupancy_days_modifiers,0.0057
bafcur1,BO,0.000499875041651048,0.0005,0.0005,resident,0.0022,0.0041,0.0056,365.0,0.22,0.00020846408403300828,very_rare,0.020846408403300827,very_rare,peak_abundance_with_occupancy_days_modifiers,0.0022
robpoc1,BO,0.000499875041651048,0.0005,0.0005,resident,0.0009,0.0018,0.0005,0.0,0.09,0.00020846408403300828,very_rare,0.020846408403300827,very_rare,peak_abundance_with_occupancy_days_modifiers,0.0009
wtstyr1,BO,0.0004750351217616661,0.0004751479688131832,0.0004751479688131832,resident,0.073697762066222,0.0918389806604316,0.0816575512517321,365.0,7.3697762066222,0.00019810503283878487,very_rare,0.019810503283878487,,peak_abundance_with_occupancy_days_modifiers,0.073697762066222
piepuf1,BO,0.00045919267659069295,0.0004592981216870646,0.0004592981216870646,resident,0.0757003403157657,0.0167068903895631,0.0022803975818781,365.0,7.5700340315765695,0.00019149822004313266,very_rare,0.019149822004313265,,peak_abundance_with_occupancy_days_modifiers,0.0757003403157657
tamcon1,BO,0.0004483615688709616,0.0002965287441494875,0.0004484620979430779,nonbreeding,0.0130390890859422,0.0459260134362188,0.0166878772128404,126.0,1.30390890859422,0.00018698129728896213,very_rare,0.01869812972889621,rare,peak_abundance_with_occupancy_days_modifiers,0.0130390890859422
dowant1,BO,0.0004087187438173487,0.0004088022807037653,0.0004088022807037653,resident,0.0886986873041438,0.0241147303808517,0.0112210336730753,365.0,8.86986873041438,0.00017044895515409185,very_rare,0.017044895515409185,,peak_abundance_with_occupancy_days_modifiers,0.0886986873041438
whihaw1,BO,0.0003999200213269354,0.0004,0.0004,resident,0.0253,0.0158,0.0049,365.0,2.53,0.00016677960287238907,very_rare,0.016677960287238905,rare,peak_abundance_with_occupancy_days_modifiers,0.0253
olitan1,BO,0.0003999200213269354,0.0004,0.0004,resident,0.0068,0.1628,0.0374,365.0,0.6799999999999999,0.00016677960287238907,very_rare,0.016677960287238905,very_rare,peak_abundance_with_occupancy_days_modifiers,0.0068
whltan1,BO,0.0003999200213269354,0.0004,0.0004,resident,0.007,0.0026,0.001,365.0,0.7000000000000001,0.00016677960287238907,very_rare,0.016677960287238905,very_rare,peak_abundance_with_occupancy_days_modifiers,0.007
mcrtyr1,BO,0.0003999200213269354,0.00030000000000000003,0.0004,nonbreeding,0.001,0.0013,0.0028,0.0,0.1,0.00016677960287238907,very_rare,0.016677960287238905,very_rare,peak_abundance_with_occupancy_days_modifiers,0.001
blhduc1,BO,0.0003999200213269354,0.00015000000000000001,0.0004,postbreeding_migration,0.0025,0.0026,0.0017,21.0,0.25,0.00016677960287238907,very_rare,0.016677960287238905,rare,peak_abundance_with_occupancy_days_modifiers,0.0025
yeltyr1,BO,0.0003999200213269354,0.0004,0.0004,resident,0.0412,0.0225,0.0021,365.0,4.12,0.00016677960287238907,very_rare,0.016677960287238905,rare,peak_abundance_with_occupancy_days_modifiers,0.0412
slcsee1,BO,0.0003896137397287371,0.000389689649019944,0.000389689649019944,resident,0.0900286229890129,0.0576465961415209,0.0170197211488579,365.0,9.00286229890129,0.00016248154961078588,very_rare,0.01624815496107859,,peak_abundance_with_occupancy_days_modifiers,0.0900286229890129
sootyr1,BO,0.00029995500899797546,0.0003,0.0003,resident,0.003,0.0044,0.0037,365.0,0.3,0.00012509095472209328,very_rare,0.012509095472209329,very_rare,peak_abundance_with_occupancy_days_modifiers,0.003
wvvear1,BO,0.00029995500899797546,0.0003,0.0003,resident,0.0066,0.0144,0.0041,365.0,0.66,0.00012509095472209328,very_rare,0.012509095472209329,very_rare,peak_abundance_with_occupancy_days_modifiers,0.0066
leabit,BO,0.00029995500899797546,0.00016666666666666666,0.0003,nonbreeding,0.0649,0.0016,0.0017,0.0,6.49,0.00012509095472209328,very_rare,0.012509095472209329,very_rare,peak_abundance_with_occupancy_days_modifiers,0.0649
redsho1,BO,0.00029995500899797546,9.999999999999999e-05,0.0003,postbreeding_migration,0.0041,0.0036,0.0003,14.0,0.41000000000000003,0.00012509095472209328,very_rare,0.012509095472209329,rare,peak_abundance_with_occupancy_days_modifiers,0.0041
cosswa1,BO,0.00029995500899797546,0.000175,0.0003,breeding,0.0003,0.0005,0.0002,0.0,0.03,0.00012509095472209328,very_rare,0.012509095472209329,very_rare,peak_abundance_with_occupancy_days_modifiers,0.0003
bkbwar,BO,0.00029995500899797546,0.00016666666666666666,0.0003,nonbreeding,0.0042,0.0111,0.002,7.0,0.42,0.00012509095472209328,very_rare,0.012509095472209329,very_rare,peak_abundance_with_occupancy_days_modifiers,0.0042
whtspa1,BO,0.0002364425205820883,0.0002364704753180439,0.0002364704753180439,resident,0.0235535717003175,0.0103967547752716,0.001894102409882,365.0,2.35535717003175,9.860418979268167e-05,very_rare,0.009860418979268168,rare,peak_abundance_with_occupancy_days_modifiers,0.0235535717003175
barpar1,BO,0.00019998000266626675,0.0002,0.0002,resident,0.004,0.0921,0.0083,365.0,0.4,8.339813874893117e-05,very_rare,0.008339813874893118,very_rare,peak_abundance_with_occupancy_days_modifiers,0.004
bawhae1,BO,0.00019998000266626675,0.0002,0.0002,resident,0.0288,0.0168,0.0136,365.0,2.88,8.339813874893117e-05,very_rare,0.008339813874893118,rare,peak_abundance_with_occupancy_days_modifiers,0.0288
vihhum1,BO,0.00019998000266626675,0.0002,0.0002,resident,0.0141,0.1459,0.0447,365.0,1.41,8.339813874893117e-05,very_rare,0.008339813874893118,rare,peak_abundance_with_occupancy_days_modifiers,0.0141
olifla2,BO,0.00019912141580544245,0.00019914124179046288,0.00019914124179046288,resident,0.1299717488094595,0.0473021036799765,0.0088710896121799,365.0,12.99717488094595,8.304008021715996e-05,very_rare,0.008304008021715995,,peak_abundance_with_occupancy_days_modifiers,0.1299717488094595
grbcra1,BO,0.00010528475652531511,0.00010529029915981,0.00010529029915981,resident,0.1748067188817105,0.0717059026784113,0.0297185442284841,365.0,17.480671888171052,4.3907153794285715e-05,very_rare,0.004390715379428572,,peak_abundance_with_occupancy_days_modifiers,0.1748067188817105
yebcra1,BO,0.00010041802482964832,0.00010042306688827344,0.00010042306688827344,resident,0.0174740769282648,0.0420331993716922,0.0531134387975604,365.0,1.74740769282648,4.187756903676771e-05,very_rare,0.004187756903676771,rare,peak_abundance_with_occupancy_days_modifiers,0.0174740769282648
sbffal1,BO,9.999500033330834e-05,0.0001,0.0001,resident,0.0434,0.0272,0.0044,365.0,4.34,4.170115411946329e-05,very_rare,0.004170115411946329,rare,peak_abundance_with_occupancy_days_modifiers,0.0434
brofly1,BO,9.999500033330834e-05,0.0001,0.0001,resident,0.0141,0.0121,0.0034,365.0,1.41,4.170115411946329e-05,very_rare,0.004170115411946329,rare,peak_abundance_with_occupancy_days_modifiers,0.0141
brvear1,BO,9.999500033330834e-05,0.0001,0.0001,resident,0.0113,0.3753,0.0942,365.0,1.13,4.170115411946329e-05,very_rare,0.004170115411946329,rare,peak_abundance_with_occupancy_days_modifiers,0.0113
spfgal1,BO,9.999500033330834e-05,0.0001,0.0001,resident,0.0081,0.0113,0.0011,365.0,0.8099999999999999,4.170115411946329e-05,very_rare,0.004170115411946329,very_rare,peak_abundance_with_occupancy_days_modifiers,0.0081
ausneg1,BO,9.999500033330834e-05,3.3333333333333335e-05,0.0001,nonbreeding,0.0006,0.0005,0.0001,0.0,0.06,4.170115411946329e-05,very_rare,0.004170115411946329,very_rare,peak_abundance_with_occupancy_days_modifiers,0.0006
lobgna5,BO,9.999500033330834e-05,0.0001,0.0001,resident,0.0115,0.0029,0.0002,365.0,1.15,4.170115411946329e-05,very_rare,0.004170115411946329,rare,peak_abundance_with_occupancy_days_modifiers,0.0115
sbnthr1,BO,9.999500033330834e-05,0.0001,0.0001,resident,0.0113,0.1527,0.0273,365.0,1.13,4.170115411946329e-05,very_rare,0.004170115411946329,rare,peak_abundance_with_occupancy_days_modifiers,0.0113
ruthum1,BO,6.578995579718818e-05,6.247852569118316e-05,6.579212000379084e-05,nonbreeding,0.0038354721064809,0.0005841818064776055,5.794487795963028e-05,7.0,0.38354721064809,2.743654259779801e-05,very_rare,0.0027436542597798013,very_rare,peak_abundance_with_occupancy_days_modifiers,0.0038354721064809
whcswi1,BO,5.744923632811651e-05,5.745088656709536e-05,5.745088656709536e-05,resident,0.0085156926512857,0.0053290652981529,0.0002609562884605032,365.0,0.8515692651285701,2.395819241144118e-05,very_rare,0.002395819241144118,very_rare,peak_abundance_with_occupancy_days_modifiers,0.0085156926512857
chiswi,BO,0.0,0.0,0.0,postbreeding_migration,0.0001,0.0001,0.0,0.0,0.01,0.0,very_rare,0.0,very_rare,peak_abundance_with_occupancy_days_modifiers,0.0001
agaher1,BO,0.0,0.0,0.0,resident,0.0061,0.0122,0.0036,365.0,0.61,0.0,very_rare,0.0,very_rare,peak_abundance_with_occupancy_days_modifiers,0.0061
canwar,BO,0.0,0.0,0.0,nonbreeding,0.0016,0.0041,0.0013,7.0,0.16,0.0,very_rare,0.0,very_rare,peak_abundance_with_occupancy_days_modifiers,0.0016
rufgle1,BO,0.0,0.0,0.0,resident,0.0012,,,,0.12,0.0,very_rare,0.0,very_rare,peak_abundance_with_occupancy_days_modifiers,0.0012
sponot1,BO,0.0,0.0,0.0,resident,0.0015,0.0005,0.0001,365.0,0.15,0.0,very_rare,0.0,very_rare,peak_abundance_with_occupancy_days_modifiers,0.0015
yebsee1,BO,0.0,0.0,0.0,resident,0.0009,0.0003,0.0,0.0,0.09,0.0,very_rare,0.0,very_rare,peak_abundance_with_occupancy_days_modifiers,0.0009
unicra1,BO,0.0,0.0,0.0,resident,0.0117,0.0149,0.0009,365.0,1.17,0.0,very_rare,0.0,rare,peak_abundance_with_occupancy_days_modifiers,0.0117
lesnig,BO,0.0,0.0,0.0,postbreeding_migration,0.0029,0.0008,0.0001,7.0,0.29,0.0,very_rare,0.0,very_rare,peak_abundance_with_occupancy_days_modifiers,0.0029
hudgod,BO,0.0,0.0,0.0,postbreeding_migration,0.0006,0.0025,0.0001,0.0,0.06,0.0,very_rare,0.0,very_rare,peak_abundance_with_occupancy_days_modifiers,0.0006
dafgrt1,BO,0.0,0.0,0.0,breeding,0.0023,0.0036,0.0005,7.0,0.22999999999999998,0.0,very_rare,0.0,very_rare,peak_abundance_with_occupancy_days_modifiers,0.0023
sheowl,BO,0.0,0.0,0.0,postbreeding_migration,0.001,,,,0.1,0.0,very_rare,0.0,very_rare,peak_abundance_with_occupancy_days_modifiers,0.001
tabfly1,BO,0.0,0.0,0.0,resident,0.0015,0.013,0.0035,365.0,0.15,0.0,very_rare,0.0,very_rare,peak_abundance_with_occupancy_days_modifiers,0.0015
gocspa1,BO,0.0,0.0,0.0,resident,0.0015,0.0008,0.0006,365.0,0.15,0.0,very_rare,0.0,very_rare,peak_abundance_with_occupancy_days_modifiers,0.0015
lakduc1,BO,0.0,0.0,0.0,nonbreeding,0.0006,0.0005,0.0001,0.0,0.06,0.0,very_rare,0.0,very_rare,peak_abundance_with_occupancy_days_modifiers,0.0006
