species_code,country_code,abundance,abundance_mean_avg,abundance_mean_max,peak_season,range_occupied_percent,range_total_percent,total_pop_percent,range_days_occupation,occupancy,score,frequency,frequency_pct,rarity_cap,commonness_basis,debug_range_occupied_max
amufal1,IN,3.748758513808122,13.825147592342047,41.46832541895556,postbreeding_migration,0.1036281305720438,0.0434410362879225,0.5071984541091851,56.0,10.36281305720438,1.0,abundant,100.0,,peak_abundance_with_occupancy_days_modifiers,0.1036281305720438
lesfla1,IN,2.5457424085473876,7.425315334062513,11.75269228023255,prebreeding_migration,0.0571206379335146,0.3271389782225934,0.3901852579147167,161.0,5.71206379335146,1.0,abundant,100.0,,peak_abundance_with_occupancy_days_modifiers,0.0571206379335146
grefla3,IN,2.153844520660627,4.096752275528044,7.617926587595123,postbreeding_migration,0.0840539137587048,0.2648896750698113,0.6181756834768832,133.0,8.40539137587048,0.8982229312071107,abundant,89.82229312071107,,peak_abundance_with_occupancy_days_modifiers,0.0840539137587048
categr2,IN,2.0469795573025027,5.72185566368861,6.744474004055903,nonbreeding,0.7560317145857243,0.5462343901102914,0.6451569901978139,126.0,75.60317145857243,0.8536567799784077,abundant,85.36567799784078,,peak_abundance_with_occupancy_days_modifiers,0.7560317145857243
pltswi1,IN,1.7581746260750815,4.801837200344853,4.801837200344853,resident,0.6869070208728653,0.0129112027867273,0.023204112747229,365.0,68.69070208728652,0.7332157688535212,common,73.32157688535213,,peak_abundance_with_occupancy_days_modifiers,0.6869070208728653
eurcoo,IN,1.5099269215651658,1.4839250000000002,3.5264,nonbreeding,0.5558,0.2606,0.2305,154.0,55.58,0.6296884349761716,common,62.96884349761716,,peak_abundance_with_occupancy_days_modifiers,0.5558
revbul,IN,1.4210097482083432,3.1413,3.1413,resident,0.9062,0.6791,0.8176,365.0,90.62,0.5926070935324914,common,59.26070935324914,,peak_abundance_with_occupancy_days_modifiers,0.9062
gnwtea,IN,1.4075664963954302,2.305566666666667,3.086,nonbreeding,0.4983,0.1887,0.1599,119.0,49.830000000000005,0.5870008220804341,common,58.70008220804341,,peak_abundance_with_occupancy_days_modifiers,0.4983
lewduc1,IN,1.394460923786284,1.576875,3.0328,nonbreeding,0.5866,0.7497,0.5886,112.0,58.660000000000004,0.5815353737942577,common,58.15353737942577,,peak_abundance_with_occupancy_days_modifiers,0.5866
commyn,IN,1.3826878655257788,2.9856,2.9856,resident,0.836,0.4731,0.6272,365.0,83.6,0.5766256271535022,common,57.66256271535022,,peak_abundance_with_occupancy_days_modifiers,0.836
norpin,IN,1.3122710007711045,1.3480999999999999,2.7146,nonbreeding,0.4634,0.3843,0.484,112.0,46.339999999999996,0.5472595136482626,common,54.725951364826265,,peak_abundance_with_occupancy_days_modifiers,0.4634
barswa,IN,1.1600836107562107,0.9991749999999999,2.1902,nonbreeding,0.7422,0.0628,0.0771,154.0,74.22,0.48379244244573705,common,48.379244244573705,,peak_abundance_with_occupancy_days_modifiers,0.7422
rorpar,IN,1.1173031871115988,2.0566,2.0566,resident,0.7885,0.4622,0.7474,365.0,78.85,0.46595162006708224,common,46.59516200670822,,peak_abundance_with_occupancy_days_modifiers,0.7885
rossta2,IN,1.0866409168868898,1.9643,1.9643,nonbreeding,0.586,0.6628,0.8638,168.0,58.599999999999994,0.45316446018877526,common,45.31644601887753,,peak_abundance_with_occupancy_days_modifiers,0.586
bladro1,IN,1.055843956817172,1.6926,1.8744,postbreeding_migration,0.8642,0.616,0.7083,161.0,86.42,0.44032113028230385,common,44.032113028230384,,peak_abundance_with_occupancy_days_modifiers,0.8642
rewlap1,IN,1.0490017881147753,1.8186499999999999,1.8548,nonbreeding,0.818,0.5383,0.7014,203.0,81.8,0.4374677243058152,common,43.74677243058152,,peak_abundance_with_occupancy_days_modifiers,0.818
rocpig,IN,1.027331086663146,1.7936,1.7936,resident,0.6719,0.1247,0.1147,365.0,67.19000000000001,0.4284303398556014,common,42.84303398556014,,peak_abundance_with_occupancy_days_modifiers,0.6719
norsho,IN,1.0220551659459545,1.4881,1.7789,nonbreeding,0.43,0.3501,0.2686,126.0,43.0,0.42623011002194633,common,42.62301100219463,,peak_abundance_with_occupancy_days_modifiers,0.43
houspa,IN,1.0201821689642938,1.7737,1.7737,resident,0.7187,0.1172,0.1007,365.0,71.87,0.42544900961155396,common,42.5449009611554,,peak_abundance_with_occupancy_days_modifiers,0.7187
baywea1,IN,0.9305486036208547,1.5359,1.5359,resident,0.6532,0.7569,0.8112,365.0,65.32,0.388068909504498,common,38.8068909504498,,peak_abundance_with_occupancy_days_modifiers,0.6532
litcor1,IN,0.929641216242293,1.5336,1.5336,resident,0.7139,0.7552,0.6899,365.0,71.39,0.3876904995760683,common,38.76904995760683,,peak_abundance_with_occupancy_days_modifiers,0.7139
lotpar2,IN,0.9127595054707777,1.4911875026106156,1.4911875026106156,resident,0.6913345983554712,0.03482777299812,0.0766438684799961,365.0,69.13345983554711,0.3806502793616908,common,38.06502793616908,,peak_abundance_with_occupancy_days_modifiers,0.6913345983554712
inpher1,IN,0.9006896656455039,1.17735,1.4613,nonbreeding,0.8495,0.7975,0.8351,126.0,84.95,0.37561676519524934,common,37.56167651952494,,peak_abundance_with_occupancy_days_modifiers,0.8495
houcro1,IN,0.8678145184170403,1.3817,1.3817,resident,0.701,0.7769,0.7617,365.0,70.1,0.361906763928139,common,36.1906763928139,,peak_abundance_with_occupancy_days_modifiers,0.701
bahgoo,IN,0.8529674720073864,0.43437499999999996,1.3466,nonbreeding,0.3059,0.576,0.5657,105.0,30.59,0.3557150646583342,common,35.571506465833416,,peak_abundance_with_occupancy_days_modifiers,0.3059
eucdov,IN,0.834820338876091,1.3044,1.3044,resident,0.7199,0.1473,0.1528,365.0,71.99,0.34814712233109596,common,34.814712233109596,,peak_abundance_with_occupancy_days_modifiers,0.7199
gadwal,IN,0.8156302647744936,0.7200249999999999,1.2606,nonbreeding,0.3862,0.2908,0.3598,126.0,38.62,0.3401442398368983,common,34.01442398368983,,peak_abundance_with_occupancy_days_modifiers,0.3862
bkwsti,IN,0.8130169264103294,1.033725,1.2547,nonbreeding,0.6052,0.2044,0.3348,105.0,60.519999999999996,0.3390543930892901,common,33.90543930892901,,peak_abundance_with_occupancy_days_modifiers,0.6052
aspsta2,IN,0.8120851046314591,1.2526,1.2526,resident,0.5115,0.7645,0.7353,365.0,51.15,0.3386657932244667,common,33.86657932244667,,peak_abundance_with_occupancy_days_modifiers,0.5115
olbsun4,IN,0.7737880895327016,1.1679631572241491,1.1679631572241491,resident,0.6660341555977229,0.0076584603076475,0.0167752323809902,365.0,66.60341555977229,0.3226946974334214,common,32.269469743342135,,peak_abundance_with_occupancy_days_modifiers,0.6660341555977229
spodov,IN,0.772743634831088,1.1657,1.1657,resident,0.7163,0.3512,0.3917,365.0,71.63000000000001,0.32225912599147316,common,32.225912599147314,,peak_abundance_with_occupancy_days_modifiers,0.7163
junbab2,IN,0.7527830784558192,1.1229,1.1229,resident,0.6355,0.8656,0.8874,365.0,63.55,0.31393492743213625,common,31.393492743213624,,peak_abundance_with_occupancy_days_modifiers,0.6355
gloibi,IN,0.662945671826824,0.6515,0.9405,nonbreeding,0.3692,,,,36.919999999999995,0.27646981890629396,fairly_common,27.646981890629398,,peak_abundance_with_occupancy_days_modifiers,0.3692
litegr,IN,0.645531326618282,0.8759,0.907,nonbreeding,0.7653,0.2412,0.2954,84.0,76.53,0.26920747287888835,fairly_common,26.920747287888837,,peak_abundance_with_occupancy_days_modifiers,0.7653
indsil,IN,0.6397464038328301,0.896,0.896,resident,0.6318,0.7519,0.8671,365.0,63.18,0.2667949726954667,common,26.67949726954667,,peak_abundance_with_occupancy_days_modifiers,0.6318
whtkin2,IN,0.6306864992173398,0.8789,0.8789,resident,0.8571,0.5407,0.7126,365.0,85.71,0.2630166990075933,common,26.30166990075933,,peak_abundance_with_occupancy_days_modifiers,0.8571
gargan,IN,0.5963609118722534,0.5741,0.8155,prebreeding_migration,0.4862,0.0994,0.2586,168.0,48.620000000000005,0.24870181723003004,fairly_common,24.870181723003004,,peak_abundance_with_occupancy_days_modifiers,0.4862
asiope1,IN,0.5945967568306683,0.8123,0.8123,resident,0.406,0.6882,0.4423,365.0,40.6,0.24796610743419462,fairly_common,24.79661074341946,,peak_abundance_with_occupancy_days_modifiers,0.406
indrob1,IN,0.5923871774087969,0.8083,0.8083,resident,0.7026,0.8571,0.9392,365.0,70.26,0.2470446412438498,common,24.70446412438498,,peak_abundance_with_occupancy_days_modifiers,0.7026
asikoe2,IN,0.5839459655161812,0.41164999999999996,0.7931,breeding,0.8287,0.6243,0.724,105.0,82.87,0.24352438246175348,fairly_common,24.35243824617535,,peak_abundance_with_occupancy_days_modifiers,0.8287
lagbab2,IN,0.579026181455246,0.7843,0.7843,resident,0.4655,0.9836,0.9917,365.0,46.550000000000004,0.2414726731495308,fairly_common,24.14726731495308,,peak_abundance_with_occupancy_days_modifiers,0.4655
gryfra,IN,0.5784095030895221,0.7832,0.7832,resident,0.6848,0.8036,0.8617,365.0,68.47999999999999,0.2412154982959333,common,24.12154982959333,,peak_abundance_with_occupancy_days_modifiers,0.6848
gragoo,IN,0.5592728720036174,0.5099,0.7494,nonbreeding,0.1974,0.2868,0.1592,98.0,19.74,0.23323490327037502,fairly_common,23.3234903270375,,peak_abundance_with_occupancy_days_modifiers,0.1974
blhibi1,IN,0.5466824187535801,0.614684826577597,0.7275123380112584,nonbreeding,0.3514441907974076,0.8577493965875425,0.8424779211893756,168.0,35.14441907974076,0.22798427644239677,fairly_common,22.798427644239677,,peak_abundance_with_occupancy_days_modifiers,0.3514441907974076
isbduc1,IN,0.5434283323100031,0.7219,0.7219,resident,0.6205,0.781,0.8563,365.0,62.050000000000004,0.2266272169909306,common,22.662721699093062,,peak_abundance_with_occupancy_days_modifiers,0.6205
litgre1,IN,0.5338583228765634,0.5104,0.7055,nonbreeding,0.6626,0.1883,0.2833,84.0,66.25999999999999,0.22263621307095063,fairly_common,22.263621307095065,,peak_abundance_with_occupancy_days_modifiers,0.6626
nutman,IN,0.5243142419465455,0.6893,0.6893,resident,0.7354,0.5312,0.3815,365.0,73.54,0.21865602217675872,common,21.86560221767587,,peak_abundance_with_occupancy_days_modifiers,0.7354
brasta1,IN,0.5228332428902677,0.6868,0.6868,resident,0.7659,0.8694,0.9602,365.0,76.59,0.21803839759862212,common,21.80383975986221,,peak_abundance_with_occupancy_days_modifiers,0.7659
pursun4,IN,0.5028942534397104,0.6535,0.6535,resident,0.8408,0.6382,0.7659,365.0,84.08,0.20972319314547344,common,20.972319314547345,,peak_abundance_with_occupancy_days_modifiers,0.8408
grecou1,IN,0.4934149335061968,0.6379,0.6379,resident,0.8313,0.431,0.615,365.0,83.13000000000001,0.20577000968452475,common,20.577000968452474,,peak_abundance_with_occupancy_days_modifiers,0.8313
ruff,IN,0.4847074956109317,0.48993333333333333,0.6237,nonbreeding,0.176,0.2032,0.4513,189.0,17.599999999999998,0.20213872603588418,fairly_common,20.213872603588417,,peak_abundance_with_occupancy_days_modifiers,0.176
comcra,IN,0.48261131728481804,0.4265999999999999,0.6203,prebreeding_migration,0.1311,0.0798,0.1271,84.0,13.11,0.20126455177569336,fairly_common,20.126455177569337,,peak_abundance_with_occupancy_days_modifiers,0.1311
ashpri1,IN,0.4686902671632058,0.5979,0.5979,resident,0.6609,0.9273,0.962,365.0,66.09,0.19545902295234063,common,19.545902295234065,,peak_abundance_with_occupancy_days_modifiers,0.6609
bktgod,IN,0.4619084515313758,0.3957,0.5871,nonbreeding,0.2414,0.3815,0.463,105.0,24.14,0.1926307861612002,fairly_common,19.26307861612002,,peak_abundance_with_occupancy_days_modifiers,0.2414
compea,IN,0.46045821640220413,0.5848,0.5848,resident,0.6345,0.8887,0.904,365.0,63.449999999999996,0.1920259911371543,common,19.20259911371543,,peak_abundance_with_occupancy_days_modifiers,0.6345
labcro1,IN,0.45037473685677276,0.5689,0.5689,resident,0.7339,0.3004,0.261,365.0,73.39,0.1878208535484456,common,18.78208535484456,,peak_abundance_with_occupancy_days_modifiers,0.7339
paisto1,IN,0.415019320912976,0.5144,0.5144,resident,0.5379,0.8063,0.7633,365.0,53.790000000000006,0.1730764998876051,common,17.30764998876051,,peak_abundance_with_occupancy_days_modifiers,0.5379
whbwat1,IN,0.40992182882510575,0.45125000000000004,0.5067,breeding,0.7842,0.4739,0.6175,182.0,78.42,0.17095068057193435,common,17.095068057193437,,peak_abundance_with_occupancy_days_modifiers,0.7842
plapri1,IN,0.40553177255270756,0.5001,0.5001,resident,0.6884,0.565,0.6106,365.0,68.84,0.16911988490616917,common,16.911988490616917,,peak_abundance_with_occupancy_days_modifiers,0.6884
litswi1,IN,0.3866899527818304,0.3376,0.4721,nonbreeding,0.6716,0.1783,0.197,84.0,67.16,0.16126223574833556,fairly_common,16.126223574833556,,peak_abundance_with_occupancy_days_modifiers,0.6716
eurwig,IN,0.38042076700190336,0.3149,0.4629,nonbreeding,0.3456,0.3,0.1428,49.0,34.56,0.15864778221024972,fairly_common,15.864778221024972,,peak_abundance_with_occupancy_days_modifiers,0.3456
grecor,IN,0.3771342183401026,0.21280000000000002,0.4581,nonbreeding,0.5584,0.185,0.061,98.0,55.84,0.15727718496228682,fairly_common,15.727718496228682,,peak_abundance_with_occupancy_days_modifiers,0.5584
ascspl1,IN,0.3754868845884781,0.4557,0.4557,resident,0.5624,0.8802,0.9134,365.0,56.24,0.15659019342837296,common,15.659019342837297,,peak_abundance_with_occupancy_days_modifiers,0.5624
magrob,IN,0.34748282556981724,0.4155,0.4155,resident,0.7842,0.4425,0.4985,365.0,78.42,0.1449115937262351,common,14.49115937262351,,peak_abundance_with_occupancy_days_modifiers,0.7842
comtai1,IN,0.34741217665954727,0.4154,0.4154,resident,0.8059,0.4751,0.4763,365.0,80.58999999999999,0.14488213084223373,common,14.488213084223373,,peak_abundance_with_occupancy_days_modifiers,0.8059
integr1,IN,0.3453570225733602,0.3593255076200906,0.4124941219427787,nonbreeding,0.3760094333306958,0.5669246952886158,0.5205925557437923,105.0,37.60094333306958,0.1440250650189258,fairly_common,14.402506501892582,,peak_abundance_with_occupancy_days_modifiers,0.3760094333306958
siemes1,IN,0.3406590101672724,0.405873770457724,0.405873770457724,resident,0.3352952387024314,0.2278263230504804,0.3695632589154505,365.0,33.52952387024314,0.14206584167027425,fairly_common,14.206584167027426,,peak_abundance_with_occupancy_days_modifiers,0.3352952387024314
plhpar1,IN,0.3339691064030944,0.3965,0.3965,resident,0.3771,0.9525,0.9538,365.0,37.71,0.13927593510510106,fairly_common,13.927593510510105,,peak_abundance_with_occupancy_days_modifiers,0.3771
combab3,IN,0.33095705593310276,0.3923,0.3923,resident,0.3522,0.7739,0.7765,365.0,35.22,0.13801981249450992,fairly_common,13.801981249450993,,peak_abundance_with_occupancy_days_modifiers,0.3522
commoo3,IN,0.32230086684739556,0.28775,0.3803,nonbreeding,0.511,0.1353,0.2785,294.0,51.1,0.13440990125947697,common,13.440990125947696,,peak_abundance_with_occupancy_days_modifiers,0.511
recpoc,IN,0.31896269248481285,0.13035,0.3757,nonbreeding,0.3061,0.2039,0.4676,77.0,30.61,0.13301777442205795,fairly_common,13.301777442205795,,peak_abundance_with_occupancy_days_modifiers,0.3061
chspet1,IN,0.31816277970536777,0.3746,0.3746,nonbreeding,0.5698,0.9655,0.9893,112.0,56.98,0.1326841848827152,fairly_common,13.26841848827152,,peak_abundance_with_occupancy_days_modifiers,0.5698
aspswi1,IN,0.30726408717950326,0.3597,0.3597,resident,0.3721,0.4682,0.4476,365.0,37.21,0.1281390770752564,fairly_common,12.81390770752564,,peak_abundance_with_occupancy_days_modifiers,0.3721
litsti,IN,0.3071905388398239,0.2690666666666667,0.3596,nonbreeding,0.3907,0.142,0.1357,140.0,39.07,0.12810840503527454,fairly_common,12.810840503527455,,peak_abundance_with_occupancy_days_modifiers,0.3907
yefpig1,IN,0.3046129331117626,0.3561,0.3561,resident,0.5062,0.8825,0.8974,365.0,50.62,0.12703345995435236,common,12.703345995435237,,peak_abundance_with_occupancy_days_modifiers,0.5062
piebus1,IN,0.2960965710527993,0.31067500000000003,0.3446,breeding,0.6966,0.6413,0.6692,126.0,69.66,0.12348186111866813,fairly_common,12.348186111866813,,peak_abundance_with_occupancy_days_modifiers,0.6966
cohcuc1,IN,0.2934156042995415,0.17862500000000003,0.341,breeding,0.8051,0.942,0.9521,119.0,80.51,0.12236381114222812,fairly_common,12.236381114222812,,peak_abundance_with_occupancy_days_modifiers,0.8051
whiwag,IN,0.29326645074568153,0.1931,0.3408,nonbreeding,0.691,0.1147,0.0486,112.0,69.1,0.12230160927897252,fairly_common,12.230160927897252,,peak_abundance_with_occupancy_days_modifiers,0.691
woosan,IN,0.2914001518201917,0.2261,0.3383,nonbreeding,0.5211,0.1485,0.2233,182.0,52.11,0.12152330217496302,common,12.152330217496301,,peak_abundance_with_occupancy_days_modifiers,0.5211
oripip1,IN,0.29110122049743653,0.3379,0.3379,resident,0.673,0.6544,0.6981,365.0,67.30000000000001,0.12139863813056274,common,12.139863813056275,,peak_abundance_with_occupancy_days_modifiers,0.673
ruftre2,IN,0.2899794315004644,0.3364,0.3364,resident,0.6767,0.7963,0.8623,365.0,67.67,0.12093081578248209,common,12.093081578248208,,peak_abundance_with_occupancy_days_modifiers,0.6767
blakit1,IN,0.28870654749796876,0.25305,0.3347,nonbreeding,0.3531,0.063,0.0688,147.0,35.31,0.12039998192291566,fairly_common,12.039998192291566,,peak_abundance_with_occupancy_days_modifiers,0.3531
rewbul,IN,0.28412575624900377,0.3286,0.3286,resident,0.2906,0.3873,0.4417,365.0,29.060000000000002,0.11848964359374452,fairly_common,11.848964359374452,,peak_abundance_with_occupancy_days_modifiers,0.2906
indrol2,IN,0.281110527068742,0.3246,0.3246,resident,0.7771,0.7972,0.887,365.0,77.71000000000001,0.1172321953580078,common,11.72321953580078,,peak_abundance_with_occupancy_days_modifiers,0.7771
eaywag1,IN,0.28035529706532003,0.209675,0.3236,nonbreeding,0.5325,0.104,0.1233,126.0,53.25,0.11691723998360537,fairly_common,11.691723998360537,,peak_abundance_with_occupancy_days_modifiers,0.5325
renibi1,IN,0.2739887453197784,0.3152,0.3152,resident,0.4953,0.9174,0.9021,365.0,49.53,0.11426218168403594,fairly_common,11.426218168403594,,peak_abundance_with_occupancy_days_modifiers,0.4953
banmyn1,IN,0.2729237014762355,0.3138,0.3138,resident,0.2812,0.7788,0.7488,365.0,28.12,0.11381802390299162,fairly_common,11.381802390299162,,peak_abundance_with_occupancy_days_modifiers,0.2812
egyvul1,IN,0.26941626364488835,0.182725,0.3092,nonbreeding,0.4483,0.1921,0.4906,140.0,44.83,0.11235530871641301,fairly_common,11.235530871641302,,peak_abundance_with_occupancy_days_modifiers,0.4483
greegr,IN,0.26819339586791846,0.263125,0.3076,prebreeding_migration,0.6012,0.069,0.0817,133.0,60.12,0.11184533324298758,fairly_common,11.184533324298759,,peak_abundance_with_occupancy_days_modifiers,0.6012
lotshr1,IN,0.25634619214192805,0.215625,0.2922,nonbreeding,0.8602,0.3624,0.4356,147.0,86.02,0.10690466554144759,fairly_common,10.69046655414476,,peak_abundance_with_occupancy_days_modifiers,0.8602
recdov1,IN,0.25564946287046886,0.25785,0.2913,breeding,0.6661,,,,66.61,0.10661410686719573,fairly_common,10.661410686719574,,peak_abundance_with_occupancy_days_modifiers,0.6661
comsan,IN,0.2532458951306533,0.159,0.2882,nonbreeding,0.6958,0.1319,0.2852,147.0,69.58,0.10561174126471023,fairly_common,10.561174126471023,,peak_abundance_with_occupancy_days_modifiers,0.6958
yebbab1,IN,0.25301298491648755,0.2879,0.2879,resident,0.1488,0.883,0.8902,365.0,14.879999999999999,0.10551461016110958,fairly_common,10.551461016110958,,peak_abundance_with_occupancy_days_modifiers,0.1488
purswa3,IN,0.2498244298955407,0.2838,0.2838,resident,0.2124,0.7607,0.7538,365.0,21.240000000000002,0.10418487943553634,fairly_common,10.418487943553634,,peak_abundance_with_occupancy_days_modifiers,0.2124
sttswa2,IN,0.24631305334085224,0.25905,0.2793,breeding,0.4128,0.8797,0.913,112.0,41.28,0.10272052167374357,fairly_common,10.272052167374357,,peak_abundance_with_occupancy_days_modifiers,0.4128
graher1,IN,0.24537460015553164,0.23450000000000001,0.2781,prebreeding_migration,0.6082,0.1047,0.1102,147.0,60.81999999999999,0.1023291562976296,fairly_common,10.23291562976296,,peak_abundance_with_occupancy_days_modifiers,0.6082
lirplo,IN,0.24224004700519813,0.204825,0.2741,prebreeding_migration,0.6626,0.3084,0.5157,140.0,66.25999999999999,0.10102194610129961,fairly_common,10.102194610129962,,peak_abundance_with_occupancy_days_modifiers,0.6626
hoopoe,IN,0.24161195559725282,0.21282500000000001,0.2733,nonbreeding,0.808,0.129,0.29,112.0,80.80000000000001,0.10076001163941112,fairly_common,10.076001163941111,,peak_abundance_with_occupancy_days_modifiers,0.808
colpra,IN,0.24114941810547683,0.1291523868104129,0.2727111871962179,postbreeding_migration,0.0929084801614438,0.0423528069802358,0.1737218859116835,119.0,9.29084801614438,0.1005671185230924,fairly_common,10.05671185230924,,peak_abundance_with_occupancy_days_modifiers,0.0929084801614438
copgoo1,IN,0.23356901679779252,0.1812,0.2631,nonbreeding,0.4412,,,,44.12,0.09740584563779339,fairly_common,9.74058456377934,,peak_abundance_with_occupancy_days_modifiers,0.4412
spoowl1,IN,0.2324600179515585,0.2617,0.2617,resident,0.7149,0.8604,0.9076,365.0,71.49,0.09694335719686169,common,9.694335719686169,,peak_abundance_with_occupancy_days_modifiers,0.7149
sibsto1,IN,0.2320636486887687,0.10127499999999999,0.2612,nonbreeding,0.687,0.435,0.7535,84.0,68.7,0.0967780583753134,fairly_common,9.677805837531341,,peak_abundance_with_occupancy_days_modifiers,0.687
redava,IN,0.2267534529036186,0.254520531414464,0.254520531414464,resident,0.4915412906459194,0.7872737984357876,0.7203406295732779,365.0,49.15412906459194,0.09456353472810128,fairly_common,9.456353472810127,,peak_abundance_with_occupancy_days_modifiers,0.4915412906459194
pursun3,IN,0.22466239728347956,0.2519,0.2519,resident,0.4358,0.9138,0.9127,365.0,43.580000000000005,0.09369149680223357,fairly_common,9.369149680223357,,peak_abundance_with_occupancy_days_modifiers,0.4358
piecuc1,IN,0.2239432314847741,0.08577499999999999,0.251,breeding,0.7057,0.6842,0.8812,84.0,70.57,0.09339158136936887,fairly_common,9.339158136936888,,peak_abundance_with_occupancy_days_modifiers,0.7057
eurspo1,IN,0.22162239494227096,0.239225,0.2481,prebreeding_migration,0.3278,0.5977,0.4137,77.0,32.78,0.09242371735594405,fairly_common,9.242371735594405,,peak_abundance_with_occupancy_days_modifiers,0.3278
copbar1,IN,0.21752781252857406,0.243,0.243,resident,0.6862,0.6497,0.7184,365.0,68.62,0.09071614386007633,common,9.071614386007633,,peak_abundance_with_occupancy_days_modifiers,0.6862
btbeat1,IN,0.21559513355688012,0.20797500000000002,0.2406,postbreeding_migration,0.4468,0.5614,0.463,98.0,44.68,0.08991015412665546,fairly_common,8.991015412665545,,peak_abundance_with_occupancy_days_modifiers,0.4468
bcnher,IN,0.21115193846183164,0.168925,0.2351,postbreeding_migration,0.3689,0.1355,0.2104,112.0,36.89,0.08805719785060297,fairly_common,8.805719785060298,,peak_abundance_with_occupancy_days_modifiers,0.3689
chtsta2,IN,0.20717675779213082,0.17212499999999997,0.2302,nonbreeding,0.3604,0.63,0.574,140.0,36.04,0.08639941874957416,fairly_common,8.639941874957415,,peak_abundance_with_occupancy_days_modifiers,0.3604
comior1,IN,0.20269591604510462,0.2247,0.2247,resident,0.5838,0.4671,0.4778,365.0,58.379999999999995,0.08453076260021819,common,8.453076260021819,,peak_abundance_with_occupancy_days_modifiers,0.5838
leswhi4,IN,0.18173805325553832,0.097175,0.1993,nonbreeding,0.6322,0.0758,0.071,140.0,63.22,0.07579065496194419,uncommon,7.579065496194419,,peak_abundance_with_occupancy_days_modifiers,0.6322
yewlap2,IN,0.1791498656283196,0.16735,0.1962,postbreeding_migration,0.6044,0.9569,0.9687,126.0,60.440000000000005,0.07471129688631048,uncommon,7.471129688631048,,peak_abundance_with_occupancy_days_modifiers,0.6044
ingori1,IN,0.17889903999262471,0.1374,0.1959,breeding,0.7514,0.9756,0.9935,119.0,75.14,0.07460669447162616,uncommon,7.460669447162616,,peak_abundance_with_occupancy_days_modifiers,0.7514
benwea1,IN,0.17700872057243927,0.1936415023189392,0.1936415023189392,resident,0.2898351810677618,0.8782331618432808,0.934879529362046,365.0,28.98351810677618,0.07381837004327056,uncommon,7.381837004327056,,peak_abundance_with_occupancy_days_modifiers,0.2898351810677618
pieavo1,IN,0.1762571149735449,0.1366083059814044,0.1927446917488646,postbreeding_migration,0.117533974990397,0.2448054871234158,0.1227486619544152,126.0,11.7533974990397,0.07350492616295579,uncommon,7.350492616295579,,peak_abundance_with_occupancy_days_modifiers,0.117533974990397
ferduc,IN,0.17613579770686846,0.1926,0.1926,nonbreeding,0.2025,0.4176,0.4546,14.0,20.25,0.07345433293311267,rare,7.345433293311267,rare,peak_abundance_with_occupancy_days_modifiers,0.2025
rutlar2,IN,0.16839165126045666,0.16165000000000002,0.1834,postbreeding_migration,0.4649,0.9467,0.973,112.0,46.489999999999995,0.07022477302102594,uncommon,7.022477302102594,,peak_abundance_with_occupancy_days_modifiers,0.4649
rivter1,IN,0.16779996027493416,0.1827,0.1827,resident,0.3256,,,,32.56,0.06997801871434935,uncommon,6.997801871434935,,peak_abundance_with_occupancy_days_modifiers,0.3256
gytmar1,IN,0.16754627121180027,0.1824,0.1824,resident,0.5285,0.6313,0.6826,365.0,52.849999999999994,0.06987222215767239,fairly_common,6.987222215767239,,peak_abundance_with_occupancy_days_modifiers,0.5285
indwhe1,IN,0.1605870646479485,0.1742,0.1742,resident,0.2931,0.5127,0.5494,365.0,29.310000000000002,0.06697000760193397,uncommon,6.697000760193397,,peak_abundance_with_occupancy_days_modifiers,0.2931
shikra1,IN,0.1547790537875536,0.14625,0.1674,prebreeding_migration,0.8779,,,,87.79,0.06454787894340552,uncommon,6.454787894340552,,peak_abundance_with_occupancy_days_modifiers,0.8779
whiter2,IN,0.15418710948753825,0.12166300928725221,0.1667091687111561,nonbreeding,0.0876424267589766,0.1353020303188269,0.0788167441446874,126.0,8.764242675897659,0.0643010189963802,uncommon,6.430101899638021,,peak_abundance_with_occupancy_days_modifiers,0.0876424267589766
blrwar1,IN,0.15065887628511312,0.08306666666666666,0.1626,nonbreeding,0.7044,0.9172,0.9412,154.0,70.44,0.06282963146647043,uncommon,6.282963146647043,,peak_abundance_with_occupancy_days_modifiers,0.7044
purher1,IN,0.14755756435761466,0.14327499999999999,0.159,nonbreeding,0.4872,0.2416,0.3508,112.0,48.72,0.061536283936793175,uncommon,6.153628393679318,,peak_abundance_with_occupancy_days_modifiers,0.4872
temsti,IN,0.14297416895110696,0.11573333333333334,0.1537,nonbreeding,0.4963,0.143,0.1305,112.0,49.63,0.05962485958957433,uncommon,5.962485958957433,,peak_abundance_with_occupancy_days_modifiers,0.4963
compoc,IN,0.14141275295032366,0.08686666666666666,0.1519,prebreeding_migration,0.2724,0.093,0.0345,98.0,27.24,0.05897369854075959,uncommon,5.897369854075959,,peak_abundance_with_occupancy_days_modifiers,0.2724
trimun,IN,0.13993584029751677,0.1502,0.1502,resident,0.3689,0.8874,0.8307,365.0,36.89,0.05835777812523479,uncommon,5.835777812523479,,peak_abundance_with_occupancy_days_modifiers,0.3689
phtjac1,IN,0.1381954987513994,0.1253,0.1482,prebreeding_migration,0.2983,0.7268,0.6583,161.0,29.830000000000002,0.05763199932836257,uncommon,5.763199932836257,,peak_abundance_with_occupancy_days_modifiers,0.2983
yeebab1,IN,0.13636487452051646,0.1461,0.1461,resident,0.4486,0.8509,0.9232,365.0,44.86,0.05686856972755829,uncommon,5.686856972755829,,peak_abundance_with_occupancy_days_modifiers,0.4486
indcor1,IN,0.1354919694371567,0.1451,0.1451,resident,0.2715,0.8752,0.6924,365.0,27.150000000000002,0.05650454003315834,uncommon,5.650454003315835,,peak_abundance_with_occupancy_days_modifiers,0.2715
bkskit1,IN,0.13470570285229133,0.1442,0.1442,resident,0.7103,0.191,0.3225,365.0,71.03,0.056176641398975005,fairly_common,5.6176641398975,,peak_abundance_with_occupancy_days_modifiers,0.7103
citwag,IN,0.13111597785753704,0.066925,0.1401,nonbreeding,0.5541,0.4024,0.5492,126.0,55.410000000000004,0.05467960979985716,uncommon,5.467960979985715,,peak_abundance_with_occupancy_days_modifiers,0.5541
zitcis1,IN,0.1310282624064041,0.14,0.14,resident,0.6028,0.2063,0.2261,365.0,60.28,0.05464302961550641,fairly_common,5.464302961550641,,peak_abundance_with_occupancy_days_modifiers,0.6028
blhbun1,IN,0.12830526015292384,0.13190000000000002,0.1369,nonbreeding,0.4268,0.9297,0.9227,147.0,42.68,0.053507449473883896,uncommon,5.35074494738839,,peak_abundance_with_occupancy_days_modifiers,0.4268
smamin1,IN,0.12795336431046087,0.1365,0.1365,resident,0.3812,0.822,0.6632,365.0,38.12,0.053360697509169316,uncommon,5.3360697509169315,,peak_abundance_with_occupancy_days_modifiers,0.3812
grwpel1,IN,0.12583938483914772,0.06755,0.1341,nonbreeding,0.0748,0.079,0.1644,70.0,7.48,0.05247909959482586,uncommon,5.247909959482587,,peak_abundance_with_occupancy_days_modifiers,0.0748
grnsan,IN,0.12257155238818063,0.08295,0.1304,nonbreeding,0.687,0.1364,0.2043,147.0,68.7,0.05111630761302528,uncommon,5.1116307613025285,,peak_abundance_with_occupancy_days_modifiers,0.687
junmyn1,IN,0.12177505692592092,0.1295,0.1295,resident,0.1173,0.6098,0.5484,365.0,11.73,0.05078414320564051,uncommon,5.07841432056405,,peak_abundance_with_occupancy_days_modifiers,0.1173
blflau1,IN,0.12104039266361813,0.1286705014545064,0.1286705014545064,resident,0.2311709447976759,0.1027509011552441,0.1380894412788441,365.0,23.117094479767587,0.050477764411438475,uncommon,5.0477764411438475,,peak_abundance_with_occupancy_days_modifiers,0.2311709447976759
brwjac1,IN,0.11955923505763925,0.127,0.127,resident,0.1569,0.7212,0.7872,365.0,15.690000000000001,0.049860073712940885,uncommon,4.986007371294089,,peak_abundance_with_occupancy_days_modifiers,0.1569
whbwoo4,IN,0.11945993322242845,0.10183959047698543,0.126888092388125,prebreeding_migration,0.3175205566097406,0.0031592918699642,0.0017706319003359,70.0,31.75205566097406,0.04981866163113012,uncommon,4.981866163113012,,peak_abundance_with_occupancy_days_modifiers,0.3175205566097406
comkin1,IN,0.11831622681804224,0.108,0.1256,nonbreeding,0.8185,0.2608,0.368,161.0,81.85,0.049341699014221675,uncommon,4.934169901422168,,peak_abundance_with_occupancy_days_modifiers,0.8185
alepar2,IN,0.11724956005023976,0.1244,0.1244,resident,0.1951,0.8278,0.8744,365.0,19.509999999999998,0.04889686442119228,uncommon,4.889686442119228,,peak_abundance_with_occupancy_days_modifiers,0.1951
blared1,IN,0.11671579969596077,0.075875,0.1238,nonbreeding,0.6955,0.212,0.1877,119.0,69.55,0.04867426906419981,uncommon,4.867426906419981,,peak_abundance_with_occupancy_days_modifiers,0.6955
trepip,IN,0.11653781624795155,0.06255,0.1236,nonbreeding,0.6573,0.1609,0.3409,63.0,65.73,0.048600044201242594,uncommon,4.86000442012426,,peak_abundance_with_occupancy_days_modifiers,0.6573
grywag,IN,0.11546924980611413,0.06675,0.1224,nonbreeding,0.7518,0.2237,0.3029,126.0,75.18,0.048154417382607485,uncommon,4.815441738260748,,peak_abundance_with_occupancy_days_modifiers,0.7518
aspfly1,IN,0.11520192968868352,0.073875,0.1221,breeding,0.5472,0.9318,0.8468,112.0,54.72,0.0480429362347596,uncommon,4.80429362347596,,peak_abundance_with_occupancy_days_modifiers,0.5472
inghor2,IN,0.11457790470743509,0.1214,0.1214,resident,0.4627,0.9616,0.9668,365.0,46.27,0.04778269760452105,uncommon,4.778269760452105,,peak_abundance_with_occupancy_days_modifiers,0.4627
whbbul2,IN,0.11297147865916139,0.1196,0.1196,resident,0.2124,0.9214,0.8441,365.0,21.240000000000002,0.047112765907963254,uncommon,4.711276590796325,,peak_abundance_with_occupancy_days_modifiers,0.2124
spbpel1,IN,0.11288215705667246,0.0759,0.1195,breeding,0.0313,0.6002,0.712,175.0,3.1300000000000003,0.04707551590647145,rare,4.707551590647145,rare,peak_abundance_with_occupancy_days_modifiers,0.0313
comchi1,IN,0.11064652008706366,0.08206666666666666,0.117,nonbreeding,0.5647,0.137,0.0735,112.0,56.47,0.046143182874679056,uncommon,4.614318287467905,,peak_abundance_with_occupancy_days_modifiers,0.5647
blhori1,IN,0.11019879229807553,0.1165,0.1165,resident,0.3342,0.5098,0.5962,365.0,33.42,0.045956465884130264,uncommon,4.595646588413026,,peak_abundance_with_occupancy_days_modifiers,0.3342
whbwag1,IN,0.10822640507087118,0.1143,0.1143,resident,0.7775,0.8816,0.9115,365.0,77.75,0.045133916521954615,fairly_common,4.513391652195462,,peak_abundance_with_occupancy_days_modifiers,0.7775
grewar3,IN,0.10696922099724239,0.0555,0.1129,nonbreeding,0.6238,0.647,0.7906,133.0,62.38,0.044609630041268694,uncommon,4.460963004126869,,peak_abundance_with_occupancy_days_modifiers,0.6238
eursta,IN,0.10255658832509207,0.059199999999999996,0.108,nonbreeding,0.1103,0.0293,0.0027,140.0,11.03,0.04276941928552512,uncommon,4.276941928552512,,peak_abundance_with_occupancy_days_modifiers,0.1103
scbflo1,IN,0.10253737315935244,0.1079787098009085,0.1079787098009085,resident,0.2963660700303812,0.080693066441688,0.0623443493135348,365.0,29.63660700303812,0.04276140593900503,uncommon,4.276140593900503,,peak_abundance_with_occupancy_days_modifiers,0.2963660700303812
bnhgul1,IN,0.09948327848495012,0.04295,0.1046,nonbreeding,0.05,0.4895,0.3859,98.0,5.0,0.04148774953330303,uncommon,4.148774953330303,,peak_abundance_with_occupancy_days_modifiers,0.05
steeag1,IN,0.097580328338864,0.060099999999999994,0.1025,nonbreeding,0.2497,0.0628,0.0928,112.0,24.97,0.040694157683119625,uncommon,4.069415768311963,,peak_abundance_with_occupancy_days_modifiers,0.2497
orihob2,IN,0.09748962127725708,0.070075,0.1024,prebreeding_migration,0.8394,0.423,0.4315,140.0,83.94,0.04065632990029862,uncommon,4.065632990029862,,peak_abundance_with_occupancy_days_modifiers,0.8394
piekin1,IN,0.09730818246699792,0.1022,0.1022,resident,0.4479,0.3314,0.2643,365.0,44.79,0.04058066403935908,uncommon,4.058066403935908,,peak_abundance_with_occupancy_days_modifiers,0.4479
placuc3,IN,0.0972174507153592,0.04665,0.1021,breeding,0.5962,0.9481,0.9567,112.0,59.62,0.04054282595999509,uncommon,4.054282595999509,,peak_abundance_with_occupancy_days_modifiers,0.5962
benbus1,IN,0.09713525262186173,0.1020094132042384,0.1020094132042384,resident,0.2859997262713812,0.8008477747916106,0.7591612021075718,365.0,28.599972627138122,0.04050854669249329,uncommon,4.050854669249329,,peak_abundance_with_occupancy_days_modifiers,0.2859997262713812
wonsto1,IN,0.09703596251159427,0.1019,0.1019,resident,0.487,0.9117,0.9254,365.0,48.699999999999996,0.04046713950036371,uncommon,4.046713950036371,,peak_abundance_with_occupancy_days_modifiers,0.487
smapra1,IN,0.09667288726026077,0.1015,0.1015,resident,0.4132,0.6423,0.6095,365.0,41.32,0.04031572536003307,uncommon,4.031572536003307,,peak_abundance_with_occupancy_days_modifiers,0.4132
comred1,IN,0.09111959336748389,0.05205,0.0954,nonbreeding,0.2136,0.2561,0.1528,189.0,21.36,0.03799982192764668,uncommon,3.7999821927646678,,peak_abundance_with_occupancy_days_modifiers,0.2136
tufduc,IN,0.09093699499210209,0.06453333333333335,0.0952,nonbreeding,0.1889,0.2686,0.0667,105.0,18.89,0.03792367249049102,uncommon,3.7923672490491023,,peak_abundance_with_occupancy_days_modifiers,0.1889
comsni,IN,0.08956644335904304,0.06423333333333334,0.0937,nonbreeding,0.4693,0.0687,0.047,119.0,46.93,0.03735210806538607,uncommon,3.7352108065386065,,peak_abundance_with_occupancy_days_modifiers,0.4693
brnshr,IN,0.08929210747876185,0.039925,0.0934,nonbreeding,0.6588,0.5051,0.2722,175.0,65.88000000000001,0.03723770111717885,uncommon,3.7237701117178847,,peak_abundance_with_occupancy_days_modifiers,0.6588
bkrfla1,IN,0.08846864798760816,0.0925,0.0925,resident,0.4474,0.8886,0.8739,365.0,44.74,0.036894291836342075,uncommon,3.6894291836342075,,peak_abundance_with_occupancy_days_modifiers,0.4474
kenplo1,IN,0.08746127576999452,0.062075000000000005,0.0914,nonbreeding,0.3237,0.2522,0.0823,98.0,32.37,0.03647418499137627,uncommon,3.6474184991376273,,peak_abundance_with_occupancy_days_modifiers,0.3237
gybpri1,IN,0.08571887540253752,0.0895,0.0895,resident,0.2833,0.6038,0.5734,365.0,28.33,0.03574754759931719,uncommon,3.574754759931719,,peak_abundance_with_occupancy_days_modifiers,0.2833
blabul1,IN,0.08498432390499729,0.05585,0.0887,nonbreeding,0.0684,0.1244,0.1621,126.0,6.84,0.03544121583167376,uncommon,3.5441215831673762,,peak_abundance_with_occupancy_days_modifiers,0.0684
indbus2,IN,0.08305355513528564,0.0866,0.0866,resident,0.3559,0.9745,0.9941,365.0,35.589999999999996,0.03463602271435367,uncommon,3.463602271435367,,peak_abundance_with_occupancy_days_modifiers,0.3559
olbpip,IN,0.0800119379693847,0.037025,0.0833,nonbreeding,0.4565,0.1714,0.0928,119.0,45.65,0.03336756983386093,uncommon,3.3367569833860933,,peak_abundance_with_occupancy_days_modifiers,0.4565
bfbwar1,IN,0.07932826362699498,0.04604493782353812,0.0825596287001581,breeding,0.3814471017314574,0.0950599195303372,0.0339253602570591,133.0,38.14471017314574,0.033082455487898725,uncommon,3.3082455487898725,,peak_abundance_with_occupancy_days_modifiers,0.3814471017314574
blueth,IN,0.07853387765410683,0.04145,0.0817,nonbreeding,0.4085,,,,40.849999999999994,0.03275117080591139,uncommon,3.275117080591139,,peak_abundance_with_occupancy_days_modifiers,0.4085
indpit1,IN,0.07760897932698288,0.028824999999999996,0.0807,breeding,0.2415,0.9669,0.9755,140.0,24.15,0.032365458244726565,uncommon,3.2365458244726564,,peak_abundance_with_occupancy_days_modifiers,0.2415
rufpri2,IN,0.07744183293765128,0.0805193799924609,0.0805193799924609,resident,0.3533562590898071,0.8093161943947944,0.8333442404382893,365.0,35.33562590898071,0.032295752786265654,uncommon,3.2295752786265655,,peak_abundance_with_occupancy_days_modifiers,0.3533562590898071
bucred1,IN,0.07564437510223494,0.03753285022261733,0.0785789364217653,nonbreeding,0.3285133752907646,0.4248952525519468,0.5602882184358426,126.0,32.85133752907646,0.03154615464667774,uncommon,3.1546154646677738,,peak_abundance_with_occupancy_days_modifiers,0.3285133752907646
boowar1,IN,0.07538572690588961,0.052199999999999996,0.0783,nonbreeding,0.5183,0.9664,0.993,105.0,51.83,0.03143828997081831,uncommon,3.143828997081831,,peak_abundance_with_occupancy_days_modifiers,0.5183
marsan,IN,0.07427224437458746,0.0653,0.0771,nonbreeding,0.4009,0.1803,0.2286,161.0,40.089999999999996,0.03097393168798021,uncommon,3.097393168798021,,peak_abundance_with_occupancy_days_modifiers,0.4009
clrwar1,IN,0.07278566972564769,0.0469,0.0755,nonbreeding,0.4301,,,,43.01,0.030353981907102184,uncommon,3.0353981907102185,,peak_abundance_with_occupancy_days_modifiers,0.4301
comhom1,IN,0.07235253201283512,0.04148937767442694,0.0750342612616574,postbreeding_migration,0.2746953293341801,0.0103764226405782,0.0010411141410412,91.0,27.469532933418012,0.030173349450911994,uncommon,3.0173349450911995,,peak_abundance_with_occupancy_days_modifiers,0.2746953293341801
oripra,IN,0.07222763399688076,0.0371,0.0749,postbreeding_migration,0.1748,0.3032,0.1305,98.0,17.48,0.03012126293263437,uncommon,3.012126293263437,,peak_abundance_with_occupancy_days_modifiers,0.1748
crelar1,IN,0.07213459775919911,0.0637,0.0748,nonbreeding,0.2048,0.0463,0.0143,147.0,20.48,0.030082463807944874,uncommon,3.0082463807944873,,peak_abundance_with_occupancy_days_modifiers,0.2048
comgre,IN,0.07092433833669866,0.044074999999999996,0.0735,nonbreeding,0.434,0.1842,0.1793,147.0,43.4,0.029577746426735756,uncommon,2.957774642673576,,peak_abundance_with_occupancy_days_modifiers,0.434
sttbab1,IN,0.06942901093764055,0.0718959656142797,0.0718959656142797,resident,0.1040981213569964,0.091425771802431,0.0622558404268253,365.0,10.40981213569964,0.028954146465544384,uncommon,2.8954146465544386,,peak_abundance_with_occupancy_days_modifiers,0.1040981213569964
comwoo1,IN,0.06915285868831662,0.0716,0.0716,resident,0.3644,0.8142,0.8454,365.0,36.44,0.02883898203261169,uncommon,2.883898203261169,,peak_abundance_with_occupancy_days_modifiers,0.3644
indnig1,IN,0.0688728642863754,0.0713,0.0713,resident,0.6293,0.6949,0.923,365.0,62.93,0.028722215297584668,fairly_common,2.8722215297584666,,peak_abundance_with_occupancy_days_modifiers,0.6293
wemhar1,IN,0.06569410319536247,0.04850000000000001,0.0679,nonbreeding,0.3807,0.0679,0.0428,105.0,38.07,0.027396568958033257,uncommon,2.739656895803326,,peak_abundance_with_occupancy_days_modifiers,0.3807
ashdro1,IN,0.06494468864038216,0.0488,0.0671,nonbreeding,0.3783,0.2954,0.2122,140.0,37.830000000000005,0.027084038814001628,uncommon,2.7084038814001627,,peak_abundance_with_occupancy_days_modifiers,0.3783
whcbul2,IN,0.06363186024477342,0.0657,0.0657,resident,0.0307,0.4162,0.4927,365.0,3.0700000000000003,0.026536546848651327,rare,2.6536546848651326,rare,peak_abundance_with_occupancy_days_modifiers,0.0307
sarcra1,IN,0.06222334318013186,0.0642,0.0642,resident,0.0785,0.7619,0.8377,365.0,7.85,0.025949149608821977,uncommon,2.5949149608821975,,peak_abundance_with_occupancy_days_modifiers,0.0785
taifly1,IN,0.06175339627548214,0.043533333333333334,0.0637,nonbreeding,0.4699,0.3751,0.1946,105.0,46.989999999999995,0.025753166527333494,uncommon,2.5753166527333495,,peak_abundance_with_occupancy_days_modifiers,0.4699
savnig1,IN,0.060248080345356884,0.0254,0.0621,prebreeding_migration,0.4973,0.7395,0.7634,119.0,49.730000000000004,0.02512540102514433,uncommon,2.512540102514433,,peak_abundance_with_occupancy_days_modifiers,0.4973
robqua1,IN,0.060194351984798194,0.0620429366412247,0.0620429366412247,resident,0.4038409353110961,0.9999842323933524,0.9999984215580344,365.0,40.38409353110961,0.02510299455845323,uncommon,2.510299455845323,,peak_abundance_with_occupancy_days_modifiers,0.4038409353110961
spored,IN,0.05949457178563976,0.038925,0.0613,prebreeding_migration,0.465,0.2231,0.2627,161.0,46.5,0.0248111635485268,uncommon,2.4811163548526802,,peak_abundance_with_occupancy_days_modifiers,0.465
tawlar1,IN,0.058728217893978266,0.0604869801850197,0.0604869801850197,resident,0.2760113454473432,0.9998888147653991,0.9999735612171342,365.0,27.601134544734318,0.024491569152409944,uncommon,2.4491569152409944,,peak_abundance_with_occupancy_days_modifiers,0.2760113454473432
tawpip1,IN,0.058551886949615474,0.034050000000000004,0.0603,nonbreeding,0.6174,0.0,0.0,0.0,61.739999999999995,0.024418033437000268,very_rare,2.441803343700027,very_rare,peak_abundance_with_occupancy_days_modifiers,0.6174
indcha1,IN,0.0568528115927828,0.0585,0.0585,resident,0.2234,0.8864,0.8762,365.0,22.34,0.02370946397773032,uncommon,2.370946397773032,,peak_abundance_with_occupancy_days_modifiers,0.2234
whblau1,IN,0.056034833243842105,0.0576345239362438,0.0576345239362438,resident,0.4399176375549409,0.0096991975360136,0.0009866539869194594,365.0,43.99176375549409,0.023368340510738373,uncommon,2.3368340510738372,,peak_abundance_with_occupancy_days_modifiers,0.4399176375549409
darter2,IN,0.05534009503316459,0.0569,0.0569,resident,0.2688,0.7172,0.5521,365.0,26.88,0.023078612173325665,uncommon,2.3078612173325666,,peak_abundance_with_occupancy_days_modifiers,0.2688
grtdro1,IN,0.05391984198943043,0.0554,0.0554,resident,0.0986,0.1737,0.2899,365.0,9.86,0.022486320650069624,uncommon,2.248632065006962,,peak_abundance_with_occupancy_days_modifiers,0.0986
barbut1,IN,0.05373032242096779,0.0552,0.0552,resident,0.4682,0.8135,0.8545,365.0,46.82,0.02240728485121196,uncommon,2.2407284851211964,,peak_abundance_with_occupancy_days_modifiers,0.4682
eurkes,IN,0.053066720936692235,0.03225,0.0545,nonbreeding,0.8706,0.0888,0.0395,98.0,87.06,0.02213054153727188,uncommon,2.213054153727188,,peak_abundance_with_occupancy_days_modifiers,0.8706
fibflo1,IN,0.05262671012999265,0.0540361106699789,0.0540361106699789,resident,0.2528424028665139,0.1342381907866279,0.1672741756424841,365.0,25.28424028665139,0.021947042778301454,uncommon,2.1947042778301453,,peak_abundance_with_occupancy_days_modifiers,0.2528424028665139
bkhgul,IN,0.05211795426210667,0.033,0.0535,nonbreeding,0.0184,0.0521,0.0093,91.0,1.8399999999999999,0.021734875102065877,rare,2.173487510206588,rare,peak_abundance_with_occupancy_days_modifiers,0.0184
eurgri1,IN,0.051833148640017285,0.0532,0.0532,nonbreeding,0.1362,,,,13.62,0.021616101932394792,uncommon,2.161610193239479,,peak_abundance_with_occupancy_days_modifiers,0.1362
eurrol1,IN,0.05173819540441444,0.0236,0.0531,postbreeding_migration,0.5512,0.0691,0.06,147.0,55.120000000000005,0.021576503357477874,uncommon,2.157650335747787,,peak_abundance_with_occupancy_days_modifiers,0.5512
orisky1,IN,0.05050298217310676,0.03975,0.0518,prebreeding_migration,0.361,0.3311,0.3052,105.0,36.1,0.02106137942970682,uncommon,2.106137942970682,,peak_abundance_with_occupancy_days_modifiers,0.361
junpri1,IN,0.05012260940321062,0.0514,0.0514,resident,0.3044,0.9718,0.9474,365.0,30.44,0.020902751663844383,uncommon,2.0902751663844383,,peak_abundance_with_occupancy_days_modifiers,0.3044
brhbar1,IN,0.049361429537724114,0.0506,0.0506,resident,0.1226,0.8577,0.7254,365.0,12.26,0.020585315004236507,uncommon,2.058531500423651,,peak_abundance_with_occupancy_days_modifiers,0.1226
whrmun,IN,0.04926624130291806,0.0505,0.0505,resident,0.1262,0.1259,0.1061,365.0,12.620000000000001,0.020545618427039888,uncommon,2.054561842703989,,peak_abundance_with_occupancy_days_modifiers,0.1262
gubter2,IN,0.04815920904006429,0.03141981096271295,0.0493377060750103,nonbreeding,0.0479722829415789,0.1457333534409571,0.1555010679071436,140.0,4.7972282941578905,0.02008395011507815,rare,2.0083950115078153,rare,peak_abundance_with_occupancy_days_modifiers,0.0479722829415789
cinbit1,IN,0.047646653467353035,0.026275,0.0488,breeding,0.321,0.4762,0.4002,133.0,32.1,0.019870197838852573,rare,1.9870197838852572,,peak_abundance_with_occupancy_days_modifiers,0.321
mallar3,IN,0.04716980447638992,0.032225000000000004,0.0483,nonbreeding,0.1423,0.0454,0.0017,91.0,14.23,0.01967133636380301,rare,1.967133636380301,,peak_abundance_with_occupancy_days_modifiers,0.1423
rebfly,IN,0.04707440738592883,0.03766666666666667,0.0482,nonbreeding,0.435,0.5328,0.794,84.0,43.5,0.01963155268703311,rare,1.9631552687033111,,peak_abundance_with_occupancy_days_modifiers,0.435
blwlea1,IN,0.04639585039957939,0.0474889778287213,0.0474889778287213,resident,0.3065593131855426,0.0801543899234335,0.050130336996543,365.0,30.65593131855426,0.019348572444298166,rare,1.9348572444298167,,peak_abundance_with_occupancy_days_modifiers,0.3065593131855426
scamin1,IN,0.04573789167385374,0.0468,0.0468,resident,0.084,0.1336,0.1774,365.0,8.4,0.01907418234345033,rare,1.907418234345033,,peak_abundance_with_occupancy_days_modifiers,0.084
whcbar1,IN,0.04554681495597039,0.0466,0.0466,resident,0.049,1.0,1.0,365.0,4.9,0.018994497162845948,rare,1.8994497162845947,rare,peak_abundance_with_occupancy_days_modifiers,0.049
brakit1,IN,0.044208254664320365,0.0452,0.0452,resident,0.0792,0.15,0.2534,365.0,7.920000000000001,0.018436274163353576,rare,1.8436274163353576,,peak_abundance_with_occupancy_days_modifiers,0.0792
whebuz1,IN,0.044208254664320365,0.03949999999999999,0.0452,breeding,0.533,0.9378,0.9732,196.0,53.300000000000004,0.018436274163353576,uncommon,1.8436274163353576,,peak_abundance_with_occupancy_days_modifiers,0.533
comros,IN,0.044208254664320365,0.0297,0.0452,nonbreeding,0.6291,0.3675,0.3249,126.0,62.91,0.018436274163353576,rare,1.8436274163353576,,peak_abundance_with_occupancy_days_modifiers,0.6291
ortdov,IN,0.04382547954002956,0.040749999999999995,0.0448,prebreeding_migration,0.1948,0.1109,0.0313,140.0,19.48,0.018276644537892888,rare,1.8276644537892888,,peak_abundance_with_occupancy_days_modifiers,0.1948
ashwoo2,IN,0.04363403702006131,0.0446,0.0446,resident,0.1362,0.3001,0.1562,365.0,13.62,0.018196806805970252,rare,1.8196806805970251,,peak_abundance_with_occupancy_days_modifiers,0.1362
gyhcaf1,IN,0.04334680450336586,0.032350000000000004,0.0443,nonbreeding,0.1844,0.2286,0.1917,140.0,18.44,0.018077021542637954,rare,1.8077021542637954,,peak_abundance_with_occupancy_days_modifiers,0.1844
whbdro1,IN,0.04267627428043631,0.0436,0.0436,resident,0.2969,0.9068,0.7736,365.0,29.69,0.017797388720247442,rare,1.7797388720247442,,peak_abundance_with_occupancy_days_modifiers,0.2969
bltbar2,IN,0.042292912190251455,0.0432,0.0432,resident,0.1123,0.2829,0.2493,365.0,11.23,0.017637514310996184,rare,1.7637514310996183,,peak_abundance_with_occupancy_days_modifiers,0.1123
sbsbab3,IN,0.04217486182037635,0.0430768571228204,0.0430768571228204,resident,0.1758939832833302,0.0367759308678485,0.0178546758656278,365.0,17.58939832833302,0.017588283482938685,rare,1.7588283482938685,,peak_abundance_with_occupancy_days_modifiers,0.1758939832833302
jerbus2,IN,0.0417175933518685,0.0426,0.0426,resident,0.1072,0.9172,0.89,365.0,10.72,0.017397587719993945,rare,1.7397587719993945,,peak_abundance_with_occupancy_days_modifiers,0.1072
blnmon1,IN,0.04085399400826605,0.0417,0.0417,resident,0.2892,0.2041,0.1914,365.0,28.92,0.01703743882049905,rare,1.703743882049905,,peak_abundance_with_occupancy_days_modifiers,0.2892
jernig1,IN,0.04084903540511533,0.0416948346359044,0.0416948346359044,resident,0.2568417690358699,0.8754409886803887,0.6793222660886574,365.0,25.68417690358699,0.017035370922368995,rare,1.7035370922368995,,peak_abundance_with_occupancy_days_modifiers,0.2568417690358699
yelbit,IN,0.04075799247216774,0.024099999999999996,0.0416,breeding,0.2133,0.49,0.1919,140.0,21.33,0.016997403070319574,rare,1.6997403070319574,,peak_abundance_with_occupancy_days_modifiers,0.2133
indcuc1,IN,0.04046993255371322,0.021033333333333334,0.0413,breeding,0.2798,0.1561,0.2291,112.0,27.98,0.016877272753653024,rare,1.6877272753653023,,peak_abundance_with_occupancy_days_modifiers,0.2798
placuc1,IN,0.03932480626150668,0.018013370953172826,0.040108262467145,breeding,0.3406290562628385,0.079189249036495,0.0302186343684835,112.0,34.06290562628385,0.01639971799753128,rare,1.639971799753128,,peak_abundance_with_occupancy_days_modifiers,0.3406290562628385
bkhcus1,IN,0.039028386967478346,0.022850000000000002,0.0398,breeding,0.5317,0.8996,0.8893,133.0,53.169999999999995,0.016276101550478407,rare,1.6276101550478408,,peak_abundance_with_occupancy_days_modifiers,0.5317
bltsun1,IN,0.03890559519363488,0.0396723289521952,0.0396723289521952,resident,0.167790938575388,0.1430890719532783,0.1352773361160335,365.0,16.7790938575388,0.016224893403385215,rare,1.6224893403385214,,peak_abundance_with_occupancy_days_modifiers,0.167790938575388
tibfly3,IN,0.03873982831593056,0.0395,0.0395,resident,0.2908,0.9647,0.929,365.0,29.080000000000002,0.01615576324595729,rare,1.6155763245957289,,peak_abundance_with_occupancy_days_modifiers,0.2908
pabflo1,IN,0.03873982831593056,0.0395,0.0395,resident,0.1831,0.8732,0.7323,365.0,18.310000000000002,0.01615576324595729,rare,1.6155763245957289,,peak_abundance_with_occupancy_days_modifiers,0.1831
grpsni1,IN,0.038356956059727734,0.0391020804707121,0.0391020804707121,resident,0.5425818901717335,0.3449756639674515,0.5351119000153658,365.0,54.25818901717335,0.015996093113342977,uncommon,1.5996093113342977,,peak_abundance_with_occupancy_days_modifiers,0.5425818901717335
pagplo,IN,0.03835495387646399,0.029666666666666664,0.0391,nonbreeding,0.0921,0.1623,0.0692,98.0,9.21,0.01599525813806841,rare,1.599525813806841,,peak_abundance_with_occupancy_days_modifiers,0.0921
rebcho1,IN,0.03777736433402994,0.0385,0.0385,resident,0.0325,0.0208,0.0167,365.0,3.25,0.01575438458992553,rare,1.5754384589925527,rare,peak_abundance_with_occupancy_days_modifiers,0.0325
blkfra,IN,0.03758476032727121,0.0383,0.0383,resident,0.2053,0.5846,0.5746,365.0,20.53,0.01567406248038905,rare,1.567406248038905,,peak_abundance_with_occupancy_days_modifiers,0.2053
whbfan2,IN,0.037295784743696894,0.038,0.038,resident,0.192,0.7557,0.8465,365.0,19.2,0.01555355030170785,rare,1.555355030170785,,peak_abundance_with_occupancy_days_modifiers,0.192
himgri1,IN,0.03719944098910626,0.0379,0.0379,resident,0.0945,0.0844,0.0784,365.0,9.45,0.01551337183533213,rare,1.551337183533213,,peak_abundance_with_occupancy_days_modifiers,0.0945
grebar1,IN,0.036524774682372266,0.0372,0.0372,resident,0.0578,0.1303,0.2396,365.0,5.779999999999999,0.015232014132021432,rare,1.5232014132021432,,peak_abundance_with_occupancy_days_modifiers,0.0578
yebcho1,IN,0.03527061408191929,0.0359,0.0359,resident,0.0274,0.0751,0.0472,365.0,2.74,0.014708988537584516,rare,1.4708988537584515,rare,peak_abundance_with_occupancy_days_modifiers,0.0274
norshr1,IN,0.03478782548566393,0.030449999999999998,0.0354,nonbreeding,0.3095,,,,30.95,0.014507650054735808,rare,1.4507650054735808,,peak_abundance_with_occupancy_days_modifiers,0.3095
blcbul2,IN,0.03449804040756744,0.0351,0.0351,resident,0.0564,0.1257,0.0739,365.0,5.64,0.014386800290618094,rare,1.4386800290618094,,peak_abundance_with_occupancy_days_modifiers,0.0564
jubqua1,IN,0.0343048036919903,0.0349,0.0349,resident,0.1932,0.9924,0.9983,365.0,19.32,0.014306214321010001,rare,1.430621432101,,peak_abundance_with_occupancy_days_modifiers,0.1932
jerlea1,IN,0.03304785404620035,0.0336,0.0336,resident,0.1599,0.9086,0.8997,365.0,15.989999999999998,0.013782025604326415,rare,1.3782025604326416,,peak_abundance_with_occupancy_days_modifiers,0.1599
himcuc1,IN,0.0322836557491348,0.0328104263739891,0.0328104263739891,breeding,0.2644092772672,0.142564315987038,0.1051988486392358,84.0,26.44092772672,0.013463330160978766,rare,1.3463330160978766,,peak_abundance_with_occupancy_days_modifiers,0.2644092772672
crseag1,IN,0.031789322489407336,0.0323,0.0323,resident,0.2128,0.1793,0.1693,365.0,21.279999999999998,0.013257177179514116,rare,1.3257177179514115,,peak_abundance_with_occupancy_days_modifiers,0.2128
blwthr1,IN,0.03169244673248972,0.026750000000000003,0.0322,nonbreeding,0.0822,0.0856,0.2017,105.0,8.219999999999999,0.013216776850935733,rare,1.3216776850935732,,peak_abundance_with_occupancy_days_modifiers,0.0822
chbeat1,IN,0.03149866705937099,0.0299,0.032,breeding,0.0783,0.1958,0.3168,105.0,7.829999999999999,0.013135964450445627,rare,1.3135964450445627,,peak_abundance_with_occupancy_days_modifiers,0.0783
duscrm1,IN,0.031207927124193163,0.0317,0.0317,resident,0.0941,0.6576,0.7871,365.0,9.41,0.0130147164799959,rare,1.30147164799959,,peak_abundance_with_occupancy_days_modifiers,0.0941
brodro1,IN,0.030917102634721517,0.0314,0.0314,resident,0.0948,0.2199,0.258,365.0,9.48,0.01289343324766682,rare,1.2893433247666821,,peak_abundance_with_occupancy_days_modifiers,0.0948
waterc1,IN,0.030583895375704814,0.01447203202719605,0.0310563872833551,breeding,0.2423619562018527,0.5373578129715287,0.3526793588745802,119.0,24.23619562018527,0.01275447502759914,rare,1.275447502759914,,peak_abundance_with_occupancy_days_modifiers,0.2423619562018527
strwea2,IN,0.030568462621799873,0.0310404753666507,0.0310404753666507,resident,0.1755213310146052,0.5151669095646613,0.2951902119814061,365.0,17.55213310146052,0.012748039069331873,rare,1.2748039069331873,,peak_abundance_with_occupancy_days_modifiers,0.1755213310146052
putbab1,IN,0.030238183060609998,0.0307,0.0307,resident,0.0925,0.2083,0.1952,365.0,9.25,0.012610301794090301,rare,1.2610301794090302,,peak_abundance_with_occupancy_days_modifiers,0.0925
colkin1,IN,0.030171318450216908,0.0306310849500825,0.0306310849500825,resident,0.0463584948851894,0.0142087490290641,0.0114691399350528,365.0,4.63584948851894,0.012582417085716481,rare,1.2582417085716482,rare,peak_abundance_with_occupancy_days_modifiers,0.0463584948851894
hacdro1,IN,0.030044121348376668,0.024499999999999997,0.0305,nonbreeding,0.1205,0.1472,0.0857,119.0,12.049999999999999,0.012529371774153763,rare,1.2529371774153764,,peak_abundance_with_occupancy_days_modifiers,0.1205
russpa2,IN,0.029752958149347798,0.0251,0.0302,nonbreeding,0.0259,0.0397,0.0816,49.0,2.59,0.01240794728896803,rare,1.240794728896803,rare,peak_abundance_with_occupancy_days_modifiers,0.0259
shteag1,IN,0.0295588022415444,0.0216,0.03,nonbreeding,0.7125,0.1652,0.0904,56.0,71.25,0.012326977986427646,rare,1.2326977986427645,,peak_abundance_with_occupancy_days_modifiers,0.7125
indthk1,IN,0.02946171014961901,0.0299,0.0299,resident,0.2781,0.9476,0.9344,365.0,27.810000000000002,0.01228648743914362,rare,1.2286487439143619,,peak_abundance_with_occupancy_days_modifiers,0.2781
grynig2,IN,0.02894011878076102,0.01446708449051235,0.0293629531208972,breeding,0.2441878867839642,1.0,1.0,119.0,24.418788678396417,0.012068966943242514,rare,1.2068966943242514,,peak_abundance_with_occupancy_days_modifiers,0.2441878867839642
verfly4,IN,0.028684633859908954,0.0233,0.0291,nonbreeding,0.416,0.4764,0.3973,126.0,41.6,0.0119624214557267,rare,1.19624214557267,,peak_abundance_with_occupancy_days_modifiers,0.416
cretre1,IN,0.028004196409597365,0.0284,0.0284,resident,0.0822,0.4887,0.3876,365.0,8.219999999999999,0.011678656998608672,rare,1.1678656998608672,,peak_abundance_with_occupancy_days_modifiers,0.0822
whiyuh1,IN,0.027615167032973367,0.028,0.028,resident,0.0341,0.3179,0.3387,365.0,3.4099999999999997,0.0115164191473409,rare,1.15164191473409,rare,peak_abundance_with_occupancy_days_modifiers,0.0341
fuwduc,IN,0.02742059557599217,0.017875,0.0278,nonbreeding,0.0971,,,,9.71,0.011435276547333144,rare,1.1435276547333144,,peak_abundance_with_occupancy_days_modifiers,0.0971
orhthr1,IN,0.02712866738825262,0.017725,0.0275,prebreeding_migration,0.2242,0.541,0.7784,119.0,22.42,0.011313533037075985,rare,1.1313533037075985,,peak_abundance_with_occupancy_days_modifiers,0.2242
yebwar3,IN,0.02664193094642118,0.018699999999999998,0.027,nonbreeding,0.0717,0.0469,0.039,91.0,7.17,0.011110548174745622,rare,1.1110548174745623,,peak_abundance_with_occupancy_days_modifiers,0.0717
sanlar1,IN,0.026359909336848716,0.0267104046449626,0.0267104046449626,resident,0.0730394838639711,0.6511081308207973,0.675985670375173,365.0,7.303948386397111,0.010992936028472363,rare,1.0992936028472364,,peak_abundance_with_occupancy_days_modifiers,0.0730394838639711
sykwar2,IN,0.02605753431928962,0.022699999999999998,0.0264,nonbreeding,0.4348,0.92,0.939,133.0,43.480000000000004,0.010866835851792711,rare,1.086683585179271,,peak_abundance_with_occupancy_days_modifiers,0.4348
twite1,IN,0.02566774674857779,0.01285,0.026,prebreeding_migration,0.026,0.0243,0.0836,28.0,2.6,0.010704281809031328,rare,1.0704281809031329,rare,peak_abundance_with_occupancy_days_modifiers,0.026
dantai1,IN,0.02554843897103969,0.0258775975221749,0.0258775975221749,resident,0.218815232054674,0.0388154362770157,0.0079527851355779,365.0,21.881523205467403,0.010654526601249133,rare,1.0654526601249132,,peak_abundance_with_occupancy_days_modifiers,0.218815232054674
werher,IN,0.025472795973031023,0.0258,0.0258,resident,0.0145,,,,1.4500000000000002,0.010622981020895057,rare,1.0622981020895057,rare,peak_abundance_with_occupancy_days_modifiers,0.0145
butfly1,IN,0.024989647149250525,0.012284664926831376,0.0253045056449621,breeding,0.1850654535362077,0.4733502191125034,0.4928363174527349,119.0,18.50654535362077,0.010421492311500054,rare,1.0421492311500054,,peak_abundance_with_occupancy_days_modifiers,0.1850654535362077
booeag1,IN,0.024790168807218786,0.014225,0.0251,nonbreeding,0.6026,0.0095,0.0058,119.0,60.260000000000005,0.010338303381485165,rare,1.0338303381485165,,peak_abundance_with_occupancy_days_modifiers,0.6026
comcuc,IN,0.024204688696817394,0.014333333333333332,0.0245,breeding,0.2479,0.051,0.019,154.0,24.79,0.010094139210913167,rare,1.0094139210913167,,peak_abundance_with_occupancy_days_modifiers,0.2479
blabit1,IN,0.024107075343233128,0.014349999999999998,0.0244,breeding,0.2384,0.2609,0.353,140.0,23.84,0.010053431280632984,rare,1.0053431280632983,,peak_abundance_with_occupancy_days_modifiers,0.2384
yecwoo1,IN,0.023911820046312877,0.0242,0.0242,resident,0.2441,0.9901,0.9923,365.0,24.41,0.00997200349722009,rare,0.997200349722009,,peak_abundance_with_occupancy_days_modifiers,0.2441
grytre1,IN,0.023911820046312877,0.0242,0.0242,resident,0.0504,0.1318,0.141,365.0,5.04,0.00997200349722009,rare,0.997200349722009,,peak_abundance_with_occupancy_days_modifiers,0.0504
brcful1,IN,0.023814178099254877,0.0241,0.0241,resident,0.0568,0.3393,0.3606,365.0,5.680000000000001,0.009931283642535179,rare,0.9931283642535179,,peak_abundance_with_occupancy_days_modifiers,0.0568
bltmun1,IN,0.023188225645185145,0.0234591626795581,0.0234591626795581,resident,0.068778437200572,0.8712553495007133,0.8876346704500885,365.0,6.8778437200572,0.009670241193696624,rare,0.9670241193696625,,peak_abundance_with_occupancy_days_modifiers,0.068778437200572
himrub1,IN,0.022560778340841813,0.014568126354618724,0.0228171974075803,breeding,0.4031796540851323,0.6009860883914808,0.8990249025520288,140.0,40.31796540851323,0.009408575343873628,rare,0.9408575343873629,,peak_abundance_with_occupancy_days_modifiers,0.4031796540851323
strlau1,IN,0.022543964434894502,0.0228,0.0228,resident,0.0204,0.4469,0.6126,365.0,2.04,0.009401563400467184,rare,0.9401563400467183,rare,peak_abundance_with_occupancy_days_modifiers,0.0204
gousun1,IN,0.022237354574543757,0.0224864475064328,0.0224864475064328,resident,0.2328356623596975,0.0905301823342553,0.0606334863223264,365.0,23.28356623596975,0.009273697157170888,rare,0.9273697157170888,,peak_abundance_with_occupancy_days_modifiers,0.2328356623596975
junowl1,IN,0.022152804641133304,0.0224,0.0224,resident,0.0914,0.941,0.9642,365.0,9.139999999999999,0.009238437096245954,rare,0.9238437096245954,,peak_abundance_with_occupancy_days_modifiers,0.0914
vehpar1,IN,0.02185933435289352,0.0221,0.0221,resident,0.0408,0.3092,0.4216,365.0,4.08,0.009116050480129367,rare,0.9116050480129367,rare,peak_abundance_with_occupancy_days_modifiers,0.0408
whrsha,IN,0.02185933435289352,0.0221,0.0221,resident,0.0809,0.1365,0.1485,365.0,8.09,0.009116050480129367,rare,0.9116050480129367,,peak_abundance_with_occupancy_days_modifiers,0.0809
blttit2,IN,0.021663639636026324,0.0219,0.0219,resident,0.0276,0.0435,0.0353,365.0,2.76,0.00903443944436516,rare,0.9034439444365159,rare,peak_abundance_with_occupancy_days_modifiers,0.0276
hilmyn,IN,0.02097840638519171,0.0212,0.0212,resident,0.0397,0.0909,0.1213,365.0,3.9699999999999998,0.00874867498308622,rare,0.874867498308622,rare,peak_abundance_with_occupancy_days_modifiers,0.0397
orsowl,IN,0.020783655387051677,0.009679807226723526,0.0210011396454542,postbreeding_migration,0.1658220644126285,0.6017114396209605,0.7035717471002974,140.0,16.58220644126285,0.008667457508599555,rare,0.8667457508599554,,peak_abundance_with_occupancy_days_modifiers,0.1658220644126285
bkwcus1,IN,0.020543633715660557,0.016432489795111173,0.0207561066532148,breeding,0.2664140780379022,0.1982075092232848,0.1559213843465499,119.0,26.64140780379022,0.008567360696985656,rare,0.8567360696985656,,peak_abundance_with_occupancy_days_modifiers,0.2664140780379022
grybus1,IN,0.02048866642731566,0.016099999999999996,0.0207,nonbreeding,0.076,0.1021,0.1986,126.0,7.6,0.008544437557277094,rare,0.8544437557277095,,peak_abundance_with_occupancy_days_modifiers,0.076
lotmin1,IN,0.020390689647734026,0.01685,0.0206,nonbreeding,0.0948,0.1681,0.1987,98.0,9.48,0.008503578066584123,rare,0.8503578066584123,,peak_abundance_with_occupancy_days_modifiers,0.0948
goflea1,IN,0.020194707285519278,0.0204,0.0204,resident,0.0858,0.3928,0.4309,365.0,8.58,0.008421847073392743,rare,0.8421847073392743,,peak_abundance_with_occupancy_days_modifiers,0.0858
gyhbul1,IN,0.019430658419785734,0.0196206623013607,0.0196206623013607,resident,0.0795722898419957,1.0,1.0,365.0,7.95722898419957,0.008103213947750876,rare,0.8103213947750876,,peak_abundance_with_occupancy_days_modifiers,0.0795722898419957
chukar,IN,0.019312311032372815,0.0195,0.0195,resident,0.0263,0.0201,0.0176,365.0,2.63,0.00805385925375932,rare,0.8053859253759321,rare,peak_abundance_with_occupancy_days_modifiers,0.0263
thbflo1,IN,0.018723613998102594,0.0189,0.0189,resident,0.1659,0.5183,0.6148,365.0,16.59,0.007808353521733183,rare,0.7808353521733183,,peak_abundance_with_occupancy_days_modifiers,0.1659
padwar1,IN,0.01862546412316489,0.012000000000000002,0.0188,nonbreeding,0.3975,0.7978,0.6721,133.0,39.75,0.007767421844669928,rare,0.7767421844669928,,peak_abundance_with_occupancy_days_modifiers,0.3975
yebbul3,IN,0.018330956684723457,0.0185,0.0185,resident,0.0179,0.8937,0.906,365.0,1.79,0.007644602703324481,rare,0.764460270332448,rare,peak_abundance_with_occupancy_days_modifiers,0.0179
grbtit1,IN,0.018232768261059712,0.0184,0.0184,resident,0.0308,0.1191,0.1211,365.0,3.08,0.0076036549501938165,rare,0.7603654950193817,rare,peak_abundance_with_occupancy_days_modifiers,0.0308
rocbun1,IN,0.01813457019548269,0.0171,0.0183,nonbreeding,0.0592,,,,5.92,0.007562703176073003,rare,0.7562703176073003,,peak_abundance_with_occupancy_days_modifiers,0.0592
norlap,IN,0.017839918128331,0.015599999999999998,0.018,prebreeding_migration,0.0686,0.1011,0.004,77.0,6.859999999999999,0.007439823719870647,rare,0.7439823719870647,,peak_abundance_with_occupancy_days_modifiers,0.0686
grseag1,IN,0.017643435172595243,0.0178,0.0178,nonbreeding,0.3917,0.3975,0.3415,77.0,39.17,0.00735788396296607,rare,0.735788396296607,,peak_abundance_with_occupancy_days_modifiers,0.3917
tabbab1,IN,0.017545179215748816,0.0177,0.0177,resident,0.0774,0.8606,0.7439,365.0,7.739999999999999,0.007316908046310731,rare,0.731690804631073,,peak_abundance_with_occupancy_days_modifiers,0.0774
mouimp1,IN,0.017313962161645005,0.0174647176057378,0.0174647176057378,resident,0.0649981101430304,1.0,1.0,365.0,6.499811014303041,0.007220483045299756,rare,0.7220483045299756,,peak_abundance_with_occupancy_days_modifiers,0.0649981101430304
grejun2,IN,0.017250353406527592,0.0174,0.0174,resident,0.0428,1.0,1.0,365.0,4.279999999999999,0.00719395613403763,rare,0.7193956134037629,rare,peak_abundance_with_occupancy_days_modifiers,0.0428
lbbgul,IN,0.016758783814954704,0.011566666666666664,0.0169,nonbreeding,0.0104,0.0198,0.0211,140.0,1.04,0.0069889556917124805,rare,0.6988955691712481,rare,peak_abundance_with_occupancy_days_modifiers,0.0104
blfmal1,IN,0.01666044089310724,0.0168,0.0168,resident,0.1176,0.9221,0.9052,365.0,11.76,0.006947943507834789,rare,0.6947943507834788,,peak_abundance_with_occupancy_days_modifiers,0.1176
pacswa3,IN,0.01662232015253117,0.0167612395697751,0.0167612395697751,resident,0.0421972399139562,0.6775719353567206,0.5927966005971587,365.0,4.21972399139562,0.0069320459242295405,rare,0.6932045924229541,rare,peak_abundance_with_occupancy_days_modifiers,0.0421972399139562
duswar,IN,0.016365354086264272,0.011833333333333335,0.0165,nonbreeding,0.1705,0.1699,0.0901,98.0,17.05,0.006824882751099334,rare,0.6824882751099334,,peak_abundance_with_occupancy_days_modifiers,0.1705
malpar1,IN,0.016365354086264272,0.0165,0.0165,resident,0.0158,1.0,1.0,365.0,1.58,0.006824882751099334,rare,0.6824882751099334,rare,peak_abundance_with_occupancy_days_modifiers,0.0158
monhar1,IN,0.01626697246387197,0.01326666666666667,0.0164,nonbreeding,0.3625,0.0621,0.062,84.0,36.25,0.006783854427840878,rare,0.6783854427840877,,peak_abundance_with_occupancy_days_modifiers,0.3625
eaywag,IN,0.016168581161583706,0.0128,0.0163,prebreeding_migration,0.0212,0.0657,0.1114,147.0,2.12,0.006742822067752263,rare,0.6742822067752263,rare,peak_abundance_with_occupancy_days_modifiers,0.0212
eurcur,IN,0.016168581161583706,0.009025,0.0163,nonbreeding,0.101,0.0441,0.0097,133.0,10.100000000000001,0.006742822067752263,rare,0.6742822067752263,,peak_abundance_with_occupancy_days_modifiers,0.101
sohmyn1,IN,0.016070180177494467,0.0162,0.0162,resident,0.012,0.7609,0.8886,365.0,1.2,0.006701785670039033,rare,0.6701785670039033,rare,peak_abundance_with_occupancy_days_modifiers,0.012
scamin3,IN,0.015971769509698662,0.0161,0.0161,resident,0.0223,0.8156,0.8555,365.0,2.23,0.006660745233906497,rare,0.6660745233906497,rare,peak_abundance_with_occupancy_days_modifiers,0.0223
horlar,IN,0.01587334915629015,0.008525,0.016,nonbreeding,0.0135,,,,1.35,0.006619700758559729,rare,0.6619700758559729,rare,peak_abundance_with_occupancy_days_modifiers,0.0135
redjun,IN,0.015774919115362215,0.0159,0.0159,resident,0.0602,0.1362,0.1567,365.0,6.02,0.00657865224320357,rare,0.657865224320357,,peak_abundance_with_occupancy_days_modifiers,0.0602
mallar1,IN,0.01531951311054906,0.0154374583698223,0.0154374583698223,resident,0.0856120302382259,1.0,1.0,365.0,8.561203023822591,0.006388733187947344,rare,0.6388733187947344,,peak_abundance_with_occupancy_days_modifiers,0.0856120302382259
chhtes1,IN,0.014799952657447558,0.014910014255272,0.014910014255272,resident,0.1727075195671871,0.2000248766688601,0.3094563903125,365.0,17.270751956718712,0.006172059649701006,rare,0.6172059649701006,,peak_abundance_with_occupancy_days_modifiers,0.1727075195671871
eurwry,IN,0.014494446150452563,0.008525,0.0146,postbreeding_migration,0.5539,0.1265,0.1737,105.0,55.38999999999999,0.006044653540493171,rare,0.6044653540493171,,peak_abundance_with_occupancy_days_modifiers,0.5539
rudkin1,IN,0.01449148865279571,0.012852580748872832,0.0145969993273146,nonbreeding,0.2858950031625553,0.1155874115109945,0.1462431165325862,119.0,28.589500316255528,0.006043420168172687,rare,0.6043420168172686,,peak_abundance_with_occupancy_days_modifiers,0.2858950031625553
asidrc2,IN,0.014163546075135099,0.006934846777523025,0.014264324324199,breeding,0.1852522260324021,0.981116431399374,0.9988206678265518,161.0,18.52522260324021,0.005906657490761132,rare,0.5906657490761132,,peak_abundance_with_occupancy_days_modifiers,0.1852522260324021
alpswi1,IN,0.013902905168991422,0.009600000000000001,0.014,nonbreeding,0.1301,0.103,0.0804,119.0,13.01,0.005797961790369012,rare,0.5797961790369013,,peak_abundance_with_occupancy_days_modifiers,0.1301
snbfly1,IN,0.013675442048783525,0.008315694840586375,0.0137693786260322,nonbreeding,0.1556600198910394,0.2135784966852509,0.1960934354442826,98.0,15.566001989103938,0.005703102301387898,rare,0.5703102301387898,,peak_abundance_with_occupancy_days_modifiers,0.1556600198910394
taweag1,IN,0.013537185297266361,0.0136292278535743,0.0136292278535743,resident,0.2179913366985559,0.1123794308203403,0.0525170721173337,365.0,21.79913366985559,0.0056454447576721545,rare,0.5645444757672154,,peak_abundance_with_occupancy_days_modifiers,0.2179913366985559
whnwoo1,IN,0.013515828687865352,0.0136075804012365,0.0136075804012365,resident,0.1856595972995741,0.9518040094686973,0.974382768614846,365.0,18.56595972995741,0.005636538359780942,rare,0.5636538359780942,,peak_abundance_with_occupancy_days_modifiers,0.1856595972995741
palhar1,IN,0.013508350024792243,0.0104,0.0136,postbreeding_migration,0.4837,0.0895,0.0635,91.0,48.370000000000005,0.0056334195150349094,rare,0.563341951503491,,peak_abundance_with_occupancy_days_modifiers,0.4837
caster1,IN,0.013311014059672338,0.0069,0.0134,nonbreeding,0.0175,0.0396,0.0371,126.0,1.7500000000000002,0.005551124025586953,rare,0.5551124025586953,rare,peak_abundance_with_occupancy_days_modifiers,0.0175
gybshr1,IN,0.013212331472134811,0.009025,0.0133,nonbreeding,0.1016,,,,10.16,0.005509970190114249,rare,0.550997019011425,,peak_abundance_with_occupancy_days_modifiers,0.1016
isawhe1,IN,0.013212331472134811,0.0111,0.0133,postbreeding_migration,0.2031,,,,20.31,0.005509970190114249,rare,0.550997019011425,,peak_abundance_with_occupancy_days_modifiers,0.2031
bncwoo3,IN,0.013113639145383105,0.0132,0.0132,resident,0.1092,0.9218,0.9552,365.0,10.92,0.005468812293073767,rare,0.5468812293073767,,peak_abundance_with_occupancy_days_modifiers,0.1092
rivlap1,IN,0.012916225266546328,0.013,0.013,resident,0.0159,0.6361,0.833,365.0,1.59,0.005386484311082047,rare,0.5386484311082047,rare,peak_abundance_with_occupancy_days_modifiers,0.0159
vefnut1,IN,0.012817503710614431,0.0129,0.0129,resident,0.062,0.1674,0.197,365.0,6.2,0.00534531422452665,rare,0.534531422452665,,peak_abundance_with_occupancy_days_modifiers,0.062
grnwar1,IN,0.012817503710614431,0.0068000000000000005,0.0129,nonbreeding,0.1085,0.9242,0.843,126.0,10.85,0.00534531422452665,rare,0.534531422452665,,peak_abundance_with_occupancy_days_modifiers,0.1085
litter1,IN,0.012718772407774689,0.007875,0.0128,prebreeding_migration,0.0409,0.1839,0.0536,119.0,4.09,0.0053041400731949654,rare,0.5304140073194965,rare,peak_abundance_with_occupancy_days_modifiers,0.0409
plured1,IN,0.012620031356102263,0.008625,0.0127,nonbreeding,0.0655,0.0723,0.0548,112.0,6.550000000000001,0.0052629618562842735,rare,0.5262961856284274,,peak_abundance_with_occupancy_days_modifiers,0.0655
blasto1,IN,0.012521280553671745,0.009099999999999999,0.0126,postbreeding_migration,0.2567,0.0656,0.1236,98.0,25.669999999999998,0.005221779572991616,rare,0.5221779572991616,,peak_abundance_with_occupancy_days_modifiers,0.2567
whcred1,IN,0.012422519998557154,0.01025,0.0125,nonbreeding,0.0701,,,,7.01,0.005180593222513795,rare,0.5180593222513795,,peak_abundance_with_occupancy_days_modifiers,0.0701
crbsun2,IN,0.01222496962256897,0.0123,0.0123,resident,0.0167,1.0,1.0,365.0,1.67,0.005098208316788695,rare,0.5098208316788695,rare,peak_abundance_with_occupancy_days_modifiers,0.0167
eurbla2,IN,0.01222496962256897,0.0064,0.0123,breeding,0.101,0.9972,0.999,112.0,10.100000000000001,0.005098208316788695,rare,0.5098208316788695,,peak_abundance_with_occupancy_days_modifiers,0.101
wecsun1,IN,0.011716743144343861,0.0117856530495334,0.0117856530495334,resident,0.048736904839679,1.0,1.0,365.0,4.873690483967899,0.004886261413189403,rare,0.48862614131894033,rare,peak_abundance_with_occupancy_days_modifiers,0.048736904839679
litspi1,IN,0.011632084229707653,0.0117,0.0117,resident,0.0361,0.078,0.0817,365.0,3.61,0.004850955903563262,rare,0.4850955903563262,rare,peak_abundance_with_occupancy_days_modifiers,0.0361
banswa,IN,0.01153323581367303,0.0063,0.0116,nonbreeding,0.0403,,,,4.03,0.00480973291223585,rare,0.480973291223585,rare,peak_abundance_with_occupancy_days_modifiers,0.0403
burthr,IN,0.011434377625663104,0.006125,0.0115,nonbreeding,0.3496,0.168,0.11,119.0,34.96,0.004768505845678206,rare,0.47685058456782065,,peak_abundance_with_occupancy_days_modifiers,0.3496
parwar1,IN,0.011434377625663104,0.006575000000000001,0.0115,nonbreeding,0.0554,,,,5.54,0.004768505845678206,rare,0.47685058456782065,,peak_abundance_with_occupancy_days_modifiers,0.0554
kalphe,IN,0.011335509663745602,0.0114,0.0114,resident,0.0577,0.3911,0.5151,365.0,5.7700000000000005,0.004727274703084514,rare,0.4727274703084514,,peak_abundance_with_occupancy_days_modifiers,0.0577
brnowl,IN,0.011038847115216341,0.0111,0.0111,resident,0.311,,,,31.1,0.004603556811025358,rare,0.4603556811025358,,peak_abundance_with_occupancy_days_modifiers,0.311
maghor2,IN,0.011038847115216341,0.0111,0.0111,resident,0.0143,1.0,1.0,365.0,1.43,0.004603556811025358,rare,0.4603556811025358,rare,peak_abundance_with_occupancy_days_modifiers,0.0143
eurspa1,IN,0.011038847115216341,0.005775,0.0111,nonbreeding,0.4455,0.0579,0.0271,126.0,44.55,0.004603556811025358,rare,0.4603556811025358,,peak_abundance_with_occupancy_days_modifiers,0.4455
chwcuc1,IN,0.010649300948236327,0.005898946879005399,0.0107062065759057,breeding,0.1825360594394173,0.1305132982760666,0.216360493912408,126.0,18.253605943941732,0.004441103441439447,rare,0.4441103441439447,,peak_abundance_with_occupancy_days_modifiers,0.1825360594394173
pietri1,IN,0.010649087073767457,0.0107059904116757,0.0107059904116757,resident,0.0531309297912713,0.0017716659987767,0.0008384848048182685,0.0,5.31309297912713,0.004441014248858291,very_rare,0.4441014248858291,very_rare,peak_abundance_with_occupancy_days_modifiers,0.0531309297912713
paispu1,IN,0.010613821122975093,0.010670347532446,0.010670347532446,resident,0.1611986507418931,1.0,1.0,365.0,16.11986507418931,0.004426307205063528,rare,0.44263072050635277,,peak_abundance_with_occupancy_days_modifiers,0.1611986507418931
insbab1,IN,0.010544213875671154,0.0106,0.0106,resident,0.0368,1.0,1.0,365.0,3.6799999999999997,0.004397278728259838,rare,0.4397278728259838,rare,peak_abundance_with_occupancy_days_modifiers,0.0368
bwfshr1,IN,0.010544213875671154,0.0106,0.0106,resident,0.0689,0.178,0.1325,365.0,6.890000000000001,0.004397278728259838,rare,0.4397278728259838,,peak_abundance_with_occupancy_days_modifiers,0.0689
coatit2,IN,0.010445257861538649,0.0105,0.0105,resident,0.016,,,,1.6,0.004356010865040352,rare,0.43560108650403523,rare,peak_abundance_with_occupancy_days_modifiers,0.016
linbar1,IN,0.010445257861538649,0.0105,0.0105,resident,0.0345,0.1201,0.0981,365.0,3.45,0.004356010865040352,rare,0.43560108650403523,rare,peak_abundance_with_occupancy_days_modifiers,0.0345
grehor1,IN,0.010076410162137476,0.0101273481298725,0.0101273481298725,resident,0.0600053655950172,0.2419754207449209,0.1815052737183727,365.0,6.00053655950172,0.0042021894268877615,rare,0.42021894268877613,,peak_abundance_with_occupancy_days_modifiers,0.0600053655950172
grtsun1,IN,0.009950330853168083,0.01,0.01,resident,0.018,0.2757,0.3035,365.0,1.7999999999999998,0.0041496102711591504,very_rare,0.41496102711591504,rare,peak_abundance_with_occupancy_days_modifiers,0.018
grcter1,IN,0.009653257028138304,0.005425000000000001,0.0097,breeding,0.0046,0.0244,0.0114,147.0,0.45999999999999996,0.0040257208634774475,very_rare,0.4025720863477448,very_rare,peak_abundance_with_occupancy_days_modifiers,0.0046
grefla1,IN,0.009554212804811658,0.0096,0.0096,resident,0.0523,0.3531,0.3852,365.0,5.2299999999999995,0.0039844162141667834,very_rare,0.3984416214166783,,peak_abundance_with_occupancy_days_modifiers,0.0523
blfred1,IN,0.009554212804811658,0.0052499999999999995,0.0096,nonbreeding,0.0406,0.0869,0.1066,126.0,4.06,0.0039844162141667834,very_rare,0.3984416214166783,rare,peak_abundance_with_occupancy_days_modifiers,0.0406
pomgrp2,IN,0.009554212804811658,0.0096,0.0096,resident,0.0167,1.0,1.0,365.0,1.67,0.0039844162141667834,very_rare,0.3984416214166783,rare,peak_abundance_with_occupancy_days_modifiers,0.0167
emedov2,IN,0.009455158770755135,0.0095,0.0095,resident,0.0681,0.1092,0.0896,365.0,6.81,0.003943107473463978,very_rare,0.39431074734639776,,peak_abundance_with_occupancy_days_modifiers,0.0681
sirmal1,IN,0.009250249967658363,0.0092931657550763,0.0092931657550763,resident,0.3204639492013918,0.9393367024254228,0.9677667790109816,365.0,32.04639492013918,0.003857653865284636,very_rare,0.3857653865284636,,peak_abundance_with_occupancy_days_modifiers,0.3204639492013918
cursan,IN,0.009157937784765629,0.007699999999999999,0.0092,prebreeding_migration,0.0083,0.0528,0.0374,126.0,0.83,0.0038191566948953147,very_rare,0.3819156694895315,very_rare,peak_abundance_with_occupancy_days_modifiers,0.0083
ashmar1,IN,0.009058844488346039,0.0072,0.0091,postbreeding_migration,0.0525,0.0616,0.0564,126.0,5.25,0.0037778315805153456,very_rare,0.37778315805153456,,peak_abundance_with_occupancy_days_modifiers,0.0525
osprey,IN,0.009058844488346039,0.004975,0.0091,nonbreeding,0.2416,0.1244,0.0617,147.0,24.16,0.0037778315805153456,very_rare,0.37778315805153456,,peak_abundance_with_occupancy_days_modifiers,0.2416
whtlau1,IN,0.008959741371471904,0.009,0.009,resident,0.0073,0.1861,0.3362,365.0,0.73,0.003736502370687642,very_rare,0.3736502370687642,very_rare,peak_abundance_with_occupancy_days_modifiers,0.0073
plaflo1,IN,0.008959741371471904,0.009,0.009,resident,0.0186,1.0,1.0,365.0,1.8599999999999999,0.003736502370687642,very_rare,0.3736502370687642,rare,peak_abundance_with_occupancy_days_modifiers,0.0186
rbbmag,IN,0.00876150566857275,0.0088,0.0088,resident,0.0146,0.0188,0.0229,365.0,1.46,0.0036538316614419504,very_rare,0.365383166144195,rare,peak_abundance_with_occupancy_days_modifiers,0.0146
marori2,IN,0.00876150566857275,0.00495,0.0088,nonbreeding,0.0449,0.2106,0.2672,56.0,4.49,0.0036538316614419504,very_rare,0.365383166144195,rare,peak_abundance_with_occupancy_days_modifiers,0.0449
eacsun1,IN,0.008563230660487873,0.0086,0.0086,resident,0.0492,0.1236,0.1358,365.0,4.92,0.003571144560660661,very_rare,0.3571144560660661,rare,peak_abundance_with_occupancy_days_modifiers,0.0492
grsplo,IN,0.008563230660487873,0.005625,0.0086,nonbreeding,0.0085,0.0616,0.032,133.0,0.8500000000000001,0.003571144560660661,very_rare,0.3571144560660661,very_rare,peak_abundance_with_occupancy_days_modifiers,0.0085
indtit1,IN,0.008464078412129412,0.0085,0.0085,resident,0.0357,1.0,1.0,365.0,3.5700000000000003,0.003529794861412646,very_rare,0.35297948614126456,rare,peak_abundance_with_occupancy_days_modifiers,0.0357
asbowl1,IN,0.008364916331627708,0.0084,0.0084,resident,0.0627,0.1007,0.1207,365.0,6.2700000000000005,0.003488441061842421,very_rare,0.3488441061842421,,peak_abundance_with_occupancy_days_modifiers,0.0627
heswoo1,IN,0.008277844019041896,0.008312200102514,0.008312200102514,resident,0.0580596102105483,0.4637455095481187,0.6839530126842761,365.0,5.80596102105483,0.003452129087097932,very_rare,0.3452129087097932,,peak_abundance_with_occupancy_days_modifiers,0.0580596102105483
grcgre1,IN,0.008265744417032617,0.00515,0.0083,nonbreeding,0.0337,0.1004,0.0101,84.0,3.37,0.0034470831611367143,very_rare,0.3447083161136714,rare,peak_abundance_with_occupancy_days_modifiers,0.0337
indcou1,IN,0.008166562666393417,0.0082,0.0082,resident,0.0597,0.8077,0.8587,365.0,5.970000000000001,0.003405721158482009,very_rare,0.3405721158482009,,peak_abundance_with_occupancy_days_modifiers,0.0597
asfblu1,IN,0.008166562666393417,0.0082,0.0082,resident,0.0216,0.0809,0.0875,365.0,2.16,0.003405721158482009,very_rare,0.3405721158482009,rare,peak_abundance_with_occupancy_days_modifiers,0.0216
rufsib1,IN,0.008166562666393417,0.0082,0.0082,resident,0.013,0.4452,0.3698,365.0,1.3,0.003405721158482009,very_rare,0.3405721158482009,rare,peak_abundance_with_occupancy_days_modifiers,0.013
strlau2,IN,0.008067371077758796,0.0081,0.0081,resident,0.0154,0.4857,0.4968,365.0,1.54,0.0033643550530645483,very_rare,0.33643550530645483,rare,peak_abundance_with_occupancy_days_modifiers,0.0154
gyfwoo1,IN,0.00786895837869518,0.0079,0.0079,resident,0.0511,,,,5.11,0.0032816105306851177,very_rare,0.3281610530685118,,peak_abundance_with_occupancy_days_modifiers,0.0511
yebfan1,IN,0.007670506304219701,0.0077,0.0077,resident,0.0499,0.2742,0.307,365.0,4.99,0.0031988495874835155,very_rare,0.31988495874835154,rare,peak_abundance_with_occupancy_days_modifiers,0.0499
boneag2,IN,0.007670506304219701,0.0077,0.0077,resident,0.2309,,,,23.09,0.0031988495874835155,very_rare,0.31988495874835154,,peak_abundance_with_occupancy_days_modifiers,0.2309
larhac2,IN,0.007472014838700995,0.003,0.0075,breeding,0.0401,0.0759,0.0735,84.0,4.01,0.0031160722169409553,very_rare,0.31160722169409555,rare,peak_abundance_with_occupancy_days_modifiers,0.0401
asgsta1,IN,0.007273483966498386,0.0073,0.0073,resident,0.0025,0.0265,0.0249,365.0,0.25,0.0030332784125347693,very_rare,0.30332784125347695,very_rare,peak_abundance_with_occupancy_days_modifiers,0.0025
stbkin1,IN,0.007273483966498386,0.0073,0.0073,resident,0.0478,0.2889,0.2631,365.0,4.78,0.0030332784125347693,very_rare,0.30332784125347695,rare,peak_abundance_with_occupancy_days_modifiers,0.0478
comter,IN,0.007273483966498386,0.00425,0.0073,postbreeding_migration,0.0227,0.0059,0.0023,133.0,2.27,0.0030332784125347693,very_rare,0.30332784125347695,rare,peak_abundance_with_occupancy_days_modifiers,0.0227
gobmag1,IN,0.00707491367196188,0.0071,0.0071,resident,0.0169,0.4869,0.5122,365.0,1.69,0.002950468167738402,very_rare,0.2950468167738402,rare,peak_abundance_with_occupancy_days_modifiers,0.0169
indswi1,IN,0.006876303939432157,0.0069,0.0069,resident,0.0091,0.5847,0.4385,365.0,0.91,0.0028676414760213194,very_rare,0.2867641476021319,very_rare,peak_abundance_with_occupancy_days_modifiers,0.0091
wbbfly1,IN,0.0068397146892181715,0.0068631589579567,0.0068631589579567,resident,0.069025714195921,1.0,1.0,365.0,6.902571419592101,0.002852382573504174,very_rare,0.2852382573504174,,peak_abundance_with_occupancy_days_modifiers,0.069025714195921
chclau2,IN,0.006677654753240569,0.0067,0.0067,resident,0.0123,0.471,0.4673,365.0,1.23,0.00278479833084937,very_rare,0.27847983308493696,rare,peak_abundance_with_occupancy_days_modifiers,0.0123
eurjac,IN,0.006677654753240569,0.0051,0.0067,nonbreeding,0.0028,0.003,0.0023,140.0,0.27999999999999997,0.00278479833084937,very_rare,0.27847983308493696,very_rare,peak_abundance_with_occupancy_days_modifiers,0.0028
gripig1,IN,0.006578315360122567,0.0066,0.0066,resident,0.0227,0.1471,0.087,365.0,2.27,0.002743370586174741,very_rare,0.2743370586174741,rare,peak_abundance_with_occupancy_days_modifiers,0.0227
asbfly,IN,0.006578315360122567,0.0055,0.0066,prebreeding_migration,0.2724,0.1592,0.0603,133.0,27.24,0.002743370586174741,very_rare,0.2743370586174741,,peak_abundance_with_occupancy_days_modifiers,0.2724
dafbab1,IN,0.006478966097709122,0.0065,0.0065,resident,0.0108,0.6308,0.667,365.0,1.08,0.002701938725684232,very_rare,0.2701938725684232,rare,peak_abundance_with_occupancy_days_modifiers,0.0108
forwag1,IN,0.006298503908247583,0.005444370543304967,0.0063183811944635,prebreeding_migration,0.1368970697303268,0.532417964643519,0.7156059506241919,140.0,13.689706973032681,0.002626680147251491,very_rare,0.2626680147251491,,peak_abundance_with_occupancy_days_modifiers,0.1368970697303268
whbyuh1,IN,0.006280237957150483,0.0063,0.0063,resident,0.0289,0.076,0.0684,365.0,2.8899999999999997,0.002619062653983778,very_rare,0.2619062653983778,rare,peak_abundance_with_occupancy_days_modifiers,0.0289
nilfly2,IN,0.006246973251319959,0.0062665262832725,0.0062665262832725,resident,0.030586248361134,1.0,1.0,365.0,3.0586248361134003,0.0026051901941612204,very_rare,0.26051901941612204,rare,peak_abundance_with_occupancy_days_modifiers,0.030586248361134
spbfan1,IN,0.006180859075081115,0.0062,0.0062,resident,0.027,1.0,1.0,365.0,2.7,0.0025776184411373257,very_rare,0.2577618441137326,rare,peak_abundance_with_occupancy_days_modifiers,0.027
blcbab2,IN,0.006180859075081115,0.0062,0.0062,resident,0.0122,0.4801,0.4864,365.0,1.22,0.0025776184411373257,very_rare,0.2577618441137326,rare,peak_abundance_with_occupancy_days_modifiers,0.0122
rufbab3,IN,0.006180859075081115,0.0062,0.0062,resident,0.0109,1.0,1.0,365.0,1.09,0.0025776184411373257,very_rare,0.2577618441137326,rare,peak_abundance_with_occupancy_days_modifiers,0.0109
fotswi,IN,0.00608147031586796,0.0029749999999999998,0.0061,postbreeding_migration,0.0449,0.0002,0.0,0.0,4.49,0.002536170109201979,very_rare,0.2536170109201979,very_rare,peak_abundance_with_occupancy_days_modifiers,0.0449
cowpig1,IN,0.005982071677547464,0.0026999999999999997,0.006,postbreeding_migration,0.0049,0.0015,0.0005,28.0,0.49,0.002494717657358874,very_rare,0.2494717657358874,rare,peak_abundance_with_occupancy_days_modifiers,0.0049
blnori1,IN,0.005882663158155495,0.0035,0.0059,nonbreeding,0.1148,0.1366,0.0355,140.0,11.48,0.002453261084788902,very_rare,0.2453261084788902,,peak_abundance_with_occupancy_days_modifiers,0.1148
lammer1,IN,0.005882663158155495,0.0059,0.0059,resident,0.0432,0.0447,0.0386,365.0,4.32,0.002453261084788902,very_rare,0.2453261084788902,rare,peak_abundance_with_occupancy_days_modifiers,0.0432
eurcrm1,IN,0.005882663158155495,0.0044,0.0059,postbreeding_migration,0.0508,0.0773,0.0285,112.0,5.08,0.002453261084788902,very_rare,0.2453261084788902,,peak_abundance_with_occupancy_days_modifiers,0.0508
renfal1,IN,0.005722085936616682,0.0057384883407479,0.0057384883407479,resident,0.4495073618155265,0.2940168734099998,0.1539552407340461,365.0,44.95073618155265,0.0023862951820822864,very_rare,0.23862951820822864,,peak_abundance_with_occupancy_days_modifiers,0.4495073618155265
piehar1,IN,0.005671444933497903,0.004500660351177566,0.0056875580244152,nonbreeding,0.2136773807563944,0.186664117505564,0.0381409515739694,147.0,21.36773807563944,0.002365176243447522,very_rare,0.2365176243447522,,peak_abundance_with_occupancy_days_modifiers,0.2136773807563944
litbun,IN,0.005584378293900615,0.004,0.0056,nonbreeding,0.0216,0.0129,0.0097,21.0,2.16,0.0023288666345230463,very_rare,0.23288666345230463,rare,peak_abundance_with_occupancy_days_modifiers,0.0216
bkcbul1,IN,0.005584378293900615,0.0056,0.0056,resident,0.0117,1.0,1.0,365.0,1.17,0.0023288666345230463,very_rare,0.23288666345230463,rare,peak_abundance_with_occupancy_days_modifiers,0.0117
crfbar1,IN,0.005584378293900615,0.0056,0.0056,resident,0.0111,1.0,1.0,365.0,1.11,0.0023288666345230463,very_rare,0.23288666345230463,rare,peak_abundance_with_occupancy_days_modifiers,0.0111
rcsbab1,IN,0.005484930230569685,0.0055,0.0055,resident,0.0125,0.4279,0.4858,365.0,1.25,0.0022873935708496436,very_rare,0.22873935708496435,rare,peak_abundance_with_occupancy_days_modifiers,0.0125
chbnut2,IN,0.005484930230569685,0.0055,0.0055,resident,0.0275,1.0,1.0,365.0,2.75,0.0022873935708496436,very_rare,0.22873935708496435,rare,peak_abundance_with_occupancy_days_modifiers,0.0275
chbnut3,IN,0.005385472276337817,0.0054,0.0054,resident,0.0334,0.3472,0.4246,365.0,3.34,0.0022459163823501686,very_rare,0.22459163823501685,rare,peak_abundance_with_occupancy_days_modifiers,0.0334
dunlin,IN,0.005385472276337817,0.0051333333333333335,0.0054,prebreeding_migration,0.0064,0.2444,0.0018,70.0,0.64,0.0022459163823501686,very_rare,0.22459163823501685,very_rare,peak_abundance_with_occupancy_days_modifiers,0.0064
spofly1,IN,0.005385472276337817,0.0054,0.0054,postbreeding_migration,0.0842,0.0056,0.0029,63.0,8.42,0.0022459163823501686,very_rare,0.22459163823501685,,peak_abundance_with_occupancy_days_modifiers,0.0842
winwre4,IN,0.005286004429237355,0.002725,0.0053,nonbreeding,0.0519,,,,5.19,0.0022044350682040464,very_rare,0.22044350682040464,,peak_abundance_with_occupancy_days_modifiers,0.0519
eurmag1,IN,0.005186526687300061,0.0052,0.0052,resident,0.0073,0.0014,0.0012,365.0,0.73,0.0021629496275904574,very_rare,0.21629496275904575,very_rare,peak_abundance_with_occupancy_days_modifiers,0.0073
mawthr1,IN,0.005186526687300061,0.0052,0.0052,resident,0.0163,1.0,1.0,365.0,1.63,0.0021629496275904574,very_rare,0.21629496275904575,rare,peak_abundance_with_occupancy_days_modifiers,0.0163
rubcra1,IN,0.005087039048557106,0.00305,0.0051,breeding,0.1578,,,,15.78,0.002121460059688336,very_rare,0.21214600596883357,,peak_abundance_with_occupancy_days_modifiers,0.1578
cosowl1,IN,0.005087039048557106,0.0051,0.0051,resident,0.0529,0.1164,0.1282,365.0,5.29,0.002121460059688336,very_rare,0.21214600596883357,,peak_abundance_with_occupancy_days_modifiers,0.0529
comswi,IN,0.005087039048557106,0.0021333333333333334,0.0051,breeding,0.015,0.0028,0.0007,70.0,1.5,0.002121460059688336,very_rare,0.21214600596883357,rare,peak_abundance_with_occupancy_days_modifiers,0.015
lesyel1,IN,0.004888034072775962,0.0049,0.0049,resident,0.0607,0.3499,0.4318,365.0,6.069999999999999,0.002038468538732918,very_rare,0.2038468538732918,,peak_abundance_with_occupancy_days_modifiers,0.0607
sqtbul1,IN,0.004888034072775962,0.0049,0.0049,resident,0.0161,0.75,0.4931,365.0,1.6099999999999999,0.002038468538732918,very_rare,0.2038468538732918,rare,peak_abundance_with_occupancy_days_modifiers,0.0161
bcrthr1,IN,0.004888034072775962,0.003475,0.0049,prebreeding_migration,0.1201,1.0,1.0,105.0,12.01,0.002038468538732918,very_rare,0.2038468538732918,,peak_abundance_with_occupancy_days_modifiers,0.1201
comqua1,IN,0.004788516731797177,0.002966666666666666,0.0048,prebreeding_migration,0.0835,,,,8.35,0.001996966584036358,very_rare,0.19969665840363582,,peak_abundance_with_occupancy_days_modifiers,0.0835
blaeag1,IN,0.004788516731797177,0.0048,0.0048,resident,0.0698,0.1723,0.1704,365.0,6.98,0.001996966584036358,very_rare,0.19969665840363582,,peak_abundance_with_occupancy_days_modifiers,0.0698
malsta1,IN,0.004688989486131542,0.0047,0.0047,resident,0.011,1.0,1.0,365.0,1.0999999999999999,0.0019554604987645544,very_rare,0.19554604987645544,rare,peak_abundance_with_occupancy_days_modifiers,0.011
lobsun2,IN,0.0045894523338072864,0.0046,0.0046,resident,0.0207,0.5369,0.4522,365.0,2.07,0.0019139502820952148,very_rare,0.19139502820952148,rare,peak_abundance_with_occupancy_days_modifiers,0.0207
rufwoo2,IN,0.0045894523338072864,0.0046,0.0046,resident,0.0535,0.1495,0.2039,365.0,5.35,0.0019139502820952148,very_rare,0.19139502820952148,,peak_abundance_with_occupancy_days_modifiers,0.0535
ricpip1,IN,0.004489905272852052,0.0043,0.0045,nonbreeding,0.1842,0.2836,0.135,133.0,18.42,0.0018724359332058032,very_rare,0.18724359332058033,,peak_abundance_with_occupancy_days_modifiers,0.1842
impeag1,IN,0.004390348301292895,0.0042,0.0044,prebreeding_migration,0.1019,0.0372,0.0358,63.0,10.190000000000001,0.0018309174512735364,very_rare,0.18309174512735363,,peak_abundance_with_occupancy_days_modifiers,0.1019
perfal,IN,0.004390348301292895,0.00255,0.0044,nonbreeding,0.301,,,,30.099999999999998,0.0018309174512735364,very_rare,0.18309174512735363,,peak_abundance_with_occupancy_days_modifiers,0.301
reblei,IN,0.004290781417156275,0.0043,0.0043,resident,0.0074,0.0237,0.0249,365.0,0.74,0.0017893948354753858,very_rare,0.17893948354753858,very_rare,peak_abundance_with_occupancy_days_modifiers,0.0074
watpip1,IN,0.004191204618468071,0.0014,0.0042,nonbreeding,0.0345,0.0203,0.0051,21.0,3.45,0.0017478680849880779,very_rare,0.1747868084988078,rare,peak_abundance_with_occupancy_days_modifiers,0.0345
fubwoo2,IN,0.004191204618468071,0.0042,0.0042,resident,0.0343,0.4825,0.3559,365.0,3.4299999999999997,0.0017478680849880779,very_rare,0.1747868084988078,rare,peak_abundance_with_occupancy_days_modifiers,0.0343
eurgol,IN,0.004091617903253565,0.00335,0.0041,breeding,0.0146,0.0065,0.0019,245.0,1.46,0.0017063371989880915,very_rare,0.17063371989880916,rare,peak_abundance_with_occupancy_days_modifiers,0.0146
goleag,IN,0.003992021269537453,0.003,0.004,postbreeding_migration,0.0502,0.0117,0.0115,119.0,5.0200000000000005,0.0016648021766516613,very_rare,0.16648021766516613,,peak_abundance_with_occupancy_days_modifiers,0.0502
comrav,IN,0.003992021269537453,0.004,0.004,resident,0.0282,0.0022,0.0004,365.0,2.82,0.0016648021766516613,very_rare,0.16648021766516613,rare,peak_abundance_with_occupancy_days_modifiers,0.0282
rutscr1,IN,0.003992021269537453,0.004,0.004,postbreeding_migration,0.043,,,,4.3,0.0016648021766516613,very_rare,0.16648021766516613,rare,peak_abundance_with_occupancy_days_modifiers,0.043
plaflo2,IN,0.0038924147153438387,0.0039,0.0039,resident,0.0285,0.0985,0.1142,365.0,2.85,0.001623263017154774,very_rare,0.1623263017154774,rare,peak_abundance_with_occupancy_days_modifiers,0.0285
y00839,IN,0.003792798238696237,0.0038,0.0038,resident,0.0486,0.1656,0.1657,365.0,4.859999999999999,0.0015817197196731716,very_rare,0.15817197196731717,rare,peak_abundance_with_occupancy_days_modifiers,0.0486
sibrub,IN,0.003792798238696237,0.0017000000000000001,0.0038,nonbreeding,0.119,0.19,0.0819,133.0,11.899999999999999,0.0015817197196731716,very_rare,0.15817197196731717,,peak_abundance_with_occupancy_days_modifiers,0.119
mosowl2,IN,0.0036931718376175702,0.0037,0.0037,resident,0.044,0.191,0.1398,365.0,4.3999999999999995,0.0015401722833823486,very_rare,0.15401722833823486,rare,peak_abundance_with_occupancy_days_modifiers,0.044
tersan,IN,0.0035935355101301704,0.0030000000000000005,0.0036,nonbreeding,0.0072,0.0849,0.0799,133.0,0.72,0.0014986207074575537,very_rare,0.14986207074575536,very_rare,peak_abundance_with_occupancy_days_modifiers,0.0072
yebpri1,IN,0.0035935355101301704,0.0036,0.0036,resident,0.0166,,,,1.66,0.0014986207074575537,very_rare,0.14986207074575536,rare,peak_abundance_with_occupancy_days_modifiers,0.0166
redspu1,IN,0.00349388925425578,0.0035,0.0035,resident,0.029,1.0,1.0,365.0,2.9000000000000004,0.0014570649910737887,very_rare,0.14570649910737887,rare,peak_abundance_with_occupancy_days_modifiers,0.029
weclew1,IN,0.00349388925425578,0.00295,0.0035,nonbreeding,0.0325,0.9743,0.9985,70.0,3.25,0.0014570649910737887,very_rare,0.14570649910737887,rare,peak_abundance_with_occupancy_days_modifiers,0.0325
eutspa,IN,0.003394233068015547,0.0034,0.0034,resident,0.0038,0.0009,0.0002,365.0,0.38,0.0014155051334058092,very_rare,0.1415505133405809,very_rare,peak_abundance_with_occupancy_days_modifiers,0.0038
maphor1,IN,0.003394233068015547,0.0034,0.0034,resident,0.0243,0.726,0.3033,365.0,2.4299999999999997,0.0014155051334058092,very_rare,0.1415505133405809,rare,peak_abundance_with_occupancy_days_modifiers,0.0243
gycmin1,IN,0.003394233068015547,0.0034,0.0034,resident,0.0174,0.0722,0.0305,365.0,1.7399999999999998,0.0014155051334058092,very_rare,0.1415505133405809,rare,peak_abundance_with_occupancy_days_modifiers,0.0174
rucbab1,IN,0.003294566949430031,0.0033,0.0033,resident,0.0162,0.0292,0.0177,365.0,1.6199999999999999,0.0013739411336281234,very_rare,0.13739411336281235,rare,peak_abundance_with_occupancy_days_modifiers,0.0162
insowl1,IN,0.003194890896519197,0.0032,0.0032,resident,0.0649,0.9581,0.9769,365.0,6.49,0.0013323729909149931,very_rare,0.1332372990914993,,peak_abundance_with_occupancy_days_modifiers,0.0649
dollar1,IN,0.003194890896519197,0.0021,0.0032,breeding,0.0681,0.054,0.0206,91.0,6.81,0.0013323729909149931,very_rare,0.1332372990914993,,peak_abundance_with_occupancy_days_modifiers,0.0681
lblwar1,IN,0.003095204907302419,0.002375,0.0031,nonbreeding,0.0198,0.6607,0.7582,112.0,1.9800000000000002,0.001290800704440433,very_rare,0.1290800704440433,rare,peak_abundance_with_occupancy_days_modifiers,0.0198
bkbplo,IN,0.003095204907302419,0.0024,0.0031,prebreeding_migration,0.0039,0.0271,0.0084,119.0,0.38999999999999996,0.001290800704440433,very_rare,0.1290800704440433,very_rare,peak_abundance_with_occupancy_days_modifiers,0.0039
wispet,IN,0.0030654333722401404,0.0030701366177206,0.0030701366177206,nonbreeding,0.0033883077510896,0.0002539261848483436,7.105980826503032e-05,21.0,0.33883077510896,0.0012783850099769966,very_rare,0.12783850099769967,rare,peak_abundance_with_occupancy_days_modifiers,0.0033883077510896
brambl,IN,0.002995508979798479,0.0011666666666666668,0.003,postbreeding_migration,0.0095,0.0003,0.0,28.0,0.95,0.001249224273378119,very_rare,0.12492242733781189,rare,peak_abundance_with_occupancy_days_modifiers,0.0095
colowl1,IN,0.002895803112025565,0.0029,0.0029,resident,0.038,0.0873,0.0785,365.0,3.8,0.0012076436969017555,very_rare,0.12076436969017555,rare,peak_abundance_with_occupancy_days_modifiers,0.038
maltro1,IN,0.002796087302001274,0.0028,0.0028,resident,0.019,0.954,0.9311,365.0,1.9,0.001166058974184524,very_rare,0.1166058974184524,rare,peak_abundance_with_occupancy_days_modifiers,0.019
pitsni,IN,0.002762782989274611,0.0019209184440027855,0.002766602991333,prebreeding_migration,0.0766898651775751,0.2388880946152269,0.0370185687287943,133.0,7.66898651775751,0.0011521699970033822,very_rare,0.11521699970033822,,peak_abundance_with_occupancy_days_modifiers,0.0766898651775751
rudtur,IN,0.0026963615477426086,0.0026000000000000003,0.0027,postbreeding_migration,0.0069,0.0258,0.0121,119.0,0.69,0.0011244701043994507,very_rare,0.11244701043994507,very_rare,peak_abundance_with_occupancy_days_modifiers,0.0069
cregos1,IN,0.0026963615477426086,0.0027,0.0027,resident,0.0773,0.0921,0.0547,365.0,7.7299999999999995,0.0011244701043994507,very_rare,0.11244701043994507,,peak_abundance_with_occupancy_days_modifiers,0.0773
gycwoo1,IN,0.0026963615477426086,0.0027,0.0027,resident,0.0269,,,,2.69,0.0011244701043994507,very_rare,0.11244701043994507,rare,peak_abundance_with_occupancy_days_modifiers,0.0269
blnter1,IN,0.002596625847265978,0.0017333333333333333,0.0026,breeding,0.0025,,,,0.25,0.001082877086719314,very_rare,0.1082877086719314,very_rare,peak_abundance_with_occupancy_days_modifiers,0.0025
sander,IN,0.002596625847265978,0.002,0.0026,postbreeding_migration,0.0037,0.0175,0.0041,77.0,0.37,0.001082877086719314,very_rare,0.1082877086719314,very_rare,peak_abundance_with_occupancy_days_modifiers,0.0037
batgod,IN,0.002496880198587199,0.002033333333333333,0.0025,nonbreeding,0.0044,0.0484,0.0045,105.0,0.44,0.0010412799203166443,very_rare,0.10412799203166442,very_rare,peak_abundance_with_occupancy_days_modifiers,0.0044
whbful1,IN,0.002496880198587199,0.0025,0.0025,resident,0.0046,0.1035,0.1067,365.0,0.45999999999999996,0.0010412799203166443,very_rare,0.10412799203166442,very_rare,peak_abundance_with_occupancy_days_modifiers,0.0046
sheowl,IN,0.002496880198587199,0.0019666666666666665,0.0025,nonbreeding,0.0511,,,,5.11,0.0010412799203166443,very_rare,0.10412799203166442,,peak_abundance_with_occupancy_days_modifiers,0.0511
brbfly2,IN,0.0023971245997214934,0.00125,0.0024,nonbreeding,0.035,0.8221,0.6514,77.0,3.5000000000000004,0.000999678604363726,very_rare,0.09996786043637261,rare,peak_abundance_with_occupancy_days_modifiers,0.035
eaowar2,IN,0.0023971245997214934,0.0024,0.0024,nonbreeding,0.2386,,,,23.86,0.000999678604363726,very_rare,0.09996786043637261,,peak_abundance_with_occupancy_days_modifiers,0.2386
eurjay1,IN,0.0022973590486834897,0.0023,0.0023,year_round,0.0093,,,,0.9299999999999999,0.0009580731380325941,very_rare,0.09580731380325941,very_rare,peak_abundance_with_occupancy_days_modifiers,0.0093
yebbun,IN,0.0021975835434872217,0.0021000000000000003,0.0022,nonbreeding,0.0208,0.1873,0.0211,70.0,2.08,0.0009164635204950369,very_rare,0.0916463520495037,rare,peak_abundance_with_occupancy_days_modifiers,0.0208
mouhae1,IN,0.0021975835434872217,0.0022,0.0022,resident,0.03,0.1202,0.1915,365.0,3.0,0.0009164635204950369,very_rare,0.0916463520495037,rare,peak_abundance_with_occupancy_days_modifiers,0.03
orphor1,IN,0.0021975835434872217,0.0022,0.0022,resident,0.0064,0.0639,0.0711,365.0,0.64,0.0009164635204950369,very_rare,0.0916463520495037,very_rare,peak_abundance_with_occupancy_days_modifiers,0.0064
paisan1,IN,0.002097798082146129,0.0021,0.0021,resident,0.0536,0.9947,0.9712,365.0,5.36,0.0008748497509225938,very_rare,0.08748497509225937,,peak_abundance_with_occupancy_days_modifiers,0.0536
houswi1,IN,0.002097798082146129,0.0021,0.0021,resident,0.0167,0.0222,0.0126,365.0,1.67,0.0008748497509225938,very_rare,0.08748497509225937,rare,peak_abundance_with_occupancy_days_modifiers,0.0167
alpacc1,IN,0.001998002662673056,0.001075,0.002,breeding,0.0407,0.0769,0.0326,112.0,4.07,0.000833231828486557,very_rare,0.0833231828486557,rare,peak_abundance_with_occupancy_days_modifiers,0.0407
carcro1,IN,0.001998002662673056,0.0009249999999999999,0.002,breeding,0.0055,0.0006,0.0001,0.0,0.5499999999999999,0.000833231828486557,very_rare,0.0833231828486557,very_rare,peak_abundance_with_occupancy_days_modifiers,0.0055
eyethr,IN,0.001998002662673056,0.0012666666666666666,0.002,postbreeding_migration,0.0269,0.0284,0.0086,91.0,2.69,0.000833231828486557,very_rare,0.0833231828486557,rare,peak_abundance_with_occupancy_days_modifiers,0.0269
euroys1,IN,0.0018981972830802527,0.0014,0.0019,nonbreeding,0.0015,0.026,0.0052,56.0,0.15,0.0007916097523579702,very_rare,0.07916097523579702,very_rare,peak_abundance_with_occupancy_days_modifiers,0.0015
brodip1,IN,0.0018981972830802527,0.0019,0.0019,resident,0.0164,,,,1.6400000000000001,0.0007916097523579702,very_rare,0.07916097523579702,rare,peak_abundance_with_occupancy_days_modifiers,0.0164
falduc,IN,0.00184702644431408,0.0016003035221940501,0.0018487332483327,prebreeding_migration,0.0195039151252749,0.0868105695379269,0.00027797242742958074,77.0,1.9503915125274902,0.0007702698550961607,very_rare,0.07702698550961608,rare,peak_abundance_with_occupancy_days_modifiers,0.0195039151252749
renpha,IN,0.0017983819413793735,0.0009,0.0018,postbreeding_migration,0.0248,0.0001,0.0,0.0,2.48,0.0007499835217076287,very_rare,0.07499835217076287,very_rare,peak_abundance_with_occupancy_days_modifiers,0.0248
comshe,IN,0.0016985566355814774,0.0011666666666666665,0.0017,nonbreeding,0.0697,,,,6.97,0.00070835313570608,very_rare,0.070835313570608,,peak_abundance_with_occupancy_days_modifiers,0.0697
lescou1,IN,0.0015987213636970278,0.0016,0.0016,resident,0.0221,0.0393,0.0223,365.0,2.21,0.0006667185935236227,very_rare,0.06667185935236226,rare,peak_abundance_with_occupancy_days_modifiers,0.0221
comfla1,IN,0.0015184911213380024,0.0015196446127624,0.0015196446127624,resident,0.0523721013851201,0.0922176083609387,0.0195012512371289,365.0,5.23721013851201,0.0006332599836880423,very_rare,0.06332599836880423,,peak_abundance_with_occupancy_days_modifiers,0.0523721013851201
whbtre1,IN,0.0014988761237358919,0.0015,0.0015,resident,0.0052,1.0,1.0,365.0,0.52,0.0006250798943303071,very_rare,0.06250798943303071,very_rare,peak_abundance_with_occupancy_days_modifiers,0.0052
rufwar1,IN,0.0014988761237358919,0.0015,0.0015,resident,0.012,0.0242,0.0108,365.0,1.2,0.0006250798943303071,very_rare,0.06250798943303071,rare,peak_abundance_with_occupancy_days_modifiers,0.012
chemun,IN,0.0014988761237358919,0.0015,0.0015,resident,0.0059,0.0459,0.0059,365.0,0.59,0.0006250798943303071,very_rare,0.06250798943303071,very_rare,peak_abundance_with_occupancy_days_modifiers,0.0059
rebshr1,IN,0.0014988761237358919,0.0015,0.0015,postbreeding_migration,0.0504,,,,5.04,0.0006250798943303071,very_rare,0.06250798943303071,,peak_abundance_with_occupancy_days_modifiers,0.0504
litbit1,IN,0.0014988761237358919,0.0008666666666666666,0.0015,postbreeding_migration,0.0534,0.009,0.0047,28.0,5.34,0.0006250798943303071,very_rare,0.06250798943303071,rare,peak_abundance_with_occupancy_days_modifiers,0.0534
wallcr1,IN,0.001399020913707341,0.0007,0.0014,nonbreeding,0.062,0.0597,0.0499,70.0,6.2,0.0005834370372959348,very_rare,0.05834370372959348,,peak_abundance_with_occupancy_days_modifiers,0.062
whtrob2,IN,0.001399020913707341,0.00095,0.0014,nonbreeding,0.0351,0.1135,0.0946,98.0,3.51,0.0005834370372959348,very_rare,0.05834370372959348,rare,peak_abundance_with_occupancy_days_modifiers,0.0351
litfor1,IN,0.00129915573162005,0.0013,0.0013,resident,0.033,0.1756,0.1098,365.0,3.3000000000000003,0.0005417900215900586,very_rare,0.05417900215900586,rare,peak_abundance_with_occupancy_days_modifiers,0.033
whtior1,IN,0.00129915573162005,0.0013,0.0013,resident,0.0104,0.9213,0.9386,365.0,1.04,0.0005417900215900586,very_rare,0.05417900215900586,rare,peak_abundance_with_occupancy_days_modifiers,0.0104
spaspa1,IN,0.00129915573162005,0.0013,0.0013,nonbreeding,0.0301,,,,3.01,0.0005417900215900586,very_rare,0.05417900215900586,rare,peak_abundance_with_occupancy_days_modifiers,0.0301
inbrob1,IN,0.0011992805754820971,0.0010333333333333334,0.0012,breeding,0.0201,0.837,0.859,105.0,2.01,0.0005001388463819827,very_rare,0.050013884638198274,rare,peak_abundance_with_occupancy_days_modifiers,0.0201
commer,IN,0.0011992805754820971,0.000625,0.0012,nonbreeding,0.0038,0.0042,0.0005,49.0,0.38,0.0005001388463819827,very_rare,0.050013884638198274,very_rare,peak_abundance_with_occupancy_days_modifiers,0.0038
grebit1,IN,0.0011992805754820971,0.00039999999999999996,0.0012,nonbreeding,0.0457,,,,4.569999999999999,0.0005001388463819827,very_rare,0.050013884638198274,rare,peak_abundance_with_occupancy_days_modifiers,0.0457
eubeat1,IN,0.0011992805754820971,0.0007499999999999999,0.0012,nonbreeding,0.007,0.0015,0.0005,91.0,0.7000000000000001,0.0005001388463819827,very_rare,0.050013884638198274,very_rare,peak_abundance_with_occupancy_days_modifiers,0.007
daured1,IN,0.0011992805754820971,0.000575,0.0012,postbreeding_migration,0.0392,0.0219,0.0013,112.0,3.92,0.0005001388463819827,very_rare,0.050013884638198274,rare,peak_abundance_with_occupancy_days_modifiers,0.0392
grewhi1,IN,0.0011992805754820971,0.0012,0.0012,postbreeding_migration,0.0565,0.0063,0.0017,49.0,5.65,0.0005001388463819827,very_rare,0.050013884638198274,,peak_abundance_with_occupancy_days_modifiers,0.0565
norwhe,IN,0.0010993954433009636,0.0006500000000000001,0.0011,breeding,0.0044,0.0008,0.0006,35.0,0.44,0.0004584835108407622,very_rare,0.04584835108407622,very_rare,peak_abundance_with_occupancy_days_modifiers,0.0044
whtdip1,IN,0.0010993954433009636,0.001,0.0011,nonbreeding,0.0203,0.0306,0.0155,126.0,2.03,0.0004584835108407622,very_rare,0.04584835108407622,rare,peak_abundance_with_occupancy_days_modifiers,0.0203
grekno,IN,0.0010993954433009636,0.0006000000000000001,0.0011,nonbreeding,0.0011,0.0602,0.0047,0.0,0.11,0.0004584835108407622,very_rare,0.04584835108407622,very_rare,peak_abundance_with_occupancy_days_modifiers,0.0011
eargre,IN,0.0009995003330835331,0.0004,0.001,nonbreeding,0.0277,0.076,0.0047,49.0,2.77,0.00041682401413511066,very_rare,0.04168240141351107,rare,peak_abundance_with_occupancy_days_modifiers,0.0277
redcro,IN,0.0009995003330835331,0.00047500000000000005,0.001,postbreeding_migration,0.0043,,,,0.43,0.00041682401413511066,very_rare,0.04168240141351107,very_rare,peak_abundance_with_occupancy_days_modifiers,0.0043
whwter,IN,0.000899595242836093,0.0005,0.0009,prebreeding_migration,0.0032,0.0012,0.0001,35.0,0.32,0.0003751603554337701,very_rare,0.03751603554337701,very_rare,peak_abundance_with_occupancy_days_modifiers,0.0032
wbseag1,IN,0.000899595242836093,0.0009,0.0009,resident,0.0034,0.0181,0.0302,365.0,0.33999999999999997,0.0003751603554337701,very_rare,0.03751603554337701,very_rare,peak_abundance_with_occupancy_days_modifiers,0.0034
rook1,IN,0.000899595242836093,0.0009,0.0009,nonbreeding,0.0003,0.0001,0.0001,0.0,0.03,0.0003751603554337701,very_rare,0.03751603554337701,very_rare,peak_abundance_with_occupancy_days_modifiers,0.0003
norhar1,IN,0.000899595242836093,0.0008,0.0009,nonbreeding,0.0908,0.0198,0.0029,77.0,9.08,0.0003751603554337701,very_rare,0.03751603554337701,,peak_abundance_with_occupancy_days_modifiers,0.0908
yetbul1,IN,0.000899595242836093,0.0009,0.0009,resident,0.0025,1.0,1.0,365.0,0.25,0.0003751603554337701,very_rare,0.03751603554337701,very_rare,peak_abundance_with_occupancy_days_modifiers,0.0025
comcha,IN,0.000899595242836093,0.00055,0.0009,nonbreeding,0.0051,0.0015,0.0001,14.0,0.51,0.0003751603554337701,very_rare,0.03751603554337701,rare,peak_abundance_with_occupancy_days_modifiers,0.0051
sttwoo1,IN,0.0007996801705643322,0.0008,0.0008,resident,0.0157,0.4675,0.2945,365.0,1.5699999999999998,0.0003334925339049559,very_rare,0.03334925339049559,rare,peak_abundance_with_occupancy_days_modifiers,0.0157
misthr1,IN,0.0007996801705643322,0.0006,0.0008,postbreeding_migration,0.014,0.0054,0.0013,91.0,1.4000000000000001,0.0003334925339049559,very_rare,0.03334925339049559,rare,peak_abundance_with_occupancy_days_modifiers,0.014
brobul1,IN,0.0007996801705643322,0.0008,0.0008,resident,0.0079,0.3502,0.3342,365.0,0.79,0.0003334925339049559,very_rare,0.03334925339049559,very_rare,peak_abundance_with_occupancy_days_modifiers,0.0079
skylar,IN,0.0006997551142733419,0.000275,0.0007,postbreeding_migration,0.0058,0.0008,0.0001,42.0,0.58,0.0002918205487167264,very_rare,0.02918205487167264,very_rare,peak_abundance_with_occupancy_days_modifiers,0.0058
pacreh1,IN,0.0006997551142733419,0.0007,0.0007,resident,0.0036,0.0184,0.0169,365.0,0.36,0.0002918205487167264,very_rare,0.02918205487167264,very_rare,peak_abundance_with_occupancy_days_modifiers,0.0036
watrai1,IN,0.0006997551142733419,0.0005,0.0007,nonbreeding,0.0509,0.0541,0.0144,91.0,5.09,0.0002918205487167264,very_rare,0.02918205487167264,,peak_abundance_with_occupancy_days_modifiers,0.0509
goldcr1,IN,0.0006997551142733419,0.00035,0.0007,nonbreeding,0.0128,,,,1.28,0.0002918205487167264,very_rare,0.02918205487167264,rare,peak_abundance_with_occupancy_days_modifiers,0.0128
oricuc2,IN,0.0005998200719676155,0.0006,0.0006,prebreeding_migration,0.016,,,,1.6,0.0002501443990368907,very_rare,0.02501443990368907,rare,peak_abundance_with_occupancy_days_modifiers,0.016
gwfgoo,IN,0.0005998200719676155,0.0003666666666666666,0.0006,prebreeding_migration,0.0057,0.0433,0.0,21.0,0.5700000000000001,0.0002501443990368907,very_rare,0.02501443990368907,rare,peak_abundance_with_occupancy_days_modifiers,0.0057
ferfly1,IN,0.0005998200719676155,0.0003333333333333333,0.0006,prebreeding_migration,0.0274,0.0911,0.0914,56.0,2.74,0.0002501443990368907,very_rare,0.02501443990368907,rare,peak_abundance_with_occupancy_days_modifiers,0.0274
whtnee,IN,0.0005998200719676155,0.00045,0.0006,breeding,0.0058,0.0065,0.0052,77.0,0.58,0.0002501443990368907,very_rare,0.02501443990368907,very_rare,peak_abundance_with_occupancy_days_modifiers,0.0058
japspa1,IN,0.000574532658616957,0.0005746977341171074,0.0005746977341171074,nonbreeding,0.1302972802024035,0.0049849966121382,0.0018985617743433,14.0,13.02972802024035,0.00023959872857431586,very_rare,0.023959872857431588,rare,peak_abundance_with_occupancy_days_modifiers,0.1302972802024035
combuz6,IN,0.000499875041651048,0.00035,0.0005,prebreeding_migration,0.0195,0.0053,0.0014,70.0,1.95,0.00020846408403300828,very_rare,0.020846408403300827,rare,peak_abundance_with_occupancy_days_modifiers,0.0195
blckin1,IN,0.000499875041651048,0.0003333333333333333,0.0005,nonbreeding,0.0131,0.0743,0.1458,154.0,1.31,0.00020846408403300828,very_rare,0.020846408403300827,rare,peak_abundance_with_occupancy_days_modifiers,0.0131
chpher1,IN,0.000499875041651048,0.000375,0.0005,postbreeding_migration,0.0053,0.0101,0.0013,77.0,0.53,0.00020846408403300828,very_rare,0.020846408403300827,very_rare,peak_abundance_with_occupancy_days_modifiers,0.0053
besra1,IN,0.000499875041651048,0.0005,0.0005,resident,0.0638,0.125,0.0554,365.0,6.38,0.00020846408403300828,very_rare,0.020846408403300827,,peak_abundance_with_occupancy_days_modifiers,0.0638
brbsan,IN,0.0003999200213269354,0.00030000000000000003,0.0004,prebreeding_migration,0.0016,0.0544,0.0148,0.0,0.16,0.00016677960287238907,very_rare,0.016677960287238905,very_rare,peak_abundance_with_occupancy_days_modifiers,0.0016
swafra1,IN,0.0003999200213269354,0.0004,0.0004,resident,0.0021,0.5505,0.6895,365.0,0.21,0.00016677960287238907,very_rare,0.016677960287238905,very_rare,peak_abundance_with_occupancy_days_modifiers,0.0021
easmah1,IN,0.0003999200213269354,0.0003333333333333333,0.0004,postbreeding_migration,0.0329,0.1317,0.0096,98.0,3.29,0.00016677960287238907,very_rare,0.016677960287238905,rare,peak_abundance_with_occupancy_days_modifiers,0.0329
himsno,IN,0.00029995500899797546,0.0003,0.0003,resident,0.005,0.0793,0.0442,365.0,0.5,0.00012509095472209328,very_rare,0.012509095472209329,very_rare,peak_abundance_with_occupancy_days_modifiers,0.005
ashmin1,IN,0.00029995500899797546,0.0002,0.0003,nonbreeding,0.0062,0.0077,0.003,84.0,0.62,0.00012509095472209328,very_rare,0.012509095472209329,very_rare,peak_abundance_with_occupancy_days_modifiers,0.0062
wynlau1,IN,0.00029995500899797546,0.0003,0.0003,resident,0.0032,1.0,1.0,365.0,0.32,0.00012509095472209328,very_rare,0.012509095472209329,very_rare,peak_abundance_with_occupancy_days_modifiers,0.0032
leskes1,IN,0.00029995500899797546,0.0001333333333333333,0.0003,postbreeding_migration,0.0059,0.0011,0.0006,28.0,0.59,0.00012509095472209328,very_rare,0.012509095472209329,rare,peak_abundance_with_occupancy_days_modifiers,0.0059
jacsni,IN,0.00029995500899797546,0.0001333333333333333,0.0003,nonbreeding,0.026,0.0215,0.0448,98.0,2.6,0.00012509095472209328,very_rare,0.012509095472209329,rare,peak_abundance_with_occupancy_days_modifiers,0.026
wbbrob1,IN,0.00029995500899797546,0.0003,0.0003,resident,0.0067,0.1534,0.1776,365.0,0.67,0.00012509095472209328,very_rare,0.012509095472209329,very_rare,peak_abundance_with_occupancy_days_modifiers,0.0067
combuz1,IN,0.00029995500899797546,0.0002,0.0003,postbreeding_migration,0.0194,0.0034,0.0002,77.0,1.94,0.00012509095472209328,very_rare,0.012509095472209329,rare,peak_abundance_with_occupancy_days_modifiers,0.0194
stonec7,IN,0.00029995500899797546,0.0003,0.0003,nonbreeding,0.0034,0.009,0.0022,63.0,0.33999999999999997,0.00012509095472209328,very_rare,0.012509095472209329,very_rare,peak_abundance_with_occupancy_days_modifiers,0.0034
rebgoo1,IN,0.00029995500899797546,0.00019999999999999998,0.0003,prebreeding_migration,0.0105,,,,1.05,0.00012509095472209328,very_rare,0.012509095472209329,rare,peak_abundance_with_occupancy_days_modifiers,0.0105
tylwar1,IN,0.00019998000266626675,0.0002,0.0002,nonbreeding,0.0035,,,,0.35000000000000003,8.339813874893117e-05,very_rare,0.008339813874893118,very_rare,peak_abundance_with_occupancy_days_modifiers,0.0035
rensti,IN,0.00019998000266626675,5e-05,0.0002,nonbreeding,0.0003,0.005,0.0008,0.0,0.03,8.339813874893117e-05,very_rare,0.008339813874893118,very_rare,peak_abundance_with_occupancy_days_modifiers,0.0003
spbduc,IN,0.00019998000266626675,6.666666666666667e-05,0.0002,nonbreeding,0.0017,0.0005,0.0,0.0,0.16999999999999998,8.339813874893117e-05,very_rare,0.008339813874893118,very_rare,peak_abundance_with_occupancy_days_modifiers,0.0017
gohcis1,IN,0.00019998000266626675,0.0002,0.0002,resident,0.0039,0.0111,0.0014,365.0,0.38999999999999996,8.339813874893117e-05,very_rare,0.008339813874893118,very_rare,peak_abundance_with_occupancy_days_modifiers,0.0039
pacswa1,IN,0.00019998000266626675,0.0002,0.0002,resident,0.0004,0.0007,0.0003,0.0,0.04,8.339813874893117e-05,very_rare,0.008339813874893118,very_rare,peak_abundance_with_occupancy_days_modifiers,0.0004
sibrob,IN,0.00016330635368405884,0.00016331968889253385,0.00016331968889253385,nonbreeding,0.0360658528642208,0.0035311247629035,0.00021619834170755,0.0,3.60658528642208,6.81040392116664e-05,very_rare,0.006810403921166639,very_rare,peak_abundance_with_occupancy_days_modifiers,0.0360658528642208
arcwar1,IN,9.999500033330834e-05,3.3333333333333335e-05,0.0001,prebreeding_migration,0.0009,0.0017,0.0005,14.0,0.09,4.170115411946329e-05,very_rare,0.004170115411946329,rare,peak_abundance_with_occupancy_days_modifiers,0.0009
corplo,IN,9.999500033330834e-05,0.0001,0.0001,nonbreeding,0.0002,0.0012,0.0004,0.0,0.02,4.170115411946329e-05,very_rare,0.004170115411946329,very_rare,peak_abundance_with_occupancy_days_modifiers,0.0002
loeowl,IN,9.999500033330834e-05,0.0001,0.0001,nonbreeding,0.0134,,,,1.34,4.170115411946329e-05,very_rare,0.004170115411946329,rare,peak_abundance_with_occupancy_days_modifiers,0.0134
norgos,IN,9.999500033330834e-05,3.3333333333333335e-05,0.0001,postbreeding_migration,0.0177,,,,1.77,4.170115411946329e-05,very_rare,0.004170115411946329,rare,peak_abundance_with_occupancy_days_modifiers,0.0177
palwar5,IN,9.999500033330834e-05,3.3333333333333335e-05,0.0001,postbreeding_migration,0.0023,0.0007,0.0002,14.0,0.22999999999999998,4.170115411946329e-05,very_rare,0.004170115411946329,rare,peak_abundance_with_occupancy_days_modifiers,0.0023
cinvul1,IN,9.999500033330834e-05,0.0001,0.0001,breeding,0.0029,0.0013,0.0002,21.0,0.29,4.170115411946329e-05,very_rare,0.004170115411946329,rare,peak_abundance_with_occupancy_days_modifiers,0.0029
santer1,IN,9.999500033330834e-05,3.3333333333333335e-05,0.0001,nonbreeding,0.0012,0.0112,0.001,0.0,0.12,4.170115411946329e-05,very_rare,0.004170115411946329,very_rare,peak_abundance_with_occupancy_days_modifiers,0.0012
grfhaw1,IN,9.999500033330834e-05,5e-05,0.0001,postbreeding_migration,0.0004,0.0013,0.0004,0.0,0.04,4.170115411946329e-05,very_rare,0.004170115411946329,very_rare,peak_abundance_with_occupancy_days_modifiers,0.0004
cogwar1,IN,9.999500033330834e-05,5e-05,0.0001,nonbreeding,0.0091,0.0027,0.0013,14.0,0.91,4.170115411946329e-05,very_rare,0.004170115411946329,rare,peak_abundance_with_occupancy_days_modifiers,0.0091
whisto1,IN,9.999500033330834e-05,5e-05,0.0001,nonbreeding,0.0045,,,,0.44999999999999996,4.170115411946329e-05,very_rare,0.004170115411946329,very_rare,peak_abundance_with_occupancy_days_modifiers,0.0045
parjae,IN,9.999500033330834e-05,0.0001,0.0001,postbreeding_migration,0.0011,,,,0.11,4.170115411946329e-05,very_rare,0.004170115411946329,very_rare,peak_abundance_with_occupancy_days_modifiers,0.0011
spocra1,IN,9.999500033330834e-05,5e-05,0.0001,prebreeding_migration,0.0034,,,,0.33999999999999997,4.170115411946329e-05,very_rare,0.004170115411946329,very_rare,peak_abundance_with_occupancy_days_modifiers,0.0034
orrwar1,IN,9.999500033330834e-05,6.666666666666667e-05,0.0001,nonbreeding,0.0006,0.0037,0.0013,7.0,0.06,4.170115411946329e-05,very_rare,0.004170115411946329,very_rare,peak_abundance_with_occupancy_days_modifiers,0.0006
legshr2,IN,9.999500033330834e-05,6.666666666666667e-05,0.0001,breeding,0.0009,0.0003,0.0002,0.0,0.09,4.170115411946329e-05,very_rare,0.004170115411946329,very_rare,peak_abundance_with_occupancy_days_modifiers,0.0009
litowl1,IN,0.0,0.0,0.0,resident,0.0015,0.0005,0.0001,365.0,0.15,0.0,very_rare,0.0,very_rare,peak_abundance_with_occupancy_days_modifiers,0.0015
eurnig1,IN,0.0,0.0,0.0,postbreeding_migration,0.0038,,,,0.38,0.0,very_rare,0.0,very_rare,peak_abundance_with_occupancy_days_modifiers,0.0038
horgre,IN,0.0,0.0,0.0,nonbreeding,0.0004,,,,0.04,0.0,very_rare,0.0,very_rare,peak_abundance_with_occupancy_days_modifiers,0.0004
yellow2,IN,0.0,0.0,0.0,nonbreeding,0.0002,0.0001,0.0,0.0,0.02,0.0,very_rare,0.0,very_rare,peak_abundance_with_occupancy_days_modifiers,0.0002
retpip,IN,0.0,0.0,0.0,nonbreeding,0.0003,,,,0.03,0.0,very_rare,0.0,very_rare,peak_abundance_with_occupancy_days_modifiers,0.0003
lotsti,IN,0.0,0.0,0.0,nonbreeding,0.0005,0.0027,0.0009,0.0,0.05,0.0,very_rare,0.0,very_rare,peak_abundance_with_occupancy_days_modifiers,0.0005
lobdow,IN,0.0,0.0,0.0,prebreeding_migration,0.0001,0.0001,0.0,0.0,0.01,0.0,very_rare,0.0,very_rare,peak_abundance_with_occupancy_days_modifiers,0.0001
eurwoo,IN,0.0,0.0,0.0,breeding,0.0005,,,,0.05,0.0,very_rare,0.0,very_rare,peak_abundance_with_occupancy_days_modifiers,0.0005
tafowl1,IN,0.0,0.0,0.0,resident,0.0019,0.0718,0.0223,365.0,0.19,0.0,very_rare,0.0,very_rare,peak_abundance_with_occupancy_days_modifiers,0.0019
slbrai1,IN,0.0,0.0,0.0,resident,0.0052,0.2348,0.0183,365.0,0.52,0.0,very_rare,0.0,very_rare,peak_abundance_with_occupancy_days_modifiers,0.0052
rebmer,IN,0.0,0.0,0.0,nonbreeding,0.0,0.0001,0.0,0.0,0.0,0.0,very_rare,0.0,very_rare,peak_abundance_with_occupancy_days_modifiers,0.0
smew,IN,0.0,0.0,0.0,nonbreeding,0.0004,0.0021,0.0,0.0,0.04,0.0,very_rare,0.0,very_rare,peak_abundance_with_occupancy_days_modifiers,0.0004
tawowl1,IN,0.0,0.0,0.0,resident,0.0007,0.0009,0.0001,0.0,0.06999999999999999,0.0,very_rare,0.0,very_rare,peak_abundance_with_occupancy_days_modifiers,0.0007
manduc,IN,0.0,0.0,0.0,nonbreeding,0.0001,0.0008,0.0,0.0,0.01,0.0,very_rare,0.0,very_rare,peak_abundance_with_occupancy_days_modifiers,0.0001
casgul2,IN,0.0,0.0,0.0,breeding,0.0,0.0001,0.0,0.0,0.0,0.0,very_rare,0.0,very_rare,peak_abundance_with_occupancy_days_modifiers,0.0
pecsan,IN,0.0,0.0,0.0,postbreeding_migration,0.0005,0.0003,0.0,0.0,0.05,0.0,very_rare,0.0,very_rare,peak_abundance_with_occupancy_days_modifiers,0.0005
rtrthr1,IN,0.0,0.0,0.0,postbreeding_migration,0.0001,,,,0.01,0.0,very_rare,0.0,very_rare,peak_abundance_with_occupancy_days_modifiers,0.0001
