species_code,country_code,abundance,abundance_mean_avg,abundance_mean_max,peak_season,range_occupied_percent,range_total_percent,total_pop_percent,range_days_occupation,occupancy,score,frequency,frequency_pct,rarity_cap,commonness_basis,debug_range_occupied_max
turvul,CR,1.6265309898602778,2.135975,4.0862,postbreeding_migration,0.9966,0.0027,0.0095,126.0,99.66000000000001,0.6783161084270782,common,67.83161084270782,,peak_abundance_with_occupancy_days_modifiers,0.9966
buwtea,CR,1.6058916318074405,2.373666666666667,3.9823,nonbreeding,0.1521,0.011,0.0917,147.0,15.21,0.6697088275808422,common,66.97088275808422,,peak_abundance_with_occupancy_days_modifiers,0.1521
blkvul,CR,1.3207686862396832,2.7463,2.7463,resident,0.9766,0.0031,0.0082,365.0,97.66,0.5508033237407951,common,55.08033237407951,,peak_abundance_with_occupancy_days_modifiers,0.9766
categr1,CR,1.1665420602224177,1.6288846990138701,2.210870423078944,nonbreeding,0.4748648287072879,0.0026700474573756,0.0035043520591431,140.0,47.48648287072879,0.4864858250715219,common,48.64858250715219,,peak_abundance_with_occupancy_days_modifiers,0.4748648287072879
bbwduc,CR,1.1315311354252193,1.603475,2.1004,prebreeding_migration,0.2951,0.0046,0.0149,161.0,29.509999999999998,0.47188513537737187,common,47.18851353773719,,peak_abundance_with_occupancy_days_modifiers,0.2951
orcpar,CR,1.0387915103495704,1.8258,1.8258,resident,0.7445,0.0626,0.122,365.0,74.45,0.43320970775228607,common,43.32097077522861,,peak_abundance_with_occupancy_days_modifiers,0.7445
barswa,CR,0.8231222569816907,0.7375750000000001,1.2776,postbreeding_migration,0.6003,0.0005,0.0005,154.0,60.029999999999994,0.3432686432635975,common,34.326864326359754,,peak_abundance_with_occupancy_days_modifiers,0.6003
swahaw,CR,0.7610861635681382,0.6176666666666667,1.1406,prebreeding_migration,0.8808,0.0316,0.064,112.0,88.08,0.31739758287272574,common,31.739758287272572,,peak_abundance_with_occupancy_days_modifiers,0.8808
grekis,CR,0.6991292522374928,1.012,1.012,resident,0.8224,0.0036,0.0051,365.0,82.24000000000001,0.2915595439752467,common,29.15595439752467,,peak_abundance_with_occupancy_days_modifiers,0.8224
clcrob,CR,0.6849637877519259,0.9837,0.9837,resident,0.9283,0.0567,0.0748,365.0,92.83,0.2856520864451955,common,28.56520864451955,,peak_abundance_with_occupancy_days_modifiers,0.9283
trokin,CR,0.6826927226560864,0.862675,0.9792,nonbreeding,0.8785,0.0035,0.007,119.0,87.85,0.28470497873719747,fairly_common,28.470497873719747,,peak_abundance_with_occupancy_days_modifiers,0.8785
grtgra,CR,0.6774750111656497,0.906275,0.9689,prebreeding_migration,0.5805,0.0285,0.018,126.0,58.050000000000004,0.28252902403657887,fairly_common,28.252902403657888,,peak_abundance_with_occupancy_days_modifiers,0.5805
brwhaw,CR,0.6674190319872141,0.6421333333333333,0.9492,prebreeding_migration,0.8915,0.0468,0.091,98.0,89.14999999999999,0.27833535499168344,fairly_common,27.833535499168345,,peak_abundance_with_occupancy_days_modifiers,0.8915
y00599,CR,0.659745503925915,0.9343,0.9343,resident,0.6114,0.1668,0.3125,365.0,61.14000000000001,0.2751352452336188,common,27.51352452336188,,peak_abundance_with_occupancy_days_modifiers,0.6114
varsee3,CR,0.6559643894322293,0.927,0.927,resident,0.7151,0.0777,0.1536,365.0,71.50999999999999,0.2735583980140682,common,27.355839801406823,,peak_abundance_with_occupancy_days_modifiers,0.7151
crfpar,CR,0.6484635729333053,0.9126,0.9126,resident,0.5688,0.2708,0.3971,365.0,56.879999999999995,0.2704303145718874,common,27.04303145718874,,peak_abundance_with_occupancy_days_modifiers,0.5688
brnpel,CR,0.6391660666934318,0.66115,0.8949,nonbreeding,0.098,0.0207,0.0287,161.0,9.8,0.26655295331039114,fairly_common,26.655295331039113,,peak_abundance_with_occupancy_days_modifiers,0.098
grbani,CR,0.6235827171740362,0.8259000000000001,0.8656,prebreeding_migration,0.7147,0.0276,0.0398,133.0,71.47,0.2600541917939178,fairly_common,26.00541917939178,,peak_abundance_with_occupancy_days_modifiers,0.7147
cliswa,CR,0.6002640530798894,0.3673333333333333,0.8226,postbreeding_migration,0.7347,0.0044,0.0064,126.0,73.47,0.250329553541917,fairly_common,25.0329553541917,,peak_abundance_with_occupancy_days_modifiers,0.7347
rewbla,CR,0.5550912820639768,0.589575,0.7421,nonbreeding,0.2007,0.0027,0.001,126.0,20.07,0.2314910448178911,fairly_common,23.14910448178911,,peak_abundance_with_occupancy_days_modifiers,0.2007
whcswi,CR,0.5547468108239189,0.7415,0.7415,resident,0.6497,0.0109,0.0129,365.0,64.97,0.23134738915287284,common,23.134738915287283,,peak_abundance_with_occupancy_days_modifiers,0.6497
bugtan,CR,0.552044339581945,0.7368,0.7368,resident,0.6911,0.006,0.0157,365.0,69.11,0.23022037110807728,common,23.022037110807727,,peak_abundance_with_occupancy_days_modifiers,0.6911
easkin,CR,0.5086232002107907,0.40515,0.663,prebreeding_migration,0.7481,0.0052,0.0222,70.0,74.81,0.21211234951775923,fairly_common,21.21123495177592,,peak_abundance_with_occupancy_days_modifiers,0.7481
blbgra1,CR,0.5036197235156614,0.6547,0.6547,resident,0.6791,0.0035,0.0047,365.0,67.91,0.21002573766615404,common,21.002573766615402,,peak_abundance_with_occupancy_days_modifiers,0.6791
magfri,CR,0.46706180632481487,0.5075,0.5953,prebreeding_migration,0.1021,0.0212,0.0301,140.0,10.209999999999999,0.1947799020345657,fairly_common,19.477990203456567,,peak_abundance_with_occupancy_days_modifiers,0.1021
whtdov,CR,0.4561582224236825,0.578,0.578,resident,0.7799,0.0038,0.0059,365.0,77.99000000000001,0.19023275436518153,common,19.02327543651815,,peak_abundance_with_occupancy_days_modifiers,0.7799
rugdov,CR,0.44628710262841953,0.5625,0.5625,resident,0.5522,0.0036,0.0041,365.0,55.22,0.18611617767092783,common,18.611617767092785,,peak_abundance_with_occupancy_days_modifiers,0.5522
socfly1,CR,0.4460950841940599,0.5622,0.5622,resident,0.7866,0.0065,0.0199,365.0,78.66,0.1860360997640493,common,18.60360997640493,,peak_abundance_with_occupancy_days_modifiers,0.7866
whfpar1,CR,0.431522642427454,0.5396,0.5396,resident,0.3582,0.0407,0.0626,365.0,35.82,0.17995891952523108,fairly_common,17.995891952523106,,peak_abundance_with_occupancy_days_modifiers,0.3582
houwre,CR,0.4297023324722099,0.45652499999999996,0.5368,prebreeding_migration,0.7673,0.0023,0.0038,126.0,76.73,0.17919979131146221,fairly_common,17.91997913114622,,peak_abundance_with_occupancy_days_modifiers,0.7673
orfpar,CR,0.41765714887352634,0.5184,0.5184,resident,0.2389,0.0708,0.1018,365.0,23.89,0.17417655959015912,fairly_common,17.417655959015914,,peak_abundance_with_occupancy_days_modifiers,0.2389
monoro1,CR,0.41104948640206496,0.5084,0.5084,resident,0.4838,0.0872,0.1044,365.0,48.38,0.17142095030796137,fairly_common,17.14209503079614,,peak_abundance_with_occupancy_days_modifiers,0.4838
bawswa1,CR,0.3913661837286627,0.41755,0.479,breeding,0.3431,0.0061,0.0111,133.0,34.31,0.1632123755229452,fairly_common,16.32123755229452,,peak_abundance_with_occupancy_days_modifiers,0.3431
whwdov,CR,0.3873690238387556,0.366875,0.4731,breeding,0.3615,0.0103,0.0064,119.0,36.15,0.16154543037515215,fairly_common,16.154543037515214,,peak_abundance_with_occupancy_days_modifiers,0.3615
whcpar,CR,0.3868258038892258,0.4723,0.4723,resident,0.5814,0.1151,0.1215,365.0,58.14,0.16131889006053035,common,16.131889006053036,,peak_abundance_with_occupancy_days_modifiers,0.5814
rtlhum,CR,0.38655408321640394,0.4719,0.4719,resident,0.702,0.0578,0.1167,365.0,70.19999999999999,0.16120557373854405,common,16.120557373854403,,peak_abundance_with_occupancy_days_modifiers,0.702
balori,CR,0.374937169739206,0.2719666666666667,0.4549,nonbreeding,0.844,0.0467,0.1189,119.0,84.39999999999999,0.15636094453017962,fairly_common,15.636094453017963,,peak_abundance_with_occupancy_days_modifiers,0.844
tenwar,CR,0.36603103886275734,0.23926666666666666,0.442,nonbreeding,0.9349,0.0623,0.1159,98.0,93.49,0.15264679947243692,fairly_common,15.264679947243692,,peak_abundance_with_occupancy_days_modifiers,0.9349
cotfly1,CR,0.3567649398889754,0.4287,0.4287,resident,0.6626,0.0066,0.0129,365.0,66.25999999999999,0.1487825360582269,common,14.878253605822689,,peak_abundance_with_occupancy_days_modifiers,0.6626
greegr,CR,0.34117544489178087,0.34475,0.4066,nonbreeding,0.4151,0.0007,0.0013,133.0,41.510000000000005,0.14228121167845054,fairly_common,14.228121167845053,,peak_abundance_with_occupancy_days_modifiers,0.4151
compau,CR,0.3334677276009142,0.3958,0.3958,resident,0.8145,0.0035,0.0065,365.0,81.45,0.13906684390421836,common,13.906684390421836,,peak_abundance_with_occupancy_days_modifiers,0.8145
hofwoo1,CR,0.33210557375370364,0.3939,0.3939,resident,0.4504,0.2669,0.3558,365.0,45.04,0.13849878162782842,fairly_common,13.849878162782842,,peak_abundance_with_occupancy_days_modifiers,0.4504
melbla1,CR,0.3209959514817144,0.3785,0.3785,resident,0.6893,0.0508,0.0292,365.0,68.93,0.13386570928392072,common,13.386570928392072,,peak_abundance_with_occupancy_days_modifiers,0.6893
whcsee1,CR,0.31247224125899975,0.3668,0.3668,resident,0.5436,0.0517,0.046,365.0,54.36,0.13031104602593468,common,13.03110460259347,,peak_abundance_with_occupancy_days_modifiers,0.5436
dickci,CR,0.3083666636446136,0.1940666666666667,0.3612,postbreeding_migration,0.4606,0.0131,0.0135,126.0,46.06,0.1285988871752294,fairly_common,12.85988871752294,,peak_abundance_with_occupancy_days_modifiers,0.4606
oltpar1,CR,0.30306317449008324,0.354,0.354,resident,0.2303,0.0292,0.039,365.0,23.03,0.12638716041022308,fairly_common,12.638716041022308,,peak_abundance_with_occupancy_days_modifiers,0.2303
gohtan1,CR,0.3019547317384995,0.3525,0.3525,resident,0.5419,0.1169,0.1907,365.0,54.190000000000005,0.12592490387877325,common,12.592490387877325,,peak_abundance_with_occupancy_days_modifiers,0.5419
lesgre1,CR,0.3019547317384995,0.3525,0.3525,resident,0.7588,0.0988,0.1078,365.0,75.88000000000001,0.12592490387877325,common,12.592490387877325,,peak_abundance_with_occupancy_days_modifiers,0.7588
blkter,CR,0.2963940130538024,0.273775,0.345,nonbreeding,0.0679,0.0008,0.0111,133.0,6.79,0.1236059040676565,fairly_common,12.360590406765649,,peak_abundance_with_occupancy_days_modifiers,0.0679
incdov,CR,0.29363929292590757,0.3413,0.3413,resident,0.283,0.0168,0.0212,365.0,28.299999999999997,0.12245709654501599,fairly_common,12.2457096545016,,peak_abundance_with_occupancy_days_modifiers,0.283
brocow,CR,0.29110122049743653,0.3379,0.3379,resident,0.7079,0.0189,0.0209,365.0,70.78999999999999,0.12139863813056274,common,12.139863813056275,,peak_abundance_with_occupancy_days_modifiers,0.7079
yeceup1,CR,0.2908021997880246,0.3375,0.3375,resident,0.6025,0.1746,0.2328,365.0,60.25,0.1212739368090313,common,12.127393680903129,,peak_abundance_with_occupancy_days_modifiers,0.6025
yefgra1,CR,0.2869067719840292,0.3323,0.3323,resident,0.4233,0.0391,0.0386,365.0,42.33,0.11964941723631067,fairly_common,11.964941723631068,,peak_abundance_with_occupancy_days_modifiers,0.4233
butsal1,CR,0.28322214172968757,0.3274,0.3274,resident,0.6264,0.0047,0.0173,365.0,62.63999999999999,0.1181128070698284,common,11.811280706982838,,peak_abundance_with_occupancy_days_modifiers,0.6264
gybmar,CR,0.2795238847503174,0.265,0.3225,prebreeding_migration,0.4814,0.0028,0.0054,112.0,48.14,0.11657051411762027,fairly_common,11.657051411762028,,peak_abundance_with_occupancy_days_modifiers,0.4814
chswar,CR,0.27025611862840254,0.19063333333333332,0.3103,nonbreeding,0.7469,0.0762,0.1799,133.0,74.69,0.11270555544863753,fairly_common,11.270555544863752,,peak_abundance_with_occupancy_days_modifiers,0.7469
batpig1,CR,0.2592054344592317,0.233725,0.2959,breeding,0.1297,0.0159,0.027,112.0,12.97,0.10809706220269416,fairly_common,10.809706220269415,,peak_abundance_with_occupancy_days_modifiers,0.1297
blsspa1,CR,0.25688775727837054,0.2929,0.2929,resident,0.5702,0.0638,0.1134,365.0,57.02,0.10713051574541017,common,10.713051574541018,,peak_abundance_with_occupancy_days_modifiers,0.5702
yeofly1,CR,0.2528576812976011,0.2877,0.2877,resident,0.7494,0.0053,0.0194,365.0,74.94,0.10544984352152853,common,10.544984352152852,,peak_abundance_with_occupancy_days_modifiers,0.7494
banswa,CR,0.2485773525710199,0.12663333333333335,0.2822,postbreeding_migration,0.525,,,,52.5,0.10366480779660044,fairly_common,10.366480779660044,,peak_abundance_with_occupancy_days_modifiers,0.525
bobfly1,CR,0.24764102291459722,0.281,0.281,resident,0.8677,0.0046,0.0102,365.0,86.77,0.10327432800082109,common,10.327432800082109,,peak_abundance_with_occupancy_days_modifiers,0.8677
sittan1,CR,0.24035458804456408,0.2717,0.2717,resident,0.2656,0.3022,0.4426,365.0,26.56,0.10023564864201413,fairly_common,10.023564864201413,,peak_abundance_with_occupancy_days_modifiers,0.2656
norjac,CR,0.2393318115107342,0.2704,0.2704,resident,0.2536,0.0784,0.083,365.0,25.36,0.09980911769821844,fairly_common,9.980911769821844,,peak_abundance_with_occupancy_days_modifiers,0.2536
yegvir,CR,0.23657297162587054,0.12610000000000002,0.2669,breeding,0.4792,0.0289,0.0651,140.0,47.92,0.09865859210347719,fairly_common,9.865859210347718,,peak_abundance_with_occupancy_days_modifiers,0.4792
brnjay,CR,0.23222221524741382,0.2614,0.2614,resident,0.3147,0.0344,0.0243,365.0,31.47,0.09684418576646507,fairly_common,9.684418576646507,,peak_abundance_with_occupancy_days_modifiers,0.3147
yebela1,CR,0.23095297820569158,0.2598,0.2598,resident,0.6037,0.0058,0.009,365.0,60.370000000000005,0.09631487280767141,common,9.631487280767141,,peak_abundance_with_occupancy_days_modifiers,0.6037
snoegr,CR,0.22912562299175723,0.16817500000000002,0.2575,nonbreeding,0.2693,0.0022,0.0036,119.0,26.93,0.0955528064928228,fairly_common,9.55528064928228,,peak_abundance_with_occupancy_days_modifiers,0.2693
roahaw,CR,0.2284892376389618,0.2567,0.2567,resident,0.7163,0.0028,0.0049,365.0,71.63000000000001,0.09528741318727914,common,9.528741318727914,,peak_abundance_with_occupancy_days_modifiers,0.7163
miskit,CR,0.22761354598566144,0.24819999999999998,0.2556,postbreeding_migration,0.2255,0.0073,0.0322,91.0,22.55,0.09492222140295306,fairly_common,9.492222140295306,,peak_abundance_with_occupancy_days_modifiers,0.2255
rebpig1,CR,0.2270558881341254,0.2549,0.2549,resident,0.5445,0.0397,0.0441,365.0,54.449999999999996,0.0946896600155305,common,9.468966001553051,,peak_abundance_with_occupancy_days_modifiers,0.5445
wtmjay1,CR,0.22530122186800916,0.2527,0.2527,resident,0.2012,0.0495,0.0763,365.0,20.119999999999997,0.09395790734642055,fairly_common,9.395790734642055,,peak_abundance_with_occupancy_days_modifiers,0.2012
sumtan,CR,0.22362343615106048,0.1617,0.2506,nonbreeding,0.9245,0.019,0.0448,98.0,92.45,0.09325821635658399,fairly_common,9.325821635658398,,peak_abundance_with_occupancy_days_modifiers,0.9245
woosto,CR,0.22098121514952637,0.2056,0.2473,postbreeding_migration,0.183,0.0029,0.0071,161.0,18.3,0.0921563246136429,fairly_common,9.21563246136429,,peak_abundance_with_occupancy_days_modifiers,0.183
vauswi,CR,0.22090103876142972,0.17069999999999996,0.2472,nonbreeding,0.5531,0.044,0.0341,140.0,55.31,0.09212288846277919,fairly_common,9.21228884627792,,peak_abundance_with_occupancy_days_modifiers,0.5531
nrwswa,CR,0.21953705572009805,0.21300000000000002,0.2455,nonbreeding,0.6121,0.0353,0.0151,140.0,61.21,0.09155406335319052,fairly_common,9.155406335319052,,peak_abundance_with_occupancy_days_modifiers,0.6121
paltan1,CR,0.21744735876932877,0.2429,0.2429,resident,0.5454,0.0034,0.0058,365.0,54.54,0.09068259203645926,common,9.068259203645926,,peak_abundance_with_occupancy_days_modifiers,0.5454
fibara1,CR,0.21730559401766553,0.2427238130790004,0.2427238130790004,resident,0.3299286639199835,0.8995565743523498,0.9575801334237262,365.0,32.99286639199835,0.09062347154305343,fairly_common,9.062347154305343,,peak_abundance_with_occupancy_days_modifiers,0.3299286639199835
cobtan1,CR,0.21591750622247016,0.241,0.241,resident,0.1619,0.0349,0.0634,365.0,16.189999999999998,0.09004459397031633,fairly_common,9.004459397031633,,peak_abundance_with_occupancy_days_modifiers,0.1619
reevir1,CR,0.2103419594770008,0.1035,0.2341,postbreeding_migration,0.8947,0.0044,0.0073,119.0,89.47,0.08771941037755554,fairly_common,8.771941037755553,,peak_abundance_with_occupancy_days_modifiers,0.8947
srwswa1,CR,0.20097973861248797,0.18864999999999998,0.2226,breeding,0.6546,0.0028,0.0035,224.0,65.46,0.08381506102138576,common,8.381506102138577,,peak_abundance_with_occupancy_days_modifiers,0.6546
bkmtou1,CR,0.20032518123352952,0.2218,0.2218,resident,0.4039,0.0903,0.1431,365.0,40.39,0.08354208939231436,fairly_common,8.354208939231436,,peak_abundance_with_occupancy_days_modifiers,0.4039
grhcha1,CR,0.1986869108802189,0.2198,0.2198,resident,0.4055,0.1853,0.3559,365.0,40.550000000000004,0.08285887758907379,fairly_common,8.285887758907378,,peak_abundance_with_occupancy_days_modifiers,0.4055
bknsti,CR,0.19794881267965372,0.1613,0.2189,nonbreeding,0.0883,0.0013,0.0023,140.0,8.83,0.08255106673138618,fairly_common,8.255106673138618,,peak_abundance_with_occupancy_days_modifiers,0.0883
swathr,CR,0.1973743594202472,0.1345,0.2182,postbreeding_migration,0.8625,0.0298,0.0157,91.0,86.25,0.08231150111485439,fairly_common,8.231150111485439,,peak_abundance_with_occupancy_days_modifiers,0.8625
sthwoo1,CR,0.1957312437038723,0.2162,0.2162,resident,0.7093,0.0585,0.1015,365.0,70.93,0.0816262686382678,common,8.16262686382678,,peak_abundance_with_occupancy_days_modifiers,0.7093
sctfly,CR,0.19367354513017876,0.1318,0.2137,nonbreeding,0.2217,0.0697,0.0825,91.0,22.17,0.08076814168125013,fairly_common,8.076814168125013,,peak_abundance_with_occupancy_days_modifiers,0.2217
olbeup1,CR,0.1885521065445907,0.2075,0.2075,resident,0.2756,0.1116,0.1937,365.0,27.560000000000002,0.07863233590036994,fairly_common,7.8632335900369945,,peak_abundance_with_occupancy_days_modifiers,0.2756
banana,CR,0.18780648702452432,0.2066,0.2066,resident,0.5838,0.0037,0.0059,365.0,58.379999999999995,0.07832138840882402,common,7.832138840882402,,peak_abundance_with_occupancy_days_modifiers,0.5838
sthspa1,CR,0.18706031114112806,0.2057,0.2057,resident,0.203,0.0514,0.0651,365.0,20.3,0.07801020889574821,fairly_common,7.801020889574821,,peak_abundance_with_occupancy_days_modifiers,0.203
pavpig2,CR,0.18681146206680668,0.2054,0.2054,resident,0.263,0.0018,0.0044,365.0,26.3,0.07790643077118027,fairly_common,7.790643077118027,,peak_abundance_with_occupancy_days_modifiers,0.263
soulap1,CR,0.18614756162748364,0.16765000000000002,0.2046,prebreeding_migration,0.4491,0.0019,0.0006,175.0,44.91,0.0776295627833018,fairly_common,7.762956278330179,,peak_abundance_with_occupancy_days_modifiers,0.4491
whcman1,CR,0.186064543072789,0.2045,0.2045,resident,0.3244,0.0993,0.149,365.0,32.440000000000005,0.07759494135690484,fairly_common,7.759494135690484,,peak_abundance_with_occupancy_days_modifiers,0.3244
brhpar1,CR,0.18531706577375312,0.2036,0.2036,resident,0.2904,0.1343,0.1523,365.0,29.04,0.0772832191113526,fairly_common,7.728321911135259,,peak_abundance_with_occupancy_days_modifiers,0.2904
cogdov,CR,0.1844027229977792,0.2025,0.2025,resident,0.2579,0.0061,0.0102,365.0,25.790000000000003,0.07690190855690676,fairly_common,7.690190855690676,,peak_abundance_with_occupancy_days_modifiers,0.2579
pirfly1,CR,0.18332105712703814,0.10042499999999999,0.2012,prebreeding_migration,0.7294,0.0054,0.0229,112.0,72.94,0.07645081885210961,fairly_common,7.645081885210961,,peak_abundance_with_occupancy_days_modifiers,0.7294
neocor,CR,0.18332105712703814,0.2012,0.2012,resident,0.1414,0.0021,0.0018,365.0,14.14,0.07645081885210961,fairly_common,7.645081885210961,,peak_abundance_with_occupancy_days_modifiers,0.1414
squcuc1,CR,0.17965132823807575,0.1968,0.1968,resident,0.8475,0.0036,0.0056,365.0,84.75,0.07492042303766698,fairly_common,7.492042303766698,,peak_abundance_with_occupancy_days_modifiers,0.8475
barpar1,CR,0.1795677685973336,0.1967,0.1967,resident,0.082,0.0945,0.5302,365.0,8.200000000000001,0.07488557596086173,uncommon,7.488557596086173,,peak_abundance_with_occupancy_days_modifiers,0.082
libher,CR,0.1793170477736559,0.126225,0.1964,nonbreeding,0.3331,0.009,0.0168,133.0,33.31,0.07478101725618351,uncommon,7.478101725618351,,peak_abundance_with_occupancy_days_modifiers,0.3331
corswi,CR,0.17354008963094394,0.189508372765414,0.189508372765414,resident,0.1973608836921585,0.9773624423508984,0.9815203989597427,365.0,19.73608836921585,0.07237183858677064,uncommon,7.237183858677064,,peak_abundance_with_occupancy_days_modifiers,0.1973608836921585
trogna2,CR,0.1693207446167031,0.1845,0.1845,resident,0.6983,0.0784,0.0603,365.0,69.83,0.07061223504523773,fairly_common,7.061223504523772,,peak_abundance_with_occupancy_days_modifiers,0.6983
brratt1,CR,0.16796905056955413,0.1829,0.1829,resident,0.7758,0.0073,0.0108,365.0,77.58,0.07004853484428133,fairly_common,7.004853484428134,,peak_abundance_with_occupancy_days_modifiers,0.7758
yetvir,CR,0.1678845089961851,0.1107,0.1828,nonbreeding,0.8749,0.0593,0.1013,98.0,87.49,0.07001327826976449,uncommon,7.001327826976449,,peak_abundance_with_occupancy_days_modifiers,0.8749
banwre1,CR,0.16712331303605787,0.1819,0.1819,resident,0.1884,0.074,0.1407,365.0,18.84,0.0696958348981701,uncommon,6.96958348981701,,peak_abundance_with_occupancy_days_modifiers,0.1884
rucspa1,CR,0.16695407966283282,0.1817,0.1817,resident,0.1815,0.0014,0.0007,365.0,18.15,0.0696252590998253,uncommon,6.96252590998253,,peak_abundance_with_occupancy_days_modifiers,0.1815
ducfly,CR,0.166869452235033,0.154525,0.1816,breeding,0.8084,0.0069,0.0131,133.0,80.84,0.06958996672122984,uncommon,6.958996672122984,,peak_abundance_with_occupancy_days_modifiers,0.8084
rthhum,CR,0.15896763109564555,0.077,0.1723,nonbreeding,0.6746,0.0333,0.0608,91.0,67.46,0.0662946513548644,uncommon,6.62946513548644,,peak_abundance_with_occupancy_days_modifiers,0.6746
mastit1,CR,0.15572087499677562,0.1685,0.1685,resident,0.7372,0.0091,0.0166,365.0,73.72,0.06494064889458148,fairly_common,6.494064889458148,,peak_abundance_with_occupancy_days_modifiers,0.7372
laugul,CR,0.1553784971795134,0.079975,0.1681,nonbreeding,0.0827,0.0183,0.0049,161.0,8.27,0.06479786625467794,uncommon,6.479786625467794,,peak_abundance_with_occupancy_days_modifiers,0.0827
rucwar4,CR,0.1553784971795134,0.1681,0.1681,resident,0.2645,0.0656,0.1276,365.0,26.450000000000003,0.06479786625467794,uncommon,6.479786625467794,,peak_abundance_with_occupancy_days_modifiers,0.2645
kebtou1,CR,0.15520726430238269,0.1679,0.1679,resident,0.415,0.0641,0.0531,365.0,41.5,0.06472645659843769,uncommon,6.472645659843769,,peak_abundance_with_occupancy_days_modifiers,0.415
barant1,CR,0.1536648475441501,0.1661,0.1661,resident,0.5599,0.0037,0.0051,365.0,55.989999999999995,0.06408321884917911,fairly_common,6.408321884917911,,peak_abundance_with_occupancy_days_modifiers,0.5599
gbwwre1,CR,0.15246354312646915,0.1647,0.1647,resident,0.1538,0.0249,0.055,365.0,15.379999999999999,0.06358223599504516,uncommon,6.358223599504516,,peak_abundance_with_occupancy_days_modifiers,0.1538
rivwre1,CR,0.15147849560814067,0.1635532800349544,0.1635532800349544,resident,0.2714670256887381,0.968425477650112,0.9791364829541964,365.0,27.14670256887381,0.0631714392728101,uncommon,6.317143927281011,,peak_abundance_with_occupancy_days_modifiers,0.2714670256887381
paltyr3,CR,0.15117482779711788,0.1632,0.1632,resident,0.5975,0.2208,0.3443,365.0,59.75,0.06304479995938068,fairly_common,6.304479995938069,,peak_abundance_with_occupancy_days_modifiers,0.5975
relhon1,CR,0.15005659620667913,0.1619,0.1619,resident,0.5545,0.0073,0.0175,365.0,55.45,0.06257846116505386,fairly_common,6.2578461165053865,,peak_abundance_with_occupancy_days_modifiers,0.5545
leasan,CR,0.14660801963609033,0.1115,0.1579,postbreeding_migration,0.0788,0.0044,0.0052,147.0,7.88,0.06114029303081157,uncommon,6.114029303081157,,peak_abundance_with_occupancy_days_modifiers,0.0788
blcwoo1,CR,0.143667349812413,0.1545,0.1545,resident,0.2756,0.0769,0.1397,365.0,27.560000000000002,0.05991393846185436,uncommon,5.991393846185436,,peak_abundance_with_occupancy_days_modifiers,0.2756
y00678,CR,0.143667349812413,0.1545,0.1545,resident,0.592,0.0029,0.0013,365.0,59.199999999999996,0.05991393846185436,fairly_common,5.991393846185436,,peak_abundance_with_occupancy_days_modifiers,0.592
meapar,CR,0.14175994503783174,0.1523,0.1523,resident,0.2104,0.0024,0.0037,365.0,21.04,0.05911848888729664,uncommon,5.911848888729664,,peak_abundance_with_occupancy_days_modifiers,0.2104
blhtro1,CR,0.14175994503783174,0.1523,0.1523,resident,0.2465,0.042,0.0688,365.0,24.65,0.05911848888729664,uncommon,5.911848888729664,,peak_abundance_with_occupancy_days_modifiers,0.2465
bncfly,CR,0.1416731583161457,0.120225,0.1522,prebreeding_migration,0.4204,0.0027,0.0051,140.0,42.04,0.05908229601320812,uncommon,5.908229601320812,,peak_abundance_with_occupancy_days_modifiers,0.4204
lotman1,CR,0.13941405578267813,0.1496,0.1496,resident,0.2029,0.2985,0.4644,365.0,20.29,0.05814017708120352,uncommon,5.8140177081203515,,peak_abundance_with_occupancy_days_modifiers,0.2029
shbpig,CR,0.13810840211762923,0.1481,0.1481,resident,0.3345,0.1291,0.1504,365.0,33.45,0.05759567721089631,uncommon,5.759567721089631,,peak_abundance_with_occupancy_days_modifiers,0.3345
istwre1,CR,0.13649925397417909,0.1462540226403501,0.1462540226403501,resident,0.2882389699227026,0.2083337732630987,0.2595328122802509,365.0,28.82389699227026,0.056924610312477475,uncommon,5.692461031247747,,peak_abundance_with_occupancy_days_modifiers,0.2882389699227026
whiibi,CR,0.13645212313550004,0.134375,0.1462,breeding,0.1434,0.0153,0.0061,105.0,14.34,0.05690495522611327,uncommon,5.690495522611327,,peak_abundance_with_occupancy_days_modifiers,0.1434
swtkit,CR,0.13522994926010412,0.10272500000000001,0.1448,breeding,0.4428,0.0037,0.0084,98.0,44.28,0.056395269132120715,uncommon,5.639526913212071,,peak_abundance_with_occupancy_days_modifiers,0.4428
eawpew,CR,0.13479309634153203,0.051100000000000007,0.1443,postbreeding_migration,0.9183,0.0112,0.0072,126.0,91.83,0.056213087314787955,uncommon,5.621308731478796,,peak_abundance_with_occupancy_days_modifiers,0.9183
norwat,CR,0.13453089295760615,0.09473333333333334,0.144,nonbreeding,0.7899,0.0224,0.0504,147.0,78.99000000000001,0.056103740010549755,uncommon,5.610374001054976,,peak_abundance_with_occupancy_days_modifiers,0.7899
manswa1,CR,0.13418118146601968,0.1436,0.1436,resident,0.2462,0.079,0.0575,365.0,24.62,0.055957898990904927,uncommon,5.595789899090493,,peak_abundance_with_occupancy_days_modifiers,0.2462
yeltyr1,CR,0.13216796357741728,0.1413,0.1413,resident,0.3895,0.0107,0.0421,365.0,38.95,0.055118321920363006,uncommon,5.511832192036301,,peak_abundance_with_occupancy_days_modifiers,0.3895
chbant1,CR,0.1321449952086202,0.1412737865017337,0.1412737865017337,resident,0.2648277252864926,0.0893759624236327,0.10725406702399,365.0,26.482772528649264,0.05510874336659646,uncommon,5.510874336659646,,peak_abundance_with_occupancy_days_modifiers,0.2648277252864926
linwoo1,CR,0.1310282624064041,0.14,0.14,resident,0.7177,0.0036,0.0066,365.0,71.77,0.05464302961550641,fairly_common,5.464302961550641,,peak_abundance_with_occupancy_days_modifiers,0.7177
tropew4,CR,0.1286677872580074,0.1373122317838523,0.1373122317838523,resident,0.6484542306604183,0.0551624601739327,0.0732496788163864,365.0,64.84542306604183,0.05365863501947297,fairly_common,5.365863501947297,,peak_abundance_with_occupancy_days_modifiers,0.6484542306604183
tubmot1,CR,0.12742528825523886,0.1359,0.1359,resident,0.2115,0.0574,0.1221,365.0,21.15,0.05314047268900615,uncommon,5.314047268900615,,peak_abundance_with_occupancy_days_modifiers,0.2115
strfly1,CR,0.12724920091546355,0.090025,0.1357,postbreeding_migration,0.6536,0.0026,0.011,112.0,65.36,0.053067038564600134,uncommon,5.306703856460014,,peak_abundance_with_occupancy_days_modifiers,0.6536
yenpar1,CR,0.12645642395255924,0.1348,0.1348,resident,0.1457,0.1454,0.2525,365.0,14.57,0.052736424891894125,uncommon,5.273642489189412,,peak_abundance_with_occupancy_days_modifiers,0.1457
grnher,CR,0.12566301799565704,0.11967499999999999,0.1339,postbreeding_migration,0.3582,0.0249,0.0398,119.0,35.82,0.052405548908316925,uncommon,5.240554890831692,,peak_abundance_with_occupancy_days_modifiers,0.3582
screup1,CR,0.12478071689730584,0.1329,0.1329,resident,0.2142,0.0245,0.0676,365.0,21.42,0.05203760077131533,uncommon,5.203760077131533,,peak_abundance_with_occupancy_days_modifiers,0.2142
grcfly1,CR,0.12442757837505204,0.1325,0.1325,resident,0.4,0.0132,0.0342,365.0,40.0,0.051890330568875806,uncommon,5.18903305688758,,peak_abundance_with_occupancy_days_modifiers,0.4
laufal1,CR,0.12257155238818063,0.1304,0.1304,resident,0.7469,0.0038,0.0077,365.0,74.69,0.05111630761302528,fairly_common,5.1116307613025285,,peak_abundance_with_occupancy_days_modifiers,0.7469
yeteup1,CR,0.12142085520433943,0.1291,0.1291,resident,0.3574,0.0502,0.0503,365.0,35.74,0.05063642961464281,uncommon,5.063642961464281,,peak_abundance_with_occupancy_days_modifiers,0.3574
baywre1,CR,0.11953246663285635,0.1269698323890412,0.1269698323890412,resident,0.2972610712059828,0.0837196899853692,0.0924053086442951,365.0,29.72610712059828,0.049848910412738985,uncommon,4.984891041273898,,peak_abundance_with_occupancy_days_modifiers,0.2972610712059828
gartro1,CR,0.11867152971749864,0.126,0.126,resident,0.5507,0.0716,0.0729,365.0,55.06999999999999,0.049489871832061924,fairly_common,4.948987183206192,,peak_abundance_with_occupancy_days_modifiers,0.5507
wlswar,CR,0.11787192059488914,0.08086666666666666,0.1251,nonbreeding,0.2647,0.0099,0.0124,105.0,26.47,0.049156408927455486,uncommon,4.915640892745548,,peak_abundance_with_occupancy_days_modifiers,0.2647
gryhaw2,CR,0.11609271898685336,0.10925,0.1231,postbreeding_migration,0.6658,0.0396,0.0609,154.0,66.58,0.048414424226030456,uncommon,4.841442422603046,,peak_abundance_with_occupancy_days_modifiers,0.6658
plawre1,CR,0.11564742352596188,0.1226,0.1226,resident,0.2227,0.0662,0.0957,365.0,22.27,0.04822872159508454,uncommon,4.822872159508454,,peak_abundance_with_occupancy_days_modifiers,0.2227
cocwoo1,CR,0.11377501425884463,0.1205,0.1205,resident,0.4669,0.0907,0.1396,365.0,46.69,0.047447866280693723,uncommon,4.744786628069372,,peak_abundance_with_occupancy_days_modifiers,0.4669
sposan,CR,0.11359650658254057,0.079325,0.1203,postbreeding_migration,0.336,0.006,0.0179,154.0,33.6,0.047373422797557053,uncommon,4.737342279755706,,peak_abundance_with_occupancy_days_modifiers,0.336
yebfly,CR,0.11109404750558684,0.08173333333333334,0.1175,nonbreeding,0.7963,0.0823,0.0933,168.0,79.63,0.04632981630425369,uncommon,4.632981630425369,,peak_abundance_with_occupancy_days_modifiers,0.7963
tbsfin1,CR,0.11091506057115519,0.1173,0.1173,resident,0.3912,0.0685,0.1242,365.0,39.12,0.04625517295495396,uncommon,4.625517295495396,,peak_abundance_with_occupancy_days_modifiers,0.3912
purgal2,CR,0.11019879229807553,0.107475,0.1165,postbreeding_migration,0.2637,0.0038,0.0216,112.0,26.369999999999997,0.045956465884130264,uncommon,4.595646588413026,,peak_abundance_with_occupancy_days_modifiers,0.2637
yehcar1,CR,0.10984046567953216,0.1161,0.1161,resident,0.4246,0.003,0.0044,365.0,42.46,0.04580703207748819,uncommon,4.580703207748819,,peak_abundance_with_occupancy_days_modifiers,0.4246
chiswi,CR,0.10966125420951849,0.1159,0.1159,postbreeding_migration,0.2811,0.0074,0.0055,77.0,28.110000000000003,0.04573229508957765,uncommon,4.573229508957765,,peak_abundance_with_occupancy_days_modifiers,0.2811
grcfly,CR,0.10660973505825823,0.05816666666666667,0.1125,nonbreeding,0.7628,0.043,0.079,133.0,76.28,0.044459712760450756,uncommon,4.445971276045076,,peak_abundance_with_occupancy_days_modifiers,0.7628
subfly,CR,0.10642994361584655,0.054875,0.1123,breeding,0.6424,0.0342,0.0233,98.0,64.24,0.044384733905264206,uncommon,4.43847339052642,,peak_abundance_with_occupancy_days_modifiers,0.6424
phivir,CR,0.10634003577132656,0.056600000000000004,0.1122,nonbreeding,0.7832,0.1011,0.1754,112.0,78.32000000000001,0.044347239421856234,uncommon,4.434723942185624,,peak_abundance_with_occupancy_days_modifiers,0.7832
rotbec,CR,0.10273707745111223,0.1016,0.1082,breeding,0.4221,0.0275,0.0391,210.0,42.21,0.04284468909737537,uncommon,4.284468909737537,,peak_abundance_with_occupancy_days_modifiers,0.4221
suwpar1,CR,0.10255658832509207,0.108,0.108,resident,0.0746,0.6777,0.7148,365.0,7.46,0.04276941928552512,uncommon,4.276941928552512,,peak_abundance_with_occupancy_days_modifiers,0.0746
whtcra1,CR,0.09948327848495012,0.1046,0.1046,resident,0.3235,0.0993,0.2227,365.0,32.35,0.04148774953330303,uncommon,4.148774953330303,,peak_abundance_with_occupancy_days_modifiers,0.3235
whwbec1,CR,0.09948327848495012,0.07355,0.1046,nonbreeding,0.7118,0.0034,0.0073,287.0,71.17999999999999,0.04148774953330303,fairly_common,4.148774953330303,,peak_abundance_with_occupancy_days_modifiers,0.7118
gnbman,CR,0.09839632185619336,0.07645,0.1034,nonbreeding,0.5036,0.1848,0.2574,280.0,50.36000000000001,0.041034453411038126,fairly_common,4.1034453411038125,,peak_abundance_with_occupancy_days_modifiers,0.5036
stther2,CR,0.09603718819694217,0.1008,0.1008,resident,0.5263,0.0827,0.0957,365.0,52.629999999999995,0.04005061825943119,fairly_common,4.005061825943119,,peak_abundance_with_occupancy_days_modifiers,0.5263
littin1,CR,0.095946341047209,0.1007,0.1007,resident,0.4807,0.005,0.0083,365.0,48.07,0.0400127320553239,uncommon,4.00127320553239,,peak_abundance_with_occupancy_days_modifiers,0.4807
stbori,CR,0.09585548564352137,0.1006,0.1006,resident,0.1446,0.0191,0.0207,365.0,14.46,0.039974842409050235,uncommon,3.9974842409050235,,peak_abundance_with_occupancy_days_modifiers,0.1446
lesnig,CR,0.09549198145922065,0.05625,0.1002,nonbreeding,0.2475,0.0063,0.0118,140.0,24.75,0.0398232493897786,uncommon,3.98232493897786,,peak_abundance_with_occupancy_days_modifiers,0.2475
gycyel,CR,0.09430967947074133,0.0989,0.0989,resident,0.6146,0.0783,0.0869,365.0,61.46,0.0393301911641374,fairly_common,3.93301911641374,,peak_abundance_with_occupancy_days_modifiers,0.6146
blhant2,CR,0.09328402305194612,0.09777348396934,0.09777348396934,resident,0.1957084589640137,0.6888691047722463,0.7762392271571068,365.0,19.57084589640137,0.03890245921502762,uncommon,3.8902459215027623,,peak_abundance_with_occupancy_days_modifiers,0.1957084589640137
recwoo1,CR,0.09294374564273797,0.0974,0.0974,resident,0.1801,0.011,0.0156,365.0,18.01,0.03876055251331786,uncommon,3.8760552513317856,,peak_abundance_with_occupancy_days_modifiers,0.1801
spceup1,CR,0.09260292082757393,0.0970260425784435,0.0970260425784435,resident,0.2736839170483108,0.9763339669715896,0.9787642361953623,365.0,27.36839170483108,0.0386184175255933,uncommon,3.86184175255933,,peak_abundance_with_occupancy_days_modifiers,0.2736839170483108
bkbwar,CR,0.09066303489724216,0.054966666666666664,0.0949,postbreeding_migration,0.6464,0.0344,0.022,91.0,64.64,0.03780942225697679,uncommon,3.780942225697679,,peak_abundance_with_occupancy_days_modifiers,0.6464
olispa,CR,0.0904803531283746,0.0947,0.0947,resident,0.1619,0.0234,0.0384,365.0,16.189999999999998,0.03773323804203635,uncommon,3.773323804203635,,peak_abundance_with_occupancy_days_modifiers,0.1619
bucmot2,CR,0.08938356113468547,0.0935,0.0935,resident,0.3752,0.0502,0.0359,365.0,37.519999999999996,0.037275840254013176,uncommon,3.7275840254013177,,peak_abundance_with_occupancy_days_modifiers,0.3752
orcman1,CR,0.0880640398391517,0.0920580550111123,0.0920580550111123,resident,0.2557249835594823,0.6530153211928986,0.6505342632943909,365.0,25.57249835594823,0.03672555713260153,uncommon,3.672555713260153,,peak_abundance_with_occupancy_days_modifiers,0.2557249835594823
gobchl1,CR,0.08782771036552019,0.0918,0.0918,resident,0.1381,0.7237,0.7329,365.0,13.81,0.03662700008704898,uncommon,3.6627000087048978,,peak_abundance_with_occupancy_days_modifiers,0.1381
sltred,CR,0.08645288773019902,0.0903,0.0903,resident,0.1626,0.0149,0.0214,365.0,16.259999999999998,0.0360536545156568,uncommon,3.60536545156568,,peak_abundance_with_occupancy_days_modifiers,0.1626
easmea,CR,0.08617769624105233,0.083475,0.09,postbreeding_migration,0.342,0.0062,0.0043,119.0,34.2,0.035938890750838365,uncommon,3.5938890750838364,,peak_abundance_with_occupancy_days_modifiers,0.342
wbwwre1,CR,0.08406537511766754,0.0877,0.0877,resident,0.2873,0.0104,0.032,365.0,28.73,0.03505798442129718,uncommon,3.5057984421297177,,peak_abundance_with_occupancy_days_modifiers,0.2873
bawwar,CR,0.08305355513528564,0.056966666666666665,0.0866,nonbreeding,0.6992,0.0195,0.018,98.0,69.92,0.03463602271435367,uncommon,3.463602271435367,,peak_abundance_with_occupancy_days_modifiers,0.6992
whlgna2,CR,0.08240913624071772,0.0859,0.0859,resident,0.1553,0.0814,0.0988,365.0,15.53,0.034367279161673064,uncommon,3.4367279161673063,,peak_abundance_with_occupancy_days_modifiers,0.1553
btther1,CR,0.080750149685109,0.0841,0.0841,resident,0.31,0.0732,0.1266,365.0,31.0,0.03367542803104689,uncommon,3.367542803104689,,peak_abundance_with_occupancy_days_modifiers,0.31
royter1,CR,0.08028883122880298,0.052250000000000005,0.0836,nonbreeding,0.0856,0.0224,0.0176,126.0,8.559999999999999,0.03348304329200538,uncommon,3.348304329200538,,peak_abundance_with_occupancy_days_modifiers,0.0856
anhing,CR,0.07908840631896367,0.07485,0.0823,nonbreeding,0.2368,0.0024,0.0076,105.0,23.68,0.03298242722112991,uncommon,3.298242722112991,,peak_abundance_with_occupancy_days_modifiers,0.2368
grehon1,CR,0.07899600622649784,0.0822,0.0822,resident,0.3263,0.0043,0.0095,365.0,32.629999999999995,0.03294389338960106,uncommon,3.294389338960106,,peak_abundance_with_occupancy_days_modifiers,0.3263
grhtan1,CR,0.07896959953864076,0.0821714230597139,0.0821714230597139,resident,0.2894952523215721,0.0065178368107808,0.0188807634569256,365.0,28.949525232157207,0.032932880945414425,uncommon,3.2932880945414427,,peak_abundance_with_occupancy_days_modifiers,0.2894952523215721
grrswi1,CR,0.07881118042428978,0.082,0.082,resident,0.0934,0.0013,0.0054,365.0,9.34,0.032866815043309336,uncommon,3.2866815043309336,,peak_abundance_with_occupancy_days_modifiers,0.0934
orbspa1,CR,0.07788653865707122,0.081,0.081,resident,0.3134,0.0931,0.1381,365.0,31.34,0.03248120947591541,uncommon,3.248120947591541,,peak_abundance_with_occupancy_days_modifiers,0.3134
pabwoo1,CR,0.07668322477095765,0.0797,0.0797,resident,0.4562,0.0845,0.0759,365.0,45.62,0.031979388608355426,uncommon,3.1979388608355426,,peak_abundance_with_occupancy_days_modifiers,0.4562
wessan,CR,0.07594200357515736,0.042325,0.0789,postbreeding_migration,0.05,0.0093,0.002,147.0,5.0,0.03167027536049652,uncommon,3.167027536049652,,peak_abundance_with_occupancy_days_modifiers,0.05
semplo,CR,0.07436508195530679,0.0487,0.0772,nonbreeding,0.0411,0.0079,0.007,161.0,4.109999999999999,0.031012647966281632,rare,3.101264796628163,rare,peak_abundance_with_occupancy_days_modifiers,0.0411
smbani,CR,0.0739936799083263,0.0768,0.0768,resident,0.1503,0.0008,0.0005,365.0,15.03,0.030857761282449516,uncommon,3.0857761282449516,,peak_abundance_with_occupancy_days_modifiers,0.1503
chhoro1,CR,0.07287864541257255,0.0756,0.0756,resident,0.1747,0.063,0.044,365.0,17.47,0.030392755780164853,uncommon,3.0392755780164853,,peak_abundance_with_occupancy_days_modifiers,0.1747
bubgro1,CR,0.07269268539344065,0.0754,0.0754,resident,0.3637,0.0728,0.0993,365.0,36.370000000000005,0.0303152044286769,uncommon,3.03152044286769,,peak_abundance_with_occupancy_days_modifiers,0.3637
blfsol1,CR,0.07213459775919911,0.0748,0.0748,resident,0.1255,0.7041,0.6961,365.0,12.55,0.030082463807944874,uncommon,3.0082463807944873,,peak_abundance_with_occupancy_days_modifiers,0.1255
rubwre1,CR,0.07148310162186426,0.0741,0.0741,resident,0.1526,0.1151,0.187,365.0,15.260000000000002,0.029810768815788494,uncommon,2.9810768815788493,,peak_abundance_with_occupancy_days_modifiers,0.1526
cregua1,CR,0.07092433833669866,0.0735,0.0735,resident,0.2474,0.0696,0.1011,365.0,24.740000000000002,0.029577746426735756,uncommon,2.957774642673576,,peak_abundance_with_occupancy_days_modifiers,0.2474
grasal2,CR,0.07064483956933203,0.0732,0.0732,resident,0.2524,0.0282,0.0306,365.0,25.240000000000002,0.02946118638738073,uncommon,2.946118638738073,,peak_abundance_with_occupancy_days_modifiers,0.2524
mourob1,CR,0.07027205298533172,0.0728,0.0728,resident,0.1099,0.3724,0.6379,365.0,10.99,0.029305722306764224,uncommon,2.9305722306764226,,peak_abundance_with_occupancy_days_modifiers,0.1099
thitin1,CR,0.06989912737966718,0.0724,0.0724,resident,0.1381,0.0291,0.0769,365.0,13.81,0.02915020024961062,uncommon,2.9150200249610623,,peak_abundance_with_occupancy_days_modifiers,0.1381
comnig,CR,0.06933947807861283,0.029433333333333336,0.0718,postbreeding_migration,0.464,0.003,0.0013,126.0,46.400000000000006,0.028916808363233047,uncommon,2.891680836323305,,peak_abundance_with_occupancy_days_modifiers,0.464
ltsfly1,CR,0.06924617273681433,0.0717,0.0717,resident,0.0703,0.7712,0.8161,365.0,7.03,0.02887789701341016,uncommon,2.887789701341016,,peak_abundance_with_occupancy_days_modifiers,0.0703
sctdac1,CR,0.06889295448812378,0.0713215228493315,0.0713215228493315,resident,0.2148236198946181,0.1030509470615188,0.1795185737929779,365.0,21.48236198946181,0.02873059356246405,uncommon,2.873059356246405,,peak_abundance_with_occupancy_days_modifiers,0.2148236198946181
lobgna5,CR,0.0684060326640604,0.0708,0.0708,resident,0.4137,0.0052,0.0066,365.0,41.370000000000005,0.0285275313897382,uncommon,2.85275313897382,,peak_abundance_with_occupancy_days_modifiers,0.4137
burwar1,CR,0.06775210205081847,0.0701,0.0701,resident,0.3244,0.0146,0.0289,365.0,32.440000000000005,0.028254821142272433,uncommon,2.8254821142272433,,peak_abundance_with_occupancy_days_modifiers,0.3244
scbtan1,CR,0.06719124954032327,0.0695,0.0695,resident,0.0544,0.7653,0.8111,365.0,5.4399999999999995,0.028020927478584347,uncommon,2.8020927478584348,,peak_abundance_with_occupancy_days_modifiers,0.0544
cinhum1,CR,0.06606859996970468,0.0683,0.0683,resident,0.1865,0.0393,0.0536,365.0,18.65,0.02755274624341784,uncommon,2.755274624341784,,peak_abundance_with_occupancy_days_modifiers,0.1865
scamac1,CR,0.06400712997429238,0.0661,0.0661,resident,0.0913,0.0011,0.0033,365.0,9.13,0.026693046481381728,uncommon,2.669304648138173,,peak_abundance_with_occupancy_days_modifiers,0.0913
tropar,CR,0.06381951271295404,0.050275,0.0659,prebreeding_migration,0.2081,0.0033,0.005,203.0,20.810000000000002,0.026614804006213338,uncommon,2.661480400621334,,peak_abundance_with_occupancy_days_modifiers,0.2081
spctan1,CR,0.0631625749576401,0.0652,0.0652,resident,0.0906,0.7065,0.7783,365.0,9.06,0.02634083968309784,uncommon,2.634083968309784,,peak_abundance_with_occupancy_days_modifiers,0.0906
lobher,CR,0.062317306064861556,0.0643,0.0643,resident,0.2653,0.0822,0.1039,365.0,26.529999999999998,0.025988335175345916,uncommon,2.5988335175345916,,peak_abundance_with_occupancy_days_modifiers,0.2653
grbher3,CR,0.06184740332608015,0.035699999999999996,0.0638,nonbreeding,0.2234,0.0057,0.0052,175.0,22.34,0.025792370512455122,uncommon,2.5792370512455123,,peak_abundance_with_occupancy_days_modifiers,0.2234
ocbfly1,CR,0.06156535565815483,0.0635,0.0635,resident,0.3903,0.0043,0.0085,365.0,39.03,0.02567474749900452,uncommon,2.5674747499004518,,peak_abundance_with_occupancy_days_modifiers,0.3903
willet1,CR,0.06100102155739895,0.036225,0.0629,postbreeding_migration,0.0443,0.015,0.0082,147.0,4.43,0.02543940189940407,rare,2.543940189940407,rare,peak_abundance_with_occupancy_days_modifiers,0.0443
paibun,CR,0.060059756427662814,0.02613333333333333,0.0619,nonbreeding,0.5246,0.0318,0.0329,133.0,52.459999999999994,0.025046863851385995,uncommon,2.5046863851385996,,peak_abundance_with_occupancy_days_modifiers,0.5246
gycwor1,CR,0.05949457178563976,0.0613,0.0613,resident,0.212,0.0025,0.0057,365.0,21.2,0.0248111635485268,uncommon,2.4811163548526802,,peak_abundance_with_occupancy_days_modifiers,0.212
blhpar1,CR,0.058929067529287484,0.0607,0.0607,resident,0.107,0.0009,0.0008,365.0,10.7,0.024575329956139653,uncommon,2.4575329956139655,,peak_abundance_with_occupancy_days_modifiers,0.107
gowwar,CR,0.05704174036719702,0.031033333333333333,0.0587,nonbreeding,0.6056,0.0852,0.1576,140.0,60.56,0.02378825339633313,uncommon,2.378825339633313,,peak_abundance_with_occupancy_days_modifiers,0.6056
wewpew,CR,0.056947280441750125,0.020825,0.0586,postbreeding_migration,0.834,0.0614,0.0125,147.0,83.39999999999999,0.02374886054773026,uncommon,2.374886054773026,,peak_abundance_with_occupancy_days_modifiers,0.834
blctit1,CR,0.056947280441750125,0.0586,0.0586,resident,0.4123,0.0042,0.0145,365.0,41.23,0.02374886054773026,uncommon,2.374886054773026,,peak_abundance_with_occupancy_days_modifiers,0.4123
grnkin,CR,0.056663847117541744,0.0583,0.0583,resident,0.4518,0.0038,0.0067,365.0,45.18,0.023630659670726327,uncommon,2.363065967072633,,peak_abundance_with_occupancy_days_modifiers,0.4518
scrcac1,CR,0.05638033343610764,0.058,0.058,resident,0.1425,0.0503,0.0804,365.0,14.249999999999998,0.02351242528215638,uncommon,2.351242528215638,,peak_abundance_with_occupancy_days_modifiers,0.1425
bahtan1,CR,0.056285811010591824,0.0579,0.0579,resident,0.2051,0.01,0.0189,365.0,20.51,0.023473006369000307,uncommon,2.3473006369000307,,peak_abundance_with_occupancy_days_modifiers,0.2051
btnwar,CR,0.05590763193829598,0.032933333333333335,0.0575,nonbreeding,0.1986,0.0133,0.0173,98.0,19.86,0.023315293446094187,uncommon,2.3315293446094185,,peak_abundance_with_occupancy_days_modifiers,0.1986
coffal1,CR,0.055529309792480296,0.0571,0.0571,resident,0.4537,0.0041,0.0163,365.0,45.37,0.023157520856895847,uncommon,2.3157520856895846,,peak_abundance_with_occupancy_days_modifiers,0.4537
santer1,CR,0.055434706888100586,0.032725000000000004,0.057,nonbreeding,0.0682,0.0108,0.0073,133.0,6.819999999999999,0.0231180683814467,uncommon,2.31180683814467,,peak_abundance_with_occupancy_days_modifiers,0.0682
mouela1,CR,0.05515084446484804,0.0567,0.0567,resident,0.1205,0.0644,0.1433,365.0,12.049999999999999,0.022999688556242227,uncommon,2.299968855624223,,peak_abundance_with_occupancy_days_modifiers,0.1205
mouwar,CR,0.05496155807397434,0.042333333333333334,0.0565,nonbreeding,0.7341,0.1113,0.1969,140.0,73.41,0.022920749999992107,uncommon,2.292074999999211,,peak_abundance_with_occupancy_days_modifiers,0.7341
musduc,CR,0.05477223584697947,0.0563,0.0563,resident,0.2231,0.0022,0.003,365.0,22.31,0.02284179649891868,uncommon,2.2841796498918683,,peak_abundance_with_occupancy_days_modifiers,0.2231
rawwre1,CR,0.05467756129069573,0.0562,0.0562,resident,0.2039,0.069,0.1056,365.0,20.39,0.02280231414230465,uncommon,2.280231414230465,,peak_abundance_with_occupancy_days_modifiers,0.2039
greibi1,CR,0.054488185284069734,0.056,0.056,resident,0.1233,0.0011,0.0032,365.0,12.33,0.022723338213383043,uncommon,2.272333821338304,,peak_abundance_with_occupancy_days_modifiers,0.1233
crebob1,CR,0.054393483830331636,0.0559,0.0559,resident,0.1488,0.0096,0.0065,365.0,14.879999999999999,0.0226838446396593,uncommon,2.26838446396593,,peak_abundance_with_occupancy_days_modifiers,0.1488
wilplo,CR,0.05373032242096779,0.023675,0.0552,postbreeding_migration,0.0325,0.0128,0.0575,119.0,3.25,0.02240728485121196,rare,2.2407284851211964,rare,peak_abundance_with_occupancy_days_modifiers,0.0325
greela,CR,0.05373032242096779,0.046425,0.0552,prebreeding_migration,0.5997,0.0046,0.0112,154.0,59.97,0.02240728485121196,uncommon,2.2407284851211964,,peak_abundance_with_occupancy_days_modifiers,0.5997
ochwre1,CR,0.05373032242096779,0.0552,0.0552,resident,0.1131,0.5004,0.7146,365.0,11.31,0.02240728485121196,uncommon,2.2407284851211964,,peak_abundance_with_occupancy_days_modifiers,0.1131
blugrb1,CR,0.05373032242096779,0.042025,0.0552,breeding,0.259,0.0171,0.0112,105.0,25.900000000000002,0.02240728485121196,uncommon,2.2407284851211964,,peak_abundance_with_occupancy_days_modifiers,0.259
yetfin1,CR,0.05335117549699457,0.0548,0.0548,resident,0.0693,0.7626,0.7928,365.0,6.93,0.02224916830280628,uncommon,2.224916830280628,,peak_abundance_with_occupancy_days_modifiers,0.0693
slttro1,CR,0.053161548114232356,0.0546,0.0546,resident,0.2377,0.0907,0.1032,365.0,23.77,0.02217008754189344,uncommon,2.217008754189344,,peak_abundance_with_occupancy_days_modifiers,0.2377
rosspo1,CR,0.05278218543896945,0.046825000000000006,0.0542,nonbreeding,0.1087,0.0025,0.0028,189.0,10.870000000000001,0.022011881018211474,uncommon,2.2011881018211477,,peak_abundance_with_occupancy_days_modifiers,0.1087
blgdov1,CR,0.05249756895775399,0.0539,0.0539,resident,0.2825,0.0027,0.0071,365.0,28.249999999999996,0.021893186726411443,uncommon,2.189318672641144,,peak_abundance_with_occupancy_days_modifiers,0.2825
blkpho,CR,0.05240267879304835,0.04795,0.0538,nonbreeding,0.4619,0.0124,0.0076,112.0,46.19,0.021853614454101618,uncommon,2.185361445410162,,peak_abundance_with_occupancy_days_modifiers,0.4619
chahum1,CR,0.052104456961923035,0.0534857806902179,0.0534857806902179,resident,0.1773531053196716,0.9782984822748152,0.9795060249446892,365.0,17.735310531967162,0.021729246290692446,uncommon,2.1729246290692448,,peak_abundance_with_occupancy_days_modifiers,0.1773531053196716
sander,CR,0.051833148640017285,0.0376,0.0532,postbreeding_migration,0.033,0.0034,0.002,77.0,3.3000000000000003,0.021616101932394792,rare,2.161610193239479,rare,peak_abundance_with_occupancy_days_modifiers,0.033
shihon1,CR,0.05135829227514207,0.0527,0.0527,resident,0.1952,0.163,0.2271,365.0,19.52,0.02141807144696788,uncommon,2.141807144696788,,peak_abundance_with_occupancy_days_modifiers,0.1952
blbwre1,CR,0.05104129097151265,0.0523663456149009,0.0523663456149009,resident,0.2410021585994324,0.0532098201992119,0.0495935220693065,365.0,24.100215859943237,0.021285871635230685,uncommon,2.1285871635230684,,peak_abundance_with_occupancy_days_modifiers,0.2410021585994324
yebcac1,CR,0.05050298217310676,0.0518,0.0518,resident,0.4886,0.0609,0.0422,365.0,48.86,0.02106137942970682,uncommon,2.106137942970682,,peak_abundance_with_occupancy_days_modifiers,0.4886
tuffly,CR,0.050027493599648164,0.0513,0.0513,resident,0.1118,0.0227,0.0485,365.0,11.18,0.02086308529282241,uncommon,2.086308529282241,,peak_abundance_with_occupancy_days_modifiers,0.1118
cinbec1,CR,0.04983723484717165,0.0511,0.0511,resident,0.2184,0.0516,0.064,365.0,21.84,0.020783741230287745,uncommon,2.0783741230287744,,peak_abundance_with_occupancy_days_modifiers,0.2184
webwoo1,CR,0.04964693988941377,0.0509,0.0509,resident,0.2814,0.0028,0.003,365.0,28.139999999999997,0.020704382068978008,uncommon,2.070438206897801,,peak_abundance_with_occupancy_days_modifiers,0.2814
colred1,CR,0.04964693988941377,0.0509,0.0509,resident,0.0739,0.7222,0.7838,365.0,7.39,0.020704382068978008,uncommon,2.070438206897801,,peak_abundance_with_occupancy_days_modifiers,0.0739
scptyr1,CR,0.048504409059614985,0.0497,0.0497,resident,0.1424,0.0328,0.0456,365.0,14.24,0.02022790970475114,rare,2.022790970475114,,peak_abundance_with_occupancy_days_modifiers,0.1424
orcori,CR,0.048504409059614985,0.026233333333333334,0.0497,nonbreeding,0.2625,0.0238,0.0187,140.0,26.25,0.02022790970475114,rare,2.022790970475114,,peak_abundance_with_occupancy_days_modifiers,0.2625
dstkne,CR,0.04802796901058155,0.0492,0.0492,resident,0.093,0.0102,0.0174,365.0,9.3,0.02002921877173238,rare,2.002921877173238,,peak_abundance_with_occupancy_days_modifiers,0.093
dusant1,CR,0.0479326537553028,0.0491,0.0491,resident,0.2533,0.0086,0.0082,365.0,25.330000000000002,0.019989469222884273,rare,1.9989469222884273,,peak_abundance_with_occupancy_days_modifiers,0.2533
semsan,CR,0.04726519246711422,0.023649999999999997,0.0484,postbreeding_migration,0.031,0.014,0.0006,133.0,3.1,0.019711116245687915,rare,1.9711116245687914,rare,peak_abundance_with_occupancy_days_modifiers,0.031
siftap1,CR,0.04688358589885042,0.048,0.048,resident,0.1105,0.6843,0.7057,365.0,11.05,0.01955197394594168,rare,1.9551973945941679,,peak_abundance_with_occupancy_days_modifiers,0.1105
greher1,CR,0.046788161498758925,0.0479,0.0479,resident,0.1692,0.085,0.1654,365.0,16.919999999999998,0.019512178880171305,rare,1.9512178880171305,,peak_abundance_with_occupancy_days_modifiers,0.1692
scbhum1,CR,0.04663887675388447,0.0477435761919807,0.0477435761919807,resident,0.2641901238284233,0.1339413814901149,0.213638495013388,365.0,26.41901238284233,0.019449922306013116,rare,1.9449922306013117,,peak_abundance_with_occupancy_days_modifiers,0.2641901238284233
lesgol,CR,0.046501833651419786,0.041425,0.0476,nonbreeding,0.1972,0.0056,0.0025,105.0,19.72,0.019392770893264116,rare,1.9392770893264115,,peak_abundance_with_occupancy_days_modifiers,0.1972
obnthr1,CR,0.046406372814155744,0.0475,0.0475,resident,0.1127,0.0179,0.0387,365.0,11.27,0.01935296063201254,rare,1.935296063201254,,peak_abundance_with_occupancy_days_modifiers,0.1127
shthaw,CR,0.04631090286325025,0.0474,0.0474,resident,0.6269,0.007,0.0196,365.0,62.69,0.01931314657007727,uncommon,1.931314657007727,,peak_abundance_with_occupancy_days_modifiers,0.6269
gretin1,CR,0.04583341634317221,0.0469,0.0469,resident,0.1999,0.0029,0.0055,365.0,19.99,0.019114019224736215,rare,1.9114019224736216,,peak_abundance_with_occupancy_days_modifiers,0.1999
olcyel1,CR,0.045810030256150124,0.0468755173917739,0.0468755173917739,resident,0.2199548370699268,0.1366681779594151,0.2707970905500447,365.0,21.99548370699268,0.01910426646893935,rare,1.910426646893935,,peak_abundance_with_occupancy_days_modifiers,0.2199548370699268
blfgro1,CR,0.04573789167385374,0.0468,0.0468,resident,0.0712,0.0498,0.0587,365.0,7.12,0.01907418234345033,rare,1.907418234345033,,peak_abundance_with_occupancy_days_modifiers,0.0712
strowl1,CR,0.045299335710873224,0.0463410202694572,0.0463410202694572,resident,0.6183088198392308,0.0054454394171689,0.0181824828332974,365.0,61.83088198392308,0.018891290301435215,uncommon,1.8891290301435215,,peak_abundance_with_occupancy_days_modifiers,0.6183088198392308
rinkin1,CR,0.04526013140486457,0.0463,0.0463,resident,0.2901,0.0024,0.0029,365.0,29.01,0.018874940835946305,rare,1.8874940835946306,,peak_abundance_with_occupancy_days_modifiers,0.2901
trsowl,CR,0.04519299981136296,0.0462297625713209,0.0462297625713209,resident,0.2349451216584311,0.000923206313867492,0.0004272131288641326,365.0,23.49451216584311,0.01884694478696818,rare,1.8846944786968178,,peak_abundance_with_occupancy_days_modifiers,0.2349451216584311
whstan1,CR,0.04516455195437364,0.0462,0.0462,resident,0.1682,0.0024,0.0113,365.0,16.82,0.018835081109137064,rare,1.8835081109137064,,peak_abundance_with_occupancy_days_modifiers,0.1682
bltgol1,CR,0.04506896336757812,0.0461,0.0461,resident,0.4287,0.2269,0.2517,365.0,42.870000000000005,0.018795217572192865,rare,1.8795217572192866,,peak_abundance_with_occupancy_days_modifiers,0.4287
olipic1,CR,0.04481226611612208,0.0458315034678871,0.0458315034678871,resident,0.2434559437643957,0.0662255675003842,0.0951272595809828,365.0,24.345594376439568,0.018688166503546117,rare,1.8688166503546118,,peak_abundance_with_occupancy_days_modifiers,0.2434559437643957
lesyel,CR,0.04449523988655121,0.024425000000000002,0.0455,postbreeding_migration,0.056,0.0011,0.0012,126.0,5.6000000000000005,0.018555956296884,rare,1.8555956296883998,,peak_abundance_with_occupancy_days_modifiers,0.056
refspi1,CR,0.04418405564885625,0.045174707495065,0.045174707495065,resident,0.128447765890711,0.1738116661670309,0.2126839478486107,365.0,12.844776589071099,0.01842618239006451,rare,1.8426182390064512,,peak_abundance_with_occupancy_days_modifiers,0.128447765890711
shbdow,CR,0.04411257461832096,0.02325,0.0451,nonbreeding,0.0439,0.0131,0.0061,147.0,4.390000000000001,0.018396372484958862,rare,1.8396372484958863,rare,peak_abundance_with_occupancy_days_modifiers,0.0439
kinvul1,CR,0.04392118705792815,0.0449,0.0449,resident,0.2497,0.0022,0.0047,365.0,24.97,0.018316557672959404,rare,1.8316557672959404,,peak_abundance_with_occupancy_days_modifiers,0.2497
rudpig,CR,0.04382547954002956,0.0448,0.0448,resident,0.137,0.0014,0.0024,365.0,13.700000000000001,0.018276644537892888,rare,1.8276644537892888,,peak_abundance_with_occupancy_days_modifiers,0.137
bludac1,CR,0.04344255784283673,0.0444,0.0444,resident,0.2012,0.0014,0.0019,365.0,20.119999999999997,0.018116953786784348,rare,1.8116953786784347,,peak_abundance_with_occupancy_days_modifiers,0.2012
crowoo1,CR,0.04258044753511839,0.0435,0.0435,resident,0.2512,0.0834,0.0715,365.0,25.119999999999997,0.01775742586348511,rare,1.775742586348511,,peak_abundance_with_occupancy_days_modifiers,0.2512
grgmac,CR,0.04238876649178663,0.0433,0.0433,resident,0.0598,0.0442,0.2228,365.0,5.9799999999999995,0.017677488659593694,rare,1.7677488659593694,,peak_abundance_with_occupancy_days_modifiers,0.0598
rudtur,CR,0.042292912190251455,0.024775000000000002,0.0432,postbreeding_migration,0.0367,0.0024,0.0026,119.0,3.6700000000000004,0.017637514310996184,rare,1.7637514310996183,rare,peak_abundance_with_occupancy_days_modifiers,0.0367
caneme1,CR,0.04210117601863539,0.043,0.043,resident,0.228,0.0473,0.0648,365.0,22.8,0.017557554116824615,rare,1.7557554116824616,,peak_abundance_with_occupancy_days_modifiers,0.228
buvhum1,CR,0.04200529414503013,0.0429,0.0429,resident,0.2087,0.7378,0.8179,365.0,20.87,0.01751756826978078,rare,1.7517568269780779,,peak_abundance_with_occupancy_days_modifiers,0.2087
coltro1,CR,0.04181350281341039,0.0427,0.0427,resident,0.1723,0.0028,0.0096,365.0,17.23,0.01743758507210097,rare,1.743758507210097,,peak_abundance_with_occupancy_days_modifiers,0.1723
shtfly1,CR,0.04142980976313955,0.0423,0.0423,resident,0.4642,0.019,0.0172,365.0,46.42,0.017277572641773677,rare,1.7277572641773677,,peak_abundance_with_occupancy_days_modifiers,0.4642
prbbar1,CR,0.041237908016244745,0.0421,0.0421,resident,0.0543,0.6342,0.6773,365.0,5.43,0.017197543397347654,rare,1.7197543397347654,,peak_abundance_with_occupancy_days_modifiers,0.0543
nobwoo1,CR,0.04008572353928564,0.0409,0.0409,resident,0.2819,0.1076,0.1438,365.0,28.189999999999998,0.016717045149559465,rare,1.6717045149559466,,peak_abundance_with_occupancy_days_modifiers,0.2819
ycnher,CR,0.039893563661676665,0.02075,0.0407,nonbreeding,0.1513,0.0147,0.0262,147.0,15.129999999999999,0.016636908256264415,rare,1.6636908256264415,,peak_abundance_with_occupancy_days_modifiers,0.1513
slaspi1,CR,0.039173441330957945,0.0399508384667705,0.0399508384667705,resident,0.3012371219816048,0.0982320968392359,0.0600143108138717,365.0,30.12371219816048,0.016336593918566757,rare,1.6336593918566757,,peak_abundance_with_occupancy_days_modifiers,0.3012371219816048
lessca,CR,0.03883602378519815,0.02466666666666667,0.0396,nonbreeding,0.0397,0.0083,0.0018,91.0,3.9699999999999998,0.016195879872550122,rare,1.6195879872550123,rare,peak_abundance_with_occupancy_days_modifiers,0.0397
scatan,CR,0.03873982831593056,0.024999999999999998,0.0395,postbreeding_migration,0.6878,0.0128,0.0123,77.0,68.78,0.01615576324595729,rare,1.6155763245957289,,peak_abundance_with_occupancy_days_modifiers,0.6878
blhsal1,CR,0.038643623592204426,0.0394,0.0394,resident,0.1462,0.0149,0.0064,365.0,14.62,0.016115642759955476,rare,1.6115642759955477,,peak_abundance_with_occupancy_days_modifiers,0.1462
scbwre1,CR,0.03835495387646399,0.0391,0.0391,resident,0.214,0.0036,0.0064,365.0,21.4,0.01599525813806841,rare,1.599525813806841,,peak_abundance_with_occupancy_days_modifiers,0.214
amakin1,CR,0.03806620080645633,0.0388,0.0388,resident,0.2737,0.0025,0.0034,365.0,27.37,0.015874838754752034,rare,1.5874838754752034,,peak_abundance_with_occupancy_days_modifiers,0.2737
rebbla1,CR,0.03719944098910626,0.0379,0.0379,resident,0.1017,0.0045,0.004,365.0,10.17,0.01551337183533213,rare,1.551337183533213,,peak_abundance_with_occupancy_days_modifiers,0.1017
batfal1,CR,0.036910354020097076,0.0376,0.0376,resident,0.5408,0.0056,0.0063,365.0,54.08,0.015392813205316656,uncommon,1.5392813205316656,,peak_abundance_with_occupancy_days_modifiers,0.5408
acowoo,CR,0.036910354020097076,0.0376,0.0376,resident,0.0676,0.0062,0.0039,365.0,6.76,0.015392813205316656,rare,1.5392813205316656,,peak_abundance_with_occupancy_days_modifiers,0.0676
tactan1,CR,0.036717582935162765,0.0374,0.0374,resident,0.0361,0.0318,0.0281,365.0,3.61,0.015312421418769066,rare,1.5312421418769067,rare,peak_abundance_with_occupancy_days_modifiers,0.0361
westan,CR,0.036331929247390274,0.01333333333333333,0.037,nonbreeding,0.588,0.0295,0.0133,140.0,58.8,0.015151591339095652,rare,1.5151591339095651,,peak_abundance_with_occupancy_days_modifiers,0.588
bucman1,CR,0.036230652640905546,0.0368949814771249,0.0368949814771249,resident,0.1964638798022881,0.069292867761935,0.0800322719364513,365.0,19.64638798022881,0.015109355713698017,rare,1.5109355713698016,,peak_abundance_with_occupancy_days_modifiers,0.1964638798022881
noremt1,CR,0.03584965289369722,0.0365,0.0365,resident,0.1198,0.0835,0.0768,365.0,11.98,0.014950466477987697,rare,1.4950466477987696,,peak_abundance_with_occupancy_days_modifiers,0.1198
legcuc1,CR,0.03575316970581786,0.0364,0.0364,resident,0.1849,0.054,0.0477,365.0,18.490000000000002,0.014910229863414132,rare,1.4910229863414133,,peak_abundance_with_occupancy_days_modifiers,0.1849
osprey,CR,0.03556017539855087,0.0225,0.0362,nonbreeding,0.2972,0.0026,0.0042,147.0,29.720000000000002,0.014829744985923321,rare,1.482974498592332,,peak_abundance_with_occupancy_days_modifiers,0.2972
blcwar1,CR,0.03556017539855087,0.0362,0.0362,resident,0.0582,0.7275,0.7363,365.0,5.82,0.014829744985923321,rare,1.482974498592332,,peak_abundance_with_occupancy_days_modifiers,0.0582
thwbel,CR,0.035174075007654036,0.0199,0.0358,breeding,0.1182,0.4576,0.4672,70.0,11.82,0.014668728616577798,rare,1.4668728616577797,,peak_abundance_with_occupancy_days_modifiers,0.1182
fltwar1,CR,0.03507752661269611,0.0357,0.0357,resident,0.0637,0.7564,0.7711,365.0,6.370000000000001,0.014628464808540322,rare,1.4628464808540322,,peak_abundance_with_occupancy_days_modifiers,0.0637
robgro,CR,0.03478782548566393,0.0324,0.0354,nonbreeding,0.4888,0.0281,0.0204,98.0,48.88,0.014507650054735808,rare,1.4507650054735808,,peak_abundance_with_occupancy_days_modifiers,0.4888
babwar,CR,0.03478782548566393,0.015300000000000001,0.0354,postbreeding_migration,0.5856,0.0483,0.0106,105.0,58.56,0.014507650054735808,rare,1.4507650054735808,,peak_abundance_with_occupancy_days_modifiers,0.5856
bkbplo,CR,0.03449804040756744,0.024124999999999997,0.0351,nonbreeding,0.0292,0.0025,0.0018,140.0,2.92,0.014386800290618094,rare,1.4386800290618094,rare,peak_abundance_with_occupancy_days_modifiers,0.0292
strcuc1,CR,0.0343048036919903,0.0349,0.0349,resident,0.4546,0.0032,0.0021,365.0,45.46,0.014306214321010001,rare,1.430621432101,,peak_abundance_with_occupancy_days_modifiers,0.4546
fepowl,CR,0.03391821820346067,0.0345,0.0345,resident,0.173,0.0012,0.0024,365.0,17.299999999999997,0.014144995650238594,rare,1.4144995650238594,,peak_abundance_with_occupancy_days_modifiers,0.173
trimun,CR,0.03391821820346067,0.0345,0.0345,resident,0.0183,0.0008,0.0033,365.0,1.83,0.014144995650238594,rare,1.4144995650238594,rare,peak_abundance_with_occupancy_days_modifiers,0.0183
bkcori,CR,0.03382154847551067,0.0344,0.0344,resident,0.1552,0.0513,0.0592,365.0,15.52,0.014104681242413281,rare,1.4104681242413282,,peak_abundance_with_occupancy_days_modifiers,0.1552
yebsis1,CR,0.033693178280472864,0.0342672223927789,0.0342672223927789,resident,0.1209941475584951,0.0308844409207957,0.094208969611346,365.0,12.099414755849509,0.014051146712989078,rare,1.4051146712989078,,peak_abundance_with_occupancy_days_modifiers,0.1209941475584951
whrman1,CR,0.03343477608623739,0.034,0.034,resident,0.1602,0.2461,0.2675,365.0,16.02,0.013943384627977793,rare,1.3943384627977793,,peak_abundance_with_occupancy_days_modifiers,0.1602
indbun,CR,0.03343477608623739,0.018733333333333334,0.034,nonbreeding,0.3762,0.0157,0.0056,98.0,37.62,0.013943384627977793,rare,1.3943384627977793,,peak_abundance_with_occupancy_days_modifiers,0.3762
spwqua1,CR,0.0329511001396859,0.0335,0.0335,resident,0.0429,0.0704,0.2878,365.0,4.29,0.01374167609131306,rare,1.374167609131306,rare,peak_abundance_with_occupancy_days_modifiers,0.0429
woothr,CR,0.03275756423817219,0.01846666666666667,0.0333,nonbreeding,0.4379,0.0615,0.0233,112.0,43.79,0.01366096535147836,rare,1.366096535147836,,peak_abundance_with_occupancy_days_modifiers,0.4379
sobtyr1,CR,0.03256399087326267,0.021500000000000002,0.0331,breeding,0.3434,0.0014,0.0009,161.0,34.339999999999996,0.013580238988194026,rare,1.3580238988194027,,peak_abundance_with_occupancy_days_modifiers,0.3434
whnjac1,CR,0.03256399087326267,0.0331,0.0331,resident,0.2135,0.0026,0.0058,365.0,21.349999999999998,0.013580238988194026,rare,1.3580238988194027,,peak_abundance_with_occupancy_days_modifiers,0.2135
rtatan1,CR,0.03256399087326267,0.0331,0.0331,resident,0.1191,0.0242,0.0147,365.0,11.91,0.013580238988194026,rare,1.3580238988194027,,peak_abundance_with_occupancy_days_modifiers,0.1191
acafly,CR,0.032467190137501496,0.018633333333333335,0.033,postbreeding_migration,0.769,0.0679,0.0256,91.0,76.9,0.01353986994586792,rare,1.353986994586792,,peak_abundance_with_occupancy_days_modifiers,0.769
slaflo1,CR,0.031789322489407336,0.0323,0.0323,resident,0.0661,0.7412,0.7809,365.0,6.61,0.013257177179514116,rare,1.3257177179514115,,peak_abundance_with_occupancy_days_modifiers,0.0661
blfant1,CR,0.03169244673248972,0.0322,0.0322,resident,0.157,0.0027,0.0044,365.0,15.7,0.013216776850935733,rare,1.3216776850935732,,peak_abundance_with_occupancy_days_modifiers,0.157
sbnthr1,CR,0.03169244673248972,0.0322,0.0322,resident,0.0895,0.0613,0.3156,365.0,8.95,0.013216776850935733,rare,1.3216776850935732,,peak_abundance_with_occupancy_days_modifiers,0.0895
taceup1,CR,0.031677029821067314,0.0321840867866964,0.0321840867866964,resident,0.1095222978347186,0.3182322769809835,0.3263195219983666,365.0,10.95222978347186,0.0132103474994969,rare,1.32103474994969,,peak_abundance_with_occupancy_days_modifiers,0.1095222978347186
flctan,CR,0.03159556158975056,0.0321,0.0321,resident,0.076,0.0303,0.0895,365.0,7.6,0.013176372608165746,rare,1.3176372608165745,,peak_abundance_with_occupancy_days_modifiers,0.076
bkttro7,CR,0.03152172686583648,0.0320237979946599,0.0320237979946599,resident,0.1897690329055744,0.1592782455708413,0.221500101245293,365.0,18.97690329055744,0.013145581136681666,rare,1.3145581136681666,,peak_abundance_with_occupancy_days_modifiers,0.1897690329055744
killde,CR,0.03101405352916946,0.01355,0.0315,nonbreeding,0.1121,0.0028,0.0006,161.0,11.21,0.01293386491102916,rare,1.293386491102916,,peak_abundance_with_occupancy_days_modifiers,0.1121
blkswi,CR,0.03101405352916946,0.021433333333333335,0.0315,breeding,0.4671,0.0485,0.0278,119.0,46.71,0.01293386491102916,rare,1.293386491102916,,peak_abundance_with_occupancy_days_modifiers,0.4671
gcrwar,CR,0.030917102634721517,0.0314,0.0314,resident,0.0862,0.0017,0.0019,365.0,8.62,0.01289343324766682,rare,1.2893433247666821,,peak_abundance_with_occupancy_days_modifiers,0.0862
norben1,CR,0.030820142339886263,0.0313,0.0313,resident,0.2786,0.0525,0.0239,365.0,27.860000000000003,0.012852997664038477,rare,1.2852997664038477,,peak_abundance_with_occupancy_days_modifiers,0.2786
recman1,CR,0.030626193541760837,0.0311,0.0311,resident,0.1195,0.0535,0.0577,365.0,11.95,0.012772114732942293,rare,1.2772114732942292,,peak_abundance_with_occupancy_days_modifiers,0.1195
ptmgem,CR,0.030598911142572804,0.0310718695019327,0.0310718695019327,resident,0.0630202318101092,0.5068249122296505,0.7665073553189913,365.0,6.30202318101092,0.012760737088765172,rare,1.2760737088765173,,peak_abundance_with_occupancy_days_modifiers,0.0630202318101092
rocpig,CR,0.030529205034822874,0.031,0.031,resident,0.0131,0.0,0.0,365.0,1.31,0.01273166738395329,rare,1.273166738395329,rare,peak_abundance_with_occupancy_days_modifiers,0.0131
yelfly1,CR,0.030529205034822874,0.031,0.031,resident,0.1109,0.1832,0.2213,365.0,11.09,0.01273166738395329,rare,1.273166738395329,,peak_abundance_with_occupancy_days_modifiers,0.1109
stbwre1,CR,0.030335199796072947,0.0308,0.0308,resident,0.0999,0.2226,0.4795,365.0,9.99,0.012650760915288583,rare,1.2650760915288584,,peak_abundance_with_occupancy_days_modifiers,0.0999
rcnthr1,CR,0.030238183060609998,0.0307,0.0307,resident,0.0739,0.0944,0.1845,365.0,7.39,0.012610301794090301,rare,1.2610301794090302,,peak_abundance_with_occupancy_days_modifiers,0.0739
blheag1,CR,0.0295588022415444,0.03,0.03,resident,0.2878,0.0031,0.0096,365.0,28.78,0.012326977986427646,rare,1.2326977986427645,,peak_abundance_with_occupancy_days_modifiers,0.2878
rcatan1,CR,0.02946171014961901,0.0299,0.0299,resident,0.1205,0.0027,0.0094,365.0,12.049999999999999,0.01228648743914362,rare,1.2286487439143619,,peak_abundance_with_occupancy_days_modifiers,0.1205
rubpep1,CR,0.02946171014961901,0.0299,0.0299,resident,0.126,0.0006,0.0007,365.0,12.6,0.01228648743914362,rare,1.2286487439143619,,peak_abundance_with_occupancy_days_modifiers,0.126
yebsee1,CR,0.028976108236517098,0.0294,0.0294,resident,0.1632,0.0031,0.0025,365.0,16.32,0.012083975712042562,rare,1.2083975712042563,,peak_abundance_with_occupancy_days_modifiers,0.1632
giacow,CR,0.028976108236517098,0.0294,0.0294,resident,0.3065,0.0039,0.0038,365.0,30.65,0.012083975712042562,rare,1.2083975712042563,,peak_abundance_with_occupancy_days_modifiers,0.3065
eleeup1,CR,0.02887895955037667,0.0293,0.0293,resident,0.1058,0.0207,0.0325,365.0,10.58,0.012043461563137701,rare,1.20434615631377,,peak_abundance_with_occupancy_days_modifiers,0.1058
nobtyr,CR,0.02878180142545205,0.027299999999999998,0.0292,breeding,0.4508,0.0176,0.0154,210.0,45.08,0.012002943477954007,rare,1.2002943477954007,,peak_abundance_with_occupancy_days_modifiers,0.4508
prowar,CR,0.028684633859908954,0.018266666666666667,0.0291,nonbreeding,0.1801,0.0151,0.0275,105.0,18.01,0.0119624214557267,rare,1.19624214557267,,peak_abundance_with_occupancy_days_modifiers,0.1801
spetan1,CR,0.028490270399627496,0.0289,0.0289,resident,0.0874,0.0534,0.0773,365.0,8.74,0.011881365597080043,rare,1.1881365597080042,,peak_abundance_with_occupancy_days_modifiers,0.0874
lesvio1,CR,0.028295869154847303,0.0287,0.0287,resident,0.0679,0.0406,0.1014,365.0,6.79,0.011800293981073517,rare,1.1800293981073517,,peak_abundance_with_occupancy_days_modifiers,0.0679
triher,CR,0.027615167032973367,0.021425,0.028,nonbreeding,0.1124,0.0188,0.0116,196.0,11.24,0.0115164191473409,rare,1.15164191473409,,peak_abundance_with_occupancy_days_modifiers,0.1124
placha,CR,0.02703133905103043,0.0274,0.0274,resident,0.0675,0.0086,0.0045,365.0,6.75,0.011272943967850873,rare,1.1272943967850872,,peak_abundance_with_occupancy_days_modifiers,0.0675
ccbfin,CR,0.02703133905103043,0.0274,0.0274,resident,0.1149,0.0444,0.0555,365.0,11.49,0.011272943967850873,rare,1.1272943967850872,,peak_abundance_with_occupancy_days_modifiers,0.1149
fithum1,CR,0.026934001240080944,0.0273,0.0273,resident,0.0324,0.7896,0.8758,365.0,3.2399999999999998,0.01123235094777461,rare,1.1232350947774612,rare,peak_abundance_with_occupancy_days_modifiers,0.0324
amered,CR,0.026934001240080944,0.02016666666666667,0.0273,postbreeding_migration,0.6934,0.0237,0.0041,119.0,69.34,0.01123235094777461,rare,1.1232350947774612,,peak_abundance_with_occupancy_days_modifiers,0.6934
grcdov1,CR,0.026544555222112288,0.0269,0.0269,resident,0.1687,0.1005,0.1548,365.0,16.869999999999997,0.011069939343570421,rare,1.106993934357042,,peak_abundance_with_occupancy_days_modifiers,0.1687
piepuf1,CR,0.025662780283758863,0.0259949044197493,0.0259949044197493,resident,0.2290237333591621,0.0024069701496267,0.0061460565290017,365.0,22.90237333591621,0.010702210632330992,rare,1.070221063233099,,peak_abundance_with_occupancy_days_modifiers,0.2290237333591621
olsfly,CR,0.02557027611153001,0.016833333333333332,0.0259,postbreeding_migration,0.7344,0.0131,0.0102,112.0,73.44000000000001,0.010663633396169651,rare,1.0663633396169652,,peak_abundance_with_occupancy_days_modifiers,0.7344
olitan1,CR,0.02557027611153001,0.0259,0.0259,resident,0.0238,0.0289,0.1392,365.0,2.3800000000000003,0.010663633396169651,rare,1.0663633396169652,rare,peak_abundance_with_occupancy_days_modifiers,0.0238
whnpuf2,CR,0.025010351795425025,0.0253257344317391,0.0253257344317391,resident,0.3155687471118087,0.0057711890649506,0.0128858665849275,365.0,31.55687471118087,0.01043012681960776,rare,1.043012681960776,,peak_abundance_with_occupancy_days_modifiers,0.3155687471118087
comblh1,CR,0.0249852526939085,0.021625000000000002,0.0253,prebreeding_migration,0.1087,0.0048,0.0289,98.0,10.870000000000001,0.010419659681279796,rare,1.0419659681279796,,peak_abundance_with_occupancy_days_modifiers,0.1087
canwar,CR,0.0249852526939085,0.013266666666666668,0.0253,postbreeding_migration,0.7892,0.0627,0.0141,112.0,78.92,0.010419659681279796,rare,1.0419659681279796,,peak_abundance_with_occupancy_days_modifiers,0.7892
mawqua1,CR,0.02489399250217558,0.0252064351948522,0.0252064351948522,resident,0.1818489537880892,0.0017370520440754,0.0038930003611271,365.0,18.18489537880892,0.010381601225279546,rare,1.0381601225279546,,peak_abundance_with_occupancy_days_modifiers,0.1818489537880892
spcwoo1,CR,0.024887715507778994,0.0252,0.0252,resident,0.0715,0.0635,0.1447,365.0,7.1499999999999995,0.010378983515295329,rare,1.0378983515295328,,peak_abundance_with_occupancy_days_modifiers,0.0715
butfog4,CR,0.024679806715966496,0.0249868740627796,0.0249868740627796,resident,0.1719169991569492,0.9657043438654735,0.9681897512511006,365.0,17.19169991569492,0.010292278814647707,rare,1.0292278814647706,,peak_abundance_with_occupancy_days_modifiers,0.1719169991569492
thswar5,CR,0.024595046855380207,0.0249,0.0249,resident,0.0562,0.6751,0.7986,365.0,5.62,0.010256931207290565,rare,1.0256931207290565,,peak_abundance_with_occupancy_days_modifiers,0.0562
oliwoo1,CR,0.024302292522964862,0.0246,0.0246,resident,0.1996,0.0014,0.0016,365.0,19.96,0.010134843167943598,rare,1.0134843167943597,,peak_abundance_with_occupancy_days_modifiers,0.1996
whtrob1,CR,0.024204688696817394,0.0245,0.0245,resident,0.1276,0.0334,0.0262,365.0,12.76,0.010094139210913167,rare,1.0094139210913167,,peak_abundance_with_occupancy_days_modifiers,0.1276
wnbfin1,CR,0.024204688696817394,0.0245,0.0245,resident,0.1021,0.0698,0.0658,365.0,10.209999999999999,0.010094139210913167,rare,1.0094139210913167,,peak_abundance_with_occupancy_days_modifiers,0.1021
bicant2,CR,0.023911820046312877,0.0242,0.0242,resident,0.1221,0.087,0.1023,365.0,12.21,0.00997200349722009,rare,0.997200349722009,,peak_abundance_with_occupancy_days_modifiers,0.1221
louwat,CR,0.023814178099254877,0.016133333333333333,0.0241,nonbreeding,0.566,0.0249,0.0232,119.0,56.599999999999994,0.009931283642535179,rare,0.9931283642535179,,peak_abundance_with_occupancy_days_modifiers,0.566
tromoc,CR,0.023716526617316044,0.024,0.024,resident,0.1411,0.0062,0.0022,365.0,14.11,0.009890559811496108,rare,0.9890559811496108,,peak_abundance_with_occupancy_days_modifiers,0.1411
strsal1,CR,0.023423514943588058,0.0237,0.0237,resident,0.082,0.0151,0.015,365.0,8.200000000000001,0.00976836445248612,rare,0.976836445248612,,peak_abundance_with_occupancy_days_modifiers,0.082
bobher1,CR,0.023423514943588058,0.0237,0.0237,resident,0.1588,0.0035,0.0121,365.0,15.879999999999999,0.00976836445248612,rare,0.976836445248612,,peak_abundance_with_occupancy_days_modifiers,0.1588
rudtre1,CR,0.023423514943588058,0.0237,0.0237,resident,0.0634,0.7304,0.8003,365.0,6.34,0.00976836445248612,rare,0.976836445248612,,peak_abundance_with_occupancy_days_modifiers,0.0634
bhtfly1,CR,0.02332582530349669,0.0236,0.0236,resident,0.1044,0.0513,0.1015,365.0,10.440000000000001,0.009727624708261448,rare,0.9727624708261449,,peak_abundance_with_occupancy_days_modifiers,0.1044
thbeup1,CR,0.023228126119207167,0.0235,0.0235,resident,0.0852,0.0051,0.0062,365.0,8.52,0.009686880983796994,rare,0.9686880983796994,,peak_abundance_with_occupancy_days_modifiers,0.0852
haiwoo,CR,0.023130417388854383,0.0234,0.0234,resident,0.0782,0.0007,0.0013,365.0,7.82,0.009646133278314949,rare,0.9646133278314949,,peak_abundance_with_occupancy_days_modifiers,0.0782
plawre3,CR,0.02293497128249588,0.0232,0.0232,resident,0.0984,0.7028,0.7453,365.0,9.84,0.009564625921185715,rare,0.9564625921185714,,peak_abundance_with_occupancy_days_modifiers,0.0984
brcvir1,CR,0.022837233902757225,0.0231,0.0231,resident,0.0844,0.0201,0.0325,365.0,8.44,0.009523866267981677,rare,0.9523866267981678,,peak_abundance_with_occupancy_days_modifiers,0.0844
greyel,CR,0.022837233902757225,0.012874999999999998,0.0231,postbreeding_migration,0.0614,0.0017,0.0013,154.0,6.140000000000001,0.009523866267981677,rare,0.9523866267981678,,peak_abundance_with_occupancy_days_modifiers,0.0614
whrfly,CR,0.022815035031256096,0.023077288586652,0.023077288586652,resident,0.1920974022461701,0.0727394067420255,0.1550252408871218,365.0,19.20974022461701,0.009514608619512652,rare,0.9514608619512652,,peak_abundance_with_occupancy_days_modifiers,0.1920974022461701
pabspi1,CR,0.02264173048082465,0.0229,0.0229,resident,0.1221,0.0011,0.0015,365.0,12.21,0.009442335008401522,rare,0.9442335008401522,,peak_abundance_with_occupancy_days_modifiers,0.1221
bssowl,CR,0.022607261302596316,0.0228647420852494,0.0228647420852494,resident,0.128535822184808,0.3460946775514416,0.7943563866946509,365.0,12.853582218480799,0.009427960244574589,rare,0.9427960244574589,,peak_abundance_with_occupancy_days_modifiers,0.128535822184808
gobfly1,CR,0.02255644737314265,0.0228127676289288,0.0228127676289288,resident,0.1416221164133167,0.0557744560106745,0.0550542495804957,365.0,14.162211641331671,0.009406769190056796,rare,0.9406769190056795,,peak_abundance_with_occupancy_days_modifiers,0.1416221164133167
rufmou1,CR,0.022543964434894502,0.0228,0.0228,resident,0.1627,0.0845,0.134,365.0,16.27,0.009401563400467184,rare,0.9401563400467183,,peak_abundance_with_occupancy_days_modifiers,0.1627
pucfai1,CR,0.022278806507314744,0.0225288324243764,0.0225288324243764,resident,0.2045416400887041,0.0626894001082613,0.0645303515111847,365.0,20.45416400887041,0.009290983955823538,rare,0.9290983955823537,,peak_abundance_with_occupancy_days_modifiers,0.2045416400887041
brbmot1,CR,0.02185933435289352,0.0221,0.0221,resident,0.0995,0.0042,0.0148,365.0,9.950000000000001,0.009116050480129367,rare,0.9116050480129367,,peak_abundance_with_occupancy_days_modifiers,0.0995
whihaw1,CR,0.02176149178151269,0.022,0.022,resident,0.1719,0.0054,0.0139,365.0,17.19,0.009075246958603327,rare,0.9075246958603327,,peak_abundance_with_occupancy_days_modifiers,0.1719
weskin,CR,0.021663639636026324,0.0089,0.0219,nonbreeding,0.1967,0.0286,0.0088,105.0,19.67,0.00903443944436516,rare,0.9034439444365159,,peak_abundance_with_occupancy_days_modifiers,0.1967
barbec1,CR,0.021451927875986855,0.0216836746525337,0.0216836746525337,resident,0.108148919468792,0.0269776233768713,0.0578498218778342,365.0,10.8148919468792,0.008946148782783265,rare,0.8946148782783264,,peak_abundance_with_occupancy_days_modifiers,0.108148919468792
blagua1,CR,0.021370025736192483,0.0216,0.0216,resident,0.094,0.6967,0.7624,365.0,9.4,0.008911992937562067,rare,0.8911992937562067,,peak_abundance_with_occupancy_days_modifiers,0.094
smbwoo1,CR,0.021272135275539696,0.0215,0.0215,resident,0.1569,0.0215,0.0389,365.0,15.690000000000001,0.008871169444658418,rare,0.8871169444658418,,peak_abundance_with_occupancy_days_modifiers,0.1569
greant1,CR,0.021272135275539696,0.0215,0.0215,resident,0.2069,0.0011,0.0007,365.0,20.69,0.008871169444658418,rare,0.8871169444658418,,peak_abundance_with_occupancy_days_modifiers,0.2069
blchum1,CR,0.021238432127147,0.0214655728140724,0.0214655728140724,resident,0.1609297074717698,0.0469535585014372,0.0724109570086252,365.0,16.09297074717698,0.008857114140085684,rare,0.8857114140085683,,peak_abundance_with_occupancy_days_modifiers,0.1609297074717698
pbgdov1,CR,0.021076325601916215,0.0213,0.0213,resident,0.0882,0.0015,0.0013,365.0,8.82,0.008789510468203225,rare,0.8789510468203224,,peak_abundance_with_occupancy_days_modifiers,0.0882
moudov,CR,0.021076325601916215,0.011325,0.0213,nonbreeding,0.0939,0.0008,0.0001,119.0,9.39,0.008789510468203225,rare,0.8789510468203224,,peak_abundance_with_occupancy_days_modifiers,0.0939
grcbri1,CR,0.02103978313289877,0.0212626798582817,0.0212626798582817,resident,0.1209741346772382,0.1174676758379343,0.1939858793290051,365.0,12.09741346772382,0.008774271074960331,rare,0.8774271074960331,,peak_abundance_with_occupancy_days_modifiers,0.1209741346772382
scapig2,CR,0.020684591192832683,0.0209,0.0209,resident,0.0993,0.0012,0.002,365.0,9.93,0.008626144530779884,rare,0.8626144530779885,,peak_abundance_with_occupancy_days_modifiers,0.0993
gonwoo1,CR,0.02058663360838838,0.0208,0.0208,resident,0.0616,0.979,0.9869,365.0,6.16,0.008585293045080938,rare,0.8585293045080938,,peak_abundance_with_occupancy_days_modifiers,0.0616
spobar1,CR,0.02058663360838838,0.0208,0.0208,resident,0.0982,0.044,0.1058,365.0,9.82,0.008585293045080938,rare,0.8585293045080938,,peak_abundance_with_occupancy_days_modifiers,0.0982
rethaw,CR,0.020292703267762432,0.017625000000000002,0.0205,nonbreeding,0.146,0.0009,0.0006,112.0,14.6,0.00846271457221757,rare,0.846271457221757,,peak_abundance_with_occupancy_days_modifiers,0.146
spowoo1,CR,0.019998686506689126,0.0202,0.0202,resident,0.108,0.0968,0.1564,365.0,10.8,0.008340100059228372,rare,0.8340100059228371,,peak_abundance_with_occupancy_days_modifiers,0.108
whveup1,CR,0.019993913432917516,0.0201951305217594,0.0201951305217594,resident,0.2139851344093884,0.0037891929941796,0.0209038930495451,365.0,21.398513440938842,0.008338109532858939,rare,0.8338109532858939,,peak_abundance_with_occupancy_days_modifiers,0.2139851344093884
dotkit1,CR,0.019900661706336167,0.0201,0.0201,resident,0.2354,0.0029,0.0054,365.0,23.54,0.008299220542318296,rare,0.8299220542318295,,peak_abundance_with_occupancy_days_modifiers,0.2354
scihum1,CR,0.019802627296179712,0.02,0.02,resident,0.0759,0.7191,0.7052,365.0,7.59,0.008258337017808889,rare,0.8258337017808889,,peak_abundance_with_occupancy_days_modifiers,0.0759
darpew1,CR,0.019704583274335403,0.0199,0.0199,resident,0.0786,0.7307,0.7366,365.0,7.86,0.00821744948491431,rare,0.821744948491431,,peak_abundance_with_occupancy_days_modifiers,0.0786
yewvir1,CR,0.01960652963891831,0.0198,0.0198,resident,0.0586,0.7543,0.8132,365.0,5.86,0.008176557942848484,rare,0.8176557942848485,,peak_abundance_with_occupancy_days_modifiers,0.0586
rutjac1,CR,0.019312311032372815,0.0195,0.0195,resident,0.1098,0.0012,0.001,365.0,10.979999999999999,0.00805385925375932,rare,0.8053859253759321,,peak_abundance_with_occupancy_days_modifiers,0.1098
bayfly1,CR,0.019214218923804288,0.0194,0.0194,resident,0.0529,0.7052,0.8274,365.0,5.29,0.008012951667143145,rare,0.8012951667143146,,peak_abundance_with_occupancy_days_modifiers,0.0529
wesant1,CR,0.01911611719223005,0.0193,0.0193,resident,0.0598,0.0179,0.0211,365.0,5.9799999999999995,0.007972040067421885,rare,0.7972040067421885,,peak_abundance_with_occupancy_days_modifiers,0.0598
vihhum1,CR,0.018919884852510872,0.0191,0.0191,resident,0.1173,0.0616,0.2317,365.0,11.73,0.00789020482551394,rare,0.789020482551394,,peak_abundance_with_occupancy_days_modifiers,0.1173
solsan,CR,0.018919884852510872,0.0161,0.0191,nonbreeding,0.1795,0.0014,0.0022,126.0,17.95,0.00789020482551394,rare,0.789020482551394,,peak_abundance_with_occupancy_days_modifiers,0.1795
lstswi1,CR,0.01882175424058776,0.019,0.019,resident,0.1687,0.0024,0.0064,365.0,16.869999999999997,0.007849281181751724,rare,0.7849281181751724,,peak_abundance_with_occupancy_days_modifiers,0.1687
lottyr1,CR,0.018723613998102594,0.0189,0.0189,resident,0.0911,0.0028,0.0062,365.0,9.11,0.007808353521733183,rare,0.7808353521733183,,peak_abundance_with_occupancy_days_modifiers,0.0911
runwor1,CR,0.01842913546836719,0.0186,0.0186,resident,0.127,0.0714,0.074,365.0,12.7,0.007685546436254547,rare,0.7685546436254547,,peak_abundance_with_occupancy_days_modifiers,0.127
olsfly2,CR,0.018266579355059664,0.0184344338002485,0.0184344338002485,resident,0.1784764233507852,0.7436758716680494,0.8171255646929853,365.0,17.847642335078522,0.007617755271581279,rare,0.7617755271581279,,peak_abundance_with_occupancy_days_modifiers,0.1784764233507852
baytan2,CR,0.018232768261059712,0.0184,0.0184,resident,0.0227,0.169,0.2813,365.0,2.27,0.0076036549501938165,rare,0.7603654950193817,rare,peak_abundance_with_occupancy_days_modifiers,0.0227
viosab1,CR,0.01813457019548269,0.0183,0.0183,resident,0.0936,0.0835,0.0948,365.0,9.36,0.007562703176073003,rare,0.7562703176073003,,peak_abundance_with_occupancy_days_modifiers,0.0936
resque1,CR,0.01813457019548269,0.0183,0.0183,resident,0.061,0.2935,0.3244,365.0,6.1,0.007562703176073003,rare,0.7562703176073003,,peak_abundance_with_occupancy_days_modifiers,0.061
lifgle1,CR,0.01813093496266381,0.0182962982491489,0.0182962982491489,resident,0.1224415077530805,0.0501179896994075,0.1740042396912791,365.0,12.24415077530805,0.007561187166237127,rare,0.7561187166237127,,peak_abundance_with_occupancy_days_modifiers,0.1224415077530805
olsfly1,CR,0.018036362486098582,0.0182,0.0182,resident,0.1236,0.0236,0.0358,365.0,12.36,0.007521747380172253,rare,0.7521747380172252,,peak_abundance_with_occupancy_days_modifiers,0.1236
tawwoo1,CR,0.01801202534747571,0.0181752202269898,0.0181752202269898,resident,0.2144077156098345,0.0373412890171659,0.0216095080049224,365.0,21.44077156098345,0.0075115980050519384,rare,0.7511598005051938,,peak_abundance_with_occupancy_days_modifiers,0.2144077156098345
bltwre1,CR,0.017839918128331,0.018,0.018,resident,0.0943,0.1921,0.4153,365.0,9.43,0.007439823719870647,rare,0.7439823719870647,,peak_abundance_with_occupancy_days_modifiers,0.0943
lobsta1,CR,0.017839918128331,0.018,0.018,resident,0.2345,0.0052,0.0147,365.0,23.45,0.007439823719870647,rare,0.7439823719870647,,peak_abundance_with_occupancy_days_modifiers,0.2345
bbnthr1,CR,0.017250353406527592,0.0174,0.0174,resident,0.0276,0.7982,0.8949,365.0,2.76,0.00719395613403763,rare,0.7193956134037629,rare,peak_abundance_with_occupancy_days_modifiers,0.0276
zothaw,CR,0.01715205881756557,0.009075,0.0173,nonbreeding,0.6925,0.0104,0.018,126.0,69.25,0.007152964106538737,rare,0.7152964106538737,,peak_abundance_with_occupancy_days_modifiers,0.6925
lesela1,CR,0.016786570006477212,0.0169282561707231,0.0169282561707231,resident,0.1954569300444902,0.0034644213165819,0.0045296191343749,365.0,19.54569300444902,0.0070005434336117296,rare,0.700054343361173,,peak_abundance_with_occupancy_days_modifiers,0.1954569300444902
plctan1,CR,0.016758783814954704,0.0169,0.0169,resident,0.0439,0.0347,0.0416,365.0,4.390000000000001,0.0069889556917124805,rare,0.6988955691712481,rare,peak_abundance_with_occupancy_days_modifiers,0.0439
goowoo1,CR,0.016758783814954704,0.0169,0.0169,resident,0.1047,0.0076,0.0075,365.0,10.47,0.0069889556917124805,rare,0.6988955691712481,,peak_abundance_with_occupancy_days_modifiers,0.1047
heptan,CR,0.01666044089310724,0.014624999999999999,0.0168,postbreeding_migration,0.1551,0.0027,0.0033,140.0,15.509999999999998,0.006947943507834789,rare,0.6947943507834788,,peak_abundance_with_occupancy_days_modifiers,0.1551
maghum2,CR,0.01646372603066508,0.0166,0.0166,resident,0.0323,0.7966,0.8476,365.0,3.2300000000000004,0.006865907038321851,rare,0.6865907038321851,rare,peak_abundance_with_occupancy_days_modifiers,0.0323
plukit1,CR,0.016365354086264272,0.013133333333333335,0.0165,postbreeding_migration,0.1695,0.0023,0.0009,98.0,16.950000000000003,0.006824882751099334,rare,0.6824882751099334,,peak_abundance_with_occupancy_days_modifiers,0.1695
bltgro1,CR,0.016365354086264272,0.0165,0.0165,resident,0.1063,0.7182,0.8132,365.0,10.63,0.006824882751099334,rare,0.6824882751099334,,peak_abundance_with_occupancy_days_modifiers,0.1063
broher,CR,0.01609893167014725,0.0162292176868578,0.0162292176868578,resident,0.2291097847916634,0.0768916724619935,0.1450290547378229,365.0,22.910978479166342,0.006713775973777002,rare,0.6713775973777002,,peak_abundance_with_occupancy_days_modifiers,0.2291097847916634
gloibi,CR,0.016070180177494467,0.010275,0.0162,nonbreeding,0.0411,,,,4.109999999999999,0.006701785670039033,rare,0.6701785670039033,rare,peak_abundance_with_occupancy_days_modifiers,0.0411
ruwwoo1,CR,0.015774919115362215,0.0159,0.0159,resident,0.1176,0.3119,0.5989,365.0,11.76,0.00657865224320357,rare,0.657865224320357,,peak_abundance_with_occupancy_days_modifiers,0.1176
wtmgem1,CR,0.015578029963318415,0.0157,0.0157,resident,0.0366,0.6652,0.659,365.0,3.66,0.006496543089281262,rare,0.6496543089281261,rare,peak_abundance_with_occupancy_days_modifiers,0.0366
kenwar,CR,0.015479570848386318,0.0114,0.0156,nonbreeding,0.4562,0.0774,0.0349,126.0,45.62,0.006455482449123619,rare,0.6455482449123618,,peak_abundance_with_occupancy_days_modifiers,0.4562
orheag1,CR,0.015479570848386318,0.0156,0.0156,resident,0.156,0.0028,0.0116,365.0,15.6,0.006455482449123619,rare,0.6455482449123618,,peak_abundance_with_occupancy_days_modifiers,0.156
bcnher,CR,0.015381102038302324,0.014025,0.0155,postbreeding_migration,0.0819,0.0006,0.0003,112.0,8.19,0.006414417765773596,rare,0.6414417765773596,,peak_abundance_with_occupancy_days_modifiers,0.0819
slaant1,CR,0.015184135325039965,0.0153,0.0153,resident,0.1002,0.0815,0.1572,365.0,10.02,0.00633227626631083,rare,0.633227626631083,,peak_abundance_with_occupancy_days_modifiers,0.1002
volhum1,CR,0.014691548742989757,0.0148,0.0148,resident,0.0214,0.8192,0.8991,365.0,2.1399999999999997,0.006126851706014866,rare,0.6126851706014866,rare,peak_abundance_with_occupancy_days_modifiers,0.0214
wilfly,CR,0.014691548742989757,0.0089,0.0148,postbreeding_migration,0.5572,0.0305,0.0182,168.0,55.720000000000006,0.006126851706014866,rare,0.6126851706014866,,peak_abundance_with_occupancy_days_modifiers,0.5572
plcsta,CR,0.01459300230290015,0.0147,0.0147,resident,0.1674,0.0759,0.0766,365.0,16.74,0.006085754648437957,rare,0.6085754648437957,,peak_abundance_with_occupancy_days_modifiers,0.1674
pecsan,CR,0.014395880283732383,0.008666666666666668,0.0145,prebreeding_migration,0.0815,0.0011,0.0004,119.0,8.15,0.006003548381382055,rare,0.6003548381382056,,peak_abundance_with_occupancy_days_modifiers,0.0815
shtnig1,CR,0.01434961072376534,0.012958490320151901,0.0144530606173541,breeding,0.3329815109110668,0.0038187443115246,0.0011544641952585,161.0,33.29815109110668,0.005984252476138858,rare,0.5984252476138858,,peak_abundance_with_occupancy_days_modifiers,0.3329815109110668
whtkit,CR,0.014100124378781637,0.0142,0.0142,resident,0.1436,0.0042,0.0076,365.0,14.360000000000001,0.005880208589062617,rare,0.5880208589062617,,peak_abundance_with_occupancy_days_modifiers,0.1436
whwtan1,CR,0.014001519635813609,0.0141,0.0141,resident,0.0884,0.0309,0.0424,365.0,8.84,0.005839087217296892,rare,0.5839087217296892,,peak_abundance_with_occupancy_days_modifiers,0.0884
blkski,CR,0.014001519635813609,0.006975,0.0141,nonbreeding,0.0106,0.0006,0.0009,140.0,1.06,0.005839087217296892,rare,0.5839087217296892,rare,peak_abundance_with_occupancy_days_modifiers,0.0106
limpki,CR,0.013705647056111932,0.0138,0.0138,resident,0.0255,0.0006,0.001,365.0,2.55,0.0057156987678270545,rare,0.5715698767827054,rare,peak_abundance_with_occupancy_days_modifiers,0.0255
rufpih1,CR,0.013607003406216902,0.0137,0.0137,resident,0.117,0.051,0.0776,365.0,11.700000000000001,0.005674561170612519,rare,0.5674561170612519,,peak_abundance_with_occupancy_days_modifiers,0.117
y00475,CR,0.013508350024792243,0.00635,0.0136,nonbreeding,0.0368,0.0036,0.0001,105.0,3.6799999999999997,0.0056334195150349094,rare,0.563341951503491,rare,peak_abundance_with_occupancy_days_modifiers,0.0368
buftuf1,CR,0.013450458478741231,0.0135413228273952,0.0135413228273952,resident,0.078623840829836,0.7524228680630888,0.8135091006550177,365.0,7.862384082983601,0.00560927686514202,rare,0.560927686514202,,peak_abundance_with_occupancy_days_modifiers,0.078623840829836
eyrfla1,CR,0.013409686909917675,0.0135,0.0135,resident,0.1315,0.0664,0.0624,365.0,13.15,0.005592273800293407,rare,0.5592273800293407,,peak_abundance_with_occupancy_days_modifiers,0.1315
blswoo1,CR,0.012911860631708886,0.0129955786345585,0.0129955786345585,resident,0.1323947966728505,0.0710835633154351,0.0910971772596486,365.0,13.239479667285051,0.005384664116978168,rare,0.5384664116978168,,peak_abundance_with_occupancy_days_modifiers,0.1323947966728505
cinwoo1,CR,0.012817503710614431,0.0129,0.0129,resident,0.0612,0.0603,0.0639,365.0,6.12,0.00534531422452665,rare,0.534531422452665,,peak_abundance_with_occupancy_days_modifiers,0.0612
turcot1,CR,0.01266531823826791,0.0127458630640589,0.0127458630640589,resident,0.1325415008261558,0.9948800693228634,0.9996063327384423,365.0,13.25415008261558,0.005281847953053986,rare,0.5281847953053985,,peak_abundance_with_occupancy_days_modifiers,0.1325415008261558
whtspa1,CR,0.012556134354445279,0.0126352935737173,0.0126352935737173,resident,0.1315971037303145,0.0064582143910952,0.0112521877271528,365.0,13.15971037303145,0.005236314736878444,rare,0.5236314736878445,,peak_abundance_with_occupancy_days_modifiers,0.1315971037303145
amekes,CR,0.012422519998557154,0.005325000000000001,0.0125,nonbreeding,0.2491,0.0008,0.0003,105.0,24.91,0.005180593222513795,rare,0.5180593222513795,,peak_abundance_with_occupancy_days_modifiers,0.2491
laffin1,CR,0.012323749688831936,0.0124,0.0124,resident,0.0213,0.8053,0.8739,365.0,2.13,0.00513940280404738,rare,0.513940280404738,rare,peak_abundance_with_occupancy_days_modifiers,0.0213
houspa,CR,0.01222496962256897,0.0123,0.0123,resident,0.0219,0.0001,0.0,365.0,2.19,0.005098208316788695,rare,0.5098208316788695,rare,peak_abundance_with_occupancy_days_modifiers,0.0219
ovenbi1,CR,0.01222496962256897,0.008166666666666668,0.0123,nonbreeding,0.467,0.025,0.0093,112.0,46.7,0.005098208316788695,rare,0.5098208316788695,,peak_abundance_with_occupancy_days_modifiers,0.467
shicow,CR,0.012126179797840565,0.0122,0.0122,resident,0.1906,0.0011,0.0001,365.0,19.06,0.00505700975993383,rare,0.5057009759933829,,peak_abundance_with_occupancy_days_modifiers,0.1906
snowca1,CR,0.012110964190705419,0.0121845988796268,0.0121845988796268,resident,0.1122289312485633,0.0842303258381534,0.1429344792501658,365.0,11.22289312485633,0.005050664358903272,rare,0.5050664358903273,,peak_abundance_with_occupancy_days_modifiers,0.1122289312485633
whfnun1,CR,0.011930057327431763,0.0120015043008219,0.0120015043008219,resident,0.1039237456347426,0.0019589977707524,0.00097538325307212,365.0,10.39237456347426,0.004975220337087229,rare,0.49752203370872283,,peak_abundance_with_occupancy_days_modifiers,0.1039237456347426
baffal1,CR,0.011928570865273802,0.012,0.012,resident,0.1359,0.0018,0.0033,365.0,13.59,0.004974600434218729,rare,0.4974600434218729,,peak_abundance_with_occupancy_days_modifiers,0.1359
ivbwoo,CR,0.011928570865273802,0.012,0.012,resident,0.0976,0.012,0.0066,365.0,9.76,0.004974600434218729,rare,0.4974600434218729,,peak_abundance_with_occupancy_days_modifiers,0.0976
ivbwoo1,CR,0.011928570865273802,0.012,0.012,resident,0.0976,0.012,0.0066,365.0,9.76,0.004974600434218729,rare,0.4974600434218729,,peak_abundance_with_occupancy_days_modifiers,0.0976
fuwduc,CR,0.0118297517535772,0.007600000000000001,0.0119,nonbreeding,0.0179,,,,1.79,0.004933389663749479,rare,0.4933389663749479,rare,peak_abundance_with_occupancy_days_modifiers,0.0179
grhkit1,CR,0.011730922875698666,0.0118,0.0118,resident,0.2175,0.0019,0.0048,365.0,21.75,0.004892174820466024,rare,0.4892174820466024,,peak_abundance_with_occupancy_days_modifiers,0.2175
pavthr1,CR,0.011623439075469283,0.0116912537352635,0.0116912537352635,resident,0.1293461042005599,0.0927862855049619,0.2180068176927299,365.0,12.93461042005599,0.0048473505942170205,rare,0.48473505942170203,,peak_abundance_with_occupancy_days_modifiers,0.1293461042005599
zelant1,CR,0.011434377625663104,0.0115,0.0115,resident,0.0529,0.0742,0.1042,365.0,5.29,0.004768505845678206,rare,0.47685058456782065,,peak_abundance_with_occupancy_days_modifiers,0.0529
rusant1,CR,0.011434377625663104,0.0115,0.0115,resident,0.0713,0.0612,0.1805,365.0,7.13,0.004768505845678206,rare,0.47685058456782065,,peak_abundance_with_occupancy_days_modifiers,0.0713
spfswi1,CR,0.011240786271773584,0.0113042012986201,0.0113042012986201,resident,0.3286877237399877,0.2156592978339689,0.305015112106311,365.0,32.86877237399877,0.004687771980406615,rare,0.4687771980406615,,peak_abundance_with_occupancy_days_modifiers,0.3286877237399877
chcswi1,CR,0.011199212466689,0.0112621584088216,0.0112621584088216,resident,0.4443171515717207,0.0276198795377327,0.0175605657417243,365.0,44.43171515717207,0.004670434357051504,rare,0.4670434357051504,,peak_abundance_with_occupancy_days_modifiers,0.4443171515717207
plaant1,CR,0.0111733558466917,0.0112360109255182,0.0112360109255182,resident,0.0938290294825093,0.0061201013006033,0.0041804055596433,365.0,9.38290294825093,0.004659651308979961,rare,0.4659651308979961,,peak_abundance_with_occupancy_days_modifiers,0.0938290294825093
whccoq1,CR,0.011156236328663291,0.0112186992005828,0.0112186992005828,resident,0.2353782394047578,0.9863036891973556,0.9856876987744768,365.0,23.53782394047578,0.004652511915436471,rare,0.46525119154364714,,peak_abundance_with_occupancy_days_modifiers,0.2353782394047578
batbar1,CR,0.011137744410455924,0.0112,0.0112,resident,0.0955,0.0906,0.2084,365.0,9.55,0.004644800186564507,rare,0.4644800186564507,,peak_abundance_with_occupancy_days_modifiers,0.0955
jabiru,CR,0.011038847115216341,0.0111,0.0111,resident,0.0327,0.0015,0.0015,365.0,3.27,0.004603556811025358,rare,0.4603556811025358,rare,peak_abundance_with_occupancy_days_modifiers,0.0327
ruqdov,CR,0.010841023177874857,0.0109,0.0109,resident,0.1519,0.0017,0.0023,365.0,15.190000000000001,0.004521057821354797,rare,0.4521057821354797,,peak_abundance_with_occupancy_days_modifiers,0.1519
whltan1,CR,0.010742096531902109,0.0108,0.0108,resident,0.115,0.0022,0.0015,365.0,11.5,0.004479802205609206,rare,0.4479802205609206,,peak_abundance_with_occupancy_days_modifiers,0.115
gubter2,CR,0.01041732417016664,0.0061303605219806,0.010471773399107,nonbreeding,0.143696258437529,0.0066292976782481,0.0005012197170993441,140.0,14.369625843752901,0.004344361610926237,rare,0.43443616109262373,,peak_abundance_with_occupancy_days_modifiers,0.143696258437529
yerwar,CR,0.0103462920541443,0.003533333333333333,0.0104,nonbreeding,0.5852,0.0066,0.0001,91.0,58.52,0.004314738917713461,rare,0.4314738917713461,,peak_abundance_with_occupancy_days_modifiers,0.5852
purmar,CR,0.0103462920541443,0.00565,0.0104,postbreeding_migration,0.2501,0.0024,0.0001,98.0,25.009999999999998,0.004314738917713461,rare,0.4314738917713461,,peak_abundance_with_occupancy_days_modifiers,0.2501
whteme1,CR,0.010313450812850115,0.0103668177546724,0.0103668177546724,resident,0.0882519207093135,0.3766589830952568,0.391595172634343,365.0,8.82519207093135,0.0043010430563191785,rare,0.43010430563191787,,peak_abundance_with_occupancy_days_modifiers,0.0882519207093135
creoro1,CR,0.010247316451549523,0.0103,0.0103,resident,0.0187,0.0002,0.0004,365.0,1.87,0.0042734628854707085,rare,0.42734628854707085,rare,peak_abundance_with_occupancy_days_modifiers,0.0187
eleter1,CR,0.010247316451549523,0.004275,0.0103,nonbreeding,0.0365,0.0684,0.0035,126.0,3.65,0.0042734628854707085,rare,0.42734628854707085,rare,peak_abundance_with_occupancy_days_modifiers,0.0365
grecur1,CR,0.010247316451549523,0.0103,0.0103,resident,0.0572,0.029,0.049,365.0,5.72,0.0042734628854707085,rare,0.42734628854707085,,peak_abundance_with_occupancy_days_modifiers,0.0572
soffin1,CR,0.010057690626202988,0.0101084391916646,0.0101084391916646,resident,0.0662726294273071,0.7214285714285714,0.9895638630096394,365.0,6.62726294273071,0.004194382774050657,rare,0.4194382774050657,,peak_abundance_with_occupancy_days_modifiers,0.0662726294273071
margod,CR,0.009950330853168083,0.005150000000000001,0.01,postbreeding_migration,0.0106,0.0082,0.0007,140.0,1.06,0.0041496102711591504,very_rare,0.41496102711591504,rare,peak_abundance_with_occupancy_days_modifiers,0.0106
wtstan1,CR,0.009851316050374183,0.0099,0.0099,resident,0.0547,0.1491,0.3872,365.0,5.47,0.0041083178911636145,very_rare,0.4108317891163614,,peak_abundance_with_occupancy_days_modifiers,0.0547
gareme1,CR,0.009693046278822883,0.0097401760056975,0.0097401760056975,resident,0.096318622003795,0.145348375663523,0.0762090196289838,365.0,9.6318622003795,0.004042314269843371,very_rare,0.40423142698433706,,peak_abundance_with_occupancy_days_modifiers,0.096318622003795
grepot1,CR,0.009592844209348347,0.0096390030193861,0.0096390030193861,resident,0.2617424763049621,0.0020117060780836,0.0039961470703851,365.0,26.17424763049621,0.0040005267611847445,very_rare,0.40005267611847445,,peak_abundance_with_occupancy_days_modifiers,0.2617424763049621
pasowl4,CR,0.009554212804811658,0.0096,0.0096,resident,0.0855,0.2886,0.4236,365.0,8.55,0.0039844162141667834,very_rare,0.3984416214166783,,peak_abundance_with_occupancy_days_modifiers,0.0855
speowl1,CR,0.009554212804811658,0.0096,0.0096,resident,0.1772,0.0016,0.0027,365.0,17.72,0.0039844162141667834,very_rare,0.3984416214166783,,peak_abundance_with_occupancy_days_modifiers,0.1772
soorob1,CR,0.009554212804811658,0.0096,0.0096,resident,0.0115,0.7236,0.8758,365.0,1.15,0.0039844162141667834,very_rare,0.3984416214166783,rare,peak_abundance_with_occupancy_days_modifiers,0.0115
tortyr1,CR,0.009471201556830816,0.0095161953224521,0.0095161953224521,resident,0.1389241420869603,0.0371636769176153,0.0285356467149493,365.0,13.89241420869603,0.003949797834906188,very_rare,0.3949797834906188,,peak_abundance_with_occupancy_days_modifiers,0.1389241420869603
stbtre1,CR,0.009356094924024954,0.0094,0.0094,resident,0.0673,0.7104,0.7786,365.0,6.7299999999999995,0.00390179464055841,very_rare,0.390179464055841,,peak_abundance_with_occupancy_days_modifiers,0.0673
ampkin1,CR,0.009257021262676763,0.0093,0.0093,resident,0.0953,0.0019,0.005,365.0,9.53,0.003860477714639222,very_rare,0.3860477714639222,,peak_abundance_with_occupancy_days_modifiers,0.0953
snbhum1,CR,0.009157937784765629,0.0092,0.0092,resident,0.0422,0.1986,0.2393,365.0,4.22,0.0038191566948953147,very_rare,0.3819156694895315,rare,peak_abundance_with_occupancy_days_modifiers,0.0422
sooshe,CR,0.008688789397602318,0.0087266464928741,0.0087266464928741,nonbreeding,0.0710406463989131,0.0001463887995967517,1.0329981796651773e-06,84.0,7.10406463989131,0.003623506621063745,very_rare,0.3623506621063745,,peak_abundance_with_occupancy_days_modifiers,0.0710406463989131
sonwre1,CR,0.008673924205615243,0.0087116516890621,0.0087116516890621,resident,0.0950255624446761,0.0659921131832044,0.092600326589397,365.0,9.502556244467609,0.0036173073545004144,very_rare,0.3617307354500414,,peak_abundance_with_occupancy_days_modifiers,0.0950255624446761
brtpar1,CR,0.008563230660487873,0.0086,0.0086,resident,0.0033,0.0002,0.0003,365.0,0.33,0.003571144560660661,very_rare,0.3571144560660661,very_rare,peak_abundance_with_occupancy_days_modifiers,0.0033
barhaw1,CR,0.008563230660487873,0.0086,0.0086,resident,0.1167,0.0867,0.086,365.0,11.67,0.003571144560660661,very_rare,0.3571144560660661,,peak_abundance_with_occupancy_days_modifiers,0.1167
cerwar,CR,0.008464078412129412,0.005050000000000001,0.0085,postbreeding_migration,0.4378,0.0411,0.0614,70.0,43.78,0.003529794861412646,very_rare,0.35297948614126456,,peak_abundance_with_occupancy_days_modifiers,0.4378
bcatan1,CR,0.008464078412129412,0.0085,0.0085,resident,0.0164,1.0,1.0,365.0,1.6400000000000001,0.003529794861412646,very_rare,0.35297948614126456,rare,peak_abundance_with_occupancy_days_modifiers,0.0164
wrenth1,CR,0.008464078412129412,0.0085,0.0085,resident,0.0341,0.7506,0.875,365.0,3.4099999999999997,0.003529794861412646,very_rare,0.35297948614126456,rare,peak_abundance_with_occupancy_days_modifiers,0.0341
brbscy1,CR,0.008364916331627708,0.0084,0.0084,resident,0.0678,0.0807,0.2872,365.0,6.78,0.003488441061842421,very_rare,0.3488441061842421,,peak_abundance_with_occupancy_days_modifiers,0.0678
royfly1,CR,0.008364916331627708,0.0084,0.0084,resident,0.137,0.0021,0.0072,365.0,13.700000000000001,0.003488441061842421,very_rare,0.3488441061842421,,peak_abundance_with_occupancy_days_modifiers,0.137
pregrs2,CR,0.008293965404593555,0.0083284556232787,0.0083284556232787,resident,0.0338381437353284,1.0,1.0,365.0,3.3838143735328403,0.0034588522270676478,very_rare,0.3458852227067648,rare,peak_abundance_with_occupancy_days_modifiers,0.0338381437353284
perfal,CR,0.008265744417032617,0.006466666666666667,0.0083,nonbreeding,0.23,,,,23.0,0.0034470831611367143,very_rare,0.3447083161136714,,peak_abundance_with_occupancy_days_modifiers,0.23
manhum1,CR,0.008202536815368727,0.0082362697893804,0.0082362697893804,resident,0.0900824691450136,1.0,1.0,365.0,9.00824691450136,0.0034207235438586006,very_rare,0.34207235438586003,,peak_abundance_with_occupancy_days_modifiers,0.0900824691450136
baitro1,CR,0.008166562666393417,0.0082,0.0082,resident,0.0401,0.9886,0.992,365.0,4.01,0.003405721158482009,very_rare,0.3405721158482009,rare,peak_abundance_with_occupancy_days_modifiers,0.0401
hrshaw,CR,0.008166562666393417,0.0082,0.0082,resident,0.0493,0.0019,0.0041,365.0,4.93,0.003405721158482009,very_rare,0.3405721158482009,rare,peak_abundance_with_occupancy_days_modifiers,0.0493
slcfly1,CR,0.008067371077758796,0.0081,0.0081,resident,0.0468,0.0081,0.0072,365.0,4.68,0.0033643550530645483,very_rare,0.33643550530645483,rare,peak_abundance_with_occupancy_days_modifiers,0.0468
rutfly2,CR,0.008067371077758796,0.0081,0.0081,resident,0.1136,0.0014,0.0016,365.0,11.360000000000001,0.0033643550530645483,very_rare,0.33643550530645483,,peak_abundance_with_occupancy_days_modifiers,0.1136
grflan1,CR,0.008034402651225648,0.0080667650770665,0.0080667650770665,resident,0.143486416059389,0.0277224148367202,0.0324663577719102,365.0,14.3486416059389,0.0033506061513059343,very_rare,0.33506061513059343,,peak_abundance_with_occupancy_days_modifiers,0.143486416059389
coheme1,CR,0.007938584764326162,0.0079701788771999,0.0079701788771999,resident,0.0362530967906804,1.0,1.0,365.0,3.62530967906804,0.003310646988791057,very_rare,0.33106469887910567,rare,peak_abundance_with_occupancy_days_modifiers,0.0362530967906804
blcfly1,CR,0.007769737264360664,0.0078,0.0078,resident,0.0185,0.9124,0.9657,365.0,1.8499999999999999,0.0032402321120944214,very_rare,0.32402321120944216,rare,peak_abundance_with_occupancy_days_modifiers,0.0185
whwpuf1,CR,0.007676689894139376,0.0077062312228277,0.0077062312228277,resident,0.1005905247402831,0.0439824237484671,0.0388583021354258,365.0,10.05905247402831,0.0032014283447753143,very_rare,0.32014283447753145,,peak_abundance_with_occupancy_days_modifiers,0.1005905247402831
emetan1,CR,0.007670506304219701,0.0077,0.0077,resident,0.02,0.0486,0.0968,365.0,2.0,0.0031988495874835155,very_rare,0.31988495874835154,rare,peak_abundance_with_occupancy_days_modifiers,0.02
sungre1,CR,0.007575225497753758,0.007603990105347,0.007603990105347,resident,0.1497799833959833,0.0008139532154390281,0.0020311779853553,365.0,14.977998339598331,0.0031591144049062047,very_rare,0.3159114404906205,,peak_abundance_with_occupancy_days_modifiers,0.1497799833959833
fotfly,CR,0.007571265496318075,0.006325,0.0076,postbreeding_migration,0.1204,0.0033,0.0002,133.0,12.04,0.0031574629560374313,very_rare,0.3157462956037431,,peak_abundance_with_occupancy_days_modifiers,0.1204
ameoys,CR,0.007472014838700995,0.0041,0.0075,postbreeding_migration,0.0342,0.0107,0.0029,98.0,3.42,0.0031160722169409553,very_rare,0.31160722169409555,rare,peak_abundance_with_occupancy_days_modifiers,0.0342
putfru1,CR,0.007372754329413085,0.0074,0.0074,resident,0.014,0.0002,0.0004,365.0,1.4000000000000001,0.003074677369378634,very_rare,0.3074677369378634,rare,peak_abundance_with_occupancy_days_modifiers,0.014
oceant1,CR,0.007372754329413085,0.0074,0.0074,resident,0.0455,0.0417,0.0602,365.0,4.55,0.003074677369378634,very_rare,0.3074677369378634,rare,peak_abundance_with_occupancy_days_modifiers,0.0455
vesowl,CR,0.007282408124247316,0.0073089893442116,0.0073089893442116,resident,0.1954716381424058,0.0264254131592369,0.0074034927078432,365.0,19.54716381424058,0.0030370000753821916,very_rare,0.30370000753821913,,peak_abundance_with_occupancy_days_modifiers,0.1954716381424058
bbwqua1,CR,0.007273483966498386,0.0073,0.0073,resident,0.0234,0.63,0.8675,365.0,2.34,0.0030332784125347693,very_rare,0.30332784125347695,rare,peak_abundance_with_occupancy_days_modifiers,0.0234
snakit,CR,0.007273483966498386,0.0073,0.0073,resident,0.0184,0.0005,0.0004,365.0,1.8399999999999999,0.0030332784125347693,very_rare,0.30332784125347695,rare,peak_abundance_with_occupancy_days_modifiers,0.0184
aldfly,CR,0.00707491367196188,0.0058,0.0071,postbreeding_migration,0.6353,0.0037,0.0004,84.0,63.53,0.002950468167738402,very_rare,0.2950468167738402,,peak_abundance_with_occupancy_days_modifiers,0.6353
crctan1,CR,0.00707491367196188,0.0071,0.0071,resident,0.0322,0.0426,0.0422,365.0,3.2199999999999998,0.002950468167738402,very_rare,0.2950468167738402,rare,peak_abundance_with_occupancy_days_modifiers,0.0322
pifshe,CR,0.0070597930023849785,0.0025463909104089383,0.0070847720887975,nonbreeding,0.0417455344818355,0.0012746830064628,4.7527111288650395e-05,112.0,4.17455344818355,0.0029441623587447385,very_rare,0.29441623587447385,rare,peak_abundance_with_occupancy_days_modifiers,0.0417455344818355
creowl1,CR,0.006897625851690722,0.0069214692623352,0.0069214692623352,resident,0.2738948516291575,0.0037010216209966,0.0024604550819553,365.0,27.38948516291575,0.002876533404080272,very_rare,0.2876533404080272,,peak_abundance_with_occupancy_days_modifiers,0.2738948516291575
sunbit1,CR,0.006735926544356209,0.0067586639213254,0.0067586639213254,resident,0.1446129524397712,0.0024001926042018,0.0023228287478157,365.0,14.461295243977121,0.0028090995552508846,very_rare,0.28090995552508846,,peak_abundance_with_occupancy_days_modifiers,0.1446129524397712
roltyr1,CR,0.006663623615081951,0.0066858749523112,0.0066858749523112,resident,0.1493410927142211,0.0787396577587873,0.3014892005715828,365.0,14.93410927142211,0.002778946891748666,very_rare,0.2778946891748666,,peak_abundance_with_occupancy_days_modifiers,0.1493410927142211
yemfly2,CR,0.006612865443345117,0.0066347787145721,0.0066347787145721,resident,0.1946352781171643,0.0844125411917938,0.0823444023458475,365.0,19.463527811716432,0.002757779090005009,very_rare,0.27577790900050086,,peak_abundance_with_occupancy_days_modifiers,0.1946352781171643
colplo1,CR,0.006578315360122567,0.0066,0.0066,resident,0.0152,0.0023,0.0033,365.0,1.52,0.002743370586174741,very_rare,0.2743370586174741,rare,peak_abundance_with_occupancy_days_modifiers,0.0152
gretho1,CR,0.006496121025065744,0.0065172665824875,0.0065172665824875,resident,0.0802839713615083,0.0577411012334977,0.0750836406573725,365.0,8.028397136150831,0.002709092886064503,very_rare,0.2709092886064503,,peak_abundance_with_occupancy_days_modifiers,0.0802839713615083
gycthr,CR,0.006478966097709122,0.0022333333333333333,0.0065,postbreeding_migration,0.3266,0.0067,0.004,56.0,32.66,0.002701938725684232,very_rare,0.2701938725684232,,peak_abundance_with_occupancy_days_modifiers,0.3266
nisfin1,CR,0.006379606964039027,0.0064,0.0064,resident,0.0234,0.417,0.6639,365.0,2.34,0.002660502748559955,very_rare,0.26605027485599547,rare,peak_abundance_with_occupancy_days_modifiers,0.0234
fragul,CR,0.006379606964039027,0.0028250000000000003,0.0064,nonbreeding,0.0441,0.0501,0.0001,63.0,4.41,0.002660502748559955,very_rare,0.26605027485599547,rare,peak_abundance_with_occupancy_days_modifiers,0.0441
yectyr1,CR,0.006280237957150483,0.0063,0.0063,resident,0.0583,0.0005,0.0003,365.0,5.83,0.002619062653983778,very_rare,0.2619062653983778,,peak_abundance_with_occupancy_days_modifiers,0.0583
stfgle1,CR,0.006267264676209505,0.0062869450720719,0.0062869450720719,resident,0.1698867858254271,0.1480536245979871,0.0646031939208684,365.0,16.98867858254271,0.002613652375608374,very_rare,0.2613652375608374,,peak_abundance_with_occupancy_days_modifiers,0.1698867858254271
comgal1,CR,0.006180859075081115,0.004575,0.0062,breeding,0.0822,0.0013,0.0002,126.0,8.219999999999999,0.0025776184411373257,very_rare,0.2577618441137326,,peak_abundance_with_occupancy_days_modifiers,0.0822
slcgro1,CR,0.00608147031586796,0.0061,0.0061,resident,0.0437,0.0007,0.0006,365.0,4.37,0.002536170109201979,very_rare,0.2536170109201979,rare,peak_abundance_with_occupancy_days_modifiers,0.0437
higtin1,CR,0.005982071677547464,0.006,0.006,resident,0.0817,0.0834,0.31,365.0,8.17,0.002494717657358874,very_rare,0.2494717657358874,,peak_abundance_with_occupancy_days_modifiers,0.0817
scrgre1,CR,0.005882663158155495,0.0059,0.0059,resident,0.0319,0.003,0.0029,365.0,3.19,0.002453261084788902,very_rare,0.2453261084788902,rare,peak_abundance_with_occupancy_days_modifiers,0.0319
brctyr,CR,0.005882663158155495,0.0059,0.0059,resident,0.0462,0.0319,0.0342,365.0,4.62,0.002453261084788902,very_rare,0.2453261084788902,rare,peak_abundance_with_occupancy_days_modifiers,0.0462
stthum1,CR,0.005882663158155495,0.0059,0.0059,resident,0.0313,0.0518,0.0883,365.0,3.1300000000000003,0.002453261084788902,very_rare,0.2453261084788902,rare,peak_abundance_with_occupancy_days_modifiers,0.0313
nigwre1,CR,0.005783244755727333,0.0058,0.0058,resident,0.0238,0.0485,0.1159,365.0,2.3800000000000003,0.002411800390672712,very_rare,0.2411800390672712,rare,peak_abundance_with_occupancy_days_modifiers,0.0238
compot1,CR,0.005584378293900615,0.00335,0.0056,postbreeding_migration,0.2652,0.0013,0.001,105.0,26.52,0.0023288666345230463,very_rare,0.23288666345230463,,peak_abundance_with_occupancy_days_modifiers,0.2652
gocspa1,CR,0.005584378293900615,0.0056,0.0056,resident,0.0719,0.002,0.005,365.0,7.19,0.0023288666345230463,very_rare,0.23288666345230463,,peak_abundance_with_occupancy_days_modifiers,0.0719
yebtyr1,CR,0.005450567076296032,0.0054654484420315,0.0054654484420315,resident,0.2454481274312472,0.1369818200229514,0.0298935468801463,365.0,24.54481274312472,0.002273063022446022,very_rare,0.22730630224460222,,peak_abundance_with_occupancy_days_modifiers,0.2454481274312472
norsho,CR,0.005385472276337817,0.0036333333333333335,0.0054,nonbreeding,0.0213,0.0003,0.0,84.0,2.13,0.0022459163823501686,very_rare,0.22459163823501685,rare,peak_abundance_with_occupancy_days_modifiers,0.0213
leafly,CR,0.005385472276337817,0.0035,0.0054,postbreeding_migration,0.6034,0.0212,0.0015,140.0,60.34,0.0022459163823501686,very_rare,0.22459163823501685,,peak_abundance_with_occupancy_days_modifiers,0.6034
belkin1,CR,0.005286004429237355,0.0028666666666666667,0.0053,nonbreeding,0.0977,0.0019,0.0012,91.0,9.77,0.0022044350682040464,very_rare,0.22044350682040464,,peak_abundance_with_occupancy_days_modifiers,0.0977
hoowar,CR,0.005286004429237355,0.0029666666666666665,0.0053,nonbreeding,0.2263,0.022,0.0037,119.0,22.63,0.0022044350682040464,very_rare,0.22044350682040464,,peak_abundance_with_occupancy_days_modifiers,0.2263
stisan,CR,0.005286004429237355,0.0038666666666666663,0.0053,nonbreeding,0.0259,0.0024,0.0009,98.0,2.59,0.0022044350682040464,very_rare,0.22044350682040464,rare,peak_abundance_with_occupancy_days_modifiers,0.0259
surfly1,CR,0.005186526687300061,0.0052,0.0052,resident,0.0673,0.0458,0.0525,365.0,6.7299999999999995,0.0021629496275904574,very_rare,0.21629496275904575,,peak_abundance_with_occupancy_days_modifiers,0.0673
lsspet,CR,0.005141918970965586,0.0033046448846575,0.0051551613236235,nonbreeding,0.0440965639004836,0.001550808358857,0.00018714890679360295,49.0,4.40965639004836,0.0021443467649715164,very_rare,0.21443467649715164,rare,peak_abundance_with_occupancy_days_modifiers,0.0440965639004836
rudwoo1,CR,0.005087039048557106,0.0051,0.0051,resident,0.1244,0.0651,0.0255,365.0,12.44,0.002121460059688336,very_rare,0.21214600596883357,,peak_abundance_with_occupancy_days_modifiers,0.1244
bcptyr1,CR,0.005087039048557106,0.0051,0.0051,resident,0.0302,0.0448,0.0604,365.0,3.02,0.002121460059688336,very_rare,0.21214600596883357,rare,peak_abundance_with_occupancy_days_modifiers,0.0302
chcwoo1,CR,0.004987541511039074,0.005,0.005,resident,0.0259,0.0164,0.0204,365.0,2.59,0.0020799663636762796,very_rare,0.20799663636762797,rare,peak_abundance_with_occupancy_days_modifiers,0.0259
brcfly1,CR,0.004987541511039074,0.00455,0.005,prebreeding_migration,0.0486,0.0008,0.0006,133.0,4.859999999999999,0.0020799663636762796,very_rare,0.20799663636762797,rare,peak_abundance_with_occupancy_days_modifiers,0.0486
rufmot1,CR,0.004987541511039074,0.005,0.005,resident,0.0364,0.0013,0.0018,365.0,3.64,0.0020799663636762796,very_rare,0.20799663636762797,rare,peak_abundance_with_occupancy_days_modifiers,0.0364
brtplu1,CR,0.004987541511039074,0.005,0.005,resident,0.0301,0.0254,0.0928,365.0,3.01,0.0020799663636762796,very_rare,0.20799663636762797,rare,peak_abundance_with_occupancy_days_modifiers,0.0301
gyhdov1,CR,0.004888034072775962,0.0049,0.0049,resident,0.0576,0.0362,0.0238,365.0,5.76,0.002038468538732918,very_rare,0.2038468538732918,,peak_abundance_with_occupancy_days_modifiers,0.0576
bhnthr1,CR,0.004888034072775962,0.0049,0.0049,resident,0.0246,0.0406,0.0765,365.0,2.46,0.002038468538732918,very_rare,0.2038468538732918,rare,peak_abundance_with_occupancy_days_modifiers,0.0246
rehbar1,CR,0.004888034072775962,0.0049,0.0049,resident,0.023,0.0144,0.015,365.0,2.3,0.002038468538732918,very_rare,0.2038468538732918,rare,peak_abundance_with_occupancy_days_modifiers,0.023
nicgra1,CR,0.004888034072775962,0.0049,0.0049,resident,0.0061,0.3407,0.364,365.0,0.61,0.002038468538732918,very_rare,0.2038468538732918,very_rare,peak_abundance_with_occupancy_days_modifiers,0.0061
rubsee1,CR,0.004788516731797177,0.0048,0.0048,resident,0.0256,0.0013,0.0009,365.0,2.56,0.001996966584036358,very_rare,0.19969665840363582,rare,peak_abundance_with_occupancy_days_modifiers,0.0256
grsvir1,CR,0.004788516731797177,0.0048,0.0048,resident,0.0541,0.042,0.0188,365.0,5.41,0.001996966584036358,very_rare,0.19969665840363582,,peak_abundance_with_occupancy_days_modifiers,0.0541
thiant1,CR,0.004688989486131542,0.0047,0.0047,resident,0.0318,0.0185,0.0626,365.0,3.18,0.0019554604987645544,very_rare,0.19554604987645544,rare,peak_abundance_with_occupancy_days_modifiers,0.0318
comter,CR,0.0045894523338072864,0.0023,0.0046,postbreeding_migration,0.0561,0.0003,0.0,133.0,5.609999999999999,0.0019139502820952148,very_rare,0.19139502820952148,,peak_abundance_with_occupancy_days_modifiers,0.0561
chtant1,CR,0.0045894523338072864,0.0046,0.0046,resident,0.0277,0.0295,0.0331,365.0,2.77,0.0019139502820952148,very_rare,0.19139502820952148,rare,peak_abundance_with_occupancy_days_modifiers,0.0277
spbori,CR,0.0045894523338072864,0.0046,0.0046,resident,0.0253,0.0218,0.0216,365.0,2.53,0.0019139502820952148,very_rare,0.19139502820952148,rare,peak_abundance_with_occupancy_days_modifiers,0.0253
chqdov1,CR,0.0045894523338072864,0.0046,0.0046,resident,0.0891,0.7216,0.6637,365.0,8.91,0.0019139502820952148,very_rare,0.19139502820952148,,peak_abundance_with_occupancy_days_modifiers,0.0891
tatlea1,CR,0.0045033951530678885,0.0045135506760751,0.0045135506760751,resident,0.1141099073538712,0.0901058972425646,0.1284706218336651,365.0,11.41099073538712,0.0018780616502122914,very_rare,0.18780616502122915,,peak_abundance_with_occupancy_days_modifiers,0.1141099073538712
dowant1,CR,0.0044472280972200325,0.0044571316918333,0.0044571316918333,resident,0.1397792077752075,0.0051461431120716,0.0165671989858051,365.0,13.97792077752075,0.0018546381685928,very_rare,0.18546381685927998,,peak_abundance_with_occupancy_days_modifiers,0.1397792077752075
pebfin1,CR,0.004409281647670755,0.0044190168331275,0.0044190168331275,resident,0.0667844515477462,0.7595523945636427,0.8276896747634238,365.0,6.678445154774621,0.00183881326999118,very_rare,0.183881326999118,,peak_abundance_with_occupancy_days_modifiers,0.0667844515477462
veery,CR,0.004290781417156275,0.0043,0.0043,postbreeding_migration,0.1531,0.0029,0.0031,70.0,15.310000000000002,0.0017893948354753858,very_rare,0.17893948354753858,,peak_abundance_with_occupancy_days_modifiers,0.1531
atbtan1,CR,0.004236650818035302,0.0042456381106369,0.0042456381106369,resident,0.0855818391506994,0.0307396733909702,0.0104422416794432,365.0,8.558183915069941,0.0017668206222747217,very_rare,0.17668206222747215,,peak_abundance_with_occupancy_days_modifiers,0.0855818391506994
strwoo5,CR,0.004224760076791961,0.0042336969566041,0.0042336969566041,resident,0.1058524569478706,0.0929128658726164,0.1432385002168683,365.0,10.58524569478706,0.0017618617980182498,very_rare,0.17618617980182497,,peak_abundance_with_occupancy_days_modifiers,0.1058524569478706
thlsch2,CR,0.004191204618468071,0.0042,0.0042,resident,0.0581,0.0362,0.012,365.0,5.81,0.0017478680849880779,very_rare,0.1747868084988078,,peak_abundance_with_occupancy_days_modifiers,0.0581
bcwpar1,CR,0.004091617903253565,0.0041,0.0041,resident,0.0148,0.07,0.102,365.0,1.48,0.0017063371989880915,very_rare,0.17063371989880916,rare,peak_abundance_with_occupancy_days_modifiers,0.0148
strxen1,CR,0.004013120006722871,0.0040211833556044,0.0040211833556044,resident,0.145089009882921,0.0048969556333578,0.0017160353269071,365.0,14.508900988292101,0.0016736010334760878,very_rare,0.16736010334760879,,peak_abundance_with_occupancy_days_modifiers,0.145089009882921
merlin,CR,0.003992021269537453,0.0031,0.004,nonbreeding,0.2801,,,,28.01,0.0016648021766516613,very_rare,0.16648021766516613,,peak_abundance_with_occupancy_days_modifiers,0.2801
plbwoo1,CR,0.003992021269537453,0.004,0.004,resident,0.0372,0.0004,0.0005,365.0,3.7199999999999998,0.0016648021766516613,very_rare,0.16648021766516613,rare,peak_abundance_with_occupancy_days_modifiers,0.0372
magwar,CR,0.003992021269537453,0.0022333333333333333,0.004,nonbreeding,0.403,0.0253,0.0009,133.0,40.300000000000004,0.0016648021766516613,very_rare,0.16648021766516613,,peak_abundance_with_occupancy_days_modifiers,0.403
bfqdov1,CR,0.0038924147153438387,0.0039,0.0039,resident,0.0513,0.7521,0.8692,365.0,5.13,0.001623263017154774,very_rare,0.1623263017154774,,peak_abundance_with_occupancy_days_modifiers,0.0513
towwar,CR,0.003792798238696237,0.0018333333333333333,0.0038,nonbreeding,0.0798,0.008,0.0014,112.0,7.9799999999999995,0.0015817197196731716,very_rare,0.15817197196731717,,peak_abundance_with_occupancy_days_modifiers,0.0798
capowl1,CR,0.003792798238696237,0.0038,0.0038,resident,0.037,0.0368,0.1185,365.0,3.6999999999999997,0.0015817197196731716,very_rare,0.15817197196731717,rare,peak_abundance_with_occupancy_days_modifiers,0.037
brnowl,CR,0.003792798238696237,0.0038,0.0038,resident,0.0978,,,,9.78,0.0015817197196731716,very_rare,0.15817197196731717,,peak_abundance_with_occupancy_days_modifiers,0.0978
peakit1,CR,0.003584083395166426,0.0035905139022543,0.0035905139022543,resident,0.1835844221412758,0.0018360252171872,0.0015256836965293,365.0,18.358442214127578,0.001494678869350182,very_rare,0.1494678869350182,,peak_abundance_with_occupancy_days_modifiers,0.1835844221412758
woewar1,CR,0.00349388925425578,0.0021,0.0035,nonbreeding,0.4401,0.0512,0.0111,133.0,44.01,0.0014570649910737887,very_rare,0.14570649910737887,,peak_abundance_with_occupancy_days_modifiers,0.4401
comyel,CR,0.00349388925425578,0.0015666666666666667,0.0035,nonbreeding,0.254,0.0076,0.0004,84.0,25.4,0.0014570649910737887,very_rare,0.14570649910737887,,peak_abundance_with_occupancy_days_modifiers,0.254
bagtan1,CR,0.003394233068015547,0.0034,0.0034,resident,0.0216,0.3855,0.6879,365.0,2.16,0.0014155051334058092,very_rare,0.1415505133405809,rare,peak_abundance_with_occupancy_days_modifiers,0.0216
lobdow,CR,0.003394233068015547,0.0021666666666666666,0.0034,nonbreeding,0.02,0.0032,0.0003,77.0,2.0,0.0014155051334058092,very_rare,0.1415505133405809,rare,peak_abundance_with_occupancy_days_modifiers,0.02
hobkit,CR,0.003394233068015547,0.0034,0.0034,resident,0.3124,0.0034,0.0036,365.0,31.240000000000002,0.0014155051334058092,very_rare,0.1415505133405809,,peak_abundance_with_occupancy_days_modifiers,0.3124
ochpew1,CR,0.0033754271400147713,0.0033811303092756,0.0033811303092756,resident,0.0771724764622386,0.7224932920781487,0.7926931722665047,365.0,7.71724764622386,0.0014076624522786937,very_rare,0.14076624522786937,,peak_abundance_with_occupancy_days_modifiers,0.0771724764622386
sthbrf3,CR,0.003294566949430031,0.0033,0.0033,resident,0.0276,0.9251,0.8776,365.0,2.76,0.0013739411336281234,very_rare,0.13739411336281235,rare,peak_abundance_with_occupancy_days_modifiers,0.0276
bawowl1,CR,0.003194890896519197,0.0032,0.0032,resident,0.0487,0.0312,0.0411,365.0,4.87,0.0013323729909149931,very_rare,0.1332372990914993,rare,peak_abundance_with_occupancy_days_modifiers,0.0487
dusnig1,CR,0.003194890896519197,0.0032,0.0032,resident,0.0266,0.8164,0.9424,365.0,2.6599999999999997,0.0013323729909149931,very_rare,0.1332372990914993,rare,peak_abundance_with_occupancy_days_modifiers,0.0266
mancuc,CR,0.003194890896519197,0.0032,0.0032,resident,0.0942,0.0261,0.0178,365.0,9.42,0.0013323729909149931,very_rare,0.1332372990914993,,peak_abundance_with_occupancy_days_modifiers,0.0942
grbhaw1,CR,0.003095204907302419,0.0031,0.0031,resident,0.1558,0.0018,0.0005,365.0,15.58,0.001290800704440433,very_rare,0.1290800704440433,,peak_abundance_with_occupancy_days_modifiers,0.1558
refpar1,CR,0.003095204907302419,0.0031,0.0031,resident,0.047,0.5563,0.5569,365.0,4.7,0.001290800704440433,very_rare,0.1290800704440433,rare,peak_abundance_with_occupancy_days_modifiers,0.047
strwoo,CR,0.002995508979798479,0.003,0.003,resident,0.0504,0.0014,0.0051,365.0,5.04,0.001249224273378119,very_rare,0.12492242733781189,,peak_abundance_with_occupancy_days_modifiers,0.0504
spoant1,CR,0.002895803112025565,0.0029,0.0029,resident,0.0145,0.0123,0.0186,365.0,1.4500000000000002,0.0012076436969017555,very_rare,0.12076436969017555,rare,peak_abundance_with_occupancy_days_modifiers,0.0145
crpowl,CR,0.002895803112025565,0.0029,0.0029,resident,0.0351,0.7483,0.84,365.0,3.51,0.0012076436969017555,very_rare,0.12076436969017555,rare,peak_abundance_with_occupancy_days_modifiers,0.0351
obqdov1,CR,0.0027285142542407157,0.0027322400371051,0.0027322400371051,resident,0.0830777596167915,0.043148764557164,0.1069786273982497,365.0,8.30777596167915,0.001137878824481124,very_rare,0.11378788244811239,,peak_abundance_with_occupancy_days_modifiers,0.0830777596167915
crahaw,CR,0.0026963615477426086,0.0027,0.0027,resident,0.0718,0.0005,0.0005,365.0,7.180000000000001,0.0011244701043994507,very_rare,0.11244701043994507,,peak_abundance_with_occupancy_days_modifiers,0.0718
wbmgem1,CR,0.0026963615477426086,0.0027,0.0027,resident,0.012,0.6,0.8188,365.0,1.2,0.0011244701043994507,very_rare,0.11244701043994507,rare,peak_abundance_with_occupancy_days_modifiers,0.012
stcant2,CR,0.002664971966375596,0.0026685261607412,0.0026685261607412,resident,0.0597624337375066,0.0251990281485722,0.0430359852182552,365.0,5.97624337375066,0.0011113796322161456,very_rare,0.11113796322161455,,peak_abundance_with_occupancy_days_modifiers,0.0597624337375066
duftan1,CR,0.002596625847265978,0.0026,0.0026,resident,0.0112,0.0109,0.0056,365.0,1.1199999999999999,0.001082877086719314,very_rare,0.1082877086719314,rare,peak_abundance_with_occupancy_days_modifiers,0.0112
unicra1,CR,0.002596625847265978,0.0026,0.0026,resident,0.0379,0.0025,0.0035,365.0,3.7900000000000005,0.001082877086719314,very_rare,0.1082877086719314,rare,peak_abundance_with_occupancy_days_modifiers,0.0379
wilsni1,CR,0.002596625847265978,0.0017333333333333335,0.0026,nonbreeding,0.1033,0.0058,0.0006,77.0,10.33,0.001082877086719314,very_rare,0.1082877086719314,,peak_abundance_with_occupancy_days_modifiers,0.1033
motowl,CR,0.002596625847265978,0.0026,0.0026,resident,0.043,0.0015,0.0042,365.0,4.3,0.001082877086719314,very_rare,0.1082877086719314,rare,peak_abundance_with_occupancy_days_modifiers,0.043
btfgle1,CR,0.002596625847265978,0.0026,0.0026,resident,0.0153,0.0002,0.0005,365.0,1.53,0.001082877086719314,very_rare,0.1082877086719314,rare,peak_abundance_with_occupancy_days_modifiers,0.0153
slcsee1,CR,0.0025122727157677834,0.0025154311172351,0.0025154311172351,resident,0.1994689431383342,0.0172958700863904,0.0148771611071686,365.0,19.94689431383342,0.001047699098566511,very_rare,0.1047699098566511,,peak_abundance_with_occupancy_days_modifiers,0.1994689431383342
azhjay1,CR,0.002496880198587199,0.0025,0.0025,resident,0.011,0.0357,0.1426,365.0,1.0999999999999999,0.0010412799203166443,very_rare,0.10412799203166442,rare,peak_abundance_with_occupancy_days_modifiers,0.011
amedip,CR,0.002496880198587199,0.0025,0.0025,resident,0.022,0.0031,0.0031,365.0,2.1999999999999997,0.0010412799203166443,very_rare,0.10412799203166442,rare,peak_abundance_with_occupancy_days_modifiers,0.022
bltfly1,CR,0.0024716643349738227,0.0024747214154396,0.0024747214154396,resident,0.1497883405026043,0.0075541740048469,0.012163503094383,365.0,14.978834050260431,0.0010307640884121925,very_rare,0.10307640884121924,,peak_abundance_with_occupancy_days_modifiers,0.1497883405026043
yebcuc,CR,0.0023971245997214934,0.0010666666666666665,0.0024,postbreeding_migration,0.2227,0.0033,0.0004,112.0,22.27,0.000999678604363726,very_rare,0.09996786043637261,,peak_abundance_with_occupancy_days_modifiers,0.2227
voljun1,CR,0.0023971245997214934,0.0024,0.0024,resident,0.0081,0.6235,0.9391,365.0,0.8099999999999999,0.000999678604363726,very_rare,0.09996786043637261,very_rare,peak_abundance_with_occupancy_days_modifiers,0.0081
sporai,CR,0.0023964108260886643,0.0023992845135658,0.0023992845135658,resident,0.0623007221161603,0.0028905150881389,0.0070239272830512,365.0,6.23007221161603,0.0009993809376387336,very_rare,0.09993809376387336,,peak_abundance_with_occupancy_days_modifiers,0.0623007221161603
snocot1,CR,0.0022973590486834897,0.0023,0.0023,resident,0.0184,0.0636,0.1524,365.0,1.8399999999999999,0.0009580731380325941,very_rare,0.09580731380325941,rare,peak_abundance_with_occupancy_days_modifiers,0.0184
blcjay1,CR,0.0022973590486834897,0.0023,0.0023,resident,0.0178,0.0025,0.0005,365.0,1.78,0.0009580731380325941,very_rare,0.09580731380325941,rare,peak_abundance_with_occupancy_days_modifiers,0.0178
grycat,CR,0.0022973590486834897,0.0014999999999999998,0.0023,nonbreeding,0.1193,0.0042,0.0003,98.0,11.93,0.0009580731380325941,very_rare,0.09580731380325941,,peak_abundance_with_occupancy_days_modifiers,0.1193
yebcot1,CR,0.0022052623878297062,0.0022076957673473,0.0022076957673473,resident,0.0390316105688156,0.9918032786885246,0.9991756959929942,365.0,3.90316105688156,0.0009196658473145918,very_rare,0.09196658473145919,rare,peak_abundance_with_occupancy_days_modifiers,0.0390316105688156
tafgna1,CR,0.0021975835434872217,0.0022,0.0022,resident,0.0148,0.0061,0.0113,365.0,1.48,0.0009164635204950369,very_rare,0.0916463520495037,rare,peak_abundance_with_occupancy_days_modifiers,0.0148
treswa,CR,0.0021975835434872217,0.0009000000000000001,0.0022,nonbreeding,0.0665,0.0062,0.0,77.0,6.65,0.0009164635204950369,very_rare,0.0916463520495037,,peak_abundance_with_occupancy_days_modifiers,0.0665
graspa,CR,0.0021975835434872217,0.001175,0.0022,nonbreeding,0.0487,0.0017,0.0009,105.0,4.87,0.0009164635204950369,very_rare,0.0916463520495037,rare,peak_abundance_with_occupancy_days_modifiers,0.0487
bffgle,CR,0.002134868468271769,0.0021371489224947,0.0021371489224947,resident,0.1540990553395823,0.0199832502376384,0.0023652001784601,365.0,15.409905533958229,0.0008903093026995575,very_rare,0.08903093026995575,,peak_abundance_with_occupancy_days_modifiers,0.1540990553395823
sctlea1,CR,0.0021341098313918793,0.0021363886645832,0.0021363886645832,resident,0.1201294167969591,0.0730559300249368,0.026473724439797,365.0,12.01294167969591,0.0008899929265473088,very_rare,0.08899929265473087,,peak_abundance_with_occupancy_days_modifiers,0.1201294167969591
whtfly1,CR,0.002113630052472455,0.0012992346200113823,0.0021158653430535,breeding,0.2199180677499748,0.2020678502882418,0.0917203476188208,112.0,21.991806774997478,0.0008814521953687533,very_rare,0.08814521953687533,,peak_abundance_with_occupancy_days_modifiers,0.2199180677499748
blbhum1,CR,0.002097798082146129,0.0021,0.0021,resident,0.0097,0.7722,0.9082,365.0,0.97,0.0008748497509225938,very_rare,0.08748497509225937,very_rare,peak_abundance_with_occupancy_days_modifiers,0.0097
fasant1,CR,0.002097798082146129,0.0021,0.0021,resident,0.0202,0.0002,0.0002,365.0,2.02,0.0008748497509225938,very_rare,0.08748497509225937,rare,peak_abundance_with_occupancy_days_modifiers,0.0202
leagre,CR,0.001998002662673056,0.002,0.002,resident,0.0201,0.0008,0.0006,365.0,2.01,0.000833231828486557,very_rare,0.0833231828486557,rare,peak_abundance_with_occupancy_days_modifiers,0.0201
sharpb1,CR,0.0019062574007953407,0.0019080754644833,0.0019080754644833,resident,0.083203732315836,0.0290150750639966,0.0125191994033376,365.0,8.3203732315836,0.0007949710825238695,very_rare,0.07949710825238694,,peak_abundance_with_occupancy_days_modifiers,0.083203732315836
vigswa,CR,0.0018981972830802527,0.0011333333333333334,0.0019,nonbreeding,0.1954,0.0113,0.0002,56.0,19.54,0.0007916097523579702,very_rare,0.07916097523579702,,peak_abundance_with_occupancy_days_modifiers,0.1954
bacant1,CR,0.0018981972830802527,0.0019,0.0019,resident,0.0452,0.0688,0.0666,365.0,4.52,0.0007916097523579702,very_rare,0.07916097523579702,rare,peak_abundance_with_occupancy_days_modifiers,0.0452
lyhvul1,CR,0.0018981972830802527,0.0019,0.0019,resident,0.0063,0.0001,0.0001,365.0,0.63,0.0007916097523579702,very_rare,0.07916097523579702,very_rare,peak_abundance_with_occupancy_days_modifiers,0.0063
norhar2,CR,0.0017983819413793735,0.0009333333333333333,0.0018,nonbreeding,0.023,0.0003,0.0001,70.0,2.3,0.0007499835217076287,very_rare,0.07499835217076287,rare,peak_abundance_with_occupancy_days_modifiers,0.023
caster1,CR,0.0016985566355814774,0.000525,0.0017,nonbreeding,0.0372,0.0015,0.0001,105.0,3.7199999999999998,0.00070835313570608,very_rare,0.070835313570608,rare,peak_abundance_with_occupancy_days_modifiers,0.0372
wilpha,CR,0.0015987213636970278,0.0007333333333333333,0.0016,postbreeding_migration,0.0149,0.0006,0.0,84.0,1.49,0.0006667185935236227,very_rare,0.06667185935236226,rare,peak_abundance_with_occupancy_days_modifiers,0.0149
surfbi,CR,0.0015987213636970278,0.0010666666666666665,0.0016,postbreeding_migration,0.011,0.0193,0.003,140.0,1.0999999999999999,0.0006667185935236227,very_rare,0.06667185935236226,rare,peak_abundance_with_occupancy_days_modifiers,0.011
bichaw1,CR,0.0015987213636970278,0.0016,0.0016,resident,0.0513,0.0014,0.0051,365.0,5.13,0.0006667185935236227,very_rare,0.06667185935236226,,peak_abundance_with_occupancy_days_modifiers,0.0513
father1,CR,0.0015987213636970278,0.0016,0.0016,resident,0.0424,0.0128,0.0196,365.0,4.24,0.0006667185935236227,very_rare,0.06667185935236226,rare,peak_abundance_with_occupancy_days_modifiers,0.0424
yebcha,CR,0.0015987213636970278,0.001,0.0016,nonbreeding,0.314,0.0219,0.0014,133.0,31.4,0.0006667185935236227,very_rare,0.06667185935236226,,peak_abundance_with_occupancy_days_modifiers,0.314
sitjay1,CR,0.0015987213636970278,0.0016,0.0016,resident,0.0102,0.7045,0.9157,365.0,1.02,0.0006667185935236227,very_rare,0.06667185935236226,rare,peak_abundance_with_occupancy_days_modifiers,0.0102
pinbit1,CR,0.0015379964613796236,0.0015391797845084,0.0015391797845084,resident,0.1067052615434334,0.0135496051227382,0.0128164507523267,365.0,10.67052615434334,0.0006413943422911516,very_rare,0.06413943422911515,,peak_abundance_with_occupancy_days_modifiers,0.1067052615434334
bawbec7,CR,0.001534598593829137,0.0015357766928105,0.0015357766928105,resident,0.1358681134569036,0.086411708345493,0.0708654427599493,365.0,13.58681134569036,0.000639977321460882,very_rare,0.0639977321460882,,peak_abundance_with_occupancy_days_modifiers,0.1358681134569036
spbwre1,CR,0.0014988761237358919,0.0015,0.0015,resident,0.0568,0.0073,0.0003,365.0,5.680000000000001,0.0006250798943303071,very_rare,0.06250798943303071,,peak_abundance_with_occupancy_days_modifiers,0.0568
gryhaw3,CR,0.0014988761237358919,0.0015,0.0015,resident,0.0145,0.0002,0.0003,365.0,1.4500000000000002,0.0006250798943303071,very_rare,0.06250798943303071,rare,peak_abundance_with_occupancy_days_modifiers,0.0145
shshaw,CR,0.0014988761237358919,0.0009000000000000001,0.0015,nonbreeding,0.2514,0.0024,0.0006,98.0,25.14,0.0006250798943303071,very_rare,0.06250798943303071,,peak_abundance_with_occupancy_days_modifiers,0.2514
russpa1,CR,0.0014988761237358919,0.0015,0.0015,resident,0.0314,0.0068,0.0016,365.0,3.1399999999999997,0.0006250798943303071,very_rare,0.06250798943303071,rare,peak_abundance_with_occupancy_days_modifiers,0.0314
coohaw,CR,0.0014988761237358919,0.0010333333333333334,0.0015,postbreeding_migration,0.3424,0.0032,0.0004,98.0,34.239999999999995,0.0006250798943303071,very_rare,0.06250798943303071,,peak_abundance_with_occupancy_days_modifiers,0.3424
norpot1,CR,0.0014644014561724474,0.0014654742155711,0.0014654742155711,resident,0.2270969053597604,0.0327303937059429,0.0093751022736688,365.0,22.70969053597604,0.0006107028412727373,very_rare,0.06107028412727373,,peak_abundance_with_occupancy_days_modifiers,0.2270969053597604
whcswi1,CR,0.0014455364637906392,0.001446581755233,0.001446581755233,resident,0.2032017429037906,0.0357558051450996,0.0018475750341442,365.0,20.320174290379057,0.0006028355283855312,very_rare,0.06028355283855312,,peak_abundance_with_occupancy_days_modifiers,0.2032017429037906
rottan2,CR,0.0014439846691745443,0.0014450277170249,0.0014450277170249,resident,0.1274096384136449,0.0534257388722956,0.0377374055589108,365.0,12.740963841364488,0.0006021883797657744,very_rare,0.06021883797657744,,peak_abundance_with_occupancy_days_modifiers,0.1274096384136449
leabit,CR,0.001399020913707341,0.001,0.0014,prebreeding_migration,0.0579,0.0072,0.0024,49.0,5.79,0.0005834370372959348,very_rare,0.05834370372959348,,peak_abundance_with_occupancy_days_modifiers,0.0579
slbtin1,CR,0.001399020913707341,0.0014,0.0014,resident,0.0124,0.0131,0.0116,365.0,1.24,0.0005834370372959348,very_rare,0.05834370372959348,rare,peak_abundance_with_occupancy_days_modifiers,0.0124
amwpel,CR,0.00129915573162005,0.0004333333333333333,0.0013,prebreeding_migration,0.0013,0.0001,0.0001,14.0,0.13,0.0005417900215900586,very_rare,0.05417900215900586,rare,peak_abundance_with_occupancy_days_modifiers,0.0013
lattro1,CR,0.00129915573162005,0.0013,0.0013,resident,0.0117,0.1292,0.3974,365.0,1.17,0.0005417900215900586,very_rare,0.05417900215900586,rare,peak_abundance_with_occupancy_days_modifiers,0.0117
whfant2,CR,0.0011992805754820971,0.0012,0.0012,resident,0.0189,0.0002,0.0001,365.0,1.8900000000000001,0.0005001388463819827,very_rare,0.050013884638198274,rare,peak_abundance_with_occupancy_days_modifiers,0.0189
tinhaw1,CR,0.0011630963025687144,0.0011637729613876,0.0011637729613876,resident,0.1472947363983422,0.0019895356967253,0.003401276928454,365.0,14.72947363983422,0.00048504883251692483,very_rare,0.048504883251692485,,peak_abundance_with_occupancy_days_modifiers,0.1472947363983422
butfog9,CR,0.001147880696343267,0.0011485397635425,0.0011485397635425,resident,0.1014859558153934,0.0772168656324114,0.0702270840269568,365.0,10.14859558153934,0.0004787034318657431,very_rare,0.047870343186574314,,peak_abundance_with_occupancy_days_modifiers,0.1014859558153934
manrai1,CR,0.001135972564075727,0.0011366180252945,0.0011366180252945,resident,0.0373512676942739,0.0204737053392211,0.011238395014974,365.0,3.7351267694273904,0.0004737373549888426,very_rare,0.04737373549888426,rare,peak_abundance_with_occupancy_days_modifiers,0.0373512676942739
rufnig1,CR,0.0011271637309095304,0.0011277992186915,0.0011277992186915,resident,0.2483786929668548,0.0011273526230328,0.0001341476618390123,365.0,24.83786929668548,0.00047006378622789784,very_rare,0.047006378622789786,,peak_abundance_with_occupancy_days_modifiers,0.2483786929668548
amewig,CR,0.0010993954433009636,0.0005333333333333334,0.0011,nonbreeding,0.0245,0.0014,0.0,49.0,2.45,0.0004584835108407622,very_rare,0.04584835108407622,rare,peak_abundance_with_occupancy_days_modifiers,0.0245
agaher1,CR,0.0010993954433009636,0.0011,0.0011,resident,0.0174,0.0017,0.0064,365.0,1.7399999999999998,0.0004584835108407622,very_rare,0.04584835108407622,rare,peak_abundance_with_occupancy_days_modifiers,0.0174
macwar,CR,0.0010993954433009636,0.0006333333333333333,0.0011,nonbreeding,0.1365,0.0088,0.0006,119.0,13.65,0.0004584835108407622,very_rare,0.04584835108407622,,peak_abundance_with_occupancy_days_modifiers,0.1365
buwwar,CR,0.0010993954433009636,0.0005,0.0011,nonbreeding,0.3214,0.0353,0.0039,119.0,32.14,0.0004584835108407622,very_rare,0.04584835108407622,,peak_abundance_with_occupancy_days_modifiers,0.3214
banumb1,CR,0.0010862128376816018,0.0010868029805002,0.0010868029805002,resident,0.0533133776333535,0.7523148148148148,0.7487512743129514,365.0,5.33133776333535,0.00045298593729408944,very_rare,0.04529859372940894,,peak_abundance_with_occupancy_days_modifiers,0.0533133776333535
wtgfin1,CR,0.0010713005754874327,0.0010718746229231,0.0010718746229231,resident,0.0441902188136866,0.0002063614351749945,3.27748347554847e-05,365.0,4.41902188136866,0.0004467670409296617,very_rare,0.044676704092966174,rare,peak_abundance_with_occupancy_days_modifiers,0.0441902188136866
sora,CR,0.0009995003330835331,0.0005,0.001,nonbreeding,0.0969,0.0082,0.0016,105.0,9.69,0.00041682401413511066,very_rare,0.04168240141351107,,peak_abundance_with_occupancy_days_modifiers,0.0969
yebsap,CR,0.0009995003330835331,0.0003333333333333333,0.001,nonbreeding,0.1417,0.0024,0.0001,112.0,14.17,0.00041682401413511066,very_rare,0.04168240141351107,,peak_abundance_with_occupancy_days_modifiers,0.1417
whthaw,CR,0.0009995003330835331,0.001,0.001,resident,0.0401,0.0004,0.0002,365.0,4.01,0.00041682401413511066,very_rare,0.04168240141351107,rare,peak_abundance_with_occupancy_days_modifiers,0.0401
leater1,CR,0.0009995003330835331,0.0005,0.001,postbreeding_migration,0.0117,0.0031,0.0003,56.0,1.17,0.00041682401413511066,very_rare,0.04168240141351107,rare,peak_abundance_with_occupancy_days_modifiers,0.0117
ruwtan1,CR,0.0009995003330835331,0.001,0.001,resident,0.0056,0.0064,0.0106,365.0,0.5599999999999999,0.00041682401413511066,very_rare,0.04168240141351107,very_rare,peak_abundance_with_occupancy_days_modifiers,0.0056
surtan1,CR,0.0009995003330835331,0.001,0.001,resident,0.0099,0.1662,0.0827,365.0,0.9900000000000001,0.00041682401413511066,very_rare,0.04168240141351107,very_rare,peak_abundance_with_occupancy_days_modifiers,0.0099
rubant1,CR,0.0009995003330835331,0.001,0.001,resident,0.0246,0.0239,0.0153,365.0,2.46,0.00041682401413511066,very_rare,0.04168240141351107,rare,peak_abundance_with_occupancy_days_modifiers,0.0246
scaant1,CR,0.0009097299829943135,0.0009101439128272364,0.0009101439128272364,resident,0.1250744902684654,0.0161305315116534,0.00622187524163,365.0,12.50744902684654,0.00037938687035843273,very_rare,0.03793868703584327,,peak_abundance_with_occupancy_days_modifiers,0.1250744902684654
panfly1,CR,0.000899595242836093,0.0009,0.0009,resident,0.0125,0.0044,0.0041,365.0,1.25,0.0003751603554337701,very_rare,0.03751603554337701,rare,peak_abundance_with_occupancy_days_modifiers,0.0125
brvear1,CR,0.000899595242836093,0.0009,0.0009,resident,0.0065,0.011,0.0456,365.0,0.65,0.0003751603554337701,very_rare,0.03751603554337701,very_rare,peak_abundance_with_occupancy_days_modifiers,0.0065
rufgle1,CR,0.0007996801705643322,0.0008,0.0008,resident,0.0055,,,,0.5499999999999999,0.0003334925339049559,very_rare,0.03334925339049559,very_rare,peak_abundance_with_occupancy_days_modifiers,0.0055
yeetou1,CR,0.0007996801705643322,0.0008,0.0008,resident,0.0123,0.0213,0.0227,365.0,1.23,0.0003334925339049559,very_rare,0.03334925339049559,rare,peak_abundance_with_occupancy_days_modifiers,0.0123
ocbant1,CR,0.0007996801705643322,0.0008,0.0008,resident,0.0332,0.0233,0.1887,365.0,3.32,0.0003334925339049559,very_rare,0.03334925339049559,rare,peak_abundance_with_occupancy_days_modifiers,0.0332
baisan,CR,0.0007996801705643322,0.00045000000000000004,0.0008,postbreeding_migration,0.054,0.0008,0.0,77.0,5.4,0.0003334925339049559,very_rare,0.03334925339049559,,peak_abundance_with_occupancy_days_modifiers,0.054
whtsic1,CR,0.0007996801705643322,0.0008,0.0008,resident,0.0213,0.0203,0.0243,365.0,2.13,0.0003334925339049559,very_rare,0.03334925339049559,rare,peak_abundance_with_occupancy_days_modifiers,0.0213
babwre1,CR,0.0007888238824899728,0.0007891350858716068,0.0007891350858716068,resident,0.1321064460239321,0.0294376204775283,0.0013432732360397,365.0,13.21064460239321,0.0003289651101273194,very_rare,0.03289651101273194,,peak_abundance_with_occupancy_days_modifiers,0.1321064460239321
rerwoo1,CR,0.0006997551142733419,0.0007,0.0007,resident,0.0038,0.001,0.0021,365.0,0.38,0.0002918205487167264,very_rare,0.02918205487167264,very_rare,peak_abundance_with_occupancy_days_modifiers,0.0038
timwre1,CR,0.0006997551142733419,0.0007,0.0007,resident,0.0052,0.4919,0.8798,365.0,0.52,0.0002918205487167264,very_rare,0.02918205487167264,very_rare,peak_abundance_with_occupancy_days_modifiers,0.0052
sttspa1,CR,0.0006997551142733419,0.0007,0.0007,resident,0.0132,0.0083,0.0024,365.0,1.32,0.0002918205487167264,very_rare,0.02918205487167264,rare,peak_abundance_with_occupancy_days_modifiers,0.0132
bubsan,CR,0.0006997551142733419,0.0007,0.0007,postbreeding_migration,0.0086,0.0006,0.0003,49.0,0.86,0.0002918205487167264,very_rare,0.02918205487167264,very_rare,peak_abundance_with_occupancy_days_modifiers,0.0086
dumant1,CR,0.0006997551142733419,0.0007,0.0007,resident,0.0038,0.041,0.0831,365.0,0.38,0.0002918205487167264,very_rare,0.02918205487167264,very_rare,peak_abundance_with_occupancy_days_modifiers,0.0038
yebcra1,CR,0.0006816071062052527,0.0006818394531156372,0.0006818394531156372,resident,0.0191900995268627,0.0026511881114851,0.0207118159952444,365.0,1.91900995268627,0.00028425224151252875,very_rare,0.028425224151252877,rare,peak_abundance_with_occupancy_days_modifiers,0.0191900995268627
lanmon1,CR,0.0006193302928959053,0.0006195221175006401,0.0006195221175006401,resident,0.0912068860435217,0.0202867880468493,0.0053470093594079,365.0,9.12068860435217,0.0002582807931278894,very_rare,0.025828079312788937,,peak_abundance_with_occupancy_days_modifiers,0.0912068860435217
manvir1,CR,0.0005998200719676155,0.0006,0.0006,resident,0.0026,0.0009,0.0007,365.0,0.26,0.0002501443990368907,very_rare,0.02501443990368907,very_rare,peak_abundance_with_occupancy_days_modifiers,0.0026
pibgre,CR,0.0005998200719676155,0.00045,0.0006,nonbreeding,0.0181,0.0005,0.0001,168.0,1.81,0.0002501443990368907,very_rare,0.02501443990368907,rare,peak_abundance_with_occupancy_days_modifiers,0.0181
matwoo1,CR,0.0005998200719676155,0.0006,0.0006,resident,0.0137,0.7407,0.7483,365.0,1.37,0.0002501443990368907,very_rare,0.02501443990368907,rare,peak_abundance_with_occupancy_days_modifiers,0.0137
uplsan,CR,0.0005998200719676155,0.00045,0.0006,postbreeding_migration,0.0253,0.0003,0.0001,63.0,2.53,0.0002501443990368907,very_rare,0.02501443990368907,rare,peak_abundance_with_occupancy_days_modifiers,0.0253
ocecra1,CR,0.0005998200719676155,0.0006,0.0006,resident,0.0049,0.0016,0.0061,365.0,0.49,0.0002501443990368907,very_rare,0.02501443990368907,very_rare,peak_abundance_with_occupancy_days_modifiers,0.0049
yetwar,CR,0.0005998200719676155,0.00046666666666666666,0.0006,nonbreeding,0.1771,0.0196,0.0006,98.0,17.71,0.0002501443990368907,very_rare,0.02501443990368907,,peak_abundance_with_occupancy_days_modifiers,0.1771
whtnig1,CR,0.0005511928499664237,0.000551344784659174,0.000551344784659174,resident,0.1209170551990096,0.0076811772045267,0.0007127274754395869,365.0,12.091705519900959,0.0002298652723574692,very_rare,0.02298652723574692,,peak_abundance_with_occupancy_days_modifiers,0.1209170551990096
grbcra1,CR,0.0005350850141770681,0.0005352281977005803,0.0005352281977005803,resident,0.2047248235254511,0.0060054706179282,0.0108033367179461,365.0,20.47248235254511,0.00022314778307758429,very_rare,0.02231477830775843,,peak_abundance_with_occupancy_days_modifiers,0.2047248235254511
gwfgoo,CR,0.000499875041651048,0.00030000000000000003,0.0005,nonbreeding,0.0067,0.0002,0.0,21.0,0.67,0.00020846408403300828,very_rare,0.020846408403300827,rare,peak_abundance_with_occupancy_days_modifiers,0.0067
verman1,CR,0.000499875041651048,0.0005,0.0005,resident,0.0042,0.0695,0.096,365.0,0.42,0.00020846408403300828,very_rare,0.020846408403300827,very_rare,peak_abundance_with_occupancy_days_modifiers,0.0042
todmot1,CR,0.000499875041651048,0.0005,0.0005,resident,0.0018,0.002,0.0037,365.0,0.18,0.00020846408403300828,very_rare,0.020846408403300827,very_rare,peak_abundance_with_occupancy_days_modifiers,0.0018
norpin,CR,0.000499875041651048,0.00036666666666666667,0.0005,nonbreeding,0.0128,0.0002,0.0,49.0,1.28,0.00020846408403300828,very_rare,0.020846408403300827,rare,peak_abundance_with_occupancy_days_modifiers,0.0128
pbqdov1,CR,0.000499875041651048,0.0005,0.0005,resident,0.0083,0.4127,0.5925,365.0,0.83,0.00020846408403300828,very_rare,0.020846408403300827,very_rare,peak_abundance_with_occupancy_days_modifiers,0.0083
whcman2,CR,0.0003999200213269354,0.0004,0.0004,resident,0.008,0.0001,0.0001,365.0,0.8,0.00016677960287238907,very_rare,0.016677960287238905,very_rare,peak_abundance_with_occupancy_days_modifiers,0.008
semhaw,CR,0.0003999200213269354,0.0004,0.0004,resident,0.0062,0.0149,0.0733,365.0,0.62,0.00016677960287238907,very_rare,0.016677960287238905,very_rare,peak_abundance_with_occupancy_days_modifiers,0.0062
garkin1,CR,0.0003999200213269354,0.0004,0.0004,resident,0.0081,0.0002,0.0002,365.0,0.8099999999999999,0.00016677960287238907,very_rare,0.016677960287238905,very_rare,peak_abundance_with_occupancy_days_modifiers,0.0081
spcant1,CR,0.0003999200213269354,0.0004,0.0004,resident,0.0116,0.0216,0.0052,365.0,1.16,0.00016677960287238907,very_rare,0.016677960287238905,rare,peak_abundance_with_occupancy_days_modifiers,0.0116
grhpip1,CR,0.00037943222432827077,0.00037950421783996494,0.00037950421783996494,resident,0.1394063286569937,0.8468053589762107,0.9747200906066702,365.0,13.94063286569937,0.00015823552789507708,very_rare,0.015823552789507707,,peak_abundance_with_occupancy_days_modifiers,0.1394063286569937
y01204,CR,0.00034551413875220883,0.00028886107676784394,0.00034557383563742233,postbreeding_migration,0.017033709827402,9.704129696211718e-05,1.1779408101807891e-05,154.0,1.7033709827402,0.00014409058755475136,very_rare,0.014409058755475136,rare,peak_abundance_with_occupancy_days_modifiers,0.017033709827402
blchaw1,CR,0.00032009385674769224,0.0003201450922528337,0.0003201450922528337,resident,0.0682327588888024,0.0009565635849157552,9.520958155941452e-05,365.0,6.823275888880239,0.00013348950655966735,very_rare,0.013348950655966734,,peak_abundance_with_occupancy_days_modifiers,0.0682327588888024
bawhae1,CR,0.00029995500899797546,0.0003,0.0003,resident,0.0713,0.0021,0.0011,365.0,7.13,0.00012509095472209328,very_rare,0.012509095472209329,,peak_abundance_with_occupancy_days_modifiers,0.0713
redkno,CR,0.00029995500899797546,0.00025,0.0003,postbreeding_migration,0.0053,,,,0.53,0.00012509095472209328,very_rare,0.012509095472209329,very_rare,peak_abundance_with_occupancy_days_modifiers,0.0053
gnwtea,CR,0.00029995500899797546,0.0001333333333333333,0.0003,nonbreeding,0.0129,0.0001,0.0,42.0,1.29,0.00012509095472209328,very_rare,0.012509095472209329,rare,peak_abundance_with_occupancy_days_modifiers,0.0129
chwwid,CR,0.00029995500899797546,0.00019999999999999998,0.0003,postbreeding_migration,0.1964,0.0154,0.0025,77.0,19.64,0.00012509095472209328,very_rare,0.012509095472209329,,peak_abundance_with_occupancy_days_modifiers,0.1964
savhaw1,CR,0.00029995500899797546,0.0003,0.0003,resident,0.0011,0.0,0.0,365.0,0.11,0.00012509095472209328,very_rare,0.012509095472209329,very_rare,peak_abundance_with_occupancy_days_modifiers,0.0011
bewqua1,CR,0.00029995500899797546,0.0003,0.0003,resident,0.0358,,,,3.58,0.00012509095472209328,very_rare,0.012509095472209329,rare,peak_abundance_with_occupancy_days_modifiers,0.0358
rumfly1,CR,0.00029995500899797546,0.0003,0.0003,resident,0.0011,0.0,0.0,365.0,0.11,0.00012509095472209328,very_rare,0.012509095472209329,very_rare,peak_abundance_with_occupancy_days_modifiers,0.0011
ruther1,CR,0.00029995500899797546,0.0003,0.0003,resident,0.0085,0.0001,0.0,365.0,0.8500000000000001,0.00012509095472209328,very_rare,0.012509095472209329,very_rare,peak_abundance_with_occupancy_days_modifiers,0.0085
audshe,CR,0.00021475704283725565,0.0002147801047818552,0.0002147801047818552,postbreeding_migration,0.0072617214607806,3.4407418239372407e-05,1.008194432597659e-06,7.0,0.72617214607806,8.956064314960529e-05,very_rare,0.008956064314960528,very_rare,peak_abundance_with_occupancy_days_modifiers,0.0072617214607806
kebmot1,CR,0.00019998000266626675,0.0002,0.0002,resident,0.0026,0.0085,0.0051,365.0,0.26,8.339813874893117e-05,very_rare,0.008339813874893118,very_rare,peak_abundance_with_occupancy_days_modifiers,0.0026
yetori1,CR,0.00019998000266626675,0.0002,0.0002,resident,0.0189,0.0042,0.0004,365.0,1.8900000000000001,8.339813874893117e-05,very_rare,0.008339813874893118,rare,peak_abundance_with_occupancy_days_modifiers,0.0189
bkbcuc,CR,0.00019998000266626675,0.0002,0.0002,postbreeding_migration,0.167,0.0036,0.0004,77.0,16.7,8.339813874893117e-05,very_rare,0.008339813874893118,,peak_abundance_with_occupancy_days_modifiers,0.167
rinduc,CR,0.00019998000266626675,0.0001,0.0002,postbreeding_migration,0.0111,0.0003,0.0,49.0,1.11,8.339813874893117e-05,very_rare,0.008339813874893118,rare,peak_abundance_with_occupancy_days_modifiers,0.0111
nosfly1,CR,0.00019998000266626675,0.0002,0.0002,resident,0.0008,0.0002,0.0003,0.0,0.08,8.339813874893117e-05,very_rare,0.008339813874893118,very_rare,peak_abundance_with_occupancy_days_modifiers,0.0008
uswowl1,CR,0.00019998000266626675,0.0002,0.0002,resident,0.0144,0.3435,0.3212,365.0,1.44,8.339813874893117e-05,very_rare,0.008339813874893118,rare,peak_abundance_with_occupancy_days_modifiers,0.0144
rurant1,CR,0.00019998000266626675,0.0002,0.0002,resident,0.0276,0.0211,0.0074,365.0,2.76,8.339813874893117e-05,very_rare,0.008339813874893118,rare,peak_abundance_with_occupancy_days_modifiers,0.0276
blccoq1,CR,0.00011623314897607159,0.00011623990431026076,0.00011623990431026076,resident,0.0403547237605804,0.0518448145302468,0.303399224491182,365.0,4.03547237605804,4.8472988080236594e-05,very_rare,0.004847298808023659,rare,peak_abundance_with_occupancy_days_modifiers,0.0403547237605804
oilbir1,CR,0.00011123284856453196,0.0001112390351672142,0.0001112390351672142,resident,0.0843568750774886,0.00871941078641,9.41825832378085e-05,365.0,8.43568750774886,4.6387700841786754e-05,very_rare,0.004638770084178676,,peak_abundance_with_occupancy_days_modifiers,0.0843568750774886
cedwax,CR,9.999500033330834e-05,0.0001,0.0001,nonbreeding,0.0016,0.0,0.0,21.0,0.16,4.170115411946329e-05,very_rare,0.004170115411946329,rare,peak_abundance_with_occupancy_days_modifiers,0.0016
herwar,CR,9.999500033330834e-05,5e-05,0.0001,nonbreeding,0.0324,0.0069,0.0002,126.0,3.2399999999999998,4.170115411946329e-05,very_rare,0.004170115411946329,rare,peak_abundance_with_occupancy_days_modifiers,0.0324
ruff,CR,9.999500033330834e-05,5e-05,0.0001,postbreeding_migration,0.0116,0.0,0.0,42.0,1.16,4.170115411946329e-05,very_rare,0.004170115411946329,rare,peak_abundance_with_occupancy_days_modifiers,0.0116
sbffal1,CR,9.999500033330834e-05,0.0001,0.0001,resident,0.0189,0.0006,0.0002,365.0,1.8900000000000001,4.170115411946329e-05,very_rare,0.004170115411946329,rare,peak_abundance_with_occupancy_days_modifiers,0.0189
amgplo,CR,9.999500033330834e-05,5e-05,0.0001,postbreeding_migration,0.009,0.0002,0.0,42.0,0.8999999999999999,4.170115411946329e-05,very_rare,0.004170115411946329,very_rare,peak_abundance_with_occupancy_days_modifiers,0.009
eucdov,CR,9.999500033330834e-05,0.0001,0.0001,resident,0.016,0.0001,0.0,365.0,1.6,4.170115411946329e-05,very_rare,0.004170115411946329,rare,peak_abundance_with_occupancy_days_modifiers,0.016
boboli,CR,9.999500033330834e-05,0.0001,0.0001,postbreeding_migration,0.025,0.0004,0.0,63.0,2.5,4.170115411946329e-05,very_rare,0.004170115411946329,rare,peak_abundance_with_occupancy_days_modifiers,0.025
cavswa,CR,9.999500033330834e-05,0.0001,0.0001,prebreeding_migration,0.0102,0.0008,0.0,42.0,1.02,4.170115411946329e-05,very_rare,0.004170115411946329,rare,peak_abundance_with_occupancy_days_modifiers,0.0102
masduc,CR,9.999500033330834e-05,0.0001,0.0001,resident,0.0072,0.0008,0.0002,365.0,0.72,4.170115411946329e-05,very_rare,0.004170115411946329,very_rare,peak_abundance_with_occupancy_days_modifiers,0.0072
yewtan1,CR,9.999500033330834e-05,0.0001,0.0001,resident,0.0032,0.0005,0.0001,365.0,0.32,4.170115411946329e-05,very_rare,0.004170115411946329,very_rare,peak_abundance_with_occupancy_days_modifiers,0.0032
grawar,CR,9.999500033330834e-05,0.0001,0.0001,postbreeding_migration,0.0011,0.0001,0.0001,0.0,0.11,4.170115411946329e-05,very_rare,0.004170115411946329,very_rare,peak_abundance_with_occupancy_days_modifiers,0.0011
grejac2,CR,9.999500033330834e-05,0.0001,0.0001,resident,0.0336,0.0006,0.0,365.0,3.36,4.170115411946329e-05,very_rare,0.004170115411946329,rare,peak_abundance_with_occupancy_days_modifiers,0.0336
redegr,CR,9.999500033330834e-05,0.0001,0.0001,resident,0.0018,0.0021,0.0001,365.0,0.18,4.170115411946329e-05,very_rare,0.004170115411946329,very_rare,peak_abundance_with_occupancy_days_modifiers,0.0018
retcar2,CR,9.999500033330834e-05,0.0001,0.0001,resident,0.0778,0.001,0.0,365.0,7.779999999999999,4.170115411946329e-05,very_rare,0.004170115411946329,,peak_abundance_with_occupancy_days_modifiers,0.0778
blcant1,CR,9.999500033330834e-05,0.0001,0.0001,resident,0.0175,0.0782,0.0065,365.0,1.7500000000000002,4.170115411946329e-05,very_rare,0.004170115411946329,rare,peak_abundance_with_occupancy_days_modifiers,0.0175
blbwoo1,CR,9.999500033330834e-05,0.0001,0.0001,resident,0.0396,0.0005,0.0,365.0,3.9600000000000004,4.170115411946329e-05,very_rare,0.004170115411946329,rare,peak_abundance_with_occupancy_days_modifiers,0.0396
lobcur,CR,9.999500033330834e-05,3.3333333333333335e-05,0.0001,nonbreeding,0.0035,0.0007,0.0,84.0,0.35000000000000003,4.170115411946329e-05,very_rare,0.004170115411946329,very_rare,peak_abundance_with_occupancy_days_modifiers,0.0035
blusee1,CR,5.760377272703835e-05,5.760543185621176e-05,5.760543185621176e-05,resident,0.1722709307093378,0.240588528077884,0.1777954657657241,365.0,17.22709307093378,2.4022639095401527e-05,very_rare,0.002402263909540153,,peak_abundance_with_occupancy_days_modifiers,0.1722709307093378
rnwrai1,CR,5.06840273010551e-05,5.068531175806722e-05,5.068531175806722e-05,resident,0.0579836419304212,0.0466677062565622,0.0137892752050369,365.0,5.79836419304212,2.1136881112390337e-05,very_rare,0.002113688111239034,,peak_abundance_with_occupancy_days_modifiers,0.0579836419304212
peptyr1,CR,4.766594305427115e-05,4.7667079093384826e-05,4.7667079093384826e-05,resident,0.0018637899232989,4.761169019716224e-05,7.336471948536028e-06,365.0,0.18637899232989,1.9878242221432428e-05,very_rare,0.0019878242221432426,very_rare,peak_abundance_with_occupancy_days_modifiers,0.0018637899232989
ruccoq1,CR,4.4984717919652913e-05,4.498572974724827e-05,4.498572974724827e-05,resident,0.2005482264129986,0.0193256030920964,0.00017138731877011472,365.0,20.05482264129986,1.8760084491606044e-05,very_rare,0.0018760084491606043,,peak_abundance_with_occupancy_days_modifiers,0.2005482264129986
lovcot1,CR,1.5831923904294173e-05,1.5832049229862808e-05,1.5832049229862808e-05,resident,0.0932380022960819,0.1284852002850131,0.0735010556391246,365.0,9.323800229608189,6.602425086643239e-06,very_rare,0.0006602425086643239,,peak_abundance_with_occupancy_days_modifiers,0.0932380022960819
origoo1,CR,0.0,0.0,0.0,resident,0.0061,0.0015,0.0,365.0,0.61,0.0,very_rare,0.0,very_rare,peak_abundance_with_occupancy_days_modifiers,0.0061
linspa,CR,0.0,0.0,0.0,nonbreeding,0.0005,0.0,0.0,0.0,0.05,0.0,very_rare,0.0,very_rare,peak_abundance_with_occupancy_days_modifiers,0.0005
bulori,CR,0.0,0.0,0.0,nonbreeding,0.0005,0.0001,0.0,0.0,0.05,0.0,very_rare,0.0,very_rare,peak_abundance_with_occupancy_days_modifiers,0.0005
aplfal,CR,0.0,0.0,0.0,resident,0.0036,0.0,0.0,365.0,0.36,0.0,very_rare,0.0,very_rare,peak_abundance_with_occupancy_days_modifiers,0.0036
whcpig2,CR,0.0,0.0,0.0,resident,0.0002,0.0001,0.0,0.0,0.02,0.0,very_rare,0.0,very_rare,peak_abundance_with_occupancy_days_modifiers,0.0002
whcpin,CR,0.0,0.0,0.0,breeding,0.0014,0.0001,0.0,21.0,0.13999999999999999,0.0,very_rare,0.0,rare,peak_abundance_with_occupancy_days_modifiers,0.0014
ytbtan1,CR,0.0,0.0,0.0,resident,0.0002,0.0001,0.0,0.0,0.02,0.0,very_rare,0.0,very_rare,peak_abundance_with_occupancy_days_modifiers,0.0002
buhvir,CR,0.0,0.0,0.0,nonbreeding,0.0053,0.0002,0.0,42.0,0.53,0.0,very_rare,0.0,very_rare,peak_abundance_with_occupancy_days_modifiers,0.0053
secfly1,CR,0.0,0.0,0.0,resident,0.0032,0.0001,0.0,365.0,0.32,0.0,very_rare,0.0,very_rare,peak_abundance_with_occupancy_days_modifiers,0.0032
whrsan,CR,0.0,0.0,0.0,postbreeding_migration,0.0069,0.0001,0.0,35.0,0.69,0.0,very_rare,0.0,very_rare,peak_abundance_with_occupancy_days_modifiers,0.0069
bkwvir,CR,0.0,0.0,0.0,postbreeding_migration,0.0002,0.0,0.0,0.0,0.02,0.0,very_rare,0.0,very_rare,peak_abundance_with_occupancy_days_modifiers,0.0002
camwar,CR,0.0,0.0,0.0,nonbreeding,0.0086,0.002,0.0,84.0,0.86,0.0,very_rare,0.0,very_rare,peak_abundance_with_occupancy_days_modifiers,0.0086
savspa,CR,0.0,0.0,0.0,postbreeding_migration,0.0002,0.0,0.0,0.0,0.02,0.0,very_rare,0.0,very_rare,peak_abundance_with_occupancy_days_modifiers,0.0002
btbwar,CR,0.0,0.0,0.0,nonbreeding,0.0075,0.0013,0.0,35.0,0.75,0.0,very_rare,0.0,very_rare,peak_abundance_with_occupancy_days_modifiers,0.0075
bkpwar,CR,0.0,0.0,0.0,nonbreeding,0.0006,0.0,0.0,21.0,0.06,0.0,very_rare,0.0,rare,peak_abundance_with_occupancy_days_modifiers,0.0006
ameavo,CR,0.0,0.0,0.0,prebreeding_migration,0.0014,0.0001,0.0,0.0,0.13999999999999999,0.0,very_rare,0.0,very_rare,peak_abundance_with_occupancy_days_modifiers,0.0014
palwar,CR,0.0,0.0,0.0,nonbreeding,0.0089,0.0007,0.0,35.0,0.89,0.0,very_rare,0.0,very_rare,peak_abundance_with_occupancy_days_modifiers,0.0089
grykin,CR,0.0,0.0,0.0,nonbreeding,0.0002,0.0,0.0,0.0,0.02,0.0,very_rare,0.0,very_rare,peak_abundance_with_occupancy_days_modifiers,0.0002
norpar,CR,0.0,0.0,0.0,prebreeding_migration,0.0114,0.0001,0.0,35.0,1.1400000000000001,0.0,very_rare,0.0,rare,peak_abundance_with_occupancy_days_modifiers,0.0114
latman1,CR,0.0,0.0,0.0,resident,0.0002,0.0001,0.0,0.0,0.02,0.0,very_rare,0.0,very_rare,peak_abundance_with_occupancy_days_modifiers,0.0002
wesgul,CR,0.0,0.0,0.0,resident,0.0298,0.041,0.0,365.0,2.98,0.0,very_rare,0.0,rare,peak_abundance_with_occupancy_days_modifiers,0.0298
whbeme1,CR,0.0,0.0,0.0,resident,0.0002,0.0,0.0,0.0,0.02,0.0,very_rare,0.0,very_rare,peak_abundance_with_occupancy_days_modifiers,0.0002
rebmer,CR,0.0,0.0,0.0,nonbreeding,0.0016,0.0002,0.0,14.0,0.16,0.0,very_rare,0.0,rare,peak_abundance_with_occupancy_days_modifiers,0.0016
wibant1,CR,0.0,0.0,0.0,resident,0.0002,0.0,0.0,0.0,0.02,0.0,very_rare,0.0,very_rare,peak_abundance_with_occupancy_days_modifiers,0.0002
prawar,CR,0.0,0.0,0.0,nonbreeding,0.0026,0.0004,0.0,28.0,0.26,0.0,very_rare,0.0,rare,peak_abundance_with_occupancy_days_modifiers,0.0026
blthum1,CR,0.0,0.0,0.0,resident,0.001,0.0019,0.0001,0.0,0.1,0.0,very_rare,0.0,very_rare,peak_abundance_with_occupancy_days_modifiers,0.001
larspa,CR,0.0,0.0,0.0,nonbreeding,0.003,0.0001,0.0,21.0,0.3,0.0,very_rare,0.0,rare,peak_abundance_with_occupancy_days_modifiers,0.003
watjac1,CR,0.0,0.0,0.0,resident,0.0002,0.0,0.0,0.0,0.02,0.0,very_rare,0.0,very_rare,peak_abundance_with_occupancy_days_modifiers,0.0002
gchwar,CR,0.0,0.0,0.0,postbreeding_migration,0.0019,0.0016,0.0007,14.0,0.19,0.0,very_rare,0.0,rare,peak_abundance_with_occupancy_days_modifiers,0.0019
wantat1,CR,0.0,0.0,0.0,nonbreeding,0.0039,0.0033,0.0,56.0,0.38999999999999996,0.0,very_rare,0.0,very_rare,peak_abundance_with_occupancy_days_modifiers,0.0039
tafqua1,CR,0.0,0.0,0.0,resident,0.0124,0.0091,0.0001,365.0,1.24,0.0,very_rare,0.0,rare,peak_abundance_with_occupancy_days_modifiers,0.0124
bongul,CR,0.0,0.0,0.0,postbreeding_migration,0.0003,0.0,0.0,0.0,0.03,0.0,very_rare,0.0,very_rare,peak_abundance_with_occupancy_days_modifiers,0.0003
rubher,CR,0.0,0.0,0.0,resident,0.0008,0.0,0.0,0.0,0.08,0.0,very_rare,0.0,very_rare,peak_abundance_with_occupancy_days_modifiers,0.0008
forter,CR,0.0,0.0,0.0,nonbreeding,0.0006,0.0003,0.0,0.0,0.06,0.0,very_rare,0.0,very_rare,peak_abundance_with_occupancy_days_modifiers,0.0006
botspa,CR,0.0,0.0,0.0,resident,0.0022,0.0005,0.0,365.0,0.22,0.0,very_rare,0.0,very_rare,peak_abundance_with_occupancy_days_modifiers,0.0022
stbwoo1,CR,0.0,0.0,0.0,resident,0.015,0.0003,0.0,365.0,1.5,0.0,very_rare,0.0,rare,peak_abundance_with_occupancy_days_modifiers,0.015
snoplo5,CR,0.0,0.0,0.0,nonbreeding,0.0005,0.0005,0.0,0.0,0.05,0.0,very_rare,0.0,very_rare,peak_abundance_with_occupancy_days_modifiers,0.0005
hudgod,CR,0.0,0.0,0.0,prebreeding_migration,0.0005,0.0,0.0,0.0,0.05,0.0,very_rare,0.0,very_rare,peak_abundance_with_occupancy_days_modifiers,0.0005
cintea,CR,0.0,0.0,0.0,postbreeding_migration,0.0005,0.0,0.0,0.0,0.05,0.0,very_rare,0.0,very_rare,peak_abundance_with_occupancy_days_modifiers,0.0005
crcwoo1,CR,0.0,0.0,0.0,resident,0.0002,0.0,0.0,0.0,0.02,0.0,very_rare,0.0,very_rare,peak_abundance_with_occupancy_days_modifiers,0.0002
