species_code,country_code,abundance,abundance_mean_avg,abundance_mean_max,peak_season,range_occupied_percent,range_total_percent,total_pop_percent,range_days_occupation,occupancy,score,frequency,frequency_pct,rarity_cap,commonness_basis,debug_range_occupied_max
snogoo,US-EAST,5.563991531860534,15.337923255813955,259.862,nonbreeding,0.269,0.2071,0.2698,140.0,26.900000000000002,1.0,abundant,100.0,,peak_abundance_with_occupancy_days_modifiers,0.269
laugul,US-EAST,2.544142071818971,0.8092499999999999,11.7323,breeding,0.2278,0.0999,0.3879,161.0,22.78,1.0,abundant,100.0,,peak_abundance_with_occupancy_days_modifiers,0.2278
mallar3,US-EAST,2.401814853921547,1.2580190789473686,10.0432,postbreeding_migration,0.8091,0.0122,0.021,126.0,80.91000000000001,1.0,abundant,100.0,,peak_abundance_with_occupancy_days_modifiers,0.8091
amhgul1,US-EAST,2.4140906710459515,0.7972328329757796,10.179599800269354,nonbreeding,0.3523523665235135,0.0555988195381908,0.0918996041942748,133.0,35.23523665235135,1.0,abundant,100.0,,peak_abundance_with_occupancy_days_modifiers,0.3523523665235135
comeid,US-EAST,3.483063042131739,1.129480357142857,31.5593,postbreeding_migration,0.1436,0.022,0.0697,84.0,14.360000000000001,1.0,abundant,100.0,,peak_abundance_with_occupancy_days_modifiers,0.1436
comgra,US-EAST,4.537742160918655,5.67094342105263,92.4795,nonbreeding,0.9324,0.0909,0.1026,112.0,93.24,1.0,abundant,100.0,,peak_abundance_with_occupancy_days_modifiers,0.9324
sancra,US-EAST,2.8690856975236714,0.8663225563909774,16.6209,prebreeding_migration,0.3577,0.3734,0.5413,119.0,35.77,1.0,abundant,100.0,,peak_abundance_with_occupancy_days_modifiers,0.3577
cangoo,US-EAST,3.749414660168195,5.515359210526316,41.4962,nonbreeding,0.8611,0.0596,0.1071,119.0,86.11,1.0,abundant,100.0,,peak_abundance_with_occupancy_days_modifiers,0.8611
ribgul,US-EAST,2.740033246955261,0.8690690789473684,14.4875,nonbreeding,0.8555,0.0848,0.1153,105.0,85.55,1.0,abundant,100.0,,peak_abundance_with_occupancy_days_modifiers,0.8555
rewbla,US-EAST,4.874377903599124,10.434757894736842,129.8927,nonbreeding,0.8092,0.1273,0.1635,126.0,80.92,1.0,abundant,100.0,,peak_abundance_with_occupancy_days_modifiers,0.8092
eursta,US-EAST,2.9468571057718544,4.123555921052632,18.046,nonbreeding,0.9585,0.0269,0.0172,140.0,95.85000000000001,1.0,abundant,100.0,,peak_abundance_with_occupancy_days_modifiers,0.9585
treswa,US-EAST,3.206256535511823,1.0196305970149253,23.6865,postbreeding_migration,0.5486,0.2032,0.4501,161.0,54.86,1.0,abundant,100.0,,peak_abundance_with_occupancy_days_modifiers,0.5486
gwfgoo,US-EAST,2.984630880482817,1.3524769230769231,18.7792,nonbreeding,0.26,0.0803,0.0246,42.0,26.0,1.0,abundant,100.0,,peak_abundance_with_occupancy_days_modifiers,0.26
amerob,US-EAST,2.4953271671158843,3.0246019736842107,11.1257,postbreeding_migration,0.9706,0.0815,0.1299,98.0,97.06,1.0,abundant,100.0,,peak_abundance_with_occupancy_days_modifiers,0.9706
laplon,US-EAST,2.3215736635457307,0.46469811320754717,9.1917,nonbreeding,0.8432,0.0001,0.0,7.0,84.32,0.9681714167760246,very_rare,96.81714167760246,very_rare,peak_abundance_with_occupancy_days_modifiers,0.8432
brnpel,US-EAST,2.1901216332714095,0.4409288135593221,7.9363,breeding,0.097,0.0813,0.3716,161.0,9.700000000000001,0.913351662233152,abundant,91.3351662233152,,peak_abundance_with_occupancy_days_modifiers,0.097
bnhcow,US-EAST,2.118445885273066,1.2545774834437087,7.3182,nonbreeding,0.507,0.1894,0.2432,147.0,50.7,0.8834605536382812,abundant,88.34605536382813,,peak_abundance_with_occupancy_days_modifiers,0.507
tunswa,US-EAST,2.11114609839519,0.2439105769230769,7.2577,nonbreeding,0.1151,0.0314,0.264,56.0,11.51,0.8804163060597133,abundant,88.04163060597133,,peak_abundance_with_occupancy_days_modifiers,0.1151
daejun,US-EAST,2.0627784807832965,1.2754647887323947,6.8678,nonbreeding,0.9648,0.0711,0.0787,105.0,96.48,0.8602454428195319,abundant,86.02454428195318,,peak_abundance_with_occupancy_days_modifiers,0.9648
comter,US-EAST,2.062498820949524,0.2962103773584906,6.8656,breeding,0.2281,0.0006,0.0111,133.0,22.81,0.8601288156102683,abundant,86.01288156102683,,peak_abundance_with_occupancy_days_modifiers,0.2281
santer1,US-EAST,1.9958832867050098,0.23230714285714285,6.3587,breeding,0.0601,0.0262,0.5958,133.0,6.01,0.8323479800582748,abundant,83.23479800582749,,peak_abundance_with_occupancy_days_modifiers,0.0601
doccor,US-EAST,1.937877977358049,0.5945596026490065,5.944,nonbreeding,0.1001,0.174,0.2218,147.0,10.01,0.8081578871860086,abundant,80.81578871860086,,peak_abundance_with_occupancy_days_modifiers,0.1001
purmar,US-EAST,1.869522657693777,0.31857739130434787,5.4852,postbreeding_migration,0.6497,0.1583,0.2029,140.0,64.97,0.7796515047598485,abundant,77.96515047598484,,peak_abundance_with_occupancy_days_modifiers,0.6497
turvul,US-EAST,1.8661554951284078,1.0488486301369864,5.4634,nonbreeding,0.9831,0.0254,0.0821,126.0,98.31,0.7782472889028984,abundant,77.82472889028983,,peak_abundance_with_occupancy_days_modifiers,0.9831
chiswi,US-EAST,1.8573599263120038,0.3694802631578948,5.4068,postbreeding_migration,1.0,0.0652,0.1195,126.0,100.0,0.7745792518054568,abundant,77.45792518054569,,peak_abundance_with_occupancy_days_modifiers,1.0
yerwar,US-EAST,1.8148084553814712,0.5528462686567165,5.1399,nonbreeding,0.9505,0.1137,0.125,133.0,95.05,0.7568339101246775,abundant,75.68339101246775,,peak_abundance_with_occupancy_days_modifiers,0.9505
y00475,US-EAST,1.801396219566857,0.33792620689655173,5.0581,nonbreeding,0.2343,0.093,0.1179,112.0,23.43,0.7512405733485631,abundant,75.1240573348563,,peak_abundance_with_occupancy_days_modifiers,0.2343
moudov,US-EAST,1.7645081693207425,1.4247874999999999,4.8387,breeding,1.0,0.1103,0.1721,119.0,100.0,0.7358570615394481,common,73.58570615394481,,peak_abundance_with_occupancy_days_modifiers,1.0
norpin,US-EAST,1.7575647711408868,0.28492105263157896,4.7983,nonbreeding,0.2341,0.0611,0.0471,147.0,23.41,0.7329614395918922,common,73.29614395918922,,peak_abundance_with_occupancy_days_modifiers,0.2341
whtspa,US-EAST,1.7512325700517746,0.8107318518518519,4.7617,nonbreeding,0.9432,0.1349,0.1059,105.0,94.32000000000001,0.7303207066287204,common,73.03207066287204,,peak_abundance_with_occupancy_days_modifiers,0.9432
snobun,US-EAST,1.7355594195398558,0.24229210526315792,4.6721,nonbreeding,0.7446,,,,74.46000000000001,0.7237844951895829,common,72.37844951895829,,peak_abundance_with_occupancy_days_modifiers,0.7446
norsho,US-EAST,1.7243189636260203,0.27564927536231887,4.6087,nonbreeding,0.3021,0.0433,0.0538,147.0,30.209999999999997,0.7190968609791373,common,71.90968609791372,,peak_abundance_with_occupancy_days_modifiers,0.3021
categr1,US-EAST,1.6995608159337416,0.33476305050604943,4.471543849090664,postbreeding_migration,0.4938201112092959,0.0224154867498926,0.0484022805079906,140.0,49.38201112092959,0.7087719114397915,common,70.87719114397915,,peak_abundance_with_occupancy_days_modifiers,0.4938201112092959
fiscro,US-EAST,1.6972839410051697,0.29846400000000006,4.4591,nonbreeding,1.0,0.1415,0.3815,147.0,100.0,0.7078223808433552,common,70.78223808433552,,peak_abundance_with_occupancy_days_modifiers,1.0
fragul,US-EAST,1.6880642328892899,0.2869871794871795,4.409,postbreeding_migration,0.1807,0.1115,0.1348,154.0,18.07,0.7039774639195564,common,70.39774639195564,,peak_abundance_with_occupancy_days_modifiers,0.1807
amecro,US-EAST,1.6628838881397263,1.8191947368421053,4.2745,nonbreeding,0.9998,0.0764,0.0494,147.0,99.98,0.6934764445317589,common,69.34764445317589,,peak_abundance_with_occupancy_days_modifiers,0.9998
cacgoo1,US-EAST,1.6606632045095462,0.1885701923076923,4.2628,prebreeding_migration,0.9323,0.2337,0.1507,126.0,93.23,0.6925503475268683,common,69.25503475268683,,peak_abundance_with_occupancy_days_modifiers,0.9323
whiibi,US-EAST,1.6500038741807619,0.43696507936507945,4.207,nonbreeding,0.4329,0.2244,0.3833,105.0,43.29,0.6881050615088744,common,68.81050615088743,,peak_abundance_with_occupancy_days_modifiers,0.4329
houspa,US-EAST,1.6160758326142837,0.37129999999999996,4.0333,resident,1.0,0.0071,0.0029,365.0,100.0,0.6739559691980647,common,67.39559691980647,,peak_abundance_with_occupancy_days_modifiers,1.0
blujay,US-EAST,1.6138680847134157,1.5214019736842106,4.0222,postbreeding_migration,0.9784,0.0441,0.0495,112.0,97.84,0.6730352668113039,common,67.30352668113039,,peak_abundance_with_occupancy_days_modifiers,0.9784
greegr,US-EAST,1.5975475008407523,0.1833953020134228,3.9409,breeding,0.7012,0.0077,0.0342,133.0,70.12,0.666229054689447,common,66.62290546894471,,peak_abundance_with_occupancy_days_modifiers,0.7012
amtspa,US-EAST,1.5954201206658964,0.37327894736842104,3.9304,nonbreeding,0.9883,0.0682,0.1956,84.0,98.83,0.6653418682476584,common,66.53418682476584,,peak_abundance_with_occupancy_days_modifiers,0.9883
gnwtea,US-EAST,1.5677196830820297,0.21563138686131386,3.7957,nonbreeding,0.3073,0.0396,0.012,147.0,30.73,0.6537898885185602,common,65.37898885185602,,peak_abundance_with_occupancy_days_modifiers,0.3073
bkcchi,US-EAST,1.5534599780246436,1.1113821428571427,3.7278,resident,0.9964,0.0311,0.0537,365.0,99.64,0.6478431296174743,common,64.78431296174743,,peak_abundance_with_occupancy_days_modifiers,0.9964
killde,US-EAST,1.504188501715003,0.44404054054054054,3.5005,nonbreeding,0.6841,0.1868,0.1633,161.0,68.41000000000001,0.6272953280230618,common,62.729532802306174,,peak_abundance_with_occupancy_days_modifiers,0.6841
whfibi,US-EAST,1.4756779222545762,0.11542333333333335,3.374,nonbreeding,0.2686,0.0522,0.0272,119.0,26.86,0.615405492889789,common,61.540549288978895,,peak_abundance_with_occupancy_days_modifiers,0.2686
cliswa,US-EAST,1.4519416423557454,0.3514859649122808,3.2714,breeding,0.9064,0.0992,0.1104,133.0,90.64,0.6055066953200643,common,60.55066953200643,,peak_abundance_with_occupancy_days_modifiers,0.9064
norcar,US-EAST,1.421661504957182,1.5932236842105265,3.144,resident,0.9172,0.124,0.1778,365.0,91.72,0.5928788972080865,common,59.28788972080865,,peak_abundance_with_occupancy_days_modifiers,0.9172
horlar,US-EAST,1.406317552325357,0.34460068493150686,3.0809,nonbreeding,0.946,,,,94.6,0.5864799719481362,common,58.64799719481362,,peak_abundance_with_occupancy_days_modifiers,0.946
rosgoo,US-EAST,1.3921770242780462,0.0931,3.0236,nonbreeding,0.4587,0.1979,0.4206,112.0,45.87,0.5805829137205646,common,58.05829137205646,,peak_abundance_with_occupancy_days_modifiers,0.4587
chispa,US-EAST,1.3653260546836943,0.4780074324324325,2.917,nonbreeding,0.9462,0.1391,0.1377,147.0,94.62,0.5693851896585723,common,56.938518965857234,,peak_abundance_with_occupancy_days_modifiers,0.9462
amegfi,US-EAST,1.3587432920326001,1.3117280000000002,2.8913,postbreeding_migration,1.0,0.0892,0.1122,112.0,100.0,0.5666399644080083,common,56.66399644080084,,peak_abundance_with_occupancy_days_modifiers,1.0
dickci,US-EAST,1.3465915317672692,0.18919256198347106,2.8443,breeding,0.9859,0.1961,0.1929,140.0,98.59,0.5615722867645432,common,56.15722867645432,,peak_abundance_with_occupancy_days_modifiers,0.9859
grycat,US-EAST,1.3447689942913201,0.3636299319727891,2.8373,breeding,0.9908,0.0992,0.2988,126.0,99.08,0.5608122296024878,common,56.08122296024878,,peak_abundance_with_occupancy_days_modifiers,0.9908
royter1,US-EAST,1.344065126902154,0.11542413793103447,2.8346,breeding,0.0741,0.071,0.4966,126.0,7.41,0.5605186941019384,common,56.051869410193845,,peak_abundance_with_occupancy_days_modifiers,0.0741
wesmea,US-EAST,1.3438825618628518,0.40161549295774646,2.8339,breeding,0.9725,0.2142,0.2953,112.0,97.25,0.5604425585670078,common,56.04425585670077,,peak_abundance_with_occupancy_days_modifiers,0.9725
cedwax,US-EAST,1.341401592229154,0.6560141891891892,2.8244,postbreeding_migration,0.9956,0.11,0.2455,126.0,99.56,0.5594079138676158,common,55.94079138676158,,peak_abundance_with_occupancy_days_modifiers,0.9956
rocpig,US-EAST,1.3122171577235748,0.20446315789473685,2.7144,resident,0.9404,0.0073,0.0015,365.0,94.04,0.5472370593533898,common,54.723705935338984,,peak_abundance_with_occupancy_days_modifiers,0.9404
lessca,US-EAST,1.309089290210919,0.1658875,2.7028,nonbreeding,0.1085,0.2581,0.1849,140.0,10.85,0.5459326372845287,common,54.59326372845287,,peak_abundance_with_occupancy_days_modifiers,0.1085
blksco2,US-EAST,1.307954369668639,0.12028487394957983,2.6986,nonbreeding,0.1869,0.0171,0.0388,112.0,18.69,0.5454593386567053,common,54.54593386567053,,peak_abundance_with_occupancy_days_modifiers,0.1869
rudduc,US-EAST,1.2974358246356397,0.11279324324324325,2.6599,nonbreeding,0.1001,0.1891,0.1542,126.0,10.01,0.5410727646672898,common,54.10727646672898,,peak_abundance_with_occupancy_days_modifiers,0.1001
dunlin,US-EAST,1.2887090952688371,0.1730406015037594,2.6281,nonbreeding,0.0371,0.0217,0.029,70.0,3.71,0.53743343585014,rare,53.743343585014,rare,peak_abundance_with_occupancy_days_modifiers,0.0371
sursco,US-EAST,1.286087210702859,0.12466999999999999,2.6186,nonbreeding,0.1313,0.0261,0.0569,126.0,13.13,0.5363400250595518,common,53.63400250595518,,peak_abundance_with_occupancy_days_modifiers,0.1313
yehbla,US-EAST,1.2629395820897855,0.15501807228915662,2.5358,breeding,0.7812,0.1367,0.1844,175.0,78.12,0.5266867141432415,common,52.66867141432415,,peak_abundance_with_occupancy_days_modifiers,0.7812
savspa,US-EAST,1.249385843852431,0.19290431654676257,2.4882,nonbreeding,0.738,0.216,0.2835,112.0,73.8,0.5210343662733793,common,52.10343662733793,,peak_abundance_with_occupancy_days_modifiers,0.738
indbun,US-EAST,1.248955730152414,0.4050327868852459,2.4867,breeding,0.997,0.085,0.1227,112.0,99.7,0.5208549949284769,common,52.08549949284769,,peak_abundance_with_occupancy_days_modifiers,0.997
gadwal,US-EAST,1.2205643994188557,0.2503707142857143,2.3891,nonbreeding,0.3187,0.0808,0.04,140.0,31.869999999999997,0.5090148903769443,common,50.901489037694425,,peak_abundance_with_occupancy_days_modifiers,0.3187
sonspa,US-EAST,1.2124765448171568,0.8695256756756756,2.3618,nonbreeding,0.9601,0.1155,0.0826,119.0,96.00999999999999,0.5056419930309062,common,50.56419930309062,,peak_abundance_with_occupancy_days_modifiers,0.9601
brebla,US-EAST,1.2074367977670981,0.2227024691358025,2.3449,nonbreeding,0.6486,0.2688,0.2888,112.0,64.86,0.503540255266447,common,50.3540255266447,,peak_abundance_with_occupancy_days_modifiers,0.6486
semsan,US-EAST,1.19058356720692,0.09883199999999999,2.289,prebreeding_migration,0.0794,0.054,0.0262,133.0,7.9399999999999995,0.4965119122227117,common,49.651191222271166,,peak_abundance_with_occupancy_days_modifiers,0.0794
whcspa,US-EAST,1.1882092091464578,0.12927631578947368,2.2812,nonbreeding,0.8622,0.1462,0.1895,112.0,86.22,0.49552172800265964,common,49.552172800265964,,peak_abundance_with_occupancy_days_modifiers,0.8622
lotduc,US-EAST,1.167858461404924,0.14042061855670102,2.2151,nonbreeding,0.1412,0.0172,0.0305,105.0,14.12,0.4870348070047363,common,48.70348070047363,,peak_abundance_with_occupancy_days_modifiers,0.1412
barswa,US-EAST,1.153068907797408,0.6836050847457625,2.1679,postbreeding_migration,1.0,0.0116,0.0106,154.0,100.0,0.48086708409569684,common,48.08670840956968,,peak_abundance_with_occupancy_days_modifiers,1.0
reevir1,US-EAST,1.1530057724984413,0.41549826086956526,2.1677,breeding,0.9982,0.0301,0.0471,112.0,99.82,0.4808407546309854,common,48.08407546309854,,peak_abundance_with_occupancy_days_modifiers,0.9982
libher,US-EAST,1.13166014271431,0.0818247619047619,2.1008,breeding,0.6623,0.1163,0.3391,133.0,66.23,0.47193893559565253,common,47.193893559565254,,peak_abundance_with_occupancy_days_modifiers,0.6623
tuftit,US-EAST,1.1102114245114616,0.8348583333333331,2.035,resident,0.9465,0.0677,0.0779,365.0,94.65,0.46299412535053397,common,46.2994125350534,,peak_abundance_with_occupancy_days_modifiers,0.9465
comyel,US-EAST,1.101707493575412,0.35561027397260275,2.0093,breeding,0.9985,0.0905,0.2098,133.0,99.85000000000001,0.45944771069576656,common,45.94477106957665,,peak_abundance_with_occupancy_days_modifiers,0.9985
brant,US-EAST,1.0936332471209458,0.17795873015873018,1.9851,nonbreeding,0.0663,,,,6.63,0.45608048838791176,common,45.60804883879118,,peak_abundance_with_occupancy_days_modifiers,0.0663
buwtea,US-EAST,1.0864384877364008,0.2443269841269841,1.9637,breeding,0.8689,0.1143,0.1584,161.0,86.89,0.453080040676053,common,45.3080040676053,,peak_abundance_with_occupancy_days_modifiers,0.8689
carwre,US-EAST,1.0767755940589352,0.7727108108108108,1.9352,resident,0.9915,0.1211,0.1031,365.0,99.15,0.44905030101766125,common,44.90503010176612,,peak_abundance_with_occupancy_days_modifiers,0.9915
palwar,US-EAST,1.069561024274106,0.08477207207207206,1.9141,nonbreeding,0.9563,0.212,0.5157,154.0,95.63000000000001,0.44604159172719676,common,44.604159172719676,,peak_abundance_with_occupancy_days_modifiers,0.9563
gbbgul,US-EAST,1.0437336271581203,0.18120285714285714,1.8398,resident,0.2796,0.0096,0.0261,365.0,27.96,0.43527073054365356,common,43.52707305436535,,peak_abundance_with_occupancy_days_modifiers,0.2796
whwsco2,US-EAST,1.0250733853332394,0.05541304347826086,1.7873,postbreeding_migration,0.1527,0.0232,0.0871,161.0,15.27,0.4274888052708688,common,42.74888052708688,,peak_abundance_with_occupancy_days_modifiers,0.1527
buffle,US-EAST,1.0101817232886832,0.1143669172932331,1.7461,nonbreeding,0.1716,0.0866,0.0577,105.0,17.16,0.4212784998361458,common,42.12784998361458,,peak_abundance_with_occupancy_days_modifiers,0.1716
blkvul,US-EAST,0.9932888093614662,0.311184375,1.7001,resident,0.921,0.023,0.0297,365.0,92.10000000000001,0.4142336075429546,common,41.42336075429546,,peak_abundance_with_occupancy_days_modifiers,0.921
carchi,US-EAST,0.9813291280533772,0.8967791666666667,1.668,resident,0.9938,0.1471,0.1474,365.0,99.38,0.40924603304637036,common,40.92460330463704,,peak_abundance_with_occupancy_days_modifiers,0.9938
woosto,US-EAST,0.9698314988021849,0.08250983606557376,1.6375,breeding,0.2679,0.0232,0.0809,161.0,26.790000000000003,0.40445114922403624,common,40.445114922403626,,peak_abundance_with_occupancy_days_modifiers,0.2679
amgplo,US-EAST,0.9697177482570075,0.07305949367088607,1.6372,prebreeding_migration,0.208,0.0387,0.1231,119.0,20.8,0.40440371156215504,common,40.440371156215505,,peak_abundance_with_occupancy_days_modifiers,0.208
leasan,US-EAST,0.9646998710818426,0.10092093023255813,1.624,postbreeding_migration,0.3864,0.1457,0.1014,168.0,38.64,0.402311094243923,common,40.2311094243923,,peak_abundance_with_occupancy_days_modifiers,0.3864
easblu,US-EAST,0.9397337836006217,0.48299072847682123,1.5593,postbreeding_migration,0.863,0.1254,0.113,105.0,86.3,0.3918994270771224,common,39.18994270771224,,peak_abundance_with_occupancy_days_modifiers,0.863
grtgra,US-EAST,0.9268349457498262,0.15955,1.5265,nonbreeding,0.2108,0.1636,0.2941,126.0,21.08,0.3865201938816116,common,38.65201938816116,,peak_abundance_with_occupancy_days_modifiers,0.2108
clcspa,US-EAST,0.9263598675509388,0.05655,1.5253,breeding,0.9981,0.2174,0.157,112.0,99.81,0.38632207088421605,common,38.6322070884216,,peak_abundance_with_occupancy_days_modifiers,0.9981
harspa,US-EAST,0.9245763114609278,0.08966486486486487,1.5208,nonbreeding,0.9069,0.231,0.5137,119.0,90.69,0.3855782702227595,common,38.557827022275944,,peak_abundance_with_occupancy_days_modifiers,0.9069
redpol1,US-EAST,0.9030405356835955,0.18484255231879515,1.4670930030554492,nonbreeding,0.3715035286656056,0.0167648647491959,0.0134163554219348,77.0,37.15035286656056,0.3765971541491623,common,37.65971541491623,,peak_abundance_with_occupancy_days_modifiers,0.3715035286656056
botgra,US-EAST,0.902475742840427,0.2193,1.4657,resident,0.4345,0.6249,0.5456,365.0,43.45,0.3763616172391164,common,37.636161723911634,,peak_abundance_with_occupancy_days_modifiers,0.4345
redhea,US-EAST,0.9001206987115172,0.0838496402877698,1.4599,nonbreeding,0.1416,0.4987,0.7156,119.0,14.16,0.37537948755412753,common,37.537948755412756,,peak_abundance_with_occupancy_days_modifiers,0.1416
normoc,US-EAST,0.882030495189041,0.27505563380281695,1.4158,breeding,0.9791,0.1418,0.2685,112.0,97.91,0.36783528671779786,common,36.783528671779784,,peak_abundance_with_occupancy_days_modifiers,0.9791
snoegr,US-EAST,0.8734667346832269,0.06754873949579833,1.3952,postbreeding_migration,0.55,0.0156,0.0464,119.0,55.00000000000001,0.36426392119447376,common,36.42639211944738,,peak_abundance_with_occupancy_days_modifiers,0.55
evegro,US-EAST,0.8682762667723953,0.08982747252747252,1.3828,nonbreeding,0.738,0.0291,0.0479,161.0,73.8,0.36209932794900884,common,36.20993279490089,,peak_abundance_with_occupancy_days_modifiers,0.738
rinphe1,US-EAST,0.8636491605485578,0.2629157894736842,1.3718,resident,0.9343,0.0159,0.0564,365.0,93.43,0.36016967477510786,common,36.01696747751079,,peak_abundance_with_occupancy_days_modifiers,0.9343
ovenbi1,US-EAST,0.848996417022785,0.1483452380952381,1.3373,breeding,0.9723,0.0832,0.0527,112.0,97.23,0.3540590061016287,common,35.405900610162874,,peak_abundance_with_occupancy_days_modifiers,0.9723
houwre,US-EAST,0.841006683798798,0.17908455882352942,1.3187,breeding,0.9964,0.0293,0.028,126.0,99.64,0.35072702854838755,common,35.07270285483875,,peak_abundance_with_occupancy_days_modifiers,0.9964
ruckin,US-EAST,0.839280089507906,0.21534098360655737,1.3147,nonbreeding,0.9337,0.1288,0.1547,119.0,93.37,0.3500069828022376,common,35.00069828022376,,peak_abundance_with_occupancy_days_modifiers,0.9337
lobdow,US-EAST,0.8362080234005973,0.10888275862068965,1.3076,postbreeding_migration,0.76,0.1595,0.2033,175.0,76.0,0.3487258317268932,common,34.87258317268932,,peak_abundance_with_occupancy_days_modifiers,0.76
pecsan,US-EAST,0.8310813666492594,0.11084368932038835,1.2958,prebreeding_migration,0.2357,0.0413,0.0932,147.0,23.57,0.34658784980187146,common,34.65878498018714,,peak_abundance_with_occupancy_days_modifiers,0.2357
grpchi,US-EAST,0.8168239252535431,0.17883636363636365,1.2633,resident,0.6545,0.4641,0.5588,365.0,65.45,0.3406420349210249,common,34.06420349210249,,peak_abundance_with_occupancy_days_modifiers,0.6545
eastow,US-EAST,0.8117298963868931,0.26949054054054056,1.2518,breeding,0.9992,0.0804,0.162,105.0,99.92,0.33851765988078175,common,33.85176598807818,,peak_abundance_with_occupancy_days_modifiers,0.9992
buggna,US-EAST,0.81070796929909,0.22959632352941178,1.2495,postbreeding_migration,0.955,0.0931,0.1181,112.0,95.5,0.33809148318349397,common,33.80914831834939,,peak_abundance_with_occupancy_days_modifiers,0.955
ambduc,US-EAST,0.8068329449637617,0.08194159292035398,1.2408,nonbreeding,0.2773,0.0962,0.117,147.0,27.73,0.3364754725181049,common,33.64754725181049,,peak_abundance_with_occupancy_days_modifiers,0.2773
blkski,US-EAST,0.802405091496467,0.10388275862068966,1.2309,breeding,0.0437,0.0111,0.2442,140.0,4.37,0.3346289141977628,rare,33.462891419776284,rare,peak_abundance_with_occupancy_days_modifiers,0.0437
easkin,US-EAST,0.7925399244379802,0.2916226086956521,1.209,breeding,0.9989,0.0581,0.0734,84.0,99.89,0.3305148199875623,common,33.05148199875623,,peak_abundance_with_occupancy_days_modifiers,0.9989
houfin,US-EAST,0.7824850159121404,0.19121842105263157,1.1869,resident,1.0,0.0929,0.0587,365.0,100.0,0.3263215974394793,common,32.63215974394793,,peak_abundance_with_occupancy_days_modifiers,1.0
wessan,US-EAST,0.7771206143361239,0.04745189873417721,1.1752,nonbreeding,0.1524,0.1825,0.0494,147.0,15.24,0.32408446822167325,common,32.40844682216733,,peak_abundance_with_occupancy_days_modifiers,0.1524
comgol,US-EAST,0.7742662318447373,0.09004471544715448,1.169,nonbreeding,0.0321,0.0013,0.0008,70.0,3.2099999999999995,0.32289409826525073,rare,32.28940982652507,rare,peak_abundance_with_occupancy_days_modifiers,0.0321
rebwoo,US-EAST,0.770293389736599,0.5733842105263157,1.1604,resident,0.9721,0.0748,0.0727,365.0,97.21,0.32123729442014287,common,32.12372944201429,,peak_abundance_with_occupancy_days_modifiers,0.9721
whevir,US-EAST,0.7645837304977939,0.19035752212389379,1.1481,breeding,0.9086,0.1902,0.2135,112.0,90.86,0.31885618157356643,common,31.885618157356642,,peak_abundance_with_occupancy_days_modifiers,0.9086
nrwswa,US-EAST,0.761739972025557,0.12305289256198346,1.142,postbreeding_migration,0.5585,0.0659,0.0883,140.0,55.85,0.31767024217725653,common,31.767024217725652,,peak_abundance_with_occupancy_days_modifiers,0.5585
amwpel,US-EAST,0.7613664195370892,0.12569047619047619,1.1412,nonbreeding,0.2055,0.1198,0.1295,119.0,20.549999999999997,0.3175144586896683,common,31.751445868966833,,peak_abundance_with_occupancy_days_modifiers,0.2055
swaspa,US-EAST,0.7607123667223691,0.19786592592592592,1.1398,nonbreeding,0.9441,0.1291,0.1496,112.0,94.41000000000001,0.31724169748022785,common,31.724169748022785,,peak_abundance_with_occupancy_days_modifiers,0.9441
rinduc,US-EAST,0.7555584406813424,0.10875724137931035,1.1288,nonbreeding,0.2214,0.3967,0.2255,140.0,22.14,0.31509234337811476,common,31.509234337811478,,peak_abundance_with_occupancy_days_modifiers,0.2214
rebnut,US-EAST,0.7420801916691245,0.11957357142857143,1.1003,nonbreeding,0.9902,0.0265,0.0331,119.0,99.02,0.309471476960338,common,30.9471476960338,,peak_abundance_with_occupancy_days_modifiers,0.9902
sander,US-EAST,0.725711171433208,0.09897528089887637,1.0662,postbreeding_migration,0.064,0.0172,0.0496,77.0,6.4,0.30264506530608193,common,30.264506530608195,,peak_abundance_with_occupancy_days_modifiers,0.064
pinwar,US-EAST,0.7229486717967349,0.19838257575757579,1.0605,prebreeding_migration,0.9718,0.1311,0.152,119.0,97.18,0.301493013476375,common,30.149301347637504,,peak_abundance_with_occupancy_days_modifiers,0.9718
bknsti,US-EAST,0.7202271849636874,0.04368020833333333,1.0549,postbreeding_migration,0.3788,0.0275,0.0229,140.0,37.88,0.30035806531415954,common,30.035806531415954,,peak_abundance_with_occupancy_days_modifiers,0.3788
whwdov,US-EAST,0.7106923597756942,0.04674920634920635,1.0354,postbreeding_migration,0.4827,0.1413,0.1526,119.0,48.27,0.29638173436419857,common,29.638173436419855,,peak_abundance_with_occupancy_days_modifiers,0.4827
greshe,US-EAST,0.7103339226946948,0.08823490562167483,1.0346705679008996,nonbreeding,0.1072261868088205,0.0005800641666805416,0.00036649205170829016,133.0,10.72261868088205,0.2962322544911343,common,29.623225449113427,,peak_abundance_with_occupancy_days_modifiers,0.1072261868088205
fiespa,US-EAST,0.7057672119160476,0.2179228187919463,1.0254,nonbreeding,0.9445,0.1997,0.226,119.0,94.45,0.2943277881741722,common,29.432778817417223,,peak_abundance_with_occupancy_days_modifiers,0.9445
gresca,US-EAST,0.7047298418030119,0.0661853846153846,1.0233,nonbreeding,0.1157,0.0267,0.0412,49.0,11.57,0.29389517123514075,common,29.389517123514075,,peak_abundance_with_occupancy_days_modifiers,0.1157
wilpha,US-EAST,0.7001724454966985,0.07060416666666668,1.0141,breeding,0.721,0.0896,0.0478,112.0,72.1,0.2919945893548509,common,29.19945893548509,,peak_abundance_with_occupancy_days_modifiers,0.721
amepip,US-EAST,0.6945961303250497,0.09150530973451329,1.0029,nonbreeding,0.543,0.2069,0.2254,56.0,54.300000000000004,0.28966908530348295,common,28.966908530348295,,peak_abundance_with_occupancy_days_modifiers,0.543
easmea,US-EAST,0.6919965188025493,0.18592413793103452,0.9977,nonbreeding,0.8437,0.1633,0.2386,119.0,84.37,0.2885849630934806,fairly_common,28.85849630934806,,peak_abundance_with_occupancy_days_modifiers,0.8437
norfli,US-EAST,0.6918463348268972,0.3446717105263158,0.9974,postbreeding_migration,0.9775,0.0833,0.0697,112.0,97.75,0.28852233151096074,fairly_common,28.852233151096073,,peak_abundance_with_occupancy_days_modifiers,0.9775
rebmer,US-EAST,0.6902931115770389,0.059188235294117646,0.9943,nonbreeding,0.2918,0.0236,0.0369,42.0,29.18,0.2878745871046566,fairly_common,28.787458710465657,,peak_abundance_with_occupancy_days_modifiers,0.2918
orcori,US-EAST,0.687682275128878,0.12096554621848739,0.9891,breeding,0.9865,0.1337,0.1597,98.0,98.65,0.2867857837370625,fairly_common,28.678578373706248,,peak_abundance_with_occupancy_days_modifiers,0.9865
larbun,US-EAST,0.6850646043665893,0.13140909090909092,0.9839,nonbreeding,0.5493,0.3837,0.4092,119.0,54.93,0.2856941302391039,fairly_common,28.56941302391039,,peak_abundance_with_occupancy_days_modifiers,0.5493
lesyel,US-EAST,0.6819851158537534,0.0730762962962963,0.9778,postbreeding_migration,0.7399,0.0246,0.054,154.0,73.99,0.28440988378023246,fairly_common,28.440988378023246,,peak_abundance_with_occupancy_days_modifiers,0.7399
whbnut,US-EAST,0.6757466658797779,0.32571842105263155,0.9655,resident,0.9465,0.0437,0.0552,365.0,94.65,0.28180824806880495,common,28.180824806880494,,peak_abundance_with_occupancy_days_modifiers,0.9465
boboli,US-EAST,0.6754413534410131,0.08863207547169812,0.9649,breeding,0.9762,0.0932,0.1928,119.0,97.61999999999999,0.28168092289233526,fairly_common,28.168092289233527,,peak_abundance_with_occupancy_days_modifiers,0.9762
rudtur,US-EAST,0.6670085229502506,0.02568125,0.9484,prebreeding_migration,0.1283,0.0133,0.0257,119.0,12.83,0.2781641594262972,fairly_common,27.816415942629718,,peak_abundance_with_occupancy_days_modifiers,0.1283
dowwoo,US-EAST,0.6625848749773053,0.4201026315789474,0.9398,resident,0.9695,0.0397,0.0552,365.0,96.95,0.2763193549333209,common,27.631935493332087,,peak_abundance_with_occupancy_days_modifiers,0.9695
banswa,US-EAST,0.6474173288537709,0.060480733944954124,0.9106,postbreeding_migration,0.9488,,,,94.88,0.2699939969013858,fairly_common,26.99939969013858,,peak_abundance_with_occupancy_days_modifiers,0.9488
paibun,US-EAST,0.6385325872867224,0.044853333333333335,0.8937,breeding,0.7861,0.4653,0.6779,133.0,78.61,0.2662887718784931,fairly_common,26.62887718784931,,peak_abundance_with_occupancy_days_modifiers,0.7861
leater1,US-EAST,0.6327600305448502,0.04223737373737373,0.8828,breeding,0.1213,0.0888,0.2509,84.0,12.13,0.263881428735798,fairly_common,26.388142873579802,,peak_abundance_with_occupancy_days_modifiers,0.1213
razorb,US-EAST,0.6230177794600072,0.0891721565763131,0.8645463498520838,nonbreeding,0.1391585765473875,0.0011532273032795,0.0021934497012429,126.0,13.915857654738751,0.2598185944680305,fairly_common,25.981859446803053,,peak_abundance_with_occupancy_days_modifiers,0.1391585765473875
pinsis,US-EAST,0.6214363330059449,0.09716180555555555,0.8616,nonbreeding,0.6171,0.0857,0.0849,119.0,61.71,0.25915908007138355,fairly_common,25.915908007138356,,peak_abundance_with_occupancy_days_modifiers,0.6171
herthr,US-EAST,0.6063903166336634,0.08201407407407407,0.8338,breeding,0.9564,0.1298,0.1386,105.0,95.64,0.25288440388224254,fairly_common,25.288440388224252,,peak_abundance_with_occupancy_days_modifiers,0.9564
norpar,US-EAST,0.5963609118722534,0.11124354838709677,0.8155,breeding,0.95,0.0724,0.1363,126.0,95.0,0.24870181723003004,fairly_common,24.870181723003004,,peak_abundance_with_occupancy_days_modifiers,0.95
easpho,US-EAST,0.5891191101358977,0.22247054794520546,0.8024,postbreeding_migration,0.9951,0.2017,0.2842,119.0,99.51,0.2456817513336973,fairly_common,24.568175133369728,,peak_abundance_with_occupancy_days_modifiers,0.9951
eargre,US-EAST,0.5838901946229959,0.021868750000000003,0.793,breeding,0.4481,0.0175,0.036,140.0,44.81,0.24350112419279657,fairly_common,24.350112419279657,,peak_abundance_with_occupancy_days_modifiers,0.4481
weskin,US-EAST,0.583443915467982,0.05233666666666667,0.7922,breeding,0.4596,0.1033,0.2423,112.0,45.96,0.2433150113295384,fairly_common,24.33150113295384,,peak_abundance_with_occupancy_days_modifiers,0.4596
blkter,US-EAST,0.577680210751232,0.04400183486238532,0.7819,breeding,0.6794,0.0283,0.0696,126.0,67.94,0.24091135976804887,fairly_common,24.091135976804885,,peak_abundance_with_occupancy_days_modifiers,0.6794
graspa,US-EAST,0.5739694227306149,0.050948799999999995,0.7753,breeding,0.9279,0.234,0.2148,126.0,92.78999999999999,0.2393638409657425,fairly_common,23.93638409657425,,peak_abundance_with_occupancy_days_modifiers,0.9279
stisan,US-EAST,0.573856759368621,0.034830434782608694,0.7751,postbreeding_migration,0.6286,0.092,0.1383,133.0,62.86000000000001,0.2393168566944643,fairly_common,23.93168566944643,,peak_abundance_with_occupancy_days_modifiers,0.6286
marwre,US-EAST,0.5589298384401371,0.028855072463768117,0.7488,breeding,0.7514,0.1749,0.2468,126.0,75.14,0.233091847163058,fairly_common,23.3091847163058,,peak_abundance_with_occupancy_days_modifiers,0.7514
larspa,US-EAST,0.5556077665378839,0.059015384615384615,0.743,postbreeding_migration,0.8492,0.249,0.2506,126.0,84.92,0.23170643557317802,fairly_common,23.170643557317803,,peak_abundance_with_occupancy_days_modifiers,0.8492
amewig,US-EAST,0.5547468108239189,0.06619541984732823,0.7415,nonbreeding,0.4784,0.3491,0.2329,126.0,47.839999999999996,0.23134738915287284,fairly_common,23.134738915287283,,peak_abundance_with_occupancy_days_modifiers,0.4784
rethaw,US-EAST,0.5544022208825352,0.15654934210526317,0.7409,nonbreeding,0.9997,0.0789,0.0924,112.0,99.97,0.23120368398555688,fairly_common,23.120368398555687,,peak_abundance_with_occupancy_days_modifiers,0.9997
eawpew,US-EAST,0.5538851132264376,0.20616140350877196,0.74,breeding,0.9649,0.0493,0.0911,119.0,96.49,0.23098803334311072,fairly_common,23.09880333431107,,peak_abundance_with_occupancy_days_modifiers,0.9649
gloibi,US-EAST,0.5499117124731925,0.032249,0.7331,postbreeding_migration,0.5123,,,,51.23,0.22933099652489797,fairly_common,22.933099652489798,,peak_abundance_with_occupancy_days_modifiers,0.5123
roster,US-EAST,0.5492768101402434,0.06401071428571428,0.732,breeding,0.1392,,,,13.919999999999998,0.2290662216866674,fairly_common,22.90662216866674,,peak_abundance_with_occupancy_days_modifiers,0.1392
woothr,US-EAST,0.5459224608034201,0.08826206896551725,0.7262,breeding,0.9906,0.0612,0.1009,91.0,99.06,0.22766734936105965,fairly_common,22.766734936105966,,peak_abundance_with_occupancy_days_modifiers,0.9906
bkbplo,US-EAST,0.544415126759546,0.034866666666666664,0.7236,prebreeding_migration,0.1261,0.028,0.0197,140.0,12.61,0.22703874224006762,fairly_common,22.70387422400676,,peak_abundance_with_occupancy_days_modifiers,0.1261
gockin,US-EAST,0.5440669575457926,0.16792992700729925,0.723,postbreeding_migration,0.9591,0.0509,0.0315,98.0,95.91,0.22689354440023574,fairly_common,22.689354440023575,,peak_abundance_with_occupancy_days_modifiers,0.9591
bawwar,US-EAST,0.5426149462553981,0.08429076923076924,0.7205,breeding,0.9663,0.0644,0.0649,126.0,96.63000000000001,0.22628800865942747,fairly_common,22.628800865942747,,peak_abundance_with_occupancy_days_modifiers,0.9663
btnwar,US-EAST,0.5421498570080168,0.07464672897196262,0.7197,breeding,0.9627,0.0421,0.0822,119.0,96.27,0.22609405137836638,fairly_common,22.60940513783664,,peak_abundance_with_occupancy_days_modifiers,0.9627
comnig,US-EAST,0.5417427264007122,0.1424027027027027,0.719,postbreeding_migration,0.9861,0.0746,0.1682,112.0,98.61,0.22592426472758015,fairly_common,22.592426472758014,,peak_abundance_with_occupancy_days_modifiers,0.9861
commer,US-EAST,0.5399960010657705,0.0883062015503876,0.716,nonbreeding,0.1249,0.0021,0.0108,49.0,12.49,0.22519582368398813,fairly_common,22.51958236839881,,peak_abundance_with_occupancy_days_modifiers,0.1249
canvas,US-EAST,0.5397628736605884,0.061456,0.7156,postbreeding_migration,0.0097,0.4004,0.188,126.0,0.97,0.22509860200469847,very_rare,22.50986020046985,very_rare,peak_abundance_with_occupancy_days_modifiers,0.0097
chswar,US-EAST,0.528036660496345,0.07313240740740741,0.6956,breeding,0.9478,0.0511,0.0801,91.0,94.78,0.2202083912864636,fairly_common,22.02083912864636,,peak_abundance_with_occupancy_days_modifiers,0.9478
comgal1,US-EAST,0.5243734363112592,0.030193913043478262,0.6894,nonbreeding,0.5089,0.025,0.0638,126.0,50.89,0.21868070814423413,fairly_common,21.86807081442341,,peak_abundance_with_occupancy_days_modifiers,0.5089
yebcha,US-EAST,0.5179601126665901,0.06428166666666667,0.6786,breeding,0.961,0.1079,0.1119,126.0,96.1,0.2160061444477201,fairly_common,21.60061444477201,,peak_abundance_with_occupancy_days_modifiers,0.961
rusbla,US-EAST,0.5150367445374553,0.08796299212598425,0.6737,nonbreeding,0.4485,0.1312,0.1723,119.0,44.85,0.2147870052458136,fairly_common,21.47870052458136,,peak_abundance_with_occupancy_days_modifiers,0.4485
veery,US-EAST,0.5144988691322867,0.07613921568627452,0.6728,breeding,0.7329,0.057,0.1052,84.0,73.29,0.2145626937793079,fairly_common,21.456269377930788,,peak_abundance_with_occupancy_days_modifiers,0.7329
wooduc,US-EAST,0.4970106347322626,0.19553026315789476,0.6438,breeding,0.9528,0.1505,0.1431,133.0,95.28,0.20726953356567807,fairly_common,20.726953356567808,,peak_abundance_with_occupancy_days_modifiers,0.9528
balori,US-EAST,0.49390324457004137,0.10119565217391305,0.6387,breeding,0.8986,0.0815,0.1332,126.0,89.86,0.20597365121523875,fairly_common,20.597365121523875,,peak_abundance_with_occupancy_days_modifiers,0.8986
buhvir,US-EAST,0.4931706885272699,0.06305882352941176,0.6375,breeding,0.9585,0.1069,0.1441,133.0,95.85000000000001,0.20566815161686947,fairly_common,20.566815161686947,,peak_abundance_with_occupancy_days_modifiers,0.9585
sctfly,US-EAST,0.4923153610068938,0.041600000000000005,0.6361,breeding,0.7951,0.4803,0.6705,119.0,79.51,0.20531145233559606,fairly_common,20.531145233559606,,peak_abundance_with_occupancy_days_modifiers,0.7951
leafly,US-EAST,0.4785296789651695,0.053954954954954955,0.6137,breeding,0.9707,0.0557,0.0659,140.0,97.07000000000001,0.19956237638632154,fairly_common,19.956237638632153,,peak_abundance_with_occupancy_days_modifiers,0.9707
bbwduc,US-EAST,0.4734352345474316,0.051223333333333336,0.6055,breeding,0.4872,0.0447,0.0377,161.0,48.72,0.19743782804781437,fairly_common,19.743782804781436,,peak_abundance_with_occupancy_days_modifiers,0.4872
amered,US-EAST,0.47306144934497346,0.13547131147540983,0.6049,breeding,0.7126,0.0388,0.0542,133.0,71.26,0.19728194751095424,fairly_common,19.728194751095423,,peak_abundance_with_occupancy_days_modifiers,0.7126
yebcuc,US-EAST,0.46950350420405323,0.10450614035087719,0.5992,breeding,0.989,0.1236,0.1755,119.0,98.9,0.19579816914028,fairly_common,19.579816914028,,peak_abundance_with_occupancy_days_modifiers,0.989
norbob,US-EAST,0.4694409709832593,0.07686666666666667,0.5991,resident,0.956,0.1821,0.3351,365.0,95.6,0.19577209076166885,common,19.577209076166884,,peak_abundance_with_occupancy_days_modifiers,0.956
reshaw,US-EAST,0.4552072000029785,0.10619166666666666,0.5765,nonbreeding,0.9238,0.1331,0.179,126.0,92.38,0.1898361472107773,fairly_common,18.98361472107773,,peak_abundance_with_occupancy_days_modifiers,0.9238
scatan,US-EAST,0.45444573032978625,0.05999279279279279,0.5753,breeding,0.9734,0.063,0.1155,84.0,97.34,0.18951858969196886,fairly_common,18.951858969196884,,peak_abundance_with_occupancy_days_modifiers,0.9734
whrsan,US-EAST,0.4540012717682298,0.029112500000000003,0.5746,prebreeding_migration,0.4973,0.0843,0.0914,133.0,49.730000000000004,0.189333236075154,fairly_common,18.9333236075154,,peak_abundance_with_occupancy_days_modifiers,0.4973
whwcro,US-EAST,0.4522850787520552,0.057095774647887336,0.5719,nonbreeding,0.7735,,,,77.35,0.1886175279974731,fairly_common,18.86175279974731,,peak_abundance_with_occupancy_days_modifiers,0.7735
magwar,US-EAST,0.4500559914360395,0.0527701923076923,0.5684,breeding,0.9005,0.0285,0.0429,133.0,90.05,0.18768792638338166,fairly_common,18.768792638338166,,peak_abundance_with_occupancy_days_modifiers,0.9005
grcfly,US-EAST,0.4498646954048488,0.14725546218487398,0.5681,prebreeding_migration,0.9184,0.0762,0.1304,133.0,91.84,0.18760814974202425,fairly_common,18.760814974202425,,peak_abundance_with_occupancy_days_modifiers,0.9184
blugrb1,US-EAST,0.4490991451282257,0.09013162393162395,0.5669,breeding,0.8366,0.1316,0.109,105.0,83.66,0.1872888904794086,fairly_common,18.72888904794086,,peak_abundance_with_occupancy_days_modifiers,0.8366
sedwre,US-EAST,0.44673500230638125,0.037396261682242984,0.5632,breeding,0.7869,0.2293,0.2975,147.0,78.69,0.18630296634474638,fairly_common,18.63029663447464,,peak_abundance_with_occupancy_days_modifiers,0.7869
sedwre1,US-EAST,0.44673500230638125,0.037396261682242984,0.5632,breeding,0.7869,0.2293,0.2975,147.0,78.69,0.18630296634474638,fairly_common,18.63029663447464,,peak_abundance_with_occupancy_days_modifiers,0.7869
truswa,US-EAST,0.4422469522006927,0.03924367816091954,0.5562,prebreeding_migration,0.8389,0.1372,0.2669,119.0,83.89,0.18443130407633923,fairly_common,18.443130407633923,,peak_abundance_with_occupancy_days_modifiers,0.8389
chclon,US-EAST,0.4361882807510049,0.09889999999999999,0.5468,breeding,0.6163,0.264,0.219,98.0,61.629999999999995,0.18190464183282212,fairly_common,18.190464183282213,,peak_abundance_with_occupancy_days_modifiers,0.6163
purfin,US-EAST,0.4272918293342715,0.09527573529411765,0.5331,postbreeding_migration,0.9694,0.0552,0.0618,126.0,96.94,0.17819453342331218,fairly_common,17.81945334233122,,peak_abundance_with_occupancy_days_modifiers,0.9694
robgro,US-EAST,0.42055074552620525,0.07414454545454546,0.5228,breeding,0.972,0.0629,0.1262,105.0,97.2,0.17538328312204304,fairly_common,17.538328312204303,,peak_abundance_with_occupancy_days_modifiers,0.972
osprey,US-EAST,0.41237451640909917,0.04197045454545455,0.5104,breeding,0.3509,0.0127,0.07,147.0,35.089999999999996,0.1719735307405037,fairly_common,17.19735307405037,,peak_abundance_with_occupancy_days_modifiers,0.3509
naswar,US-EAST,0.41078426958576436,0.042901980198019794,0.508,breeding,0.8539,0.056,0.0499,161.0,85.39,0.1713103463048136,fairly_common,17.13103463048136,,peak_abundance_with_occupancy_days_modifiers,0.8539
anhing,US-EAST,0.40852708214398414,0.05116379310344828,0.5046,nonbreeding,0.7088,0.0208,0.1216,105.0,70.88,0.1703690260280752,fairly_common,17.03690260280752,,peak_abundance_with_occupancy_days_modifiers,0.7088
forter,US-EAST,0.4027280323982782,0.04489830508474576,0.4959,postbreeding_migration,0.1831,0.1861,0.2833,147.0,18.310000000000002,0.16795063444463532,fairly_common,16.79506344446353,,peak_abundance_with_occupancy_days_modifiers,0.1831
hoowar,US-EAST,0.40232685560766096,0.07713846153846154,0.4953,prebreeding_migration,0.7922,0.1023,0.1462,112.0,79.22,0.16778333072826032,fairly_common,16.778333072826033,,peak_abundance_with_occupancy_days_modifiers,0.7922
shtgro,US-EAST,0.396357089077437,0.1809833333333333,0.4864,resident,0.8764,0.1146,0.1557,365.0,87.64,0.16529374471591654,common,16.529374471591655,,peak_abundance_with_occupancy_days_modifiers,0.8764
semplo,US-EAST,0.39075747923589005,0.03486341463414634,0.4781,postbreeding_migration,0.0998,0.0457,0.0735,161.0,9.98,0.16295852603265348,fairly_common,16.29585260326535,,peak_abundance_with_occupancy_days_modifiers,0.0998
sumtan,US-EAST,0.3898775847664507,0.08308224299065421,0.4768,breeding,0.8845,0.1659,0.1528,105.0,88.44999999999999,0.16259158153786218,fairly_common,16.259158153786217,,peak_abundance_with_occupancy_days_modifiers,0.8845
vesspa,US-EAST,0.38947121835381493,0.031496093749999995,0.4762,nonbreeding,0.8164,0.3073,0.3097,133.0,81.64,0.16242211358100622,fairly_common,16.242211358100622,,peak_abundance_with_occupancy_days_modifiers,0.8164
cavswa,US-EAST,0.3874369055887732,0.03358787878787879,0.4732,postbreeding_migration,0.7092,0.4851,0.4859,133.0,70.92,0.16157373926369603,fairly_common,16.157373926369605,,peak_abundance_with_occupancy_days_modifiers,0.7092
rosspo1,US-EAST,0.3864861415103616,0.033718,0.4718,postbreeding_migration,0.4818,0.0211,0.0573,189.0,48.18,0.16117723984639576,fairly_common,16.117723984639575,,peak_abundance_with_occupancy_days_modifiers,0.4818
wiltur,US-EAST,0.38499025491877886,0.16784473684210527,0.4696,resident,0.8908,0.0862,0.1313,365.0,89.08,0.16055340668380855,common,16.055340668380854,,peak_abundance_with_occupancy_days_modifiers,0.8908
greyel,US-EAST,0.38253760346445975,0.039464925373134334,0.466,prebreeding_migration,0.2553,0.1109,0.0738,182.0,25.53,0.15953057158248368,fairly_common,15.953057158248368,,peak_abundance_with_occupancy_days_modifiers,0.2553
comloo,US-EAST,0.3794633055691636,0.03453333333333333,0.4615,nonbreeding,0.2667,0.0415,0.0724,119.0,26.669999999999998,0.1582484897792578,fairly_common,15.824848977925779,,peak_abundance_with_occupancy_days_modifiers,0.2667
acafly,US-EAST,0.3792580159389904,0.07549126213592235,0.4612,breeding,0.8554,0.0748,0.1208,91.0,85.54,0.1581628773538521,fairly_common,15.81628773538521,,peak_abundance_with_occupancy_days_modifiers,0.8554
rthhum,US-EAST,0.37740851032563905,0.10516451612903226,0.4585,postbreeding_migration,0.988,0.053,0.0975,126.0,98.8,0.15739157360496359,fairly_common,15.739157360496359,,peak_abundance_with_occupancy_days_modifiers,0.988
rehwoo,US-EAST,0.37576162873472174,0.07924149659863947,0.4561,breeding,0.9851,0.0966,0.1847,168.0,98.50999999999999,0.1567047706367108,fairly_common,15.670477063671079,,peak_abundance_with_occupancy_days_modifiers,0.9851
prowar,US-EAST,0.3710116800387851,0.032004000000000005,0.4492,breeding,0.6042,0.0956,0.2103,105.0,60.419999999999995,0.1547238881729019,fairly_common,15.47238881729019,,peak_abundance_with_occupancy_days_modifiers,0.6042
aldfly,US-EAST,0.3693542210958058,0.0341563829787234,0.4468,breeding,0.9396,0.0234,0.0153,77.0,93.96,0.15403267410622373,fairly_common,15.403267410622373,,peak_abundance_with_occupancy_days_modifiers,0.9396
bklkit,US-EAST,0.3684449474203317,0.03121563565791873,0.4454850607567403,nonbreeding,0.1192878595453945,0.0004919236915024467,0.0003608835800300668,119.0,11.92878595453945,0.15365347753088157,fairly_common,15.365347753088157,,peak_abundance_with_occupancy_days_modifiers,0.1192878595453945
shbdow,US-EAST,0.3663777194001176,0.03866434782608697,0.4425,postbreeding_migration,0.0474,0.073,0.205,147.0,4.74,0.15279137648599248,rare,15.279137648599248,rare,peak_abundance_with_occupancy_days_modifiers,0.0474
pilwoo,US-EAST,0.3638094328393318,0.1693605263157895,0.4388,resident,0.977,0.0299,0.0502,365.0,97.7,0.15172031779968528,common,15.172031779968528,,peak_abundance_with_occupancy_days_modifiers,0.977
brnthr,US-EAST,0.3636704184511188,0.11738533333333331,0.4386,postbreeding_migration,0.9925,0.1883,0.1511,112.0,99.25,0.15166234429692643,fairly_common,15.166234429692643,,peak_abundance_with_occupancy_days_modifiers,0.9925
bkpwar,US-EAST,0.35879269990973367,0.039272839506172844,0.4316,prebreeding_migration,1.0,0.0188,0.0117,126.0,100.0,0.1496281776689182,fairly_common,14.96281776689182,,peak_abundance_with_occupancy_days_modifiers,1.0
uplsan,US-EAST,0.35304837588303367,0.028652173913043474,0.4234,breeding,0.8786,0.1315,0.2407,112.0,87.86,0.14723260848294775,fairly_common,14.723260848294775,,peak_abundance_with_occupancy_days_modifiers,0.8786
pingro,US-EAST,0.35072729166883027,0.059213333333333326,0.4201,nonbreeding,0.3811,,,,38.11,0.1462646411824014,fairly_common,14.62646411824014,,peak_abundance_with_occupancy_days_modifiers,0.3811
baleag,US-EAST,0.34974095933580274,0.060173026315789475,0.4187,nonbreeding,0.9855,0.0453,0.0513,154.0,98.55000000000001,0.1458533086508199,fairly_common,14.58533086508199,,peak_abundance_with_occupancy_days_modifiers,0.9855
yebsap,US-EAST,0.3473415227576562,0.07975109489051094,0.4153,breeding,0.9002,0.1307,0.1306,112.0,90.02,0.14485266587656462,fairly_common,14.485266587656461,,peak_abundance_with_occupancy_days_modifiers,0.9002
btbwar,US-EAST,0.3449363150333423,0.04072959183673469,0.4119,breeding,0.7705,0.0749,0.1036,126.0,77.05,0.14384961634742194,fairly_common,14.384961634742194,,peak_abundance_with_occupancy_days_modifiers,0.7705
wilsni1,US-EAST,0.3422412779411289,0.03847096774193549,0.4081,breeding,0.8973,0.2613,0.1775,168.0,89.73,0.14272569858387918,fairly_common,14.272569858387918,,peak_abundance_with_occupancy_days_modifiers,0.8973
ameavo,US-EAST,0.33761444119998996,0.03436,0.4016,breeding,0.5112,0.1044,0.0942,168.0,51.12,0.14079615779299237,fairly_common,14.079615779299237,,peak_abundance_with_occupancy_days_modifiers,0.5112
grbher3,US-EAST,0.3330377741725781,0.12706092715231787,0.3952,nonbreeding,0.806,0.1791,0.1526,175.0,80.60000000000001,0.13888753939779833,fairly_common,13.888753939779832,,peak_abundance_with_occupancy_days_modifiers,0.806
triher,US-EAST,0.3326076358047733,0.02800144927536232,0.3946,breeding,0.2762,0.273,0.2749,196.0,27.62,0.1387081577656294,fairly_common,13.870815776562939,,peak_abundance_with_occupancy_days_modifiers,0.2762
orcwar,US-EAST,0.3308133984123845,0.02744905660377359,0.3921,nonbreeding,0.9032,0.1543,0.1822,119.0,90.32,0.1379599026550987,fairly_common,13.79599026550987,,peak_abundance_with_occupancy_days_modifiers,0.9032
bongul,US-EAST,0.3193987390033498,0.04578863636363636,0.3763,postbreeding_migration,0.0233,0.0869,0.0943,154.0,2.33,0.13319961994445567,rare,13.319961994445567,rare,peak_abundance_with_occupancy_days_modifiers,0.0233
bkbwar,US-EAST,0.31910806245163376,0.03608686868686869,0.3759,breeding,0.8125,0.0462,0.0508,105.0,81.25,0.1330783984069626,fairly_common,13.307839840696259,,peak_abundance_with_occupancy_days_modifiers,0.8125
margod,US-EAST,0.3177261938001576,0.014208333333333331,0.374,breeding,0.6929,0.1351,0.1412,140.0,69.28999999999999,0.1325021144186033,fairly_common,13.25021144186033,,peak_abundance_with_occupancy_days_modifiers,0.6929
comrav,US-EAST,0.3142266276738932,0.12117,0.3692,resident,0.9654,0.0051,0.0022,365.0,96.54,0.13104268198801994,common,13.104268198801993,,peak_abundance_with_occupancy_days_modifiers,0.9654
winwre3,US-EAST,0.306233917846308,0.0484955223880597,0.3583,breeding,0.8806,0.1237,0.0979,105.0,88.06,0.12770946309466202,fairly_common,12.770946309466202,,peak_abundance_with_occupancy_days_modifiers,0.8806
swathr,US-EAST,0.3057184349378795,0.040515625,0.3576,breeding,0.6525,0.0178,0.0182,91.0,65.25,0.1274944900246217,fairly_common,12.749449002462171,,peak_abundance_with_occupancy_days_modifiers,0.6525
redcro,US-EAST,0.3004008448595556,0.034749193548387104,0.3504,nonbreeding,0.8485,,,,84.85000000000001,0.1252768827176445,fairly_common,12.52768827176445,,peak_abundance_with_occupancy_days_modifiers,0.8485
bewwre,US-EAST,0.2974343638944592,0.05911666666666667,0.3464,breeding,0.5686,0.1696,0.2461,126.0,56.86,0.12403976406665582,fairly_common,12.403976406665581,,peak_abundance_with_occupancy_days_modifiers,0.5686
willet1,US-EAST,0.29661703650936017,0.033805084745762715,0.3453,breeding,0.0741,0.1228,0.0808,147.0,7.41,0.12369891207267142,fairly_common,12.369891207267141,,peak_abundance_with_occupancy_days_modifiers,0.0741
neocor,US-EAST,0.29631966084736644,0.02075238095238095,0.3449,resident,0.1523,0.0065,0.0082,365.0,15.229999999999999,0.12357489678919882,fairly_common,12.357489678919881,,peak_abundance_with_occupancy_days_modifiers,0.1523
wispet,US-EAST,0.2948663526576983,0.06168529374733468,0.3429468654127296,nonbreeding,0.1121643949597744,0.0003749378823151323,0.0002802195187417876,161.0,11.21643949597744,0.12296882019938511,fairly_common,12.296882019938511,,peak_abundance_with_occupancy_days_modifiers,0.1121643949597744
eucdov,US-EAST,0.2895303633093985,0.050929999999999996,0.3358,resident,0.4549,0.0233,0.0084,365.0,45.49,0.12074353980084929,fairly_common,12.074353980084929,,peak_abundance_with_occupancy_days_modifiers,0.4549
bnhnut,US-EAST,0.2894554990009226,0.09736666666666666,0.3357,resident,0.7657,0.2684,0.2773,365.0,76.57000000000001,0.12071231895925333,common,12.071231895925333,,peak_abundance_with_occupancy_days_modifiers,0.7657
moublu,US-EAST,0.28870654749796876,0.03269024390243903,0.3347,nonbreeding,0.4667,0.1776,0.1878,133.0,46.67,0.12039998192291566,fairly_common,12.039998192291566,,peak_abundance_with_occupancy_days_modifiers,0.4667
bcnher,US-EAST,0.2851789422336624,0.012674285714285714,0.33,prebreeding_migration,0.4941,0.0088,0.0095,112.0,49.41,0.11892885626354124,fairly_common,11.892885626354124,,peak_abundance_with_occupancy_days_modifiers,0.4941
brncre,US-EAST,0.282091474138536,0.05830211267605634,0.3259,prebreeding_migration,0.9879,0.0347,0.0389,119.0,98.79,0.11764128206038463,fairly_common,11.764128206038462,,peak_abundance_with_occupancy_days_modifiers,0.9879
hoomer,US-EAST,0.2812615046488582,0.04241258278145696,0.3248,nonbreeding,0.2492,0.2077,0.1232,119.0,24.92,0.1172951578992951,fairly_common,11.72951578992951,,peak_abundance_with_occupancy_days_modifiers,0.2492
redkno,US-EAST,0.26758140074477804,0.016484146341463415,0.3068,prebreeding_migration,0.0567,,,,5.67,0.11159011145324438,fairly_common,11.159011145324438,,peak_abundance_with_occupancy_days_modifiers,0.0567
brwhaw,US-EAST,0.2654364635044612,0.0476863247863248,0.304,postbreeding_migration,0.3971,0.0495,0.1008,126.0,39.71,0.11069560314646015,fairly_common,11.069560314646015,,peak_abundance_with_occupancy_days_modifiers,0.3971
sooshe,US-EAST,0.2636548034023722,0.0217729960522249,0.3016787836501775,nonbreeding,0.1076011059975373,0.0002589286288846534,3.487903389026521e-05,112.0,10.76011059975373,0.1099525931733808,fairly_common,10.99525931733808,,peak_abundance_with_occupancy_days_modifiers,0.1076011059975373
linspa,US-EAST,0.2595140526238601,0.032977678571428574,0.2963,postbreeding_migration,0.9979,0.1951,0.2341,112.0,99.79,0.1082257659739261,fairly_common,10.82257659739261,,peak_abundance_with_occupancy_days_modifiers,0.9979
swahaw,US-EAST,0.25688775727837054,0.026877777777777778,0.2929,postbreeding_migration,0.7815,0.1576,0.1598,119.0,78.14999999999999,0.10713051574541017,fairly_common,10.713051574541018,,peak_abundance_with_occupancy_days_modifiers,0.7815
norhar2,US-EAST,0.2547197347489539,0.0373468085106383,0.2901,nonbreeding,0.9578,0.1284,0.1611,161.0,95.78,0.10622638012530593,fairly_common,10.622638012530592,,peak_abundance_with_occupancy_days_modifiers,0.9578
blkgui,US-EAST,0.2507071491039286,0.041699013170879116,0.2849337352310446,breeding,0.0493362204708518,0.0021400272992753,0.0058673927510443,84.0,4.93362204708518,0.10455300193796643,rare,10.455300193796644,rare,peak_abundance_with_occupancy_days_modifiers,0.0493362204708518
baisan,US-EAST,0.24912314027315746,0.029628124999999998,0.2829,postbreeding_migration,0.6342,0.066,0.0282,126.0,63.42,0.1038924189472328,fairly_common,10.38924189472328,,peak_abundance_with_occupancy_days_modifiers,0.6342
haiwoo,US-EAST,0.24137631957526948,0.10927368421052631,0.273,resident,0.9854,0.0243,0.0346,365.0,98.54,0.10066174378565777,common,10.066174378565778,,peak_abundance_with_occupancy_days_modifiers,0.9854
blctit4,US-EAST,0.24137631957526948,0.1416,0.273,resident,0.3696,0.6899,0.8091,365.0,36.96,0.10066174378565777,fairly_common,10.066174378565778,,peak_abundance_with_occupancy_days_modifiers,0.3696
prawar,US-EAST,0.2402759500545106,0.04752035398230089,0.2716,breeding,0.6357,0.2846,0.1655,133.0,63.57000000000001,0.10020285405296533,fairly_common,10.020285405296534,,peak_abundance_with_occupancy_days_modifiers,0.6357
casspa,US-EAST,0.23980399220731702,0.05332666666666667,0.271,breeding,0.6216,0.3607,0.55,112.0,62.160000000000004,0.1000060323432987,fairly_common,10.000603234329871,,peak_abundance_with_occupancy_days_modifiers,0.6216
coohaw,US-EAST,0.2386231221625961,0.022142105263157897,0.2695,nonbreeding,1.0,0.115,0.1074,112.0,100.0,0.09951357128458753,fairly_common,9.951357128458753,,peak_abundance_with_occupancy_days_modifiers,1.0
mutswa,US-EAST,0.2354673010030417,0.023367021276595748,0.2655,prebreeding_migration,0.2081,,,,20.810000000000002,0.09819749163951133,fairly_common,9.819749163951133,,peak_abundance_with_occupancy_days_modifiers,0.2081
astfly,US-EAST,0.23451860933571494,0.011345238095238094,0.2643,breeding,0.5907,0.1419,0.1447,105.0,59.07,0.09780185648476176,fairly_common,9.780185648476177,,peak_abundance_with_occupancy_days_modifiers,0.5907
yetwar,US-EAST,0.2342812957246657,0.03603070175438596,0.264,breeding,0.7509,0.2111,0.1991,119.0,75.09,0.09770288902202838,fairly_common,9.770288902202838,,peak_abundance_with_occupancy_days_modifiers,0.7509
caster1,US-EAST,0.2284892376389618,0.017360330578512398,0.2567,postbreeding_migration,0.1125,0.021,0.0453,126.0,11.25,0.09528741318727914,fairly_common,9.528741318727914,,peak_abundance_with_occupancy_days_modifiers,0.1125
belvir,US-EAST,0.2283300780015098,0.03396666666666667,0.2565,breeding,0.8321,0.171,0.2277,119.0,83.21,0.09522103846305431,fairly_common,9.52210384630543,,peak_abundance_with_occupancy_days_modifiers,0.8321
rufgro,US-EAST,0.21889453702479486,0.037296,0.2447,resident,0.8628,0.0224,0.0325,365.0,86.28,0.09128611224515339,common,9.128611224515339,,peak_abundance_with_occupancy_days_modifiers,0.8628
miskit,US-EAST,0.21784956285310011,0.02831022727272727,0.2434,breeding,0.6633,0.2691,0.2656,91.0,66.33,0.090850324167355,fairly_common,9.0850324167355,,peak_abundance_with_occupancy_days_modifiers,0.6633
wilfly,US-EAST,0.21470807249310814,0.033123931623931624,0.2395,breeding,0.7992,0.0631,0.079,84.0,79.92,0.08954022092989133,fairly_common,8.954022092989133,,peak_abundance_with_occupancy_days_modifiers,0.7992
wesgre,US-EAST,0.21325481856383957,0.01415076923076923,0.2377,breeding,0.08,0.1129,0.2154,126.0,8.0,0.08893416696842178,fairly_common,8.893416696842179,,peak_abundance_with_occupancy_days_modifiers,0.08
grecor,US-EAST,0.21325481856383957,0.011158490566037734,0.2377,nonbreeding,0.2082,0.0003,0.0001,98.0,20.82,0.08893416696842178,fairly_common,8.893416696842179,,peak_abundance_with_occupancy_days_modifiers,0.2082
yetvir,US-EAST,0.21050400776774594,0.05187217391304349,0.2343,breeding,0.9527,0.0683,0.0891,98.0,95.27,0.0877869897637712,fairly_common,8.77869897637712,,peak_abundance_with_occupancy_days_modifiers,0.9527
louwat,US-EAST,0.20636355127419254,0.030563636363636366,0.2292,breeding,0.8541,0.0832,0.1337,112.0,85.41,0.08606028529067661,fairly_common,8.606028529067661,,peak_abundance_with_occupancy_days_modifiers,0.8541
retloo,US-EAST,0.20603808341127067,0.02108627450980392,0.2288,prebreeding_migration,0.1318,0.006,0.1251,70.0,13.18,0.08592455464947057,fairly_common,8.592455464947058,,peak_abundance_with_occupancy_days_modifiers,0.1318
swtkit,US-EAST,0.20587530974768997,0.014736,0.2286,breeding,0.8315,0.0202,0.0382,98.0,83.15,0.08585667275928657,fairly_common,8.585667275928657,,peak_abundance_with_occupancy_days_modifiers,0.8315
buwwar,US-EAST,0.20481663462132552,0.01721456310679612,0.2273,breeding,0.7619,0.113,0.192,91.0,76.19,0.08541517093959748,fairly_common,8.541517093959747,,peak_abundance_with_occupancy_days_modifiers,0.7619
grnher,US-EAST,0.20138861951118034,0.02793615384615385,0.2231,breeding,0.8417,0.0956,0.0884,119.0,84.17,0.0839855776003752,fairly_common,8.39855776003752,,peak_abundance_with_occupancy_days_modifiers,0.8417
bulori,US-EAST,0.19671743707768702,0.017293333333333334,0.2174,breeding,0.4842,0.1515,0.1904,112.0,48.42,0.08203754321935652,fairly_common,8.203754321935651,,peak_abundance_with_occupancy_days_modifiers,0.4842
bktspa,US-EAST,0.19540229633248507,0.10252857142857143,0.2158,nonbreeding,0.3312,0.1784,0.1624,126.0,33.12,0.08148908692932548,fairly_common,8.148908692932547,,peak_abundance_with_occupancy_days_modifiers,0.3312
atlpuf,US-EAST,0.19463575877006772,0.03669723688385855,0.2148684007301455,breeding,0.0219481854451759,0.0004543071815481391,5.6935559344920455e-05,98.0,2.1948185445175903,0.08116941593655409,rare,8.11694159365541,rare,peak_abundance_with_occupancy_days_modifiers,0.0219481854451759
amekes,US-EAST,0.19441480448133794,0.047440789473684214,0.2146,nonbreeding,0.9595,0.0409,0.07,105.0,95.95,0.0810772708411296,fairly_common,8.10772708411296,,peak_abundance_with_occupancy_days_modifiers,0.9595
pibgre,US-EAST,0.19284927868060908,0.026715646258503402,0.2127,nonbreeding,0.4607,0.0544,0.107,168.0,46.07,0.08042439587261528,fairly_common,8.042439587261528,,peak_abundance_with_occupancy_days_modifiers,0.4607
norwat,US-EAST,0.19169416304061945,0.024837735849056602,0.2113,prebreeding_migration,1.0,0.0335,0.0216,147.0,100.0,0.07994267523489891,fairly_common,7.994267523489891,,peak_abundance_with_occupancy_days_modifiers,1.0
cogdov,US-EAST,0.1873090983049937,0.035899999999999994,0.206,resident,0.4609,0.0514,0.036,365.0,46.089999999999996,0.07811396120165075,fairly_common,7.811396120165075,,peak_abundance_with_occupancy_days_modifiers,0.4609
labwoo,US-EAST,0.18506778246197983,0.07516666666666667,0.2033,resident,0.6176,0.1842,0.265,365.0,61.760000000000005,0.07717925989570164,common,7.717925989570164,,peak_abundance_with_occupancy_days_modifiers,0.6176
gofwoo,US-EAST,0.1849846742134383,0.10554999999999999,0.2032,resident,0.3645,0.2044,0.1808,365.0,36.449999999999996,0.0771446010640653,fairly_common,7.714460106406531,,peak_abundance_with_occupancy_days_modifiers,0.3645
canwar,US-EAST,0.18332105712703814,0.013537755102040817,0.2012,breeding,0.8341,0.0473,0.0822,84.0,83.41,0.07645081885210961,fairly_common,7.645081885210961,,peak_abundance_with_occupancy_days_modifiers,0.8341
scaqua,US-EAST,0.17848085740801675,0.0683,0.1954,resident,0.2442,0.2321,0.2716,365.0,24.42,0.07443229878831513,uncommon,7.443229878831513,,peak_abundance_with_occupancy_days_modifiers,0.2442
grhowl,US-EAST,0.17689016679674774,0.041035135135135126,0.1935,resident,0.97,0.0554,0.0787,365.0,97.0,0.0737689292786815,fairly_common,7.37689292786815,,peak_abundance_with_occupancy_days_modifiers,0.97
foxspa,US-EAST,0.17647114311577908,0.03828403361344537,0.193,nonbreeding,0.8591,0.1596,0.1125,105.0,85.91,0.07359418283094378,uncommon,7.359418283094378,,peak_abundance_with_occupancy_days_modifiers,0.8591
kenwar,US-EAST,0.17580033980368912,0.0289561797752809,0.1922,breeding,0.6384,0.109,0.1571,84.0,63.839999999999996,0.07331443612152755,uncommon,7.331443612152755,,peak_abundance_with_occupancy_days_modifiers,0.6384
pyrrhu,US-EAST,0.17412136022861466,0.06353333333333334,0.1902,resident,0.4251,0.3035,0.3992,365.0,42.51,0.07261424725418178,uncommon,7.261424725418178,,peak_abundance_with_occupancy_days_modifiers,0.4251
spotow,US-EAST,0.16991153671727313,0.039882692307692306,0.1852,nonbreeding,0.5656,0.1764,0.1689,98.0,56.56,0.07085861448777306,uncommon,7.0858614487773055,,peak_abundance_with_occupancy_days_modifiers,0.5656
tenwar,US-EAST,0.16839165126045666,0.038224175824175824,0.1834,postbreeding_migration,0.9998,0.0247,0.0327,140.0,99.98,0.07022477302102594,uncommon,7.022477302102594,,peak_abundance_with_occupancy_days_modifiers,0.9998
logshr,US-EAST,0.1667001758909978,0.021655999999999998,0.1814,nonbreeding,0.8041,0.1809,0.203,133.0,80.41,0.06951937300266531,uncommon,6.951937300266531,,peak_abundance_with_occupancy_days_modifiers,0.8041
hudgod,US-EAST,0.16559918064956597,0.0065578125,0.1801,prebreeding_migration,0.2689,0.1136,0.209,91.0,26.889999999999997,0.06906022232418424,uncommon,6.906022232418424,,peak_abundance_with_occupancy_days_modifiers,0.2689
camwar,US-EAST,0.16347846899247476,0.014444318181818183,0.1776,prebreeding_migration,1.0,0.0352,0.035,119.0,100.0,0.06817581687030623,uncommon,6.817581687030623,,peak_abundance_with_occupancy_days_modifiers,1.0
brdowl,US-EAST,0.15811424309369193,0.05462894736842105,0.1713,resident,0.8851,0.0494,0.1074,365.0,88.51,0.06593876091559696,fairly_common,6.593876091559696,,peak_abundance_with_occupancy_days_modifiers,0.8851
bkchum,US-EAST,0.15520726430238269,0.010732258064516128,0.1679,breeding,0.388,0.2212,0.3981,126.0,38.800000000000004,0.06472645659843769,uncommon,6.472645659843769,,peak_abundance_with_occupancy_days_modifiers,0.388
belkin1,US-EAST,0.153235975898858,0.04213421052631579,0.1656,nonbreeding,0.9169,0.1164,0.1041,154.0,91.69,0.06390436548132891,uncommon,6.390436548132891,,peak_abundance_with_occupancy_days_modifiers,0.9169
merlin,US-EAST,0.1508308897025838,0.006176086956521739,0.1628,nonbreeding,0.9998,,,,99.98,0.06290136663331528,uncommon,6.290136663331528,,peak_abundance_with_occupancy_days_modifiers,0.9998
lobcur,US-EAST,0.15074488669242544,0.011632558139534883,0.1627,prebreeding_migration,0.1574,0.2542,0.1221,154.0,15.740000000000002,0.06286550059231924,uncommon,6.286550059231924,,peak_abundance_with_occupancy_days_modifiers,0.1574
mcclon,US-EAST,0.14988444953729207,0.03771666666666666,0.1617,nonbreeding,0.1773,0.3381,0.4874,112.0,17.73,0.06250667042784366,uncommon,6.250667042784366,,peak_abundance_with_occupancy_days_modifiers,0.1773
sheowl,US-EAST,0.14773011202433559,0.013316216216216214,0.1592,nonbreeding,0.7799,,,,77.99000000000001,0.06160824190288047,uncommon,6.160824190288047,,peak_abundance_with_occupancy_days_modifiers,0.7799
ameoys,US-EAST,0.14418692031249758,0.02415942028985507,0.1551,postbreeding_migration,0.023,0.0339,0.0886,98.0,2.3,0.06013061619001811,rare,6.013061619001811,rare,peak_abundance_with_occupancy_days_modifiers,0.023
cerwar,US-EAST,0.14202026002042892,0.006893548387096773,0.1526,breeding,0.7037,0.172,0.2607,84.0,70.37,0.059227048667012776,uncommon,5.922704866701277,,peak_abundance_with_occupancy_days_modifiers,0.7037
smilon,US-EAST,0.14184672422823638,0.01932,0.1524,prebreeding_migration,0.209,0.3887,0.5141,91.0,20.9,0.05915467862059702,uncommon,5.915467862059702,,peak_abundance_with_occupancy_days_modifiers,0.209
gubter2,US-EAST,0.141831048185269,0.013603592487012373,0.1523819350696781,breeding,0.1275297424039021,0.0237834775947329,0.0242328386388792,140.0,12.75297424039021,0.05914814120291021,uncommon,5.914814120291021,,peak_abundance_with_occupancy_days_modifiers,0.1275297424039021
arcter,US-EAST,0.14037045284727584,0.03026,0.1507,breeding,0.0182,0.0004,0.0018,42.0,1.82,0.05853902563620387,rare,5.8539025636203865,rare,peak_abundance_with_occupancy_days_modifiers,0.0182
magfri,US-EAST,0.13993584029751677,0.01877333333333333,0.1502,breeding,0.2615,0.1288,0.0166,140.0,26.150000000000002,0.05835777812523479,uncommon,5.835777812523479,,peak_abundance_with_occupancy_days_modifiers,0.2615
brespa,US-EAST,0.13967498207248205,0.019475,0.1499,prebreeding_migration,0.3116,0.1355,0.0883,119.0,31.16,0.058248991795825884,uncommon,5.824899179582588,,peak_abundance_with_occupancy_days_modifiers,0.3116
ycnher,US-EAST,0.13767280512507268,0.00503090909090909,0.1476,breeding,0.4735,0.1364,0.2039,147.0,47.349999999999994,0.05741401915539327,uncommon,5.741401915539327,,peak_abundance_with_occupancy_days_modifiers,0.4735
lesgol,US-EAST,0.1368010414921453,0.020714285714285713,0.1466,breeding,0.2559,0.0656,0.0558,105.0,25.590000000000003,0.05705046548279692,uncommon,5.705046548279692,,peak_abundance_with_occupancy_days_modifiers,0.2559
harduc,US-EAST,0.1329562272486255,0.005732758620689654,0.1422,nonbreeding,0.0586,0.0121,0.0061,126.0,5.86,0.055447053404239784,uncommon,5.544705340423978,,peak_abundance_with_occupancy_days_modifiers,0.0586
pursan,US-EAST,0.1306773236416162,0.008242000000000001,0.1396,nonbreeding,0.0369,0.0168,0.0321,98.0,3.6900000000000004,0.054496676783183366,rare,5.449667678318336,rare,peak_abundance_with_occupancy_days_modifiers,0.0369
fuwduc,US-EAST,0.12988726083442226,0.020273076923076925,0.1387,breeding,0.1854,,,,18.54,0.05416719500132398,uncommon,5.416719500132397,,peak_abundance_with_occupancy_days_modifiers,0.1854
sora,US-EAST,0.12672075277915665,0.008823008849557522,0.1351,breeding,0.7523,0.1465,0.1412,126.0,75.22999999999999,0.0528466585745724,uncommon,5.28466585745724,,peak_abundance_with_occupancy_days_modifiers,0.7523
babwar,US-EAST,0.12575120530556033,0.01563170731707317,0.134,prebreeding_migration,1.0,0.0318,0.0535,98.0,100.0,0.05244232587305916,uncommon,5.244232587305916,,peak_abundance_with_occupancy_days_modifiers,1.0
towsol,US-EAST,0.12548662004141595,0.011982608695652175,0.1337,nonbreeding,0.604,0.0509,0.0408,105.0,60.4,0.05233198524761741,uncommon,5.233198524761741,,peak_abundance_with_occupancy_days_modifiers,0.604
calgul,US-EAST,0.12495723940438382,0.00892962962962963,0.1331,breeding,0.2449,0.114,0.0161,161.0,24.490000000000002,0.05211121637458224,uncommon,5.211121637458224,,peak_abundance_with_occupancy_days_modifiers,0.2449
wlswar,US-EAST,0.12425096233785679,0.008899999999999998,0.1323,postbreeding_migration,0.9549,0.0437,0.0391,105.0,95.49,0.05181667596052041,uncommon,5.1816675960520415,,peak_abundance_with_occupancy_days_modifiers,0.9549
motduc,US-EAST,0.1241626426204225,0.017313333333333333,0.1322,resident,0.1599,0.4343,0.3887,365.0,15.989999999999998,0.051779843777548865,uncommon,5.177984377754886,,peak_abundance_with_occupancy_days_modifiers,0.1599
nstspa,US-EAST,0.12354418609145502,0.0032280000000000004,0.1315,breeding,0.6569,0.3223,0.3838,98.0,65.69,0.051521927372281576,uncommon,5.152192737228158,,peak_abundance_with_occupancy_days_modifiers,0.6569
renpha,US-EAST,0.12239460821360591,0.006538805970149253,0.1302,prebreeding_migration,0.3167,0.0027,0.0002,14.0,31.669999999999998,0.0510425161607538,rare,5.104251616075381,rare,peak_abundance_with_occupancy_days_modifiers,0.3167
chwwid,US-EAST,0.12159797174748753,0.015245454545454545,0.1293,breeding,0.6715,0.1467,0.2265,140.0,67.15,0.05071029295019266,uncommon,5.071029295019266,,peak_abundance_with_occupancy_days_modifiers,0.6715
y00678,US-EAST,0.12080070014570415,0.012115384615384613,0.1284,resident,0.3668,0.0228,0.0138,365.0,36.68,0.05037780486748633,uncommon,5.037780486748633,,peak_abundance_with_occupancy_days_modifiers,0.3668
manshe,US-EAST,0.11897190589786731,0.009969764699076915,0.126338274381335,postbreeding_migration,0.0809818435986411,0.0026127426807667,0.0002023685026384744,140.0,8.09818435986411,0.04961513842888802,uncommon,4.9615138428888015,,peak_abundance_with_occupancy_days_modifiers,0.0809818435986411
bkbmag1,US-EAST,0.1153801510400731,0.033428571428571426,0.1223,resident,0.6221,0.0414,0.0137,365.0,62.21,0.04811726031113245,fairly_common,4.811726031113245,,peak_abundance_with_occupancy_days_modifiers,0.6221
rolhaw,US-EAST,0.11529104433473457,0.01206989247311828,0.1222,nonbreeding,0.9575,,,,95.75,0.04808009992871319,uncommon,4.808009992871319,,peak_abundance_with_occupancy_days_modifiers,0.9575
mouwar,US-EAST,0.11457790470743509,0.008216304347826086,0.1214,breeding,0.5267,0.0389,0.063,70.0,52.669999999999995,0.04778269760452105,uncommon,4.778269760452105,,peak_abundance_with_occupancy_days_modifiers,0.5267
lecspa,US-EAST,0.11457790470743509,0.0082,0.1214,postbreeding_migration,0.7856,0.321,0.3027,105.0,78.56,0.04778269760452105,uncommon,4.778269760452105,,peak_abundance_with_occupancy_days_modifiers,0.7856
amewoo,US-EAST,0.11332868530700317,0.018654687500000003,0.12,prebreeding_migration,0.8847,0.1432,0.2336,126.0,88.47,0.04726173265054542,uncommon,4.726173265054542,,peak_abundance_with_occupancy_days_modifiers,0.8847
sposan,US-EAST,0.11297147865916139,0.017541732283464565,0.1196,breeding,0.7267,0.028,0.0246,154.0,72.67,0.047112765907963254,uncommon,4.711276590796325,,peak_abundance_with_occupancy_days_modifiers,0.7267
horgre,US-EAST,0.11261414436913436,0.011898360655737704,0.1192,nonbreeding,0.1597,,,,15.97,0.04696374593445541,uncommon,4.696374593445541,,peak_abundance_with_occupancy_days_modifiers,0.1597
woewar1,US-EAST,0.11198850194804724,0.020363440860215055,0.1185,breeding,0.7608,0.0991,0.1484,133.0,76.08,0.04670283277941303,uncommon,4.670283277941302,,peak_abundance_with_occupancy_days_modifiers,0.7608
yebfly,US-EAST,0.11118352896061501,0.0086625,0.1176,breeding,0.5735,0.0282,0.0109,77.0,57.35,0.04636713296943219,uncommon,4.63671329694322,,peak_abundance_with_occupancy_days_modifiers,0.5735
chirav,US-EAST,0.10634003577132656,0.042166666666666665,0.1122,resident,0.4122,0.3803,0.2665,365.0,41.22,0.044347239421856234,uncommon,4.434723942185624,,peak_abundance_with_occupancy_days_modifiers,0.4122
gryjay,US-EAST,0.10580041888621161,0.02007777777777778,0.1116,resident,0.3981,0.0054,0.0037,365.0,39.81,0.04412220170180379,uncommon,4.412220170180379,,peak_abundance_with_occupancy_days_modifiers,0.3981
bkbcuc,US-EAST,0.10490040982536977,0.0076077669902912615,0.1106,breeding,0.7097,0.0862,0.184,105.0,70.97,0.04374686877085747,uncommon,4.374686877085747,,peak_abundance_with_occupancy_days_modifiers,0.7097
seaspa,US-EAST,0.09993582861259949,0.010583606557377048,0.1051,breeding,0.0719,0.3839,0.6247,112.0,7.19,0.04167647759527597,uncommon,4.167647759527597,,peak_abundance_with_occupancy_days_modifiers,0.0719
doveki,US-EAST,0.09823666928931132,0.02369300820577066,0.1032238534192034,nonbreeding,0.1252865665648641,0.0018744762524993,0.0005225300330782461,119.0,12.528656656486408,0.0409678731192743,uncommon,4.0967873119274305,,peak_abundance_with_occupancy_days_modifiers,0.1252865665648641
wilplo,US-EAST,0.097580328338864,0.0066276595744680835,0.1025,breeding,0.0473,0.0455,0.1806,119.0,4.73,0.040694157683119625,rare,4.069415768311963,rare,peak_abundance_with_occupancy_days_modifiers,0.0473
bncfly,US-EAST,0.09667288726026077,0.01858571428571429,0.1015,breeding,0.1811,0.013,0.0404,70.0,18.11,0.04031572536003307,uncommon,4.031572536003307,,peak_abundance_with_occupancy_days_modifiers,0.1811
perfal,US-EAST,0.09630968013740838,0.0027712328767123292,0.1011,nonbreeding,0.5041,,,,50.41,0.04016425622500764,uncommon,4.016425622500764,,peak_abundance_with_occupancy_days_modifiers,0.5041
shshaw,US-EAST,0.0927614800813111,0.01367448275862069,0.0972,nonbreeding,1.0,0.0872,0.0901,126.0,100.0,0.038684541870361744,uncommon,3.8684541870361744,,peak_abundance_with_occupancy_days_modifiers,1.0
borchi2,US-EAST,0.09057169818438696,0.0178,0.0948,resident,0.3252,0.0054,0.0055,365.0,32.519999999999996,0.037771331889189956,uncommon,3.7771331889189956,,peak_abundance_with_occupancy_days_modifiers,0.3252
gowwar,US-EAST,0.08746127576999452,0.005843529411764706,0.0914,breeding,0.3389,0.3128,0.4762,84.0,33.89,0.03647418499137627,uncommon,3.6474184991376273,,peak_abundance_with_occupancy_days_modifiers,0.3389
easwpw1,US-EAST,0.08736964613690709,0.014319718309859158,0.0913,breeding,0.4849,0.0598,0.1253,91.0,48.49,0.03643597246636451,uncommon,3.6435972466364506,,peak_abundance_with_occupancy_days_modifiers,0.4849
cacwre,US-EAST,0.08452495506968792,0.0882,0.0882,resident,0.2388,0.1441,0.1031,365.0,23.880000000000003,0.03524964414773894,uncommon,3.524964414773894,,peak_abundance_with_occupancy_days_modifiers,0.2388
verfly,US-EAST,0.08369755902156674,0.008503125,0.0873,breeding,0.3324,0.0435,0.0439,112.0,33.239999999999995,0.03490459319513595,uncommon,3.4904593195135947,,peak_abundance_with_occupancy_days_modifiers,0.3324
lesnig,US-EAST,0.08130345106403479,0.02417142857142857,0.0847,breeding,0.3326,0.1166,0.0723,126.0,33.26,0.033906172628278615,uncommon,3.3906172628278615,,peak_abundance_with_occupancy_days_modifiers,0.3326
grnjay,US-EAST,0.07714620917665369,0.0802,0.0802,resident,0.1019,0.1232,0.2154,365.0,10.190000000000001,0.03217246810225505,uncommon,3.2172468102255047,,peak_abundance_with_occupancy_days_modifiers,0.1019
gcrfin,US-EAST,0.07659060216171254,0.01639090909090909,0.0796,nonbreeding,0.0415,0.014,0.0087,70.0,4.15,0.03194076198012207,rare,3.194076198012207,rare,peak_abundance_with_occupancy_days_modifiers,0.0415
brocow,US-EAST,0.07622002591140908,0.011771428571428572,0.0792,resident,0.2622,0.0882,0.0617,365.0,26.22,0.03178621968025292,uncommon,3.178621968025292,,peak_abundance_with_occupancy_days_modifiers,0.2622
verdin,US-EAST,0.0760346862759976,0.0395,0.079,resident,0.3307,0.1778,0.09,365.0,33.07,0.031708927048871585,uncommon,3.1708927048871587,,peak_abundance_with_occupancy_days_modifiers,0.3307
eutspa,US-EAST,0.07380792714471986,0.01887142857142857,0.0766,resident,0.1109,0.0012,0.0002,365.0,11.09,0.03078029636322906,uncommon,3.078029636322906,,peak_abundance_with_occupancy_days_modifiers,0.1109
gycthr,US-EAST,0.0729716124558227,0.005610810810810811,0.0757,prebreeding_migration,1.0,0.0375,0.0297,70.0,100.0,0.0304315260485351,uncommon,3.04315260485351,,peak_abundance_with_occupancy_days_modifiers,1.0
cubthr,US-EAST,0.07259969241434357,0.01514,0.0753,resident,0.3068,0.1749,0.1223,365.0,30.680000000000003,0.030276423344218376,uncommon,3.0276423344218375,,peak_abundance_with_occupancy_days_modifiers,0.3068
bubsan,US-EAST,0.07259969241434357,0.0054434782608695645,0.0753,postbreeding_migration,0.0476,0.2523,0.8339,84.0,4.760000000000001,0.030276423344218376,rare,3.0276423344218375,rare,peak_abundance_with_occupancy_days_modifiers,0.0476
bohwax,US-EAST,0.07166928669035966,0.012558823529411766,0.0743,postbreeding_migration,0.4268,0.0067,0.0022,49.0,42.68,0.02988841402015061,uncommon,2.988841402015061,,peak_abundance_with_occupancy_days_modifiers,0.4268
lazbun,US-EAST,0.0710174872352803,0.006212,0.0736,breeding,0.1094,0.0285,0.0228,91.0,10.94,0.02961659253466978,uncommon,2.961659253466978,,peak_abundance_with_occupancy_days_modifiers,0.1094
grypar,US-EAST,0.07083118076059143,0.01721666666666667,0.0734,resident,0.4166,0.0352,0.0278,365.0,41.660000000000004,0.02953889669999247,uncommon,2.953889669999247,,peak_abundance_with_occupancy_days_modifiers,0.4166
henspa,US-EAST,0.07017883462124651,0.0053705882352941174,0.0727,breeding,0.5071,0.3082,0.4699,126.0,50.71,0.029266847229465112,uncommon,2.9266847229465114,,peak_abundance_with_occupancy_days_modifiers,0.5071
norgan,US-EAST,0.06933947807861283,0.00995,0.0718,breeding,0.0884,0.0002,0.0,77.0,8.84,0.028916808363233047,uncommon,2.891680836323305,,peak_abundance_with_occupancy_days_modifiers,0.0884
limpki,US-EAST,0.06859279146561172,0.006491666666666666,0.071,resident,0.1662,0.012,0.0146,365.0,16.619999999999997,0.028605415859368665,uncommon,2.8605415859368666,,peak_abundance_with_occupancy_days_modifiers,0.1662
saypho,US-EAST,0.06859279146561172,0.007062903225806451,0.071,breeding,0.711,0.141,0.0872,126.0,71.1,0.028605415859368665,uncommon,2.8605415859368666,,peak_abundance_with_occupancy_days_modifiers,0.711
burowl,US-EAST,0.06803241039182696,0.013345454545454546,0.0704,breeding,0.4844,0.0133,0.0165,112.0,48.44,0.028371718800059346,uncommon,2.8371718800059345,,peak_abundance_with_occupancy_days_modifiers,0.4844
swawar,US-EAST,0.06728474680559636,0.0089625,0.0696,breeding,0.6673,0.234,0.3214,91.0,66.73,0.028059918866712726,uncommon,2.8059918866712725,,peak_abundance_with_occupancy_days_modifiers,0.6673
bicthr,US-EAST,0.0631625749576401,0.025475,0.0652,breeding,0.0652,0.0669,0.1244,42.0,6.52,0.02634083968309784,uncommon,2.634083968309784,,peak_abundance_with_occupancy_days_modifiers,0.0652
wewpew,US-EAST,0.06222334318013186,0.014905263157894734,0.0642,breeding,0.1126,0.0291,0.0288,84.0,11.26,0.025949149608821977,uncommon,2.5949149608821975,,peak_abundance_with_occupancy_days_modifiers,0.1126
commur,US-EAST,0.05890535182389852,0.009799119570007942,0.0606748450495788,nonbreeding,0.1091007827524047,0.0006775355569220699,3.408150363865951e-05,105.0,10.91007827524047,0.024565439738807017,uncommon,2.456543973880702,,peak_abundance_with_occupancy_days_modifiers,0.1091007827524047
baispa,US-EAST,0.056947280441750125,0.01775,0.0586,breeding,0.4175,0.1458,0.1064,119.0,41.75,0.02374886054773026,uncommon,2.374886054773026,,peak_abundance_with_occupancy_days_modifiers,0.4175
bacspa,US-EAST,0.0565693514878943,0.011716666666666669,0.0582,resident,0.214,0.3451,0.4419,365.0,21.4,0.023591251932315316,uncommon,2.359125193231532,,peak_abundance_with_occupancy_days_modifiers,0.214
clarai11,US-EAST,0.05638033343610764,0.0096984375,0.058,breeding,0.0668,0.212,0.3382,119.0,6.68,0.02351242528215638,uncommon,2.351242528215638,,peak_abundance_with_occupancy_days_modifiers,0.0668
leabit,US-EAST,0.05410932564703195,0.0025657657657657657,0.0556,breeding,0.2461,0.1021,0.2366,49.0,24.610000000000003,0.022565341472935072,uncommon,2.2565341472935074,,peak_abundance_with_occupancy_days_modifiers,0.2461
olsfly,US-EAST,0.05401458830623825,0.003773809523809524,0.0555,breeding,0.5482,0.0416,0.042,77.0,54.82,0.02252583293314671,uncommon,2.2525832933146708,,peak_abundance_with_occupancy_days_modifiers,0.5482
olispa,US-EAST,0.052212871446934234,0.0536,0.0536,resident,0.1273,0.2319,0.274,365.0,12.73,0.02177445864264177,uncommon,2.177445864264177,,peak_abundance_with_occupancy_days_modifiers,0.1273
rengre,US-EAST,0.05173819540441444,0.0024990099009900993,0.0531,postbreeding_migration,0.0691,0.0101,0.021,98.0,6.909999999999999,0.021576503357477874,uncommon,2.157650335747787,,peak_abundance_with_occupancy_days_modifiers,0.0691
cantow,US-EAST,0.05164323315183845,0.0277,0.053,resident,0.1686,0.1306,0.0753,365.0,16.86,0.02153690102219108,uncommon,2.153690102219108,,peak_abundance_with_occupancy_days_modifiers,0.1686
pipplo,US-EAST,0.050312813873589095,0.004035849056603774,0.0516,breeding,0.0491,0.3851,0.2047,133.0,4.91,0.020982073088985892,rare,2.0982073088985893,rare,peak_abundance_with_occupancy_days_modifiers,0.0491
greroa,US-EAST,0.04879016416943201,0.010233333333333334,0.05,resident,0.5264,0.2353,0.2038,365.0,52.64,0.020347078841559823,uncommon,2.0347078841559822,,peak_abundance_with_occupancy_days_modifiers,0.5264
virrai,US-EAST,0.04831386027855063,0.003522480620155039,0.0495,breeding,0.5841,0.1484,0.1552,112.0,58.41,0.020148444690900907,rare,2.014844469090091,,peak_abundance_with_occupancy_days_modifiers,0.5841
goleag,US-EAST,0.04802796901058155,0.00334421052631579,0.0492,nonbreeding,0.6765,0.0111,0.0117,119.0,67.65,0.02002921877173238,rare,2.002921877173238,,peak_abundance_with_occupancy_days_modifiers,0.6765
amebit,US-EAST,0.04688358589885042,0.003439495798319327,0.048,breeding,0.6392,0.3597,0.6923,119.0,63.92,0.01955197394594168,rare,1.9551973945941679,,peak_abundance_with_occupancy_days_modifiers,0.6392
rucspa,US-EAST,0.04573789167385374,0.013525,0.0468,resident,0.1632,0.1825,0.1728,365.0,16.32,0.01907418234345033,rare,1.907418234345033,,peak_abundance_with_occupancy_days_modifiers,0.1632
purgal2,US-EAST,0.044973365642731154,0.0049499999999999995,0.046,breeding,0.1738,0.0089,0.0162,112.0,17.380000000000003,0.018755350224385226,rare,1.8755350224385225,,peak_abundance_with_occupancy_days_modifiers,0.1738
sprpip,US-EAST,0.04439958729668442,0.004011111111111111,0.0454,breeding,0.6324,0.3496,0.3735,91.0,63.239999999999995,0.01851606606858593,rare,1.851606606858593,,peak_abundance_with_occupancy_days_modifiers,0.6324
norful,US-EAST,0.04396265958055268,0.006421767262126429,0.0449433355375012,postbreeding_migration,0.0832313587309422,0.0008061340382465953,2.482460381838958e-06,112.0,8.32313587309422,0.018333853058247977,rare,1.8333853058247978,,peak_abundance_with_occupancy_days_modifiers,0.0832313587309422
solsan,US-EAST,0.04267627428043631,0.009705208333333333,0.0436,postbreeding_migration,0.6938,0.0214,0.0121,154.0,69.38,0.017797388720247442,rare,1.7797388720247442,,peak_abundance_with_occupancy_days_modifiers,0.6938
lobthr,US-EAST,0.042292912190251455,0.0432,0.0432,resident,0.1183,0.5964,0.6574,365.0,11.83,0.017637514310996184,rare,1.7637514310996183,,peak_abundance_with_occupancy_days_modifiers,0.1183
norshr4,US-EAST,0.04094998632895411,0.005105263157894737,0.0418,nonbreeding,0.705,,,,70.5,0.017077470727553952,rare,1.7077470727553952,,peak_abundance_with_occupancy_days_modifiers,0.705
musduc,US-EAST,0.039220713153281295,0.02,0.04,resident,0.0271,0.0008,0.0062,365.0,2.71,0.016356307799677304,rare,1.6356307799677303,rare,peak_abundance_with_occupancy_days_modifiers,0.0271
coukin,US-EAST,0.036139046615873194,0.005257142857142857,0.0368,resident,0.1213,0.1942,0.2612,365.0,12.13,0.015071153034009892,rare,1.5071153034009892,,peak_abundance_with_occupancy_days_modifiers,0.1213
wesblu,US-EAST,0.03507752661269611,0.0171,0.0357,nonbreeding,0.1057,0.0658,0.0259,63.0,10.57,0.014628464808540322,rare,1.4628464808540322,,peak_abundance_with_occupancy_days_modifiers,0.1057
easowl1,US-EAST,0.03420817132973701,0.01411621621621622,0.0348,resident,0.7188,0.1017,0.1058,365.0,71.88,0.014265915495890543,uncommon,1.4265915495890542,,peak_abundance_with_occupancy_days_modifiers,0.7188
lilmea2,US-EAST,0.033144598592302024,0.0314,0.0337,nonbreeding,0.1069,0.1234,0.1175,98.0,10.69,0.013822371213744447,rare,1.3822371213744447,,peak_abundance_with_occupancy_days_modifiers,0.1069
phivir,US-EAST,0.03304785404620035,0.00598846153846154,0.0336,postbreeding_migration,0.9538,0.0341,0.0227,91.0,95.38,0.013782025604326415,rare,1.3782025604326416,,peak_abundance_with_occupancy_days_modifiers,0.9538
rocwre,US-EAST,0.03169244673248972,0.006588461538461539,0.0322,nonbreeding,0.2452,0.0885,0.0827,112.0,24.52,0.013216776850935733,rare,1.3216776850935732,,peak_abundance_with_occupancy_days_modifiers,0.2452
snoowl1,US-EAST,0.029752958149347798,0.0015776470588235293,0.0302,nonbreeding,0.603,,,,60.3,0.01240794728896803,rare,1.240794728896803,,peak_abundance_with_occupancy_days_modifiers,0.603
bkcvir1,US-EAST,0.029364608629903935,0.012725,0.0298,breeding,0.1162,0.765,0.7941,28.0,11.62,0.012245992960165918,rare,1.224599296016592,rare,peak_abundance_with_occupancy_days_modifiers,0.1162
prafal,US-EAST,0.029170377299779858,0.004374418604651162,0.0296,nonbreeding,0.8569,0.0787,0.0689,133.0,85.69,0.01216499220407477,rare,1.216499220407477,,peak_abundance_with_occupancy_days_modifiers,0.8569
scoori,US-EAST,0.02605753431928962,0.0051444444444444445,0.0264,breeding,0.1203,0.078,0.0849,126.0,12.030000000000001,0.010866835851792711,rare,1.086683585179271,,peak_abundance_with_occupancy_days_modifiers,0.1203
grekis,US-EAST,0.02586265952572737,0.0037571428571428573,0.0262,resident,0.0682,0.0037,0.0017,365.0,6.819999999999999,0.010785566750605149,rare,1.078556675060515,,peak_abundance_with_occupancy_days_modifiers,0.0682
lbbgul,US-EAST,0.025765207886026414,0.0021552845528455284,0.0261,nonbreeding,0.0288,0.0032,0.0014,147.0,2.88,0.010744926260252448,rare,1.0744926260252448,rare,peak_abundance_with_occupancy_days_modifiers,0.0288
hooori,US-EAST,0.025277807184268544,0.008066666666666666,0.0256,breeding,0.1375,0.1079,0.056,91.0,13.750000000000002,0.010541664380016531,rare,1.054166438001653,,peak_abundance_with_occupancy_days_modifiers,0.1375
bkhgro,US-EAST,0.025082780367463153,0.00341875,0.0254,breeding,0.0987,0.0211,0.0081,112.0,9.87,0.01046033188021233,rare,1.046033188021233,,peak_abundance_with_occupancy_days_modifiers,0.0987
wooscj2,US-EAST,0.024595046855380207,0.009,0.0249,resident,0.0547,0.0606,0.0682,365.0,5.47,0.010256931207290565,rare,1.0256931207290565,,peak_abundance_with_occupancy_days_modifiers,0.0547
kinrai4,US-EAST,0.024302292522964862,0.0017989361702127659,0.0246,postbreeding_migration,0.381,0.4343,0.5462,154.0,38.1,0.010134843167943598,rare,1.0134843167943597,,peak_abundance_with_occupancy_days_modifiers,0.381
conwar,US-EAST,0.024009452460351865,0.0014954545454545457,0.0243,postbreeding_migration,0.8646,0.1451,0.1928,70.0,86.46000000000001,0.010012719376327289,rare,1.0012719376327288,,peak_abundance_with_occupancy_days_modifiers,0.8646
ferhaw,US-EAST,0.023814178099254877,0.0063710526315789474,0.0241,nonbreeding,0.2981,0.149,0.1793,133.0,29.81,0.009931283642535179,rare,0.9931283642535179,,peak_abundance_with_occupancy_days_modifiers,0.2981
gnttow,US-EAST,0.022837233902757225,0.0025849999999999996,0.0231,nonbreeding,0.2553,0.1186,0.0858,133.0,25.53,0.009523866267981677,rare,0.9523866267981678,,peak_abundance_with_occupancy_days_modifiers,0.2553
sstspa,US-EAST,0.022837233902757225,0.0018083333333333335,0.0231,breeding,0.0595,0.2391,0.3644,112.0,5.949999999999999,0.009523866267981677,rare,0.9523866267981678,,peak_abundance_with_occupancy_days_modifiers,0.0595
vigswa,US-EAST,0.02273948696948943,0.004175000000000001,0.023,breeding,0.0391,0.006,0.0029,91.0,3.91,0.009483102630646627,rare,0.9483102630646627,rare,peak_abundance_with_occupancy_days_modifiers,0.0391
grykin,US-EAST,0.021370025736192483,0.003241666666666667,0.0216,breeding,0.0494,0.0288,0.0067,77.0,4.9399999999999995,0.008911992937562067,rare,0.8911992937562067,rare,peak_abundance_with_occupancy_days_modifiers,0.0494
hrshaw,US-EAST,0.02097840638519171,0.0053,0.0212,resident,0.1215,0.0603,0.1346,365.0,12.15,0.00874867498308622,rare,0.874867498308622,,peak_abundance_with_occupancy_days_modifiers,0.1215
sagspa1,US-EAST,0.020880477579355235,0.009766666666666667,0.0211,nonbreeding,0.0635,0.0733,0.0711,84.0,6.35,0.008707835498998829,rare,0.8707835498998829,,peak_abundance_with_occupancy_days_modifiers,0.0635
whcpig2,US-EAST,0.019802627296179712,0.01,0.02,resident,0.0148,0.036,0.033,365.0,1.48,0.008258337017808889,rare,0.8258337017808889,rare,peak_abundance_with_occupancy_days_modifiers,0.0148
recwoo,US-EAST,0.01960652963891831,0.007927272727272727,0.0198,resident,0.0526,0.2561,0.257,365.0,5.26,0.008176557942848484,rare,0.8176557942848485,,peak_abundance_with_occupancy_days_modifiers,0.0526
caskin,US-EAST,0.018919884852510872,0.0029473684210526313,0.0191,breeding,0.0498,0.0508,0.0248,112.0,4.9799999999999995,0.00789020482551394,rare,0.789020482551394,rare,peak_abundance_with_occupancy_days_modifiers,0.0498
canwre,US-EAST,0.01842913546836719,0.00505,0.0186,resident,0.0787,0.0561,0.0621,365.0,7.870000000000001,0.007685546436254547,rare,0.7685546436254547,,peak_abundance_with_occupancy_days_modifiers,0.0787
cintea,US-EAST,0.018330956684723457,0.0012806451612903226,0.0185,prebreeding_migration,0.0642,0.0482,0.0256,168.0,6.419999999999999,0.007644602703324481,rare,0.764460270332448,,peak_abundance_with_occupancy_days_modifiers,0.0642
bargoo,US-EAST,0.017839918128331,0.000671875,0.018,nonbreeding,0.0655,0.0007,0.0,70.0,6.550000000000001,0.007439823719870647,rare,0.7439823719870647,,peak_abundance_with_occupancy_days_modifiers,0.0655
sagthr,US-EAST,0.017545179215748816,0.0016730769230769232,0.0177,prebreeding_migration,0.449,0.2262,0.1405,105.0,44.9,0.007316908046310731,rare,0.731690804631073,,peak_abundance_with_occupancy_days_modifiers,0.449
flsjay,US-EAST,0.017053754565827518,0.0172,0.0172,resident,0.0122,1.0,1.0,365.0,1.22,0.007111968049349252,rare,0.7111968049349252,rare,peak_abundance_with_occupancy_days_modifiers,0.0122
gchwar,US-EAST,0.01646372603066508,0.009366666666666667,0.0166,breeding,0.0482,1.0,1.0,63.0,4.82,0.006865907038321851,rare,0.6865907038321851,rare,peak_abundance_with_occupancy_days_modifiers,0.0482
compoo,US-EAST,0.014888612493750654,0.0028444444444444446,0.015,prebreeding_migration,0.2321,0.0794,0.053,84.0,23.21,0.006209033673257707,rare,0.6209033673257707,,peak_abundance_with_occupancy_days_modifiers,0.2321
westan,US-EAST,0.01479008547263543,0.0011354166666666667,0.0149,breeding,0.0332,0.0184,0.0133,119.0,3.32,0.0061679447140221225,rare,0.6167944714022122,rare,peak_abundance_with_occupancy_days_modifiers,0.0332
wesfly,US-EAST,0.014395880283732383,0.0024800000000000004,0.0145,breeding,0.0289,0.0146,0.0032,77.0,2.8899999999999997,0.006003548381382055,rare,0.6003548381382056,rare,peak_abundance_with_occupancy_days_modifiers,0.0289
mouplo,US-EAST,0.014297304700824425,0.0019142857142857143,0.0144,nonbreeding,0.0279,0.1166,0.1854,91.0,2.79,0.005962439170305915,rare,0.5962439170305915,rare,peak_abundance_with_occupancy_days_modifiers,0.0279
bktgna,US-EAST,0.014297304700824425,0.0144,0.0144,resident,0.0883,0.098,0.0531,365.0,8.83,0.005962439170305915,rare,0.5962439170305915,,peak_abundance_with_occupancy_days_modifiers,0.0883
blkpho,US-EAST,0.013902905168991422,0.00834,0.014,postbreeding_migration,0.1231,0.0351,0.019,112.0,12.31,0.005797961790369012,rare,0.5797961790369013,,peak_abundance_with_occupancy_days_modifiers,0.1231
lepchi,US-EAST,0.013607003406216902,0.005600000000000001,0.0137,resident,0.0462,0.4284,0.2513,365.0,4.62,0.005674561170612519,rare,0.5674561170612519,rare,peak_abundance_with_occupancy_days_modifiers,0.0462
kirwar,US-EAST,0.013607003406216902,0.00235,0.0137,breeding,0.0538,0.9292,0.9848,84.0,5.38,0.005674561170612519,rare,0.5674561170612519,,peak_abundance_with_occupancy_days_modifiers,0.0538
norgos,US-EAST,0.013508350024792243,0.0014924528301886793,0.0136,nonbreeding,0.6717,,,,67.17,0.0056334195150349094,rare,0.563341951503491,,peak_abundance_with_occupancy_days_modifiers,0.6717
whtswi,US-EAST,0.013508350024792243,0.004436363636363636,0.0136,nonbreeding,0.031,0.0204,0.0253,112.0,3.1,0.0056334195150349094,rare,0.563341951503491,rare,peak_abundance_with_occupancy_days_modifiers,0.031
lcspet,US-EAST,0.013324096221577198,0.0030497852727035674,0.0134132575495929,breeding,0.063080329944828,0.0007979839632570102,0.0001977545919469296,84.0,6.3080329944828,0.005556579710851096,rare,0.5556579710851096,,peak_abundance_with_occupancy_days_modifiers,0.063080329944828
nswowl,US-EAST,0.013311014059672338,0.0009466666666666668,0.0134,nonbreeding,0.4471,0.0472,0.0782,126.0,44.71,0.005551124025586953,rare,0.5551124025586953,,peak_abundance_with_occupancy_days_modifiers,0.4471
egygoo,US-EAST,0.013113639145383105,0.003525,0.0132,resident,0.0131,,,,1.31,0.005468812293073767,rare,0.5468812293073767,rare,peak_abundance_with_occupancy_days_modifiers,0.0131
audori,US-EAST,0.012620031356102263,0.0127,0.0127,resident,0.0562,0.3143,0.3073,365.0,5.62,0.0052629618562842735,rare,0.5262961856284274,,peak_abundance_with_occupancy_days_modifiers,0.0562
bkbwoo,US-EAST,0.012323749688831936,0.0025555555555555553,0.0124,resident,0.2942,0.0104,0.009,365.0,29.42,0.00513940280404738,rare,0.513940280404738,,peak_abundance_with_occupancy_days_modifiers,0.2942
snoplo5,US-EAST,0.012323749688831936,0.003025,0.0124,breeding,0.0235,0.2297,0.1693,126.0,2.35,0.00513940280404738,rare,0.513940280404738,rare,peak_abundance_with_occupancy_days_modifiers,0.0235
snakit,US-EAST,0.012323749688831936,0.0062,0.0124,resident,0.0354,0.0025,0.0021,365.0,3.54,0.00513940280404738,rare,0.513940280404738,rare,peak_abundance_with_occupancy_days_modifiers,0.0354
gamqua,US-EAST,0.012126179797840565,0.0122,0.0122,resident,0.029,0.0417,0.0139,365.0,2.9000000000000004,0.00505700975993383,rare,0.5057009759933829,rare,peak_abundance_with_occupancy_days_modifiers,0.029
monpar,US-EAST,0.012027380212718455,0.002671428571428571,0.0121,resident,0.0135,0.0009,0.0001,365.0,1.35,0.005015807132678637,rare,0.5015807132678637,rare,peak_abundance_with_occupancy_days_modifiers,0.0135
loeowl,US-EAST,0.0118297517535772,0.00038651685393258425,0.0119,nonbreeding,0.5664,0.0015,0.0001,63.0,56.64,0.004933389663749479,rare,0.4933389663749479,,peak_abundance_with_occupancy_days_modifiers,0.5664
sprgro,US-EAST,0.011038847115216341,0.0026714285714285716,0.0111,resident,0.213,0.0042,0.0022,365.0,21.3,0.004603556811025358,rare,0.4603556811025358,,peak_abundance_with_occupancy_days_modifiers,0.213
grbani,US-EAST,0.010939940038334364,0.0019099999999999998,0.011,breeding,0.0539,0.0211,0.0062,105.0,5.390000000000001,0.004562309356224399,rare,0.4562309356224399,,peak_abundance_with_occupancy_days_modifiers,0.0539
redegr,US-EAST,0.010247316451549523,0.0020833333333333333,0.0103,resident,0.0242,0.1156,0.1639,365.0,2.42,0.0042734628854707085,rare,0.42734628854707085,rare,peak_abundance_with_occupancy_days_modifiers,0.0242
whthaw,US-EAST,0.01014833105181515,0.0051,0.0102,resident,0.0745,0.0095,0.0232,365.0,7.449999999999999,0.004232182767503403,rare,0.4232182767503403,,peak_abundance_with_occupancy_days_modifiers,0.0745
elfowl,US-EAST,0.009874609614567651,0.009923524444462,0.009923524444462,breeding,0.0603982289699751,0.214271613277302,0.1251686103704777,35.0,6.03982289699751,0.004118032061943997,very_rare,0.41180320619439964,,peak_abundance_with_occupancy_days_modifiers,0.0603982289699751
audshe,US-EAST,0.009807203515131566,0.0014012346586023653,0.0098554517332342,breeding,0.0165415614715098,0.0021087600202209,0.0007459351484313099,98.0,1.65415614715098,0.0040899215350995504,very_rare,0.40899215350995505,rare,peak_abundance_with_occupancy_days_modifiers,0.0165415614715098
crithr,US-EAST,0.009455158770755135,0.0095,0.0095,resident,0.065,0.1006,0.0923,365.0,6.5,0.003943107473463978,very_rare,0.39431074734639776,,peak_abundance_with_occupancy_days_modifiers,0.065
y00478,US-EAST,0.009257021262676763,0.0003633663366336635,0.0093,nonbreeding,0.0622,0.0094,0.0005,112.0,6.22,0.003860477714639222,very_rare,0.3860477714639222,,peak_abundance_with_occupancy_days_modifiers,0.0622
rensap,US-EAST,0.008959741371471904,0.002844444444444444,0.009,breeding,0.0196,0.0261,0.0262,98.0,1.96,0.003736502370687642,very_rare,0.3736502370687642,rare,peak_abundance_with_occupancy_days_modifiers,0.0196
saggro,US-EAST,0.008860628432196557,0.0055,0.0089,resident,0.039,0.0149,0.0063,365.0,3.9,0.003695169064600562,very_rare,0.3695169064600562,rare,peak_abundance_with_occupancy_days_modifiers,0.039
bkhpar,US-EAST,0.008662373078652657,0.0087,0.0087,resident,0.008,0.0047,0.004,365.0,0.8,0.003612490160399499,very_rare,0.3612490160399499,very_rare,peak_abundance_with_occupancy_days_modifiers,0.008
parjae,US-EAST,0.008662373078652657,0.0007407407407407407,0.0087,postbreeding_migration,0.08,0.0004,0.0,28.0,8.0,0.003612490160399499,very_rare,0.3612490160399499,rare,peak_abundance_with_occupancy_days_modifiers,0.08
bushti,US-EAST,0.008166562666393417,0.0048000000000000004,0.0082,resident,0.0237,0.0147,0.0053,365.0,2.37,0.003405721158482009,very_rare,0.3405721158482009,rare,peak_abundance_with_occupancy_days_modifiers,0.0237
rufhum,US-EAST,0.008166562666393417,0.0001532258064516129,0.0082,postbreeding_migration,0.0376,0.0198,0.0204,105.0,3.7600000000000002,0.003405721158482009,very_rare,0.3405721158482009,rare,peak_abundance_with_occupancy_days_modifiers,0.0376
pygnut,US-EAST,0.00707491367196188,0.0063,0.0071,resident,0.014,0.011,0.0068,365.0,1.4000000000000001,0.002950468167738402,very_rare,0.2950468167738402,rare,peak_abundance_with_occupancy_days_modifiers,0.014
thbmur,US-EAST,0.006981280561574021,0.0016885870755546687,0.0070057065090937,nonbreeding,0.1320351119617673,0.0055997604027258,0.0022072584071677,77.0,13.203511196176729,0.0029114201277967784,very_rare,0.29114201277967783,,peak_abundance_with_occupancy_days_modifiers,0.1320351119617673
plsvir,US-EAST,0.006975613736425242,0.0010142857142857143,0.007,breeding,0.0295,0.0112,0.0085,77.0,2.9499999999999997,0.0029090568781531974,very_rare,0.2909056878153197,rare,peak_abundance_with_occupancy_days_modifiers,0.0295
grgowl,US-EAST,0.0069067521428797145,0.0011853494170639613,0.0069306587628011,nonbreeding,0.155338543830225,0.012704445043251,0.0256228556002462,210.0,15.533854383022499,0.002880339363119656,very_rare,0.2880339363119656,,peak_abundance_with_occupancy_days_modifiers,0.155338543830225
redpha1,US-EAST,0.0063048766096222555,0.0017191651243259288,0.0063247941814287,postbreeding_migration,0.0131486825247597,0.0015370684324202,5.517321665330942e-05,98.0,1.3148682524759698,0.0026293377701455288,very_rare,0.2629337770145529,rare,peak_abundance_with_occupancy_days_modifiers,0.0131486825247597
dusfly,US-EAST,0.00608147031586796,0.0012583333333333333,0.0061,breeding,0.0232,0.0244,0.0084,84.0,2.32,0.002536170109201979,very_rare,0.2536170109201979,rare,peak_abundance_with_occupancy_days_modifiers,0.0232
macwar,US-EAST,0.005683816468297671,0.0009333333333333333,0.0057,prebreeding_migration,0.1639,0.0351,0.0119,70.0,16.39,0.002370335574190707,very_rare,0.2370335574190707,,peak_abundance_with_occupancy_days_modifiers,0.1639
purswa3,US-EAST,0.005683816468297671,0.0057,0.0057,resident,0.0062,0.0011,0.0008,365.0,0.62,0.002370335574190707,very_rare,0.2370335574190707,very_rare,peak_abundance_with_occupancy_days_modifiers,0.0062
brthum,US-EAST,0.004888034072775962,0.0008333333333333334,0.0049,postbreeding_migration,0.0229,0.0132,0.0153,112.0,2.29,0.002038468538732918,very_rare,0.2038468538732918,rare,peak_abundance_with_occupancy_days_modifiers,0.0229
towwar,US-EAST,0.0045894523338072864,0.0004238095238095238,0.0046,postbreeding_migration,0.0951,0.0189,0.0098,91.0,9.51,0.0019139502820952148,very_rare,0.19139502820952148,,peak_abundance_with_occupancy_days_modifiers,0.0951
compau,US-EAST,0.004390348301292895,0.0044,0.0044,resident,0.0321,0.0017,0.0009,365.0,3.2099999999999995,0.0018309174512735364,very_rare,0.18309174512735363,rare,peak_abundance_with_occupancy_days_modifiers,0.0321
zothaw,US-EAST,0.004290781417156275,0.00204,0.0043,breeding,0.0879,0.0187,0.0379,126.0,8.790000000000001,0.0017893948354753858,very_rare,0.17893948354753858,,peak_abundance_with_occupancy_days_modifiers,0.0879
shthaw,US-EAST,0.004191204618468071,0.0021,0.0042,resident,0.1547,0.005,0.005,365.0,15.47,0.0017478680849880779,very_rare,0.1747868084988078,,peak_abundance_with_occupancy_days_modifiers,0.1547
incdov,US-EAST,0.003992021269537453,0.0006714285714285714,0.004,resident,0.0259,0.0194,0.0032,365.0,2.59,0.0016648021766516613,very_rare,0.16648021766516613,rare,peak_abundance_with_occupancy_days_modifiers,0.0259
hutvir,US-EAST,0.0038924147153438387,0.0039,0.0039,resident,0.0319,0.0424,0.0234,365.0,3.19,0.001623263017154774,very_rare,0.1623263017154774,rare,peak_abundance_with_occupancy_days_modifiers,0.0319
brnowl,US-EAST,0.0035935355101301704,0.0005093750000000001,0.0036,resident,0.2007,,,,20.07,0.0014986207074575537,very_rare,0.14986207074575536,,peak_abundance_with_occupancy_days_modifiers,0.2007
virwar,US-EAST,0.003194890896519197,0.00035454545454545455,0.0032,postbreeding_migration,0.0867,0.0385,0.0378,77.0,8.67,0.0013323729909149931,very_rare,0.1332372990914993,,peak_abundance_with_occupancy_days_modifiers,0.0867
bkwvir,US-EAST,0.003194890896519197,0.0005125,0.0032,breeding,0.0172,0.0111,0.0017,105.0,1.72,0.0013323729909149931,very_rare,0.1332372990914993,rare,peak_abundance_with_occupancy_days_modifiers,0.0172
yelrai,US-EAST,0.002596625847265978,0.00074,0.0026,breeding,0.0646,0.0298,0.0145,84.0,6.460000000000001,0.001082877086719314,very_rare,0.1082877086719314,,peak_abundance_with_occupancy_days_modifiers,0.0646
varbun,US-EAST,0.002496880198587199,0.0025,0.0025,prebreeding_migration,0.0467,0.0335,0.0114,49.0,4.67,0.0010412799203166443,very_rare,0.10412799203166442,rare,peak_abundance_with_occupancy_days_modifiers,0.0467
acowoo,US-EAST,0.002496880198587199,0.0025,0.0025,resident,0.0032,0.0036,0.0032,365.0,0.32,0.0010412799203166443,very_rare,0.10412799203166442,very_rare,peak_abundance_with_occupancy_days_modifiers,0.0032
gryfly,US-EAST,0.002496880198587199,0.0008285714285714285,0.0025,prebreeding_migration,0.0446,0.0293,0.0115,112.0,4.46,0.0010412799203166443,very_rare,0.10412799203166442,rare,peak_abundance_with_occupancy_days_modifiers,0.0446
whtdov,US-EAST,0.0023971245997214934,0.0024,0.0024,resident,0.0158,0.001,0.0003,365.0,1.58,0.000999678604363726,very_rare,0.09996786043637261,rare,peak_abundance_with_occupancy_days_modifiers,0.0158
luchum,US-EAST,0.001998002662673056,0.0010333333333333334,0.002,postbreeding_migration,0.0079,0.0563,0.1202,63.0,0.79,0.000833231828486557,very_rare,0.0833231828486557,very_rare,peak_abundance_with_occupancy_days_modifiers,0.0079
whocra,US-EAST,0.001998002662673056,0.0003243902439024391,0.002,prebreeding_migration,0.0025,0.6108,0.721,133.0,0.25,0.000833231828486557,very_rare,0.0833231828486557,very_rare,peak_abundance_with_occupancy_days_modifiers,0.0025
pinjay,US-EAST,0.001998002662673056,0.0012333333333333335,0.002,resident,0.0172,0.0081,0.0004,365.0,1.72,0.000833231828486557,very_rare,0.0833231828486557,rare,peak_abundance_with_occupancy_days_modifiers,0.0172
gryvir,US-EAST,0.001998002662673056,0.0008500000000000001,0.002,breeding,0.0228,0.046,0.039,77.0,2.2800000000000002,0.000833231828486557,very_rare,0.0833231828486557,rare,peak_abundance_with_occupancy_days_modifiers,0.0228
mouchi,US-EAST,0.0018981972830802527,0.0005000000000000001,0.0019,nonbreeding,0.0274,0.0043,0.0002,196.0,2.74,0.0007916097523579702,very_rare,0.07916097523579702,rare,peak_abundance_with_occupancy_days_modifiers,0.0274
mitpar,US-EAST,0.0018981972830802527,0.0019,0.0019,resident,0.0006,0.0005,0.0005,0.0,0.06,0.0007916097523579702,very_rare,0.07916097523579702,very_rare,peak_abundance_with_occupancy_days_modifiers,0.0006
grnpar,US-EAST,0.0017983819413793735,0.0018,0.0018,resident,0.0003,0.0151,0.0613,0.0,0.03,0.0007499835217076287,very_rare,0.07499835217076287,very_rare,peak_abundance_with_occupancy_days_modifiers,0.0003
whtkit,US-EAST,0.0016985566355814774,0.00038333333333333334,0.0017,resident,0.0421,0.0157,0.0112,365.0,4.21,0.00070835313570608,very_rare,0.070835313570608,rare,peak_abundance_with_occupancy_days_modifiers,0.0421
bkcspa,US-EAST,0.0016985566355814774,0.001375,0.0017,breeding,0.006,0.0231,0.0308,119.0,0.6,0.00070835313570608,very_rare,0.070835313570608,very_rare,peak_abundance_with_occupancy_days_modifiers,0.006
trokin,US-EAST,0.0014988761237358919,0.00032777777777777775,0.0015,postbreeding_migration,0.0037,0.0004,0.0001,119.0,0.37,0.0006250798943303071,very_rare,0.06250798943303071,very_rare,peak_abundance_with_occupancy_days_modifiers,0.0037
leagre,US-EAST,0.001399020913707341,0.0014,0.0014,resident,0.0107,0.0055,0.0054,365.0,1.0699999999999998,0.0005834370372959348,very_rare,0.05834370372959348,rare,peak_abundance_with_occupancy_days_modifiers,0.0107
bargol,US-EAST,0.001399020913707341,0.0001611111111111111,0.0014,nonbreeding,0.0152,0.0023,0.0001,105.0,1.52,0.0005834370372959348,very_rare,0.05834370372959348,rare,peak_abundance_with_occupancy_days_modifiers,0.0152
attwoo1,US-EAST,0.00129915573162005,0.00032,0.0013,resident,0.0315,0.0026,0.0018,365.0,3.15,0.0005417900215900586,very_rare,0.05417900215900586,rare,peak_abundance_with_occupancy_days_modifiers,0.0315
mexduc,US-EAST,0.00129915573162005,0.0013,0.0013,resident,0.003,0.0163,0.0037,365.0,0.3,0.0005417900215900586,very_rare,0.05417900215900586,very_rare,peak_abundance_with_occupancy_days_modifiers,0.003
hamfly,US-EAST,0.0011992805754820971,0.0002666666666666666,0.0012,postbreeding_migration,0.0964,0.007,0.0032,70.0,9.64,0.0005001388463819827,very_rare,0.050013884638198274,,peak_abundance_with_occupancy_days_modifiers,0.0964
heptan,US-EAST,0.0011992805754820971,0.0003666666666666666,0.0012,breeding,0.0045,0.0009,0.0026,119.0,0.44999999999999996,0.0005001388463819827,very_rare,0.050013884638198274,very_rare,peak_abundance_with_occupancy_days_modifiers,0.0045
annhum,US-EAST,0.0011992805754820971,8.666666666666667e-05,0.0012,prebreeding_migration,0.0389,0.0548,0.0047,140.0,3.8899999999999997,0.0005001388463819827,very_rare,0.050013884638198274,rare,peak_abundance_with_occupancy_days_modifiers,0.0389
nohowl,US-EAST,0.0011992805754820971,0.0001625,0.0012,nonbreeding,0.047,,,,4.7,0.0005001388463819827,very_rare,0.050013884638198274,rare,peak_abundance_with_occupancy_days_modifiers,0.047
phaino,US-EAST,0.0011992805754820971,0.0012,0.0012,resident,0.0074,0.0075,0.003,365.0,0.74,0.0005001388463819827,very_rare,0.050013884638198274,very_rare,peak_abundance_with_occupancy_days_modifiers,0.0074
casfin,US-EAST,0.0011992805754820971,0.0003230769230769231,0.0012,nonbreeding,0.0059,0.0047,0.0036,84.0,0.59,0.0005001388463819827,very_rare,0.050013884638198274,very_rare,peak_abundance_with_occupancy_days_modifiers,0.0059
lucwar,US-EAST,0.0010993954433009636,0.00055,0.0011,breeding,0.0157,0.0282,0.0038,63.0,1.5699999999999998,0.0004584835108407622,very_rare,0.04584835108407622,rare,peak_abundance_with_occupancy_days_modifiers,0.0157
sabgul,US-EAST,0.0010993954433009636,4.0740740740740745e-05,0.0011,postbreeding_migration,0.043,0.0,0.0,0.0,4.3,0.0004584835108407622,very_rare,0.04584835108407622,very_rare,peak_abundance_with_occupancy_days_modifiers,0.043
clagre,US-EAST,0.0009995003330835331,0.00015000000000000001,0.001,breeding,0.0205,0.0688,0.0133,49.0,2.0500000000000003,0.00041682401413511066,very_rare,0.04168240141351107,rare,peak_abundance_with_occupancy_days_modifiers,0.0205
calhum,US-EAST,0.0009995003330835331,5.882352941176471e-05,0.001,postbreeding_migration,0.0147,0.0116,0.0285,105.0,1.47,0.00041682401413511066,very_rare,0.04168240141351107,rare,peak_abundance_with_occupancy_days_modifiers,0.0147
casvir,US-EAST,0.000899595242836093,0.00038333333333333334,0.0009,postbreeding_migration,0.0639,0.0139,0.0049,70.0,6.39,0.0003751603554337701,very_rare,0.03751603554337701,,peak_abundance_with_occupancy_days_modifiers,0.0639
compea,US-EAST,0.000899595242836093,0.0009,0.0009,resident,0.0171,0.0012,0.0001,365.0,1.71,0.0003751603554337701,very_rare,0.03751603554337701,rare,peak_abundance_with_occupancy_days_modifiers,0.0171
wesowl1,US-EAST,0.000899595242836093,0.00055,0.0009,resident,0.0381,0.0217,0.0118,365.0,3.81,0.0003751603554337701,very_rare,0.03751603554337701,rare,peak_abundance_with_occupancy_days_modifiers,0.0381
lewwoo,US-EAST,0.0007996801705643322,8.333333333333333e-05,0.0008,breeding,0.0063,0.0149,0.0044,63.0,0.63,0.0003334925339049559,very_rare,0.03334925339049559,very_rare,peak_abundance_with_occupancy_days_modifiers,0.0063
glagul,US-EAST,0.0007996801705643322,7.735849056603774e-05,0.0008,nonbreeding,0.0157,0.0051,0.0007,49.0,1.5699999999999998,0.0003334925339049559,very_rare,0.03334925339049559,rare,peak_abundance_with_occupancy_days_modifiers,0.0157
yecpar,US-EAST,0.0007996801705643322,0.0008,0.0008,resident,0.0007,0.0,0.0,0.0,0.06999999999999999,0.0003334925339049559,very_rare,0.03334925339049559,very_rare,peak_abundance_with_occupancy_days_modifiers,0.0007
recpar,US-EAST,0.0006997551142733419,0.0007,0.0007,resident,0.0002,0.0278,0.1038,0.0,0.02,0.0002918205487167264,very_rare,0.02918205487167264,very_rare,peak_abundance_with_occupancy_days_modifiers,0.0002
antnig,US-EAST,0.0006997551142733419,0.00035,0.0007,breeding,0.0027,0.0025,0.0011,98.0,0.27,0.0002918205487167264,very_rare,0.02918205487167264,very_rare,peak_abundance_with_occupancy_days_modifiers,0.0027
blkrai,US-EAST,0.0006997551142733419,4.782608695652174e-05,0.0007,prebreeding_migration,0.0546,,,,5.46,0.0002918205487167264,very_rare,0.02918205487167264,,peak_abundance_with_occupancy_days_modifiers,0.0546
pifgoo,US-EAST,0.0006997551142733419,7.083333333333334e-05,0.0007,nonbreeding,0.0458,0.0015,0.0,91.0,4.58,0.0002918205487167264,very_rare,0.02918205487167264,rare,peak_abundance_with_occupancy_days_modifiers,0.0458
mexjay4,US-EAST,0.0005998200719676155,0.0006,0.0006,resident,0.0003,0.0008,0.0013,0.0,0.03,0.0002501443990368907,very_rare,0.02501443990368907,very_rare,peak_abundance_with_occupancy_days_modifiers,0.0003
clanut,US-EAST,0.0005998200719676155,0.0003,0.0006,resident,0.0059,0.0014,0.0003,365.0,0.59,0.0002501443990368907,very_rare,0.02501443990368907,very_rare,peak_abundance_with_occupancy_days_modifiers,0.0059
litsti,US-EAST,0.0005998200719676155,0.0002,0.0006,breeding,0.0024,0.0,0.0,56.0,0.24,0.0002501443990368907,very_rare,0.02501443990368907,very_rare,peak_abundance_with_occupancy_days_modifiers,0.0024
commyn,US-EAST,0.0005998200719676155,0.0006,0.0006,resident,0.0019,0.0001,0.0,365.0,0.19,0.0002501443990368907,very_rare,0.02501443990368907,very_rare,peak_abundance_with_occupancy_days_modifiers,0.0019
bucpar,US-EAST,0.000499875041651048,0.0005,0.0005,resident,0.0003,0.0,0.0,0.0,0.03,0.00020846408403300828,very_rare,0.020846408403300827,very_rare,peak_abundance_with_occupancy_days_modifiers,0.0003
bkhgul,US-EAST,0.000499875041651048,3.8235294117647055e-05,0.0005,nonbreeding,0.0035,0.0001,0.0,77.0,0.35000000000000003,0.00020846408403300828,very_rare,0.020846408403300827,very_rare,peak_abundance_with_occupancy_days_modifiers,0.0035
botspa,US-EAST,0.000499875041651048,0.0005,0.0005,resident,0.0056,0.0164,0.022,365.0,0.5599999999999999,0.00020846408403300828,very_rare,0.020846408403300827,very_rare,peak_abundance_with_occupancy_days_modifiers,0.0056
kineid,US-EAST,0.000499875041651048,3.7837837837837835e-05,0.0005,nonbreeding,0.0049,0.0001,0.0,21.0,0.49,0.00020846408403300828,very_rare,0.020846408403300827,rare,peak_abundance_with_occupancy_days_modifiers,0.0049
spbori,US-EAST,0.0003999200213269354,0.0004,0.0004,resident,0.001,0.0026,0.0048,365.0,0.1,0.00016677960287238907,very_rare,0.016677960287238905,very_rare,peak_abundance_with_occupancy_days_modifiers,0.001
btywar,US-EAST,0.0003999200213269354,4.347826086956522e-05,0.0004,postbreeding_migration,0.0253,0.012,0.0012,98.0,2.53,0.00016677960287238907,very_rare,0.016677960287238905,rare,peak_abundance_with_occupancy_days_modifiers,0.0253
fepowl,US-EAST,0.0003999200213269354,0.0004,0.0004,resident,0.0031,0.0003,0.0003,365.0,0.31,0.00016677960287238907,very_rare,0.016677960287238905,very_rare,peak_abundance_with_occupancy_days_modifiers,0.0031
eurwig,US-EAST,0.0003999200213269354,3.333333333333333e-05,0.0004,nonbreeding,0.0031,0.0,0.0,49.0,0.31,0.00016677960287238907,very_rare,0.016677960287238905,very_rare,peak_abundance_with_occupancy_days_modifiers,0.0031
rempar,US-EAST,0.00029995500899797546,0.0003,0.0003,resident,0.0001,0.0002,0.0006,0.0,0.01,0.00012509095472209328,very_rare,0.012509095472209329,very_rare,peak_abundance_with_occupancy_days_modifiers,0.0001
tropar,US-EAST,0.00029995500899797546,0.0001333333333333333,0.0003,breeding,0.0131,0.0018,0.0003,70.0,1.31,0.00012509095472209328,very_rare,0.012509095472209329,rare,peak_abundance_with_occupancy_days_modifiers,0.0131
tufduc,US-EAST,0.00029995500899797546,2.272727272727273e-05,0.0003,nonbreeding,0.0091,0.0001,0.0,105.0,0.91,0.00012509095472209328,very_rare,0.012509095472209329,very_rare,peak_abundance_with_occupancy_days_modifiers,0.0091
comblh1,US-EAST,0.00029995500899797546,0.000125,0.0003,breeding,0.0059,0.0133,0.0025,42.0,0.59,0.00012509095472209328,very_rare,0.012509095472209329,very_rare,peak_abundance_with_occupancy_days_modifiers,0.0059
rorpar,US-EAST,0.00029995500899797546,0.0003,0.0003,resident,0.0001,0.0,0.0,0.0,0.01,0.00012509095472209328,very_rare,0.012509095472209329,very_rare,peak_abundance_with_occupancy_days_modifiers,0.0001
gryhaw2,US-EAST,0.00019998000266626675,0.000125,0.0002,postbreeding_migration,0.0038,0.0027,0.0012,70.0,0.38,8.339813874893117e-05,very_rare,0.008339813874893118,very_rare,peak_abundance_with_occupancy_days_modifiers,0.0038
bubhum,US-EAST,0.00019998000266626675,3.3333333333333335e-05,0.0002,resident,0.0007,0.0027,0.005,0.0,0.06999999999999999,8.339813874893117e-05,very_rare,0.008339813874893118,very_rare,peak_abundance_with_occupancy_days_modifiers,0.0007
grefla2,US-EAST,0.00019998000266626675,0.0001,0.0002,resident,0.0041,0.0084,0.0,365.0,0.41000000000000003,8.339813874893117e-05,very_rare,0.008339813874893118,very_rare,peak_abundance_with_occupancy_days_modifiers,0.0041
nutman,US-EAST,0.00019998000266626675,0.0001,0.0002,resident,0.0007,0.0001,0.0,365.0,0.06999999999999999,8.339813874893117e-05,very_rare,0.008339813874893118,very_rare,peak_abundance_with_occupancy_days_modifiers,0.0007
litgul,US-EAST,0.00019998000266626675,1.6666666666666667e-05,0.0002,prebreeding_migration,0.0108,0.001,0.0002,0.0,1.08,8.339813874893117e-05,very_rare,0.008339813874893118,very_rare,peak_abundance_with_occupancy_days_modifiers,0.0108
wilsap,US-EAST,0.00019998000266626675,7.500000000000001e-05,0.0002,nonbreeding,0.0041,0.0113,0.0113,77.0,0.41000000000000003,8.339813874893117e-05,very_rare,0.008339813874893118,very_rare,peak_abundance_with_occupancy_days_modifiers,0.0041
grawar,US-EAST,0.00019998000266626675,7.500000000000001e-05,0.0002,breeding,0.0016,0.0026,0.0019,42.0,0.16,8.339813874893117e-05,very_rare,0.008339813874893118,very_rare,peak_abundance_with_occupancy_days_modifiers,0.0016
placha,US-EAST,0.00019998000266626675,0.0001,0.0002,resident,0.0007,0.0012,0.0004,365.0,0.06999999999999999,8.339813874893117e-05,very_rare,0.008339813874893118,very_rare,peak_abundance_with_occupancy_days_modifiers,0.0007
maghum1,US-EAST,0.00019998000266626675,0.00013333333333333334,0.0002,breeding,0.0018,0.007,0.0059,105.0,0.18,8.339813874893117e-05,very_rare,0.008339813874893118,very_rare,peak_abundance_with_occupancy_days_modifiers,0.0018
varthr,US-EAST,0.00019998000266626675,1.0526315789473684e-05,0.0002,nonbreeding,0.0216,0.0129,0.0002,63.0,2.16,8.339813874893117e-05,very_rare,0.008339813874893118,rare,peak_abundance_with_occupancy_days_modifiers,0.0216
grnkin,US-EAST,0.00019998000266626675,0.0002,0.0002,resident,0.0015,0.0002,0.0002,365.0,0.15,8.339813874893117e-05,very_rare,0.008339813874893118,very_rare,peak_abundance_with_occupancy_days_modifiers,0.0015
amedip,US-EAST,0.00019998000266626675,0.0002,0.0002,resident,0.0005,0.0002,0.0007,0.0,0.05,8.339813874893117e-05,very_rare,0.008339813874893118,very_rare,peak_abundance_with_occupancy_days_modifiers,0.0005
batpig1,US-EAST,0.00019998000266626675,8e-05,0.0002,breeding,0.0014,0.0015,0.0003,56.0,0.13999999999999999,8.339813874893117e-05,very_rare,0.008339813874893118,very_rare,peak_abundance_with_occupancy_days_modifiers,0.0014
orwpar,US-EAST,0.00019998000266626675,0.0002,0.0002,resident,0.0002,0.0,0.0,0.0,0.02,8.339813874893117e-05,very_rare,0.008339813874893118,very_rare,peak_abundance_with_occupancy_days_modifiers,0.0002
sopsku1,US-EAST,0.00012856771514203706,7.889528947410835e-05,0.00012857598032493358,nonbreeding,0.0106200897315367,0.0027209568928605,0.0001218226083087382,70.0,1.06200897315367,5.3616901705619524e-05,very_rare,0.005361690170561952,rare,peak_abundance_with_occupancy_days_modifiers,0.0106200897315367
comcra,US-EAST,9.999500033330834e-05,2.5e-05,0.0001,prebreeding_migration,0.007,0.0006,0.0,42.0,0.7000000000000001,4.170115411946329e-05,very_rare,0.004170115411946329,very_rare,peak_abundance_with_occupancy_days_modifiers,0.007
vauswi,US-EAST,9.999500033330834e-05,3.3333333333333335e-05,0.0001,nonbreeding,0.0003,0.0001,0.0,0.0,0.03,4.170115411946329e-05,very_rare,0.004170115411946329,very_rare,peak_abundance_with_occupancy_days_modifiers,0.0003
monqua,US-EAST,9.999500033330834e-05,0.0001,0.0001,resident,0.0076,0.0161,0.003,365.0,0.76,4.170115411946329e-05,very_rare,0.004170115411946329,very_rare,peak_abundance_with_occupancy_days_modifiers,0.0076
rewbul,US-EAST,9.999500033330834e-05,0.0001,0.0001,resident,0.0001,0.0,0.0,0.0,0.01,4.170115411946329e-05,very_rare,0.004170115411946329,very_rare,peak_abundance_with_occupancy_days_modifiers,0.0001
altori,US-EAST,9.999500033330834e-05,0.0001,0.0001,resident,0.0002,0.0004,0.0002,0.0,0.02,4.170115411946329e-05,very_rare,0.004170115411946329,very_rare,peak_abundance_with_occupancy_days_modifiers,0.0002
rinkin1,US-EAST,9.999500033330834e-05,0.0001,0.0001,resident,0.0013,0.0001,0.0001,365.0,0.13,4.170115411946329e-05,very_rare,0.004170115411946329,very_rare,peak_abundance_with_occupancy_days_modifiers,0.0013
comcuc,US-EAST,9.999500033330834e-05,3.3333333333333335e-05,0.0001,postbreeding_migration,0.0059,0.0,0.0,35.0,0.59,4.170115411946329e-05,very_rare,0.004170115411946329,very_rare,peak_abundance_with_occupancy_days_modifiers,0.0059
aplfal,US-EAST,9.999500033330834e-05,0.0001,0.0001,resident,0.0056,0.0006,0.0001,365.0,0.5599999999999999,4.170115411946329e-05,very_rare,0.004170115411946329,very_rare,peak_abundance_with_occupancy_days_modifiers,0.0056
paired,US-EAST,9.999500033330834e-05,7.500000000000001e-05,0.0001,breeding,0.0007,0.0083,0.0007,28.0,0.06999999999999999,4.170115411946329e-05,very_rare,0.004170115411946329,rare,peak_abundance_with_occupancy_days_modifiers,0.0007
clcrob,US-EAST,9.999500033330834e-05,0.0001,0.0001,resident,0.0002,0.0002,0.0001,0.0,0.02,4.170115411946329e-05,very_rare,0.004170115411946329,very_rare,peak_abundance_with_occupancy_days_modifiers,0.0002
pagplo,US-EAST,9.999500033330834e-05,1e-05,0.0001,prebreeding_migration,0.002,0.0006,0.0,28.0,0.2,4.170115411946329e-05,very_rare,0.004170115411946329,rare,peak_abundance_with_occupancy_days_modifiers,0.002
stejay,US-EAST,9.999500033330834e-05,6.666666666666667e-05,0.0001,resident,0.0026,0.0004,0.0001,365.0,0.26,4.170115411946329e-05,very_rare,0.004170115411946329,very_rare,peak_abundance_with_occupancy_days_modifiers,0.0026
eurgol,US-EAST,9.999500033330834e-05,8.333333333333333e-05,0.0001,breeding,0.0007,0.0,0.0,21.0,0.06999999999999999,4.170115411946329e-05,very_rare,0.004170115411946329,rare,peak_abundance_with_occupancy_days_modifiers,0.0007
whepar2,US-EAST,9.999500033330834e-05,0.0001,0.0001,resident,0.0002,0.0,0.0,0.0,0.02,4.170115411946329e-05,very_rare,0.004170115411946329,very_rare,peak_abundance_with_occupancy_days_modifiers,0.0002
juntit1,US-EAST,9.999500033330834e-05,0.0001,0.0001,resident,0.0008,0.0004,0.0002,365.0,0.08,4.170115411946329e-05,very_rare,0.004170115411946329,very_rare,peak_abundance_with_occupancy_days_modifiers,0.0008
norlap,US-EAST,9.999500033330834e-05,1.25e-05,0.0001,nonbreeding,0.0029,0.0,0.0,7.0,0.29,4.170115411946329e-05,very_rare,0.004170115411946329,very_rare,peak_abundance_with_occupancy_days_modifiers,0.0029
chfmac1,US-EAST,9.999500033330834e-05,0.0001,0.0001,resident,0.0003,0.0,0.0,0.0,0.03,4.170115411946329e-05,very_rare,0.004170115411946329,very_rare,peak_abundance_with_occupancy_days_modifiers,0.0003
pacloo,US-EAST,9.999500033330834e-05,3.278688524590164e-06,0.0001,prebreeding_migration,0.0007,0.0018,0.0,49.0,0.06999999999999999,4.170115411946329e-05,very_rare,0.004170115411946329,very_rare,peak_abundance_with_occupancy_days_modifiers,0.0007
revbul,US-EAST,9.999500033330834e-05,0.0001,0.0001,resident,0.0001,0.0,0.0,0.0,0.01,4.170115411946329e-05,very_rare,0.004170115411946329,very_rare,peak_abundance_with_occupancy_days_modifiers,0.0001
souwpw1,US-EAST,9.999500033330834e-05,0.0001,0.0001,breeding,0.0007,0.0019,0.0045,0.0,0.06999999999999999,4.170115411946329e-05,very_rare,0.004170115411946329,very_rare,peak_abundance_with_occupancy_days_modifiers,0.0007
mancuc,US-EAST,9.999500033330834e-05,0.0001,0.0001,resident,0.0017,0.0013,0.0018,365.0,0.16999999999999998,4.170115411946329e-05,very_rare,0.004170115411946329,very_rare,peak_abundance_with_occupancy_days_modifiers,0.0017
whwpar,US-EAST,9.999500033330834e-05,0.0001,0.0001,resident,0.0002,0.0001,0.0,0.0,0.02,4.170115411946329e-05,very_rare,0.004170115411946329,very_rare,peak_abundance_with_occupancy_days_modifiers,0.0002
baymac,US-EAST,9.999500033330834e-05,0.0001,0.0001,resident,0.0002,0.0,0.0,0.0,0.02,4.170115411946329e-05,very_rare,0.004170115411946329,very_rare,peak_abundance_with_occupancy_days_modifiers,0.0002
labter1,US-EAST,7.767251753153389e-05,7.767553411962523e-05,7.767553411962523e-05,resident,0.0351791427185192,0.0047450944434256,8.148854760473354e-06,365.0,3.51791427185192,3.239195573412205e-05,very_rare,0.0032391955734122047,rare,peak_abundance_with_occupancy_days_modifiers,0.0351791427185192
borowl,US-EAST,2.334498251505251e-05,4.476884857433845e-06,2.3345255011277293e-05,nonbreeding,0.225562012729197,0.0081459394711873,0.00030002945064578333,119.0,22.556201272919697,9.735613886041267e-06,very_rare,0.0009735613886041267,,peak_abundance_with_occupancy_days_modifiers,0.225562012729197
tamcro,US-EAST,2.2606769636747018e-06,2.260679519006794e-06,2.260679519006794e-06,resident,0.0002468957248342655,0.0020712961953559,3.6837490850925545e-05,0.0,0.02468957248342655,9.42775520361637e-07,very_rare,9.427755203616371e-05,very_rare,peak_abundance_with_occupancy_days_modifiers,0.0002468957248342655
bahmoc,US-EAST,1.2627679989339254e-07,1.2627680786630798e-07,1.2627680786630798e-07,resident,0.0049284789315799,0.0438729198184568,3.6987125170840886e-06,365.0,0.49284789315799,5.2661515854625016e-08,very_rare,5.266151585462502e-06,very_rare,peak_abundance_with_occupancy_days_modifiers,0.0049284789315799
kwqdov,US-EAST,2.922198127259631e-08,2.922198169955841e-08,2.922198169955841e-08,resident,0.00028324591560804517,0.0008046346958480849,1.4337069985943988e-05,0.0,0.028324591560804517,1.218651274215886e-08,very_rare,1.218651274215886e-06,very_rare,peak_abundance_with_occupancy_days_modifiers,0.00028324591560804517
herwar,US-EAST,0.0,0.0,0.0,nonbreeding,0.0046,0.0052,0.0003,28.0,0.45999999999999996,0.0,very_rare,0.0,rare,peak_abundance_with_occupancy_days_modifiers,0.0046
gretit1,US-EAST,0.0,0.0,0.0,resident,0.0001,,,,0.01,0.0,very_rare,0.0,very_rare,peak_abundance_with_occupancy_days_modifiers,0.0001
woosan,US-EAST,0.0,0.0,0.0,postbreeding_migration,0.0004,0.0,0.0,42.0,0.04,0.0,very_rare,0.0,very_rare,peak_abundance_with_occupancy_days_modifiers,0.0004
logkin,US-EAST,0.0,0.0,0.0,resident,0.0002,0.0002,0.0,0.0,0.02,0.0,very_rare,0.0,very_rare,peak_abundance_with_occupancy_days_modifiers,0.0002
lawgol,US-EAST,0.0,0.0,0.0,nonbreeding,0.0003,0.0006,0.0001,0.0,0.03,0.0,very_rare,0.0,very_rare,peak_abundance_with_occupancy_days_modifiers,0.0003
colwar,US-EAST,0.0,0.0,0.0,breeding,0.0001,0.0134,0.0351,0.0,0.01,0.0,very_rare,0.0,very_rare,peak_abundance_with_occupancy_days_modifiers,0.0001
lotjae,US-EAST,0.0,0.0,0.0,breeding,0.0004,0.0,0.0,0.0,0.04,0.0,very_rare,0.0,very_rare,peak_abundance_with_occupancy_days_modifiers,0.0004
banana,US-EAST,0.0,0.0,0.0,resident,0.0001,0.0,0.0,0.0,0.01,0.0,very_rare,0.0,very_rare,peak_abundance_with_occupancy_days_modifiers,0.0001
pacwre1,US-EAST,0.0,0.0,0.0,breeding,0.001,0.0002,0.0,0.0,0.1,0.0,very_rare,0.0,very_rare,peak_abundance_with_occupancy_days_modifiers,0.001
rugdov,US-EAST,0.0,0.0,0.0,resident,0.0001,0.0,0.0,0.0,0.01,0.0,very_rare,0.0,very_rare,peak_abundance_with_occupancy_days_modifiers,0.0001
shicow,US-EAST,0.0,0.0,0.0,resident,0.0002,0.0,0.0,0.0,0.02,0.0,very_rare,0.0,very_rare,peak_abundance_with_occupancy_days_modifiers,0.0002
batfal1,US-EAST,0.0,0.0,0.0,resident,0.0001,0.0,0.0,0.0,0.01,0.0,very_rare,0.0,very_rare,peak_abundance_with_occupancy_days_modifiers,0.0001
batgod,US-EAST,0.0,0.0,0.0,nonbreeding,0.0004,0.0006,0.0,28.0,0.04,0.0,very_rare,0.0,rare,peak_abundance_with_occupancy_days_modifiers,0.0004
whwter,US-EAST,0.0,0.0,0.0,breeding,0.0001,0.0,0.0,0.0,0.01,0.0,very_rare,0.0,very_rare,peak_abundance_with_occupancy_days_modifiers,0.0001
shtsan,US-EAST,0.0,0.0,0.0,nonbreeding,0.0015,0.0,0.0,21.0,0.15,0.0,very_rare,0.0,rare,peak_abundance_with_occupancy_days_modifiers,0.0015
slbgul,US-EAST,0.0,0.0,0.0,nonbreeding,0.0001,0.0004,0.0,0.0,0.01,0.0,very_rare,0.0,very_rare,peak_abundance_with_occupancy_days_modifiers,0.0001
smbani,US-EAST,0.0,0.0,0.0,resident,0.0007,0.0,0.0,0.0,0.06999999999999999,0.0,very_rare,0.0,very_rare,peak_abundance_with_occupancy_days_modifiers,0.0007
grbhaw1,US-EAST,0.0,0.0,0.0,resident,0.0001,0.0,0.0,0.0,0.01,0.0,very_rare,0.0,very_rare,peak_abundance_with_occupancy_days_modifiers,0.0001
ruff,US-EAST,0.0,0.0,0.0,prebreeding_migration,0.0058,0.0001,0.0,70.0,0.58,0.0,very_rare,0.0,very_rare,peak_abundance_with_occupancy_days_modifiers,0.0058
smew,US-EAST,0.0,0.0,0.0,postbreeding_migration,0.0001,,,,0.01,0.0,very_rare,0.0,very_rare,peak_abundance_with_occupancy_days_modifiers,0.0001
arcloo,US-EAST,0.0,0.0,0.0,breeding,0.0001,0.0,0.0,0.0,0.01,0.0,very_rare,0.0,very_rare,peak_abundance_with_occupancy_days_modifiers,0.0001
zendov,US-EAST,0.0,0.0,0.0,resident,0.0003,0.0004,0.0,0.0,0.03,0.0,very_rare,0.0,very_rare,peak_abundance_with_occupancy_days_modifiers,0.0003
allhum,US-EAST,0.0,0.0,0.0,nonbreeding,0.0001,0.0953,0.0005,28.0,0.01,0.0,very_rare,0.0,rare,peak_abundance_with_occupancy_days_modifiers,0.0001
cursan,US-EAST,0.0,0.0,0.0,postbreeding_migration,0.0031,0.0,0.0,35.0,0.31,0.0,very_rare,0.0,very_rare,peak_abundance_with_occupancy_days_modifiers,0.0031
rebpig1,US-EAST,0.0,0.0,0.0,resident,0.0002,0.0002,0.0001,0.0,0.02,0.0,very_rare,0.0,very_rare,peak_abundance_with_occupancy_days_modifiers,0.0002
crcgro,US-EAST,0.0,0.0,0.0,resident,0.0002,0.0097,0.0,0.0,0.02,0.0,very_rare,0.0,very_rare,peak_abundance_with_occupancy_days_modifiers,0.0002
rotbec,US-EAST,0.0,0.0,0.0,nonbreeding,0.0001,0.0001,0.0,0.0,0.01,0.0,very_rare,0.0,very_rare,peak_abundance_with_occupancy_days_modifiers,0.0001
yegvir,US-EAST,0.0,0.0,0.0,breeding,0.0007,0.0018,0.0001,21.0,0.06999999999999999,0.0,very_rare,0.0,rare,peak_abundance_with_occupancy_days_modifiers,0.0007
yeejun,US-EAST,0.0,0.0,0.0,resident,0.0001,0.0002,0.0,0.0,0.01,0.0,very_rare,0.0,very_rare,peak_abundance_with_occupancy_days_modifiers,0.0001
gocspa,US-EAST,0.0,0.0,0.0,nonbreeding,0.0001,0.0011,0.0,42.0,0.01,0.0,very_rare,0.0,very_rare,peak_abundance_with_occupancy_days_modifiers,0.0001
corplo,US-EAST,0.0,0.0,0.0,postbreeding_migration,0.0052,,,,0.52,0.0,very_rare,0.0,very_rare,peak_abundance_with_occupancy_days_modifiers,0.0052
yebloo,US-EAST,0.0,0.0,0.0,nonbreeding,0.0002,,,,0.02,0.0,very_rare,0.0,very_rare,peak_abundance_with_occupancy_days_modifiers,0.0002
rubrob,US-EAST,0.0,0.0,0.0,nonbreeding,0.0013,0.0027,0.0,14.0,0.13,0.0,very_rare,0.0,rare,peak_abundance_with_occupancy_days_modifiers,0.0013
pomjae,US-EAST,0.0,0.0,0.0,breeding,0.0017,0.0004,0.0,14.0,0.16999999999999998,0.0,very_rare,0.0,rare,peak_abundance_with_occupancy_days_modifiers,0.0017
anpswi,US-EAST,0.0,0.0,0.0,resident,0.0001,0.0001,0.0,0.0,0.01,0.0,very_rare,0.0,very_rare,peak_abundance_with_occupancy_days_modifiers,0.0001
fotfly,US-EAST,0.0,0.0,0.0,breeding,0.0011,0.0001,0.0,28.0,0.11,0.0,very_rare,0.0,rare,peak_abundance_with_occupancy_days_modifiers,0.0011
rucwar,US-EAST,0.0,0.0,0.0,resident,0.0001,0.0002,0.0,0.0,0.01,0.0,very_rare,0.0,very_rare,peak_abundance_with_occupancy_days_modifiers,0.0001
litegr,US-EAST,0.0,0.0,0.0,breeding,0.0013,0.0,0.0,14.0,0.13,0.0,very_rare,0.0,rare,peak_abundance_with_occupancy_days_modifiers,0.0013
smbela1,US-EAST,0.0,0.0,0.0,breeding,0.0001,0.0,0.0,0.0,0.01,0.0,very_rare,0.0,very_rare,peak_abundance_with_occupancy_days_modifiers,0.0001
grnvie1,US-EAST,0.0,0.0,0.0,breeding,0.0096,0.0504,0.0011,42.0,0.96,0.0,very_rare,0.0,very_rare,peak_abundance_with_occupancy_days_modifiers,0.0096
blumoc,US-EAST,0.0,0.0,0.0,resident,0.0002,0.0003,0.0,0.0,0.02,0.0,very_rare,0.0,very_rare,peak_abundance_with_occupancy_days_modifiers,0.0002
surfbi,US-EAST,0.0,0.0,0.0,prebreeding_migration,0.0001,0.0001,0.0,0.0,0.01,0.0,very_rare,0.0,very_rare,peak_abundance_with_occupancy_days_modifiers,0.0001
bktgod,US-EAST,0.0,0.0,0.0,prebreeding_migration,0.0001,0.0001,0.0,21.0,0.01,0.0,very_rare,0.0,rare,peak_abundance_with_occupancy_days_modifiers,0.0001
wesgul,US-EAST,0.0,0.0,0.0,resident,0.0001,0.0018,0.0,0.0,0.01,0.0,very_rare,0.0,very_rare,peak_abundance_with_occupancy_days_modifiers,0.0001
bktgul,US-EAST,0.0,0.0,0.0,nonbreeding,0.0007,0.0005,0.0,0.0,0.06999999999999999,0.0,very_rare,0.0,very_rare,peak_abundance_with_occupancy_days_modifiers,0.0007
eleter1,US-EAST,0.0,0.0,0.0,postbreeding_migration,0.0002,0.0004,0.0,0.0,0.02,0.0,very_rare,0.0,very_rare,peak_abundance_with_occupancy_days_modifiers,0.0002
nobtyr,US-EAST,0.0,0.0,0.0,breeding,0.0007,0.0004,0.0001,0.0,0.06999999999999999,0.0,very_rare,0.0,very_rare,peak_abundance_with_occupancy_days_modifiers,0.0007
werher,US-EAST,0.0,0.0,0.0,resident,0.0002,,,,0.02,0.0,very_rare,0.0,very_rare,peak_abundance_with_occupancy_days_modifiers,0.0002
houcro1,US-EAST,0.0,0.0,0.0,resident,0.0001,0.0,0.0,0.0,0.01,0.0,very_rare,0.0,very_rare,peak_abundance_with_occupancy_days_modifiers,0.0001
brbhum,US-EAST,0.0,0.0,0.0,nonbreeding,0.0002,0.0021,0.0001,49.0,0.02,0.0,very_rare,0.0,very_rare,peak_abundance_with_occupancy_days_modifiers,0.0002
vichum,US-EAST,0.0,0.0,0.0,breeding,0.0001,0.0003,0.0,0.0,0.01,0.0,very_rare,0.0,very_rare,peak_abundance_with_occupancy_days_modifiers,0.0001
tersan,US-EAST,0.0,0.0,0.0,postbreeding_migration,0.0004,,,,0.04,0.0,very_rare,0.0,very_rare,peak_abundance_with_occupancy_days_modifiers,0.0004
flaowl,US-EAST,0.0,0.0,0.0,prebreeding_migration,0.0001,0.0004,0.0004,0.0,0.01,0.0,very_rare,0.0,very_rare,peak_abundance_with_occupancy_days_modifiers,0.0001
brambl,US-EAST,0.0,0.0,0.0,nonbreeding,0.0007,0.0,0.0,0.0,0.06999999999999999,0.0,very_rare,0.0,very_rare,peak_abundance_with_occupancy_days_modifiers,0.0007
hobkit,US-EAST,0.0,0.0,0.0,resident,0.0001,0.0,0.0,0.0,0.01,0.0,very_rare,0.0,very_rare,peak_abundance_with_occupancy_days_modifiers,0.0001
eugplo,US-EAST,0.0,0.0,0.0,prebreeding_migration,0.0029,,,,0.29,0.0,very_rare,0.0,very_rare,peak_abundance_with_occupancy_days_modifiers,0.0029
gargan,US-EAST,0.0,0.0,0.0,prebreeding_migration,0.0005,0.0,0.0,0.0,0.05,0.0,very_rare,0.0,very_rare,peak_abundance_with_occupancy_days_modifiers,0.0005
tromoc,US-EAST,0.0,0.0,0.0,resident,0.0001,0.0,0.0,0.0,0.01,0.0,very_rare,0.0,very_rare,peak_abundance_with_occupancy_days_modifiers,0.0001
heegul,US-EAST,0.0,0.0,0.0,breeding,0.0003,0.006,0.0,0.0,0.03,0.0,very_rare,0.0,very_rare,peak_abundance_with_occupancy_days_modifiers,0.0003
mewgul2,US-EAST,0.0,0.0,0.0,postbreeding_migration,0.0002,0.0007,0.0,0.0,0.02,0.0,very_rare,0.0,very_rare,peak_abundance_with_occupancy_days_modifiers,0.0002
mewgul,US-EAST,0.0,0.0,0.0,nonbreeding,0.0007,0.0001,0.0,14.0,0.06999999999999999,0.0,very_rare,0.0,rare,peak_abundance_with_occupancy_days_modifiers,0.0007
obnthr1,US-EAST,0.0,0.0,0.0,resident,0.0004,0.0002,0.0,0.0,0.04,0.0,very_rare,0.0,very_rare,peak_abundance_with_occupancy_days_modifiers,0.0004
wesspi,US-EAST,0.0,0.0,0.0,resident,0.0004,0.0011,0.0,0.0,0.04,0.0,very_rare,0.0,very_rare,peak_abundance_with_occupancy_days_modifiers,0.0004
grsplo,US-EAST,0.0,0.0,0.0,prebreeding_migration,0.0001,0.0,0.0,0.0,0.01,0.0,very_rare,0.0,very_rare,peak_abundance_with_occupancy_days_modifiers,0.0001
buthum,US-EAST,0.0,0.0,0.0,breeding,0.0001,0.0014,0.0006,0.0,0.01,0.0,very_rare,0.0,very_rare,peak_abundance_with_occupancy_days_modifiers,0.0001
norwhe,US-EAST,0.0,0.0,0.0,postbreeding_migration,0.0002,,,,0.02,0.0,very_rare,0.0,very_rare,peak_abundance_with_occupancy_days_modifiers,0.0002
spoowl,US-EAST,0.0,0.0,0.0,resident,0.0001,0.0008,0.0005,0.0,0.01,0.0,very_rare,0.0,very_rare,peak_abundance_with_occupancy_days_modifiers,0.0001
whiwag,US-EAST,0.0,0.0,0.0,prebreeding_migration,0.0001,0.0,0.0,0.0,0.01,0.0,very_rare,0.0,very_rare,peak_abundance_with_occupancy_days_modifiers,0.0001
spored,US-EAST,0.0,0.0,0.0,prebreeding_migration,0.0002,0.0,0.0,0.0,0.02,0.0,very_rare,0.0,very_rare,peak_abundance_with_occupancy_days_modifiers,0.0002
gybmar,US-EAST,0.0,0.0,0.0,postbreeding_migration,0.0001,0.0,0.0,0.0,0.01,0.0,very_rare,0.0,very_rare,peak_abundance_with_occupancy_days_modifiers,0.0001
bkfgra,US-EAST,0.0,0.0,0.0,resident,0.0001,0.0002,0.0,0.0,0.01,0.0,very_rare,0.0,very_rare,peak_abundance_with_occupancy_days_modifiers,0.0001
gyttat1,US-EAST,0.0,0.0,0.0,nonbreeding,0.0001,0.0001,0.0,0.0,0.01,0.0,very_rare,0.0,very_rare,peak_abundance_with_occupancy_days_modifiers,0.0001
whehum,US-EAST,0.0,0.0,0.0,breeding,0.0003,0.0005,0.0,0.0,0.03,0.0,very_rare,0.0,very_rare,peak_abundance_with_occupancy_days_modifiers,0.0003
jabiru,US-EAST,0.0,0.0,0.0,resident,0.0001,0.0,0.0,0.0,0.01,0.0,very_rare,0.0,very_rare,peak_abundance_with_occupancy_days_modifiers,0.0001
whcsee1,US-EAST,0.0,0.0,0.0,resident,0.0002,0.0002,0.0001,0.0,0.02,0.0,very_rare,0.0,very_rare,peak_abundance_with_occupancy_days_modifiers,0.0002
whcpin,US-EAST,0.0,0.0,0.0,breeding,0.0009,0.0001,0.0,0.0,0.09,0.0,very_rare,0.0,very_rare,peak_abundance_with_occupancy_days_modifiers,0.0009
stbori,US-EAST,0.0,0.0,0.0,resident,0.0008,0.0014,0.0,0.0,0.08,0.0,very_rare,0.0,very_rare,peak_abundance_with_occupancy_days_modifiers,0.0008
subfly,US-EAST,0.0,0.0,0.0,postbreeding_migration,0.0001,0.0,0.0,0.0,0.01,0.0,very_rare,0.0,very_rare,peak_abundance_with_occupancy_days_modifiers,0.0001
masduc,US-EAST,0.0,0.0,0.0,resident,0.0003,0.0039,0.0,365.0,0.03,0.0,very_rare,0.0,very_rare,peak_abundance_with_occupancy_days_modifiers,0.0003
rensti,US-EAST,0.0,0.0,0.0,postbreeding_migration,0.0004,0.0,0.0,14.0,0.04,0.0,very_rare,0.0,rare,peak_abundance_with_occupancy_days_modifiers,0.0004
ducfly,US-EAST,0.0,0.0,0.0,breeding,0.0014,0.0001,0.0,21.0,0.13999999999999999,0.0,very_rare,0.0,rare,peak_abundance_with_occupancy_days_modifiers,0.0014
