species_code,country_code,abundance,abundance_mean_avg,abundance_mean_max,peak_season,range_occupied_percent,range_total_percent,total_pop_percent,range_days_occupation,occupancy,score,frequency,frequency_pct,rarity_cap,commonness_basis,debug_range_occupied_max
categr1,CO,1.129474788222766,1.8313377571344986,2.094031051762251,prebreeding_migration,0.3626404584443675,0.0446504672255711,0.07285785366462,140.0,36.26404584443675,0.4710275719859342,common,47.10275719859342,,peak_abundance_with_occupancy_days_modifiers,0.3626404584443675
bbwduc,CO,0.9441004325134223,0.9322250000000001,1.5705,nonbreeding,0.2586,0.0842,0.1819,161.0,25.86,0.3937204611157378,common,39.37204611157378,,peak_abundance_with_occupancy_days_modifiers,0.2586
blkvul,CO,0.8245262586163251,1.2808,1.2808,resident,0.9193,0.0614,0.08,365.0,91.93,0.3438541574228527,common,34.38541574228527,,peak_abundance_with_occupancy_days_modifiers,0.9193
dickci,CO,0.7655143526858461,0.4100333333333333,1.1501,postbreeding_migration,0.112,0.2297,0.1847,105.0,11.200000000000001,0.3192442811701624,common,31.92442811701624,,peak_abundance_with_occupancy_days_modifiers,0.112
trokin,CO,0.6139416223789702,0.794575,0.8477,prebreeding_migration,0.9555,0.0816,0.1604,119.0,95.55,0.25603354297558356,fairly_common,25.603354297558354,,peak_abundance_with_occupancy_days_modifiers,0.9555
smbani,CO,0.5600157079567496,0.7507,0.7507,resident,0.8764,0.0931,0.1024,365.0,87.64,0.23354468992434566,common,23.354468992434565,,peak_abundance_with_occupancy_days_modifiers,0.8764
bugtan,CO,0.5265021031509982,0.693,0.693,resident,0.899,0.1629,0.3081,365.0,89.9,0.21956843116695604,common,21.956843116695605,,peak_abundance_with_occupancy_days_modifiers,0.899
soulap1,CO,0.5202807825367458,0.6490750000000001,0.6825,nonbreeding,0.901,0.0773,0.0433,175.0,90.10000000000001,0.21697393895337738,fairly_common,21.69739389533774,,peak_abundance_with_occupancy_days_modifiers,0.901
fotfly,CO,0.4546361521146138,0.3426,0.5756,postbreeding_migration,0.717,0.2812,0.2216,133.0,71.7,0.18959800174427482,fairly_common,18.959800174427482,,peak_abundance_with_occupancy_days_modifiers,0.717
scaibi,CO,0.4525042197633784,0.5722445055019623,0.5722445055019623,resident,0.2628907873555259,0.4004377306494899,0.2045492078067914,365.0,26.28907873555259,0.1887089168974844,fairly_common,18.87089168974844,,peak_abundance_with_occupancy_days_modifiers,0.2628907873555259
turvul,CO,0.45056593535326045,0.474525,0.5692,prebreeding_migration,0.9733,0.0552,0.046,126.0,97.33000000000001,0.18790058951467256,fairly_common,18.790058951467255,,peak_abundance_with_occupancy_days_modifiers,0.9733
yercac1,CO,0.4371575548406541,0.5483,0.5483,resident,0.5974,0.0945,0.1446,365.0,59.74,0.1823088605243741,common,18.23088605243741,,peak_abundance_with_occupancy_days_modifiers,0.5974
bafibi1,CO,0.42794388986859067,0.5341,0.5341,resident,0.3277,0.1414,0.2305,365.0,32.769999999999996,0.17846646378729264,fairly_common,17.846646378729265,,peak_abundance_with_occupancy_days_modifiers,0.3277
ftpswi1,CO,0.4009436952363327,0.4932331899911094,0.4932331899911094,resident,0.6626977590442434,0.1475565913265676,0.1702793346176629,365.0,66.26977590442435,0.167206508050882,common,16.720650805088198,,peak_abundance_with_occupancy_days_modifiers,0.6626977590442434
rugdov,CO,0.4007875185570533,0.493,0.493,resident,0.4505,0.0606,0.075,365.0,45.050000000000004,0.16714137731683743,fairly_common,16.714137731683742,,peak_abundance_with_occupancy_days_modifiers,0.4505
greegr,CO,0.39709685843764775,0.401775,0.4875,nonbreeding,0.6272,0.0219,0.039,133.0,62.72,0.16560225250130767,fairly_common,16.560225250130767,,peak_abundance_with_occupancy_days_modifiers,0.6272
brtpar1,CO,0.3961552387823867,0.4861,0.4861,resident,0.2776,0.3446,0.3802,365.0,27.76,0.16520956660466202,fairly_common,16.5209566604662,,peak_abundance_with_occupancy_days_modifiers,0.2776
rebmac2,CO,0.3835690462708234,0.4675128752421461,0.4675128752421461,resident,0.5514008037422704,0.1137782100636728,0.13525629749501,365.0,55.14008037422704,0.15996071664263883,common,15.996071664263884,,peak_abundance_with_occupancy_days_modifiers,0.5514008037422704
whttou1,CO,0.36352921885100414,0.4383968845955195,0.4383968845955195,resident,0.6578434587842434,0.0968244159048356,0.0910392952887857,365.0,65.78434587842435,0.15160345949002246,common,15.160345949002247,,peak_abundance_with_occupancy_days_modifiers,0.6578434587842434
pavpig2,CO,0.3556444131242084,0.4271,0.4271,resident,0.7015,0.1002,0.1905,365.0,70.15,0.14831524010186128,common,14.83152401018613,,peak_abundance_with_occupancy_days_modifiers,0.7015
grekis,CO,0.3437315383028032,0.4102,0.4102,resident,0.6754,0.0614,0.0432,365.0,67.54,0.14334718542635294,common,14.334718542635294,,peak_abundance_with_occupancy_days_modifiers,0.6754
spepar1,CO,0.34055619743601095,0.4057292361656844,0.4057292361656844,resident,0.3661926475845386,0.9358030443607164,0.9709632627107092,365.0,36.61926475845386,0.1420229654310874,fairly_common,14.202296543108739,,peak_abundance_with_occupancy_days_modifiers,0.3661926475845386
trsowl,CO,0.3363004074786069,0.3997594598668458,0.3997594598668458,resident,0.9106993205628868,0.0746051090942301,0.0770163443253841,365.0,91.06993205628868,0.14024816316775193,common,14.024816316775194,,peak_abundance_with_occupancy_days_modifiers,0.9106993205628868
watjac1,CO,0.333324430330482,0.3956,0.3956,resident,0.3024,0.0744,0.1228,365.0,30.240000000000002,0.13900708430084546,fairly_common,13.900708430084546,,peak_abundance_with_occupancy_days_modifiers,0.3024
neocor,CO,0.33210557375370364,0.3939,0.3939,resident,0.2015,0.0629,0.0736,365.0,20.150000000000002,0.13849878162782842,fairly_common,13.849878162782842,,peak_abundance_with_occupancy_days_modifiers,0.2015
whcswi,CO,0.3318903271161013,0.3936,0.3936,resident,0.5195,0.182,0.1434,365.0,51.949999999999996,0.13840901680780307,common,13.840901680780307,,peak_abundance_with_occupancy_days_modifiers,0.5195
barswa,CO,0.3074111676327762,0.17622500000000002,0.3599,prebreeding_migration,0.5229,0.0085,0.0037,140.0,52.290000000000006,0.12820041438841656,fairly_common,12.820041438841656,,peak_abundance_with_occupancy_days_modifiers,0.5229
yehcar1,CO,0.3048341312693465,0.3564,0.3564,resident,0.5973,0.0871,0.2798,365.0,59.730000000000004,0.1271257067509882,common,12.712570675098819,,peak_abundance_with_occupancy_days_modifiers,0.5973
blhpar1,CO,0.30254605410032287,0.3533,0.3533,resident,0.5884,0.1047,0.0951,365.0,58.84,0.12617150445742703,common,12.617150445742704,,peak_abundance_with_occupancy_days_modifiers,0.5884
ywcpar,CO,0.2998082522496215,0.3496,0.3496,resident,0.4882,0.1512,0.2389,365.0,48.82,0.12502975240438335,fairly_common,12.502975240438335,,peak_abundance_with_occupancy_days_modifiers,0.4882
scrpih1,CO,0.29787587481228617,0.346994581547226,0.346994581547226,resident,0.6158678017174981,0.0799401592052187,0.0484181122769623,365.0,61.58678017174981,0.12422388842055711,common,12.42238884205571,,peak_abundance_with_occupancy_days_modifiers,0.6158678017174981
greani1,CO,0.28472771262534446,0.3294,0.3294,resident,0.5674,0.1094,0.1713,365.0,56.74,0.118740678900903,common,11.874067890090299,,peak_abundance_with_occupancy_days_modifiers,0.5674
houwre,CO,0.27710129290759383,0.295275,0.3193,postbreeding_migration,0.9643,0.0604,0.0513,126.0,96.43,0.11556021484800438,fairly_common,11.55602148480044,,peak_abundance_with_occupancy_days_modifiers,0.9643
srwswa1,CO,0.2621334686054057,0.2692,0.2997,breeding,0.8574,0.0783,0.0984,224.0,85.74000000000001,0.10931814728484494,common,10.931814728484495,,peak_abundance_with_occupancy_days_modifiers,0.8574
chfmac1,CO,0.2616717170195501,0.2991,0.2991,resident,0.5805,0.1264,0.1583,365.0,58.050000000000004,0.1091255819167516,common,10.91255819167516,,peak_abundance_with_occupancy_days_modifiers,0.5805
paltan1,CO,0.25982257557270155,0.2967,0.2967,resident,0.838,0.1106,0.1482,365.0,83.8,0.10835443003709067,common,10.835443003709067,,peak_abundance_with_occupancy_days_modifiers,0.838
saffin,CO,0.2534011384749067,0.2884,0.2884,resident,0.3621,0.0544,0.0434,365.0,36.21,0.10567648276781694,fairly_common,10.567648276781693,,peak_abundance_with_occupancy_days_modifiers,0.3621
gnbtro1,CO,0.253341536531234,0.2883232111441773,0.2883232111441773,resident,0.6575589572851378,0.0956003594674525,0.1057866536224403,365.0,65.75589572851378,0.10565162682671357,common,10.565162682671357,,peak_abundance_with_occupancy_days_modifiers,0.6575589572851378
eardov1,CO,0.2509143482595663,0.2852,0.2852,resident,0.3005,0.0476,0.0113,365.0,30.049999999999997,0.10463941069734316,fairly_common,10.463941069734316,,peak_abundance_with_occupancy_days_modifiers,0.3005
sibtan2,CO,0.24732871810256477,0.2806,0.2806,resident,0.5566,0.0754,0.0876,365.0,55.66,0.10314408677820584,common,10.314408677820584,,peak_abundance_with_occupancy_days_modifiers,0.5566
orwpar,CO,0.23893815721285064,0.2699,0.2699,resident,0.5117,0.0848,0.097,365.0,51.17,0.09964495110497765,common,9.964495110497765,,peak_abundance_with_occupancy_days_modifiers,0.5117
wfwduc1,CO,0.23878065209360866,0.2697,0.2697,resident,0.0985,0.0152,0.0167,365.0,9.85,0.0995792663684386,fairly_common,9.95792663684386,,peak_abundance_with_occupancy_days_modifiers,0.0985
colcha1,CO,0.23867454563115564,0.269565283771881,0.269565283771881,resident,0.2109549526500967,1.0,1.0,365.0,21.09549526500967,0.09953501653665621,fairly_common,9.95350165366562,,peak_abundance_with_occupancy_days_modifiers,0.2109549526500967
flrtan1,CO,0.2361305437237185,0.2663396120655337,0.2663396120655337,resident,0.2811475781319342,0.679839517143453,0.594402184312124,365.0,28.11475781319342,0.09847408533740988,fairly_common,9.847408533740989,,peak_abundance_with_occupancy_days_modifiers,0.2811475781319342
grfdov1,CO,0.23413086814422357,0.2638098738387889,0.2638098738387889,resident,0.7769743111998739,0.0947561781471586,0.1546568318381577,365.0,77.69743111998739,0.09764015584842042,common,9.764015584842042,,peak_abundance_with_occupancy_days_modifiers,0.7769743111998739
orcpar,CO,0.22904609696682368,0.2574,0.2574,resident,0.2162,0.3796,0.3593,365.0,21.62,0.0955196415644643,fairly_common,9.551964156446429,,peak_abundance_with_occupancy_days_modifiers,0.2162
blbgra1,CO,0.2281708930282351,0.2563,0.2563,resident,0.7251,0.0791,0.0386,365.0,72.50999999999999,0.09515465317297077,common,9.515465317297076,,peak_abundance_with_occupancy_days_modifiers,0.7251
chwcha1,CO,0.22761333790777008,0.2555997387374268,0.2555997387374268,resident,0.2719232840033723,1.0,1.0,365.0,27.192328400337228,0.09492213462773244,fairly_common,9.492213462773243,,peak_abundance_with_occupancy_days_modifiers,0.2719232840033723
gilbar1,CO,0.2257013084176941,0.2532012886935354,0.2532012886935354,resident,0.5353637271848579,0.1740009775511563,0.2380897074027183,365.0,53.536372718485794,0.09412475639701237,common,9.412475639701237,,peak_abundance_with_occupancy_days_modifiers,0.5353637271848579
roahaw,CO,0.21712547898864673,0.2425,0.2425,resident,0.9357,0.0755,0.0963,365.0,93.57,0.09054835774177027,common,9.054835774177027,,peak_abundance_with_occupancy_days_modifiers,0.9357
snoegr,CO,0.21171853364474214,0.19605,0.2358,nonbreeding,0.5123,0.0892,0.0684,119.0,51.23,0.08829348639470155,fairly_common,8.829348639470155,,peak_abundance_with_occupancy_days_modifiers,0.5123
scadov1,CO,0.21058502206681404,0.2344,0.2344,resident,0.214,0.0509,0.0799,365.0,21.4,0.08782077535065111,fairly_common,8.782077535065111,,peak_abundance_with_occupancy_days_modifiers,0.214
cargra1,CO,0.20985565698727435,0.2335,0.2335,resident,0.2344,0.4436,0.3488,365.0,23.44,0.08751660648730937,fairly_common,8.751660648730937,,peak_abundance_with_occupancy_days_modifiers,0.2344
swahaw,CO,0.20928800502376896,0.1287,0.2328,prebreeding_migration,0.1156,0.0357,0.273,91.0,11.559999999999999,0.08727987723147207,fairly_common,8.727987723147207,,peak_abundance_with_occupancy_days_modifiers,0.1156
rumfly1,CO,0.20790807867143224,0.2311,0.2311,resident,0.6861,0.1044,0.1375,365.0,68.61,0.08670440324476775,common,8.670440324476775,,peak_abundance_with_occupancy_days_modifiers,0.6861
brcmar1,CO,0.20310409597648313,0.168575,0.2252,postbreeding_migration,0.6809,0.0835,0.0434,126.0,68.08999999999999,0.08470098685313243,fairly_common,8.470098685313243,,peak_abundance_with_occupancy_days_modifiers,0.6809
whtdov,CO,0.19745644437822474,0.2183,0.2183,resident,0.518,0.0521,0.0467,365.0,51.800000000000004,0.08234573320117973,common,8.234573320117972,,peak_abundance_with_occupancy_days_modifiers,0.518
gybmar,CO,0.19589567682107253,0.1802,0.2164,prebreeding_migration,0.6726,0.0712,0.0732,112.0,67.25999999999999,0.08169484257436314,fairly_common,8.169484257436315,,peak_abundance_with_occupancy_days_modifiers,0.6726
meapar,CO,0.19004167980909276,0.2093,0.2093,resident,0.4071,0.0972,0.1074,365.0,40.71,0.07925353620106686,fairly_common,7.925353620106685,,peak_abundance_with_occupancy_days_modifiers,0.4071
yehbla2,CO,0.1853208464917004,0.2036045504807234,0.2036045504807234,resident,0.2209867945362932,0.3487321521227201,0.3214132910150205,365.0,22.09867945362932,0.07728479579319944,fairly_common,7.728479579319944,,peak_abundance_with_occupancy_days_modifiers,0.2209867945362932
easkin,CO,0.17739276355720188,0.10236666666666666,0.1941,prebreeding_migration,0.6301,0.4918,0.1358,112.0,63.01,0.07397852840761576,uncommon,7.397852840761576,,peak_abundance_with_occupancy_days_modifiers,0.6301
shtswi1,CO,0.17605194378035924,0.1925,0.1925,resident,0.5427,0.1597,0.2454,365.0,54.269999999999996,0.07341936312961014,fairly_common,7.341936312961014,,peak_abundance_with_occupancy_days_modifiers,0.5427
grrswi1,CO,0.17302850988236199,0.1889,0.1889,resident,0.5448,0.1554,0.2612,365.0,54.48,0.07215849326081526,fairly_common,7.215849326081527,,peak_abundance_with_occupancy_days_modifiers,0.5448
cotfly1,CO,0.17008027037160076,0.1854,0.1854,resident,0.4986,0.1043,0.1165,365.0,49.86,0.07092898188715105,uncommon,7.092898188715105,,peak_abundance_with_occupancy_days_modifiers,0.4986
buwtea,CO,0.16720791898390644,0.107075,0.182,nonbreeding,0.073,0.1098,0.0876,133.0,7.3,0.06973111831893011,uncommon,6.973111831893012,,peak_abundance_with_occupancy_days_modifiers,0.073
creoro1,CO,0.16712331303605787,0.1819,0.1819,resident,0.5157,0.1166,0.1503,365.0,51.57000000000001,0.0696958348981701,fairly_common,6.96958348981701,,peak_abundance_with_occupancy_days_modifiers,0.5157
bicwre1,CO,0.16568391564093132,0.1802,0.1802,resident,0.2691,0.4497,0.5318,365.0,26.91,0.06909555956027065,uncommon,6.909555956027065,,peak_abundance_with_occupancy_days_modifiers,0.2691
blcjay1,CO,0.15529288440603534,0.168,0.168,resident,0.2361,0.6868,0.7183,365.0,23.61,0.06476216295501792,uncommon,6.476216295501793,,peak_abundance_with_occupancy_days_modifiers,0.2361
y00678,CO,0.15383634471486715,0.1663,0.1663,resident,0.3625,0.0374,0.0296,365.0,36.25,0.06415473872440579,uncommon,6.415473872440579,,peak_abundance_with_occupancy_days_modifiers,0.3625
norscr1,CO,0.15238653192754603,0.1646103085102832,0.1646103085102832,resident,0.24040074675494,0.8252280164074299,0.9262221707991568,365.0,24.040074675494,0.0635501198305918,uncommon,6.355011983059181,,peak_abundance_with_occupancy_days_modifiers,0.24040074675494
compau,CO,0.15074488669242544,0.1627,0.1627,resident,0.8396,0.075,0.0554,365.0,83.96000000000001,0.06286550059231924,fairly_common,6.286550059231924,,peak_abundance_with_occupancy_days_modifiers,0.8396
bubtan2,CO,0.14618845017915902,0.1574142824290734,0.1574142824290734,resident,0.320397536449504,0.0781025841368466,0.0717883122920263,365.0,32.039753644950395,0.06096531897681897,uncommon,6.096531897681897,,peak_abundance_with_occupancy_days_modifiers,0.320397536449504
reccar3,CO,0.14528999584514368,0.1563748655549913,0.1563748655549913,resident,0.2821293457675549,0.3645976561154186,0.3347166868187853,365.0,28.212934576755487,0.06059063441731906,uncommon,6.059063441731906,,peak_abundance_with_occupancy_days_modifiers,0.2821293457675549
tromoc,CO,0.14444660436502813,0.1554,0.1554,resident,0.4073,0.3765,0.2948,365.0,40.73,0.06023891285145964,uncommon,6.023891285145964,,peak_abundance_with_occupancy_days_modifiers,0.4073
shicow,CO,0.14184672422823638,0.1524,0.1524,resident,0.4055,0.051,0.0213,365.0,40.550000000000004,0.05915467862059702,uncommon,5.915467862059702,,peak_abundance_with_occupancy_days_modifiers,0.4055
crebob1,CO,0.1377599397044856,0.1477,0.1477,resident,0.2855,0.385,0.361,365.0,28.549999999999997,0.0574503570974216,uncommon,5.74503570974216,,peak_abundance_with_occupancy_days_modifiers,0.2855
chbtou1,CO,0.13573704847735704,0.145380674401235,0.145380674401235,resident,0.4881311131470081,0.0972182720244468,0.0730084938225603,365.0,48.813111314700805,0.056606745931381035,uncommon,5.660674593138103,,peak_abundance_with_occupancy_days_modifiers,0.4881311131470081
yelori1,CO,0.13278111123381847,0.142,0.142,resident,0.2805,0.3921,0.4234,365.0,28.050000000000004,0.055374024353808136,uncommon,5.537402435380813,,peak_abundance_with_occupancy_days_modifiers,0.2805
brwhaw,CO,0.13216796357741728,0.08503333333333334,0.1413,prebreeding_migration,0.2931,0.2718,0.3755,91.0,29.310000000000002,0.055118321920363006,uncommon,5.511832192036301,,peak_abundance_with_occupancy_days_modifiers,0.2931
banana,CO,0.13076506987955253,0.1397,0.1397,resident,0.5668,0.0756,0.0837,365.0,56.68,0.05453326980662845,fairly_common,5.453326980662845,,peak_abundance_with_occupancy_days_modifiers,0.5668
bunibi1,CO,0.1306773236416162,0.1396,0.1396,resident,0.1683,0.0451,0.0727,365.0,16.830000000000002,0.054496676783183366,uncommon,5.449667678318336,,peak_abundance_with_occupancy_days_modifiers,0.1683
whwswa1,CO,0.12724920091546355,0.1357,0.1357,resident,0.3815,0.1352,0.1478,365.0,38.15,0.053067038564600134,uncommon,5.306703856460014,,peak_abundance_with_occupancy_days_modifiers,0.3815
recwoo1,CO,0.1265445413249562,0.1349,0.1349,resident,0.3407,0.4332,0.4502,365.0,34.07,0.05277317269043085,uncommon,5.277317269043085,,peak_abundance_with_occupancy_days_modifiers,0.3407
yectyr1,CO,0.12495723940438382,0.1331,0.1331,resident,0.6218,0.1218,0.1494,365.0,62.18,0.05211121637458224,fairly_common,5.211121637458224,,peak_abundance_with_occupancy_days_modifiers,0.6218
whfant4,CO,0.12413281967433838,0.1321662349639325,0.1321662349639325,resident,0.3915549051767729,0.3638337186731243,0.3254526609418371,365.0,39.155490517677286,0.05176740664302407,uncommon,5.176740664302407,,peak_abundance_with_occupancy_days_modifiers,0.3915549051767729
baywre1,CO,0.12398300504625608,0.1319966326052884,0.1319966326052884,resident,0.3028142126165019,0.4920015865272967,0.5541915541838384,365.0,30.281421261650188,0.05170492909040456,uncommon,5.1704929090404566,,peak_abundance_with_occupancy_days_modifiers,0.3028142126165019
gohman1,CO,0.12335372313595555,0.1312845116877742,0.1312845116877742,resident,0.4168902890847293,0.2229616166799908,0.2121620499056161,365.0,41.68902890847293,0.051442498150471895,uncommon,5.144249815047189,,peak_abundance_with_occupancy_days_modifiers,0.4168902890847293
bubwre1,CO,0.1228369099590624,0.1307,0.1307,resident,0.4583,0.0845,0.102,365.0,45.83,0.05122697031539261,uncommon,5.1226970315392615,,peak_abundance_with_occupancy_days_modifiers,0.4583
squcuc1,CO,0.12071207516226334,0.1283,0.1283,resident,0.8591,0.0755,0.0763,365.0,85.91,0.05034084537870208,fairly_common,5.034084537870208,,peak_abundance_with_occupancy_days_modifiers,0.8591
partan1,CO,0.11707167158583756,0.1242,0.1242,resident,0.3459,0.0915,0.0919,365.0,34.589999999999996,0.04882267916947585,uncommon,4.882267916947585,,peak_abundance_with_occupancy_days_modifiers,0.3459
plupig2,CO,0.11633735020285826,0.1233747789270763,0.1233747789270763,resident,0.4491938006788606,0.0990930560545226,0.078361910270846,365.0,44.91938006788606,0.04851644336705799,uncommon,4.851644336705799,,peak_abundance_with_occupancy_days_modifiers,0.4491938006788606
labter1,CO,0.11624351604371559,0.1232693729447118,0.1232693729447118,resident,0.1184615603611129,0.1114612963016538,0.0902099719473763,365.0,11.84615603611129,0.04847731148327348,uncommon,4.847731148327348,,peak_abundance_with_occupancy_days_modifiers,0.1184615603611129
woosto,CO,0.11431034617741084,0.07012499999999999,0.1211,nonbreeding,0.1641,0.047,0.0737,161.0,16.41,0.047671117030899095,uncommon,4.76711170308991,,peak_abundance_with_occupancy_days_modifiers,0.1641
yebela1,CO,0.11431034617741084,0.1211,0.1211,resident,0.4155,0.0839,0.0879,365.0,41.55,0.047671117030899095,uncommon,4.76711170308991,,peak_abundance_with_occupancy_days_modifiers,0.4155
libher,CO,0.11279282747512216,0.0708,0.1194,nonbreeding,0.6082,0.342,0.2128,133.0,60.81999999999999,0.047038262577452604,uncommon,4.70382625774526,,peak_abundance_with_occupancy_days_modifiers,0.6082
bawswa1,CO,0.11225668234566762,0.11035,0.1188,breeding,0.2216,0.0777,0.0717,133.0,22.16,0.04681467269196574,uncommon,4.681467269196574,,peak_abundance_with_occupancy_days_modifiers,0.2216
origoo1,CO,0.11154137473290741,0.118,0.118,resident,0.0431,0.2135,0.4567,365.0,4.31,0.04651636624761234,rare,4.651636624761234,rare,peak_abundance_with_occupancy_days_modifiers,0.0431
rucspa1,CO,0.10957163642929092,0.1158,0.1158,resident,0.132,0.0205,0.009,365.0,13.200000000000001,0.045694921572375216,uncommon,4.569492157237522,,peak_abundance_with_occupancy_days_modifiers,0.132
bknsti,CO,0.10831614348345889,0.06242500000000001,0.1144,nonbreeding,0.0913,0.0283,0.0252,140.0,9.13,0.045171340346758675,uncommon,4.517134034675867,,peak_abundance_with_occupancy_days_modifiers,0.0913
stbwoo2,CO,0.10768780541691743,0.1137,0.1137,resident,0.5948,0.1218,0.1572,365.0,59.48,0.04490930302024595,fairly_common,4.490930302024595,,peak_abundance_with_occupancy_days_modifiers,0.5948
swtkit,CO,0.10714891551704307,0.090075,0.1131,breeding,0.5749,0.101,0.1363,98.0,57.489999999999995,0.044684568476587,uncommon,4.4684568476587,,peak_abundance_with_occupancy_days_modifiers,0.5749
cocher1,CO,0.10651984337767273,0.1124,0.1124,resident,0.3012,0.0825,0.1181,365.0,30.12,0.044422225017927044,uncommon,4.442222501792704,,peak_abundance_with_occupancy_days_modifiers,0.3012
pirfly1,CO,0.10634003577132656,0.0895,0.1122,prebreeding_migration,0.788,0.129,0.2408,112.0,78.8,0.044347239421856234,uncommon,4.434723942185624,,peak_abundance_with_occupancy_days_modifiers,0.788
bobfly1,CO,0.10607026372706647,0.1119,0.1119,resident,0.6646,0.0741,0.0853,365.0,66.46,0.04423473574109898,fairly_common,4.423473574109898,,peak_abundance_with_occupancy_days_modifiers,0.6646
chbant1,CO,0.10408042679468098,0.1096897001123524,0.1096897001123524,resident,0.261033665557166,0.5813527622354733,0.5495458975390054,365.0,26.1033665557166,0.043404909286642035,uncommon,4.340490928664203,,peak_abundance_with_occupancy_days_modifiers,0.261033665557166
plukit1,CO,0.10372918576247687,0.08030000000000001,0.1093,breeding,0.6977,0.121,0.1788,133.0,69.77,0.0432584303990156,uncommon,4.32584303990156,,peak_abundance_with_occupancy_days_modifiers,0.6977
linwoo1,CO,0.10309795800356726,0.1086,0.1086,resident,0.8119,0.0856,0.1074,365.0,81.19,0.04299518797718418,fairly_common,4.2995187977184175,,peak_abundance_with_occupancy_days_modifiers,0.8119
rebbla1,CO,0.1028273097994703,0.1083,0.1083,resident,0.2619,0.2445,0.2364,365.0,26.19,0.042882318909394965,uncommon,4.288231890939496,,peak_abundance_with_occupancy_days_modifiers,0.2619
greibi1,CO,0.10129225148187232,0.1066,0.1066,resident,0.4738,0.0909,0.1276,365.0,47.38,0.04224214986823138,uncommon,4.224214986823139,,peak_abundance_with_occupancy_days_modifiers,0.4738
scamac1,CO,0.09866817179670131,0.1037,0.1037,resident,0.3749,0.0972,0.1071,365.0,37.49,0.04114782364183669,uncommon,4.114782364183669,,peak_abundance_with_occupancy_days_modifiers,0.3749
whwbec1,CO,0.09685444136388219,0.0907,0.1017,nonbreeding,0.8289,0.0833,0.1485,287.0,82.89,0.040391439302039193,fairly_common,4.039143930203919,,peak_abundance_with_occupancy_days_modifiers,0.8289
brnpel,CO,0.095946341047209,0.075975,0.1007,breeding,0.0129,0.0588,0.0481,161.0,1.29,0.0400127320553239,rare,4.00127320553239,rare,peak_abundance_with_occupancy_days_modifiers,0.0129
rinkin1,CO,0.09585548564352137,0.1006,0.1006,resident,0.6491,0.1111,0.1316,365.0,64.91,0.039974842409050235,fairly_common,3.9974842409050235,,peak_abundance_with_occupancy_days_modifiers,0.6491
rudpig,CO,0.09549198145922065,0.1002,0.1002,resident,0.5056,0.1057,0.1126,365.0,50.56,0.0398232493897786,fairly_common,3.98232493897786,,peak_abundance_with_occupancy_days_modifiers,0.5056
rosspo1,CO,0.09194087369835728,0.0682,0.0963,prebreeding_migration,0.1129,0.0625,0.1173,189.0,11.29,0.03834232242806055,uncommon,3.834232242806055,,peak_abundance_with_occupancy_days_modifiers,0.1129
bacant2,CO,0.0887874437859033,0.0928483399313405,0.0928483399313405,resident,0.1409613017967618,0.9985542616992004,0.9990875015643615,365.0,14.09613017967618,0.03702724001048107,uncommon,3.702724001048107,,peak_abundance_with_occupancy_days_modifiers,0.1409613017967618
baymac,CO,0.08819401073591628,0.0922,0.0922,resident,0.2881,0.0611,0.0364,365.0,28.810000000000002,0.03677975920649484,uncommon,3.6779759206494838,,peak_abundance_with_occupancy_days_modifiers,0.2881
batpig1,CO,0.08782771036552019,0.08262499999999999,0.0918,prebreeding_migration,0.1233,0.203,0.1805,112.0,12.33,0.03662700008704898,uncommon,3.6627000087048978,,peak_abundance_with_occupancy_days_modifiers,0.1233
blcant4,CO,0.08755289700786154,0.0915,0.0915,resident,0.2595,0.3061,0.3528,365.0,25.95,0.0365123940153092,uncommon,3.65123940153092,,peak_abundance_with_occupancy_days_modifiers,0.2595
whfant2,CO,0.0872780081070606,0.0912,0.0912,resident,0.4137,0.0904,0.1013,365.0,41.370000000000005,0.03639775643963222,uncommon,3.6397756439632225,,peak_abundance_with_occupancy_days_modifiers,0.4137
whiher1,CO,0.0872780081070606,0.0912,0.0912,resident,0.1849,0.0431,0.1118,365.0,18.490000000000002,0.03639775643963222,uncommon,3.6397756439632225,,peak_abundance_with_occupancy_days_modifiers,0.1849
bkbwar,CO,0.08681969195256017,0.05723333333333333,0.0907,nonbreeding,0.1777,0.501,0.7189,91.0,17.77,0.03620662375769256,uncommon,3.620662375769256,,peak_abundance_with_occupancy_days_modifiers,0.1777
pbgdov1,CO,0.08553528810626275,0.0893,0.0893,resident,0.4109,0.1433,0.1142,365.0,41.089999999999996,0.03567098575011662,uncommon,3.5670985750116615,,peak_abundance_with_occupancy_days_modifiers,0.4109
whbman1,CO,0.08553528810626275,0.0893,0.0893,resident,0.4835,0.145,0.2285,365.0,48.35,0.03567098575011662,uncommon,3.5670985750116615,,peak_abundance_with_occupancy_days_modifiers,0.4835
rubsee1,CO,0.08480060169246507,0.0885,0.0885,resident,0.3888,0.4207,0.3667,365.0,38.879999999999995,0.03536459771802371,uncommon,3.5364597718023707,,peak_abundance_with_occupancy_days_modifiers,0.3888
goppar1,CO,0.08438376318973764,0.0880463658424411,0.0880463658424411,resident,0.1118515737515448,0.5165073065127187,0.8754999428718254,365.0,11.18515737515448,0.03519076256039356,uncommon,3.519076256039356,,peak_abundance_with_occupancy_days_modifiers,0.1118515737515448
socfly1,CO,0.08240913624071772,0.0859,0.0859,resident,0.6416,0.1104,0.0635,365.0,64.16,0.034367279161673064,fairly_common,3.4367279161673063,,peak_abundance_with_occupancy_days_modifiers,0.6416
blkski,CO,0.08240913624071772,0.04065,0.0859,nonbreeding,0.2132,0.2105,0.1206,140.0,21.32,0.034367279161673064,uncommon,3.4367279161673063,,peak_abundance_with_occupancy_days_modifiers,0.2132
blttit1,CO,0.082257554149226,0.0857354094816518,0.0857354094816518,resident,0.4682116306643776,0.0796937274174156,0.1686059292608049,365.0,46.82116306643776,0.03430406451956115,uncommon,3.4304064519561153,,peak_abundance_with_occupancy_days_modifiers,0.4682116306643776
strfly1,CO,0.08176430180263962,0.06625,0.0852,nonbreeding,0.7841,0.084,0.1602,112.0,78.41,0.034098362313888596,uncommon,3.4098362313888595,,peak_abundance_with_occupancy_days_modifiers,0.7841
butsal1,CO,0.08148781684626795,0.0849,0.0849,resident,0.5347,0.0834,0.0938,365.0,53.47,0.033983059131340095,fairly_common,3.3983059131340094,,peak_abundance_with_occupancy_days_modifiers,0.5347
laufal1,CO,0.07982729985955439,0.0831,0.0831,resident,0.7979,0.0854,0.1028,365.0,79.79,0.033290569761370355,fairly_common,3.3290569761370357,,peak_abundance_with_occupancy_days_modifiers,0.7979
swatan1,CO,0.07930871498394726,0.0575913811873196,0.0825384663352472,breeding,0.3180627926154291,0.0725089726152983,0.0846316887064304,203.0,31.806279261542908,0.033074303070539525,uncommon,3.3074303070539526,,peak_abundance_with_occupancy_days_modifiers,0.3180627926154291
lyhvul1,CO,0.07825649796576742,0.0814,0.0814,resident,0.3388,0.0747,0.08,365.0,33.879999999999995,0.03263549449115062,uncommon,3.2635494491150623,,peak_abundance_with_occupancy_days_modifiers,0.3388
spbwoo1,CO,0.07811661956255467,0.0812487460735912,0.0812487460735912,resident,0.341618035810276,0.2843405373616796,0.4478859749122523,365.0,34.1618035810276,0.032577160666150205,uncommon,3.2577160666150204,,peak_abundance_with_occupancy_days_modifiers,0.341618035810276
sobtyr1,CO,0.07807153542015548,0.06795,0.0812,breeding,0.6988,0.0637,0.0465,161.0,69.88,0.03255835911843017,uncommon,3.255835911843017,,peak_abundance_with_occupancy_days_modifiers,0.6988
crbtan1,CO,0.07714620917665369,0.0802,0.0802,resident,0.1719,0.786,0.8182,365.0,17.19,0.03217246810225505,uncommon,3.2172468102255047,,peak_abundance_with_occupancy_days_modifiers,0.1719
thbeup1,CO,0.07696104113612832,0.08,0.08,resident,0.2782,0.3446,0.445,365.0,27.82,0.032095247031499415,uncommon,3.2095247031499414,,peak_abundance_with_occupancy_days_modifiers,0.2782
grbani,CO,0.0744579109180098,0.06997500000000001,0.0773,postbreeding_migration,0.1576,0.1225,0.0724,133.0,15.76,0.031051360650591095,uncommon,3.1051360650591096,,peak_abundance_with_occupancy_days_modifiers,0.1576
crcwoo1,CO,0.07427224437458746,0.0771,0.0771,resident,0.5916,0.0724,0.0912,365.0,59.160000000000004,0.03097393168798021,fairly_common,3.097393168798021,,peak_abundance_with_occupancy_days_modifiers,0.5916
purgal2,CO,0.07371503782228067,0.05455,0.0765,breeding,0.4696,0.0934,0.2002,112.0,46.96,0.030741558506954477,uncommon,3.0741558506954476,,peak_abundance_with_occupancy_days_modifiers,0.4696
bludac1,CO,0.07371503782228067,0.0765,0.0765,resident,0.4749,0.0673,0.0674,365.0,47.49,0.030741558506954477,uncommon,3.0741558506954476,,peak_abundance_with_occupancy_days_modifiers,0.4749
pabspi1,CO,0.07362213987061368,0.0764,0.0764,resident,0.3912,0.0721,0.1028,365.0,39.12,0.03070281705201239,uncommon,3.070281705201239,,peak_abundance_with_occupancy_days_modifiers,0.3912
putfru1,CO,0.07362213987061368,0.0764,0.0764,resident,0.3519,0.0832,0.091,365.0,35.19,0.03070281705201239,uncommon,3.070281705201239,,peak_abundance_with_occupancy_days_modifiers,0.3519
littin1,CO,0.07325046173959267,0.076,0.076,resident,0.5485,0.12,0.1304,365.0,54.85,0.03054781523219262,fairly_common,3.054781523219262,,peak_abundance_with_occupancy_days_modifiers,0.5485
magfri,CO,0.07278566972564769,0.057499999999999996,0.0755,breeding,0.0201,0.0652,0.0649,140.0,2.01,0.030353981907102184,rare,3.0353981907102185,rare,peak_abundance_with_occupancy_days_modifiers,0.0201
piwtyr1,CO,0.07259969241434357,0.0753,0.0753,resident,0.2256,0.4817,0.3867,365.0,22.56,0.030276423344218376,uncommon,3.0276423344218375,,peak_abundance_with_occupancy_days_modifiers,0.2256
brwpar1,CO,0.07232066157962612,0.075,0.075,resident,0.1189,0.7315,0.607,365.0,11.89,0.030160058447935078,uncommon,3.016005844793508,,peak_abundance_with_occupancy_days_modifiers,0.1189
yebfly3,CO,0.07182455745172134,0.0744668203297555,0.0744668203297555,resident,0.3513984413207736,0.0721378065963939,0.0364176547711939,365.0,35.13984413207736,0.029953166957079554,uncommon,2.9953166957079556,,peak_abundance_with_occupancy_days_modifiers,0.3513984413207736
trogna1,CO,0.07148310162186426,0.0741,0.0741,resident,0.1981,0.059,0.0659,365.0,19.81,0.029810768815788494,uncommon,2.9810768815788493,,peak_abundance_with_occupancy_days_modifiers,0.1981
anhing,CO,0.07148310162186426,0.05752500000000001,0.0741,nonbreeding,0.5338,0.1099,0.1367,105.0,53.38,0.029810768815788494,uncommon,2.9810768815788493,,peak_abundance_with_occupancy_days_modifiers,0.5338
miskit,CO,0.07129688188203376,0.05055,0.0739,postbreeding_migration,0.1099,0.0739,0.105,77.0,10.99,0.029733109152356586,uncommon,2.9733109152356585,,peak_abundance_with_occupancy_days_modifiers,0.1099
webwoo1,CO,0.06924617273681433,0.0717,0.0717,resident,0.4617,0.0966,0.0894,365.0,46.17,0.02887789701341016,uncommon,2.887789701341016,,peak_abundance_with_occupancy_days_modifiers,0.4617
ocbfly1,CO,0.06905953593149465,0.0715,0.0715,resident,0.5,0.1147,0.1992,365.0,50.0,0.02880006342015984,uncommon,2.8800063420159843,,peak_abundance_with_occupancy_days_modifiers,0.5
cogdov,CO,0.0688728642863754,0.0713,0.0713,resident,0.2885,0.1421,0.0747,365.0,28.849999999999998,0.028722215297584668,uncommon,2.8722215297584666,,peak_abundance_with_occupancy_days_modifiers,0.2885
grasal4,CO,0.06775210205081847,0.0701,0.0701,resident,0.2615,0.4191,0.4026,365.0,26.150000000000002,0.028254821142272433,uncommon,2.8254821142272433,,peak_abundance_with_occupancy_days_modifiers,0.2615
yebsee1,CO,0.06775210205081847,0.0701,0.0701,resident,0.184,0.0733,0.1264,365.0,18.4,0.028254821142272433,uncommon,2.8254821142272433,,peak_abundance_with_occupancy_days_modifiers,0.184
cattyr,CO,0.06765864847381481,0.07,0.07,resident,0.3204,0.0643,0.0585,365.0,32.04,0.028215847973567444,uncommon,2.8215847973567443,,peak_abundance_with_occupancy_days_modifiers,0.3204
soumar,CO,0.06719124954032327,0.030833333333333334,0.0695,nonbreeding,0.0027,0.0663,0.0386,42.0,0.27,0.028020927478584347,very_rare,2.8020927478584348,very_rare,peak_abundance_with_occupancy_days_modifiers,0.0027
grethr1,CO,0.06672363204290818,0.069,0.069,resident,0.0893,0.3054,0.3491,365.0,8.93,0.027825915835365443,uncommon,2.7825915835365445,,peak_abundance_with_occupancy_days_modifiers,0.0893
easmea,CO,0.06513209493778221,0.061225,0.0673,postbreeding_migration,0.2728,0.0882,0.0679,119.0,27.279999999999998,0.027162193310374335,uncommon,2.7162193310374336,,peak_abundance_with_occupancy_days_modifiers,0.2728
retcar2,CO,0.06475724721527852,0.0669,0.0669,resident,0.3578,0.0937,0.0748,365.0,35.78,0.027005869668238702,uncommon,2.7005869668238702,,peak_abundance_with_occupancy_days_modifiers,0.3578
goftyr1,CO,0.0639133257436528,0.066,0.066,resident,0.1522,0.7315,0.844,365.0,15.22,0.026653927078752394,uncommon,2.6653927078752395,,peak_abundance_with_occupancy_days_modifiers,0.1522
sposan,CO,0.06372569088054483,0.0433,0.0658,nonbreeding,0.6449,0.2356,0.2069,140.0,64.49000000000001,0.026575677263075925,uncommon,2.6575677263075925,,peak_abundance_with_occupancy_days_modifiers,0.6449
gycwor1,CO,0.06259914175651997,0.0646,0.0646,resident,0.3355,0.0812,0.125,365.0,33.550000000000004,0.026105869787826908,uncommon,2.610586978782691,,peak_abundance_with_occupancy_days_modifiers,0.3355
pabthr1,CO,0.061471322088101056,0.0634,0.0634,resident,0.2483,0.0544,0.0415,365.0,24.83,0.025635532454410838,uncommon,2.5635532454410837,,peak_abundance_with_occupancy_days_modifiers,0.2483
verfly,CO,0.06118916831242246,0.056249999999999994,0.0631,breeding,0.2691,0.0705,0.0525,112.0,26.91,0.02551786519059022,uncommon,2.5517865190590223,,peak_abundance_with_occupancy_days_modifiers,0.2691
reevir1,CO,0.05968300216117373,0.041499999999999995,0.0615,prebreeding_migration,0.808,0.2562,0.3371,140.0,80.80000000000001,0.024889745118652787,uncommon,2.488974511865279,,peak_abundance_with_occupancy_days_modifiers,0.808
amakin1,CO,0.05940034328144753,0.0612,0.0612,resident,0.5351,0.1017,0.1117,365.0,53.510000000000005,0.024771867210083197,fairly_common,2.47718672100832,,peak_abundance_with_occupancy_days_modifiers,0.5351
leasan,CO,0.05921185963184608,0.0229,0.061,nonbreeding,0.087,0.1022,0.0509,133.0,8.7,0.02469326342294554,uncommon,2.469326342294554,,peak_abundance_with_occupancy_days_modifiers,0.087
scrgre1,CO,0.05817456405107217,0.0599,0.0599,resident,0.2905,0.5663,0.6053,365.0,29.049999999999997,0.024260677566281644,uncommon,2.4260677566281643,,peak_abundance_with_occupancy_days_modifiers,0.2905
leskis1,CO,0.058080211076524654,0.0598,0.0598,resident,0.4422,0.1459,0.1638,365.0,44.22,0.024221329319668104,uncommon,2.4221329319668103,,peak_abundance_with_occupancy_days_modifiers,0.4422
grnkin,CO,0.05798584919865327,0.0597,0.0597,resident,0.6268,0.1111,0.1431,365.0,62.68,0.024181977360080122,fairly_common,2.418197736008012,,peak_abundance_with_occupancy_days_modifiers,0.6268
solsan,CO,0.05713619137080915,0.043899999999999995,0.0588,nonbreeding,0.5128,0.086,0.1398,140.0,51.28,0.02382764252424191,uncommon,2.3827642524241908,,peak_abundance_with_occupancy_days_modifiers,0.5128
perwaa1,CO,0.05669218280628482,0.0583299880842613,0.0583299880842613,resident,0.2709332298952787,0.064271210006269,0.0482722741024494,365.0,27.09332298952787,0.023642476570765524,uncommon,2.3642476570765525,,peak_abundance_with_occupancy_days_modifiers,0.2709332298952787
strcuc1,CO,0.056474846927978946,0.0581,0.0581,resident,0.3885,0.0566,0.0732,365.0,38.85,0.023551840469693323,uncommon,2.3551840469693324,,peak_abundance_with_occupancy_days_modifiers,0.3885
savhaw1,CO,0.05638033343610764,0.058,0.058,resident,0.2658,0.0614,0.087,365.0,26.58,0.02351242528215638,uncommon,2.351242528215638,,peak_abundance_with_occupancy_days_modifiers,0.2658
rubpep1,CO,0.05590763193829598,0.0575,0.0575,resident,0.472,0.0436,0.0266,365.0,47.199999999999996,0.023315293446094187,uncommon,2.3315293446094185,,peak_abundance_with_occupancy_days_modifiers,0.472
barant1,CO,0.05581306481921279,0.0574,0.0574,resident,0.3534,0.0484,0.0365,365.0,35.339999999999996,0.023275855894272737,uncommon,2.3275855894272737,,peak_abundance_with_occupancy_days_modifiers,0.3534
ducfly,CO,0.05581306481921279,0.052450000000000004,0.0574,breeding,0.75,0.1233,0.0996,133.0,75.0,0.023275855894272737,uncommon,2.3275855894272737,,peak_abundance_with_occupancy_days_modifiers,0.75
peptyr1,CO,0.05541334940481479,0.0569774253812363,0.0569774253812363,resident,0.3534662420765016,0.4063987871512969,0.3946929442955275,365.0,35.346624207650166,0.023109161619117243,uncommon,2.310916161911724,,peak_abundance_with_occupancy_days_modifiers,0.3534662420765016
ruvcha1,CO,0.05534009503316459,0.0569,0.0569,resident,0.0934,0.3214,0.2963,365.0,9.34,0.023078612173325665,uncommon,2.3078612173325666,,peak_abundance_with_occupancy_days_modifiers,0.0934
grefla2,CO,0.05467756129069573,0.0562,0.0562,resident,0.0028,0.0404,0.0756,365.0,0.27999999999999997,0.02280231414230465,very_rare,2.280231414230465,very_rare,peak_abundance_with_occupancy_days_modifiers,0.0028
brratt1,CO,0.053540766928029816,0.055,0.055,resident,0.4357,0.0856,0.0678,365.0,43.57,0.022328234070684447,uncommon,2.2328234070684445,,peak_abundance_with_occupancy_days_modifiers,0.4357
sumtan,CO,0.05335117549699457,0.033466666666666665,0.0548,nonbreeding,0.5349,0.2293,0.2044,98.0,53.49,0.02224916830280628,uncommon,2.224916830280628,,peak_abundance_with_occupancy_days_modifiers,0.5349
bkpwar,CO,0.053161548114232356,0.038200000000000005,0.0546,nonbreeding,0.7098,0.2118,0.4673,112.0,70.98,0.02217008754189344,uncommon,2.217008754189344,,peak_abundance_with_occupancy_days_modifiers,0.7098
turtan1,CO,0.05230615631068612,0.0536982895168398,0.0536982895168398,resident,0.2061530454915554,0.0813621150557528,0.1153844155751024,365.0,20.61530454915554,0.021813361452455885,uncommon,2.1813361452455884,,peak_abundance_with_occupancy_days_modifiers,0.2061530454915554
blbwre1,CO,0.05141993683291996,0.052764895226171,0.052764895226171,resident,0.2258356185478414,0.7747086050163157,0.7764130855658378,365.0,22.58356185478414,0.0214437792243163,uncommon,2.14437792243163,,peak_abundance_with_occupancy_days_modifiers,0.2258356185478414
purhon1,CO,0.05129353465722718,0.0526318318628479,0.0526318318628479,resident,0.2714320587469056,0.0800781559225412,0.0807228240510891,365.0,27.143205874690562,0.021391065422705868,uncommon,2.1391065422705866,,peak_abundance_with_occupancy_days_modifiers,0.2714320587469056
rutjac1,CO,0.05126329393754153,0.0526,0.0526,resident,0.2584,0.0576,0.0557,365.0,25.840000000000003,0.021378454063057006,uncommon,2.1378454063057006,,peak_abundance_with_occupancy_days_modifiers,0.2584
chivir1,CO,0.05116828657439943,0.026775,0.0525,nonbreeding,0.6869,0.0927,0.0771,182.0,68.69,0.021338832915202947,fairly_common,2.1338832915202945,,peak_abundance_with_occupancy_days_modifiers,0.6869
giacow,CO,0.050693114315518116,0.052,0.052,resident,0.5211,0.1386,0.1397,365.0,52.11,0.021140670691743236,fairly_common,2.1140670691743235,,peak_abundance_with_occupancy_days_modifiers,0.5211
varfly,CO,0.050163560390981306,0.037901595283201896,0.0514430567501443,nonbreeding,0.4510011468463497,0.1024978089638028,0.1271881266288034,98.0,45.10011468463497,0.02091982955220552,uncommon,2.0919829552205518,,peak_abundance_with_occupancy_days_modifiers,0.4510011468463497
sctdac1,CO,0.05000408517584094,0.0512753910120814,0.0512753910120814,resident,0.3241278084887926,0.6443449818235454,0.5348474915200462,365.0,32.41278084887926,0.020853323221862625,uncommon,2.0853323221862627,,peak_abundance_with_occupancy_days_modifiers,0.3241278084887926
chewoo2,CO,0.04985954962904674,0.0511234553289282,0.0511234553289282,resident,0.6713657086668563,0.1296235455578208,0.2125579340606694,365.0,67.13657086668563,0.02079304721713723,fairly_common,2.079304721713723,,peak_abundance_with_occupancy_days_modifiers,0.6713657086668563
jamori1,CO,0.04894442080000008,0.0501619819551706,0.0501619819551706,resident,0.21875,0.0059726962457337,0.0017709354675135,0.0,21.875,0.02041140885309867,very_rare,2.041140885309867,very_rare,peak_abundance_with_occupancy_days_modifiers,0.21875
scrtan1,CO,0.04831386027855063,0.0495,0.0495,resident,0.0947,0.9722,0.9806,365.0,9.47,0.020148444690900907,rare,2.014844469090091,,peak_abundance_with_occupancy_days_modifiers,0.0947
masflo1,CO,0.04818491665402494,0.0493646823904193,0.0493646823904193,resident,0.1229614321872342,0.3399825060388026,0.3438674547961335,365.0,12.296143218723419,0.02009467102280599,rare,2.009467102280599,,peak_abundance_with_occupancy_days_modifiers,0.1229614321872342
whttro1,CO,0.04804077985805375,0.0492134412272644,0.0492134412272644,resident,0.2507264597552968,0.7718849694550297,0.8360554455294132,365.0,25.072645975529678,0.02003456131008994,rare,2.003456131008994,,peak_abundance_with_occupancy_days_modifiers,0.2507264597552968
whttro,CO,0.04804077985805375,0.0492134412272644,0.0492134412272644,resident,0.2507264597552968,0.7718849694550297,0.8360554455294132,365.0,25.072645975529678,0.02003456131008994,rare,2.003456131008994,,peak_abundance_with_occupancy_days_modifiers,0.2507264597552968
bcnher,CO,0.04802796901058155,0.0384,0.0492,nonbreeding,0.2005,0.0245,0.0209,112.0,20.05,0.02002921877173238,rare,2.002921877173238,,peak_abundance_with_occupancy_days_modifiers,0.2005
ruther1,CO,0.0479326537553028,0.0491,0.0491,resident,0.3838,0.078,0.0922,365.0,38.379999999999995,0.019989469222884273,rare,1.9989469222884273,,peak_abundance_with_occupancy_days_modifiers,0.3838
forela1,CO,0.04774199598542116,0.0489,0.0489,resident,0.4327,0.0695,0.0389,365.0,43.269999999999996,0.019909958757166932,rare,1.9909958757166932,,peak_abundance_with_occupancy_days_modifiers,0.4327
tactan1,CO,0.047551301858222386,0.0487,0.0487,resident,0.0318,0.5845,0.7632,365.0,3.18,0.019830433129270672,rare,1.9830433129270673,rare,peak_abundance_with_occupancy_days_modifiers,0.0318
kinvul1,CO,0.04726519246711422,0.0484,0.0484,resident,0.5532,0.1036,0.1051,365.0,55.32,0.019711116245687915,uncommon,1.9711116245687914,,peak_abundance_with_occupancy_days_modifiers,0.5532
yeepar1,CO,0.04663581100346475,0.047740364076596,0.047740364076596,resident,0.044592499587825,1.0,1.0,365.0,4.459249958782499,0.019448643788784123,rare,1.9448643788784123,rare,peak_abundance_with_occupancy_days_modifiers,0.044592499587825
plbwoo1,CO,0.046501833651419786,0.0476,0.0476,resident,0.526,0.1119,0.1229,365.0,52.6,0.019392770893264116,uncommon,1.9392770893264115,,peak_abundance_with_occupancy_days_modifiers,0.526
amekes,CO,0.04611993561355312,0.045,0.0472,breeding,0.468,0.0375,0.0252,105.0,46.800000000000004,0.019233507041252287,rare,1.9233507041252287,,peak_abundance_with_occupancy_days_modifiers,0.468
blttro1,CO,0.04600785212233752,0.0470826327455877,0.0470826327455877,resident,0.421855593031871,0.0888320571056436,0.0584394256466007,365.0,42.1855593031871,0.019186764594871526,rare,1.9186764594871526,,peak_abundance_with_occupancy_days_modifiers,0.421855593031871
scbwre1,CO,0.04401688541677432,0.045,0.045,resident,0.3279,0.1161,0.1527,365.0,32.79,0.018356466988404402,rare,1.8356466988404403,,peak_abundance_with_occupancy_days_modifiers,0.3279
dstkne,CO,0.04382547954002956,0.0448,0.0448,resident,0.1497,0.3426,0.3304,365.0,14.97,0.018276644537892888,rare,1.8276644537892888,,peak_abundance_with_occupancy_days_modifiers,0.1497
laugul,CO,0.04334680450336586,0.024825,0.0443,nonbreeding,0.011,0.0508,0.0269,161.0,1.0999999999999999,0.018077021542637954,rare,1.8077021542637954,rare,peak_abundance_with_occupancy_days_modifiers,0.011
azaspi1,CO,0.04296369943211568,0.0439,0.0439,resident,0.0973,0.2912,0.2887,365.0,9.73,0.017917254318607752,rare,1.7917254318607752,,peak_abundance_with_occupancy_days_modifiers,0.0973
slftyr1,CO,0.04296369943211568,0.0439,0.0439,resident,0.3178,0.0964,0.1745,365.0,31.78,0.017917254318607752,rare,1.7917254318607752,,peak_abundance_with_occupancy_days_modifiers,0.3178
whfnun1,CO,0.04289843398647109,0.0438318716245302,0.0438318716245302,resident,0.305020533735185,0.0967182933212577,0.0599225135415074,365.0,30.5020533735185,0.017890036513733238,rare,1.7890036513733238,,peak_abundance_with_occupancy_days_modifiers,0.305020533735185
rtlhum,CO,0.04219704869978835,0.0431,0.0431,resident,0.2191,0.3767,0.2225,365.0,21.91,0.017597536130318087,rare,1.7597536130318088,,peak_abundance_with_occupancy_days_modifiers,0.2191
thlwre1,CO,0.04181350281341039,0.0427,0.0427,resident,0.272,0.0789,0.0609,365.0,27.200000000000003,0.01743758507210097,rare,1.743758507210097,,peak_abundance_with_occupancy_days_modifiers,0.272
gbwwre1,CO,0.04142980976313955,0.0423,0.0423,resident,0.1032,0.3485,0.2952,365.0,10.32,0.017277572641773677,rare,1.7277572641773677,,peak_abundance_with_occupancy_days_modifiers,0.1032
sltred,CO,0.0413338634929772,0.0422,0.0422,resident,0.104,0.1987,0.2091,365.0,10.4,0.017237559939279636,rare,1.7237559939279636,,peak_abundance_with_occupancy_days_modifiers,0.104
grehon1,CO,0.04094998632895411,0.0418,0.0418,resident,0.366,0.101,0.1012,365.0,36.6,0.017077470727553952,rare,1.7077470727553952,,peak_abundance_with_occupancy_days_modifiers,0.366
graspa1,CO,0.04018178963283183,0.041,0.041,resident,0.1421,0.0256,0.0187,365.0,14.21,0.016757107822285816,rare,1.6757107822285815,,peak_abundance_with_occupancy_days_modifiers,0.1421
bucman1,CO,0.03941267824366975,0.0401996628575401,0.0401996628575401,resident,0.2567028247312768,0.6841388047802106,0.6589129114617218,365.0,25.67028247312768,0.016436363460391942,rare,1.6436363460391943,,peak_abundance_with_occupancy_days_modifiers,0.2567028247312768
y01204,CO,0.0389597117947909,0.03735007733914965,0.0397285940073771,postbreeding_migration,0.2950341396621613,0.1279702159485409,0.0959483831717657,154.0,29.50341396621613,0.016247461778981044,rare,1.6247461778981045,,peak_abundance_with_occupancy_days_modifiers,0.2950341396621613
yecspi2,CO,0.038932210001787475,0.0397,0.0397,resident,0.1433,0.0495,0.0435,365.0,14.330000000000002,0.016235992640476416,rare,1.6235992640476415,,peak_abundance_with_occupancy_days_modifiers,0.1433
olipic1,CO,0.03813074406590851,0.0388670497016988,0.0388670497016988,resident,0.218218569825176,0.559398838453944,0.7602335048611217,365.0,21.821856982517602,0.015901755384591692,rare,1.5901755384591691,,peak_abundance_with_occupancy_days_modifiers,0.218218569825176
brbswa1,CO,0.03806620080645633,0.0388,0.0388,resident,0.0364,0.1531,0.231,365.0,3.64,0.015874838754752034,rare,1.5874838754752034,rare,peak_abundance_with_occupancy_days_modifiers,0.0364
goltan1,CO,0.03758476032727121,0.0383,0.0383,resident,0.0753,0.4159,0.4587,365.0,7.53,0.01567406248038905,rare,1.567406248038905,,peak_abundance_with_occupancy_days_modifiers,0.0753
gloibi,CO,0.03719944098910626,0.027450000000000002,0.0379,nonbreeding,0.1025,,,,10.25,0.01551337183533213,rare,1.551337183533213,,peak_abundance_with_occupancy_days_modifiers,0.1025
bncfly,CO,0.03700672562909567,0.031425,0.0377,nonbreeding,0.3476,0.0408,0.0264,140.0,34.760000000000005,0.015433003287882741,rare,1.543300328788274,,peak_abundance_with_occupancy_days_modifiers,0.3476
blctit1,CO,0.03681397312271631,0.0375,0.0375,resident,0.4978,0.1066,0.1938,365.0,49.78,0.015352619249194347,rare,1.5352619249194348,,peak_abundance_with_occupancy_days_modifiers,0.4978
gretin1,CO,0.036717582935162765,0.0374,0.0374,resident,0.3734,0.1113,0.0925,365.0,37.34,0.015312421418769066,rare,1.5312421418769067,,peak_abundance_with_occupancy_days_modifiers,0.3734
whnjac1,CO,0.036717582935162765,0.0374,0.0374,resident,0.3474,0.0895,0.137,365.0,34.74,0.015312421418769066,rare,1.5312421418769067,,peak_abundance_with_occupancy_days_modifiers,0.3474
whcman2,CO,0.03642835661355149,0.0371,0.0371,resident,0.3038,0.1094,0.1233,365.0,30.380000000000003,0.0151918046742046,rare,1.51918046742046,,peak_abundance_with_occupancy_days_modifiers,0.3038
yebori1,CO,0.03623549258209542,0.0369,0.0369,resident,0.1193,0.5163,0.5538,365.0,11.93,0.015111374125946762,rare,1.5111374125946762,,peak_abundance_with_occupancy_days_modifiers,0.1193
wtgfin1,CO,0.036083180778675374,0.0367420799178853,0.0367420799178853,resident,0.3102474410219126,0.0623696507750065,0.0483640850246885,365.0,31.02474410219126,0.015047855170324368,rare,1.504785517032437,,peak_abundance_with_occupancy_days_modifiers,0.3102474410219126
fuveup1,CO,0.035912570731268946,0.0365652163902587,0.0365652163902587,resident,0.2605244768942156,0.7395171175439349,0.7158679837224815,365.0,26.05244768942156,0.014976705254253516,rare,1.4976705254253515,,peak_abundance_with_occupancy_days_modifiers,0.2605244768942156
burwar1,CO,0.03584965289369722,0.0365,0.0365,resident,0.2494,0.2345,0.3135,365.0,24.94,0.014950466477987697,rare,1.4950466477987696,,peak_abundance_with_occupancy_days_modifiers,0.2494
blsspa1,CO,0.035174075007654036,0.0358,0.0358,resident,0.2012,0.4704,0.2897,365.0,20.119999999999997,0.014668728616577798,rare,1.4668728616577797,,peak_abundance_with_occupancy_days_modifiers,0.2012
tyrmet1,CO,0.034836265551317316,0.0354501560587491,0.0354501560587491,resident,0.0957684052776895,0.2495326149532969,0.2935870260133663,365.0,9.57684052776895,0.014527851131155916,rare,1.4527851131155916,,peak_abundance_with_occupancy_days_modifiers,0.0957684052776895
whmtyr1,CO,0.03473116790595104,0.035341338403793,0.035341338403793,resident,0.2243831430059026,0.0936625598303343,0.0826380586919776,365.0,22.43831430059026,0.014484022008775816,rare,1.4484022008775816,,peak_abundance_with_occupancy_days_modifiers,0.2243831430059026
grykin,CO,0.03459464476449907,0.018475000000000002,0.0352,postbreeding_migration,0.1107,0.2396,0.1285,105.0,11.07,0.014427087436611287,rare,1.4427087436611288,,peak_abundance_with_occupancy_days_modifiers,0.1107
eawpew,CO,0.03449804040756744,0.03056666666666667,0.0351,postbreeding_migration,0.6332,0.1971,0.2163,91.0,63.32,0.014386800290618094,rare,1.4386800290618094,,peak_abundance_with_occupancy_days_modifiers,0.6332
epaori1,CO,0.034367035343449696,0.0349644055401061,0.0349644055401061,resident,0.4433683979135219,0.1046978923019865,0.1485007178270808,365.0,44.33683979135219,0.014332166935440442,rare,1.4332166935440442,,peak_abundance_with_occupancy_days_modifiers,0.4433683979135219
musduc,CO,0.0343048036919903,0.0349,0.0349,resident,0.2118,0.0437,0.0391,365.0,21.18,0.014306214321010001,rare,1.430621432101,,peak_abundance_with_occupancy_days_modifiers,0.2118
bltman1,CO,0.0343048036919903,0.0349,0.0349,resident,0.4003,0.1091,0.1664,365.0,40.03,0.014306214321010001,rare,1.430621432101,,peak_abundance_with_occupancy_days_modifiers,0.4003
blgdov1,CO,0.0343048036919903,0.0349,0.0349,resident,0.5114,0.1024,0.0958,365.0,51.13999999999999,0.014306214321010001,uncommon,1.430621432101,,peak_abundance_with_occupancy_days_modifiers,0.5114
limpki,CO,0.03420817132973701,0.0348,0.0348,resident,0.1202,0.0624,0.0517,365.0,12.02,0.014265915495890543,rare,1.4265915495890542,,peak_abundance_with_occupancy_days_modifiers,0.1202
lesyel,CO,0.034111529628767866,0.016375,0.0347,nonbreeding,0.1246,0.036,0.0225,112.0,12.46,0.014225612776224075,rare,1.4225612776224075,,peak_abundance_with_occupancy_days_modifiers,0.1246
batfal1,CO,0.034111529628767866,0.0347,0.0347,resident,0.4918,0.1055,0.1216,365.0,49.18,0.014225612776224075,rare,1.4225612776224075,,peak_abundance_with_occupancy_days_modifiers,0.4918
strsal1,CO,0.03401487858727765,0.0346,0.0346,resident,0.109,0.4194,0.4593,365.0,10.9,0.014185306161257773,rare,1.4185306161257774,,peak_abundance_with_occupancy_days_modifiers,0.109
scbant3,CO,0.033724869401620894,0.0343,0.0343,resident,0.3079,0.0854,0.1185,365.0,30.79,0.01406436293702835,rare,1.406436293702835,,peak_abundance_with_occupancy_days_modifiers,0.3079
prowar,CO,0.03362818097998405,0.019633333333333332,0.0342,nonbreeding,0.2405,0.421,0.6768,105.0,24.05,0.014024040733330106,rare,1.4024040733330105,,peak_abundance_with_occupancy_days_modifiers,0.2405
babwar,CO,0.033144598592302024,0.02036666666666667,0.0337,nonbreeding,0.2168,0.6826,0.7369,105.0,21.68,0.013822371213744447,rare,1.3822371213744447,,peak_abundance_with_occupancy_days_modifiers,0.2168
swathr,CO,0.03275756423817219,0.028399999999999998,0.0333,nonbreeding,0.2647,0.2081,0.1715,91.0,26.47,0.01366096535147836,rare,1.366096535147836,,peak_abundance_with_occupancy_days_modifiers,0.2647
dusant1,CO,0.03275756423817219,0.0333,0.0333,resident,0.1913,0.1355,0.1166,365.0,19.13,0.01366096535147836,rare,1.366096535147836,,peak_abundance_with_occupancy_days_modifiers,0.1913
chtsee1,CO,0.032073395558561334,0.0325932902852511,0.0325932902852511,resident,0.1123445635917316,0.0707631167882771,0.0234096517296274,365.0,11.23445635917316,0.01337564485088261,rare,1.337564485088261,,peak_abundance_with_occupancy_days_modifiers,0.1123445635917316
sitspi1,CO,0.031917987291817426,0.0324328292205674,0.0324328292205674,resident,0.0801730639645012,1.0,1.0,365.0,8.01730639645012,0.013310834569755299,rare,1.3310834569755299,,peak_abundance_with_occupancy_days_modifiers,0.0801730639645012
yelpip2,CO,0.03182573565542107,0.0323375899956572,0.0323375899956572,resident,0.4140408459474676,0.0405429551872728,0.0156825713628413,365.0,41.40408459474676,0.013272362649216184,rare,1.3272362649216183,,peak_abundance_with_occupancy_days_modifiers,0.4140408459474676
chhoro1,CO,0.031789322489407336,0.0323,0.0323,resident,0.0492,0.3708,0.3929,365.0,4.92,0.013257177179514116,rare,1.3257177179514115,rare,peak_abundance_with_occupancy_days_modifiers,0.0492
shtfly1,CO,0.03130484982841249,0.0318,0.0318,resident,0.2487,0.2132,0.2696,365.0,24.87,0.013055136387119784,rare,1.3055136387119783,,peak_abundance_with_occupancy_days_modifiers,0.2487
ruhcha1,CO,0.031166777315275822,0.0316575466156203,0.0316575466156203,resident,0.0776629552352061,0.0485655263940179,0.0321172163351293,365.0,7.7662955235206095,0.012997555676776455,rare,1.2997555676776456,,peak_abundance_with_occupancy_days_modifiers,0.0776629552352061
whtswa1,CO,0.031073547448939903,0.0315613698037902,0.0315613698037902,resident,0.1958530984462723,0.1571957760452078,0.4253049027949817,365.0,19.58530984462723,0.012958675802666198,rare,1.2958675802666197,,peak_abundance_with_occupancy_days_modifiers,0.1958530984462723
compot1,CO,0.030917102634721517,0.028249999999999997,0.0314,breeding,0.7551,0.077,0.0947,105.0,75.51,0.01289343324766682,rare,1.2893433247666821,,peak_abundance_with_occupancy_days_modifiers,0.7551
fasant1,CO,0.030820142339886263,0.0313,0.0313,resident,0.3232,0.0784,0.0588,365.0,32.32,0.012852997664038477,rare,1.2852997664038477,,peak_abundance_with_occupancy_days_modifiers,0.3232
bahtan1,CO,0.03072317264284058,0.0312,0.0312,resident,0.1459,0.1484,0.2133,365.0,14.59,0.012812558159383744,rare,1.2812558159383745,,peak_abundance_with_occupancy_days_modifiers,0.1459
grapic1,CO,0.030682956756031957,0.0311585302114007,0.0311585302114007,resident,0.1385147356659845,1.0,1.0,365.0,13.851473566598449,0.012795786831934783,rare,1.2795786831934783,,peak_abundance_with_occupancy_days_modifiers,0.1385147356659845
osprey,CO,0.030626193541760837,0.019975,0.0311,nonbreeding,0.4145,0.0768,0.0758,147.0,41.449999999999996,0.012772114732942293,rare,1.2772114732942292,,peak_abundance_with_occupancy_days_modifiers,0.4145
bratea1,CO,0.030432207120201987,0.0309,0.0309,resident,0.0335,0.0098,0.018,365.0,3.35,0.01269121611165578,rare,1.269121611165578,rare,peak_abundance_with_occupancy_days_modifiers,0.0335
varsee3,CO,0.029947076367952116,0.0304,0.0304,resident,0.0751,0.1705,0.1051,365.0,7.51,0.012488900873891595,rare,1.2488900873891595,,peak_abundance_with_occupancy_days_modifiers,0.0751
yeofly1,CO,0.029752958149347798,0.0302,0.0302,resident,0.3882,0.0575,0.0426,365.0,38.82,0.01240794728896803,rare,1.240794728896803,,peak_abundance_with_occupancy_days_modifiers,0.3882
yefgra1,CO,0.029655884907510657,0.0301,0.0301,resident,0.0767,0.1478,0.073,365.0,7.670000000000001,0.012367464602781389,rare,1.2367464602781388,,peak_abundance_with_occupancy_days_modifiers,0.0767
capher1,CO,0.02931441447108645,0.0297483113524947,0.0297483113524947,resident,0.3471100712249609,0.1349198788432113,0.1852505266507233,365.0,34.71100712249609,0.012225060370078748,rare,1.2225060370078749,,peak_abundance_with_occupancy_days_modifiers,0.3471100712249609
greant1,CO,0.029170377299779858,0.0296,0.0296,resident,0.3823,0.0434,0.0197,365.0,38.23,0.01216499220407477,rare,1.216499220407477,,peak_abundance_with_occupancy_days_modifiers,0.3823
trieup1,CO,0.029170377299779858,0.0296,0.0296,resident,0.0703,0.3085,0.4206,365.0,7.03,0.01216499220407477,rare,1.216499220407477,,peak_abundance_with_occupancy_days_modifiers,0.0703
grnjay,CO,0.029170377299779858,0.0296,0.0296,resident,0.0744,0.1489,0.1316,365.0,7.4399999999999995,0.01216499220407477,rare,1.216499220407477,,peak_abundance_with_occupancy_days_modifiers,0.0744
andsol1,CO,0.02878180142545205,0.0292,0.0292,resident,0.0862,0.4311,0.5249,365.0,8.62,0.012002943477954007,rare,1.2002943477954007,,peak_abundance_with_occupancy_days_modifiers,0.0862
grcfly1,CO,0.028490270399627496,0.0289,0.0289,resident,0.3312,0.2285,0.1557,365.0,33.12,0.011881365597080043,rare,1.1881365597080042,,peak_abundance_with_occupancy_days_modifiers,0.3312
chcant2,CO,0.028490270399627496,0.0289,0.0289,resident,0.0821,0.5144,0.5163,365.0,8.21,0.011881365597080043,rare,1.1881365597080042,,peak_abundance_with_occupancy_days_modifiers,0.0821
mawqua1,CO,0.028484969049652635,0.0288945454554691,0.0288945454554691,resident,0.408152434796479,0.1065722500269494,0.1219856094638153,365.0,40.8152434796479,0.011879154762422232,rare,1.1879154762422233,,peak_abundance_with_occupancy_days_modifiers,0.408152434796479
slcgro1,CO,0.028295869154847303,0.0287,0.0287,resident,0.2592,0.0826,0.0606,365.0,25.919999999999998,0.011800293981073517,rare,1.1800293981073517,,peak_abundance_with_occupancy_days_modifiers,0.2592
tropar,CO,0.028198654358678774,0.023025,0.0286,postbreeding_migration,0.1834,0.0529,0.0407,203.0,18.34,0.011759752262145538,rare,1.1759752262145537,,peak_abundance_with_occupancy_days_modifiers,0.1834
barswi,CO,0.02807731296379283,0.0284751958133305,0.0284751958133305,resident,0.2233602744331105,0.0651577591854365,0.0074840376337204,365.0,22.33602744331105,0.011709148970057504,rare,1.1709148970057504,,peak_abundance_with_occupancy_days_modifiers,0.2233602744331105
bkmtou1,CO,0.027906953253007873,0.0283,0.0283,resident,0.079,0.3691,0.3809,365.0,7.9,0.01163810345246652,rare,1.163810345246652,,peak_abundance_with_occupancy_days_modifiers,0.079
higmot1,CO,0.027906953253007873,0.0283,0.0283,resident,0.1015,0.7335,0.91,365.0,10.15,0.01163810345246652,rare,1.163810345246652,,peak_abundance_with_occupancy_days_modifiers,0.1015
grrpar1,CO,0.027906953253007873,0.0283,0.0283,resident,0.038,0.1006,0.0969,365.0,3.8,0.01163810345246652,rare,1.163810345246652,rare,peak_abundance_with_occupancy_days_modifiers,0.038
pnbfin1,CO,0.02765161349847079,0.0280374676493089,0.0280374676493089,resident,0.0886709226655838,0.6487401949934931,0.7186701924689607,365.0,8.86709226655838,0.011531618504006252,rare,1.1531618504006251,,peak_abundance_with_occupancy_days_modifiers,0.0886709226655838
sunbit1,CO,0.027402401747699725,0.0277813005533888,0.0277813005533888,resident,0.2842209895893871,0.0939552759746111,0.1901669489773748,365.0,28.422098958938708,0.011427689131611204,rare,1.1427689131611205,,peak_abundance_with_occupancy_days_modifiers,0.2842209895893871
grtgra,CO,0.027225986253591457,0.02505,0.0276,nonbreeding,0.0227,0.0248,0.0103,126.0,2.27,0.01135411815621893,rare,1.135411815621893,rare,peak_abundance_with_occupancy_days_modifiers,0.0227
yebter2,CO,0.02689852513281606,0.0272635560414555,0.0272635560414555,resident,0.1245564499100564,0.1521373975391952,0.0842433255403458,365.0,12.45564499100564,0.011217556261923507,rare,1.1217556261923507,,peak_abundance_with_occupancy_days_modifiers,0.1245564499100564
slaspi1,CO,0.026848649622679497,0.0272123220252252,0.0272123220252252,resident,0.1008594434044017,0.3190053851967125,0.3964889141472382,365.0,10.08594434044017,0.011196756558657704,rare,1.1196756558657703,,peak_abundance_with_occupancy_days_modifiers,0.1008594434044017
whepar2,CO,0.02664193094642118,0.027,0.027,resident,0.0729,0.0111,0.0053,365.0,7.290000000000001,0.011110548174745622,rare,1.1110548174745623,,peak_abundance_with_occupancy_days_modifiers,0.0729
blctan1,CO,0.02664193094642118,0.027,0.027,resident,0.0777,0.8262,0.8693,365.0,7.7700000000000005,0.011110548174745622,rare,1.1110548174745623,,peak_abundance_with_occupancy_days_modifiers,0.0777
lesgol,CO,0.026544555222112288,0.025575,0.0269,postbreeding_migration,0.1434,0.0738,0.0287,105.0,14.34,0.011069939343570421,rare,1.106993934357042,,peak_abundance_with_occupancy_days_modifiers,0.1434
blkpho,CO,0.02615495747685121,0.0233,0.0265,nonbreeding,0.2111,0.1052,0.0667,112.0,21.11,0.010907464464170718,rare,1.0907464464170717,,peak_abundance_with_occupancy_days_modifiers,0.2111
toubar1,CO,0.025724405526410657,0.026058133552929,0.026058133552929,resident,0.092179827645683,0.7299928324447374,0.630658969954601,365.0,9.2179827645683,0.010727910354646165,rare,1.0727910354646164,,peak_abundance_with_occupancy_days_modifiers,0.092179827645683
greyel,CO,0.02566774674857779,0.011250000000000001,0.026,nonbreeding,0.0838,0.0486,0.0359,182.0,8.38,0.010704281809031328,rare,1.0704281809031329,,peak_abundance_with_occupancy_days_modifiers,0.0838
wbwwre1,CO,0.025375306331228243,0.0257,0.0257,resident,0.289,0.2194,0.1962,365.0,28.9,0.010582324682434953,rare,1.0582324682434954,,peak_abundance_with_occupancy_days_modifiers,0.289
comnig,CO,0.025180298530298247,0.015566666666666668,0.0255,nonbreeding,0.2804,0.0243,0.008,77.0,28.04,0.010501000112866745,rare,1.0501000112866745,,peak_abundance_with_occupancy_days_modifiers,0.2804
pacpar2,CO,0.025100083096847112,0.0254177423722056,0.0254177423722056,resident,0.068230706212397,0.0164523022787265,0.0026406201655246,365.0,6.8230706212397,0.010467547678825417,rare,1.0467547678825417,,peak_abundance_with_occupancy_days_modifiers,0.068230706212397
fepowl,CO,0.0249852526939085,0.0253,0.0253,resident,0.3037,0.044,0.0368,365.0,30.37,0.010419659681279796,rare,1.0419659681279796,,peak_abundance_with_occupancy_days_modifiers,0.3037
whecon1,CO,0.02496428383089431,0.0252785008501587,0.0252785008501587,resident,0.2322522746807318,0.6425946022376426,0.6781352349558023,365.0,23.225227468073182,0.010410914986191453,rare,1.0410914986191453,,peak_abundance_with_occupancy_days_modifiers,0.2322522746807318
pucfai1,CO,0.02467165821918717,0.0249785219945659,0.0249785219945659,resident,0.2182887140766135,0.4414988733023132,0.4721478543763008,365.0,21.82887140766135,0.010288880627549315,rare,1.0288880627549315,,peak_abundance_with_occupancy_days_modifiers,0.2182887140766135
plsfin1,CO,0.02460602818241969,0.0249112548238791,0.0249112548238791,resident,0.0430180222589019,0.0173315109851299,0.0151298524087932,365.0,4.3018022258901905,0.010261510776366847,rare,1.0261510776366847,rare,peak_abundance_with_occupancy_days_modifiers,0.0430180222589019
bkcdon,CO,0.024500381233270963,0.024802981796117,0.024802981796117,resident,0.1935348665531152,0.0759566183030123,0.0460849951672443,365.0,19.35348665531152,0.01021745257651674,rare,1.0217452576516741,,peak_abundance_with_occupancy_days_modifiers,0.1935348665531152
gohtan1,CO,0.024497471600387438,0.0248,0.0248,resident,0.0663,0.299,0.28,365.0,6.63,0.010216239165357105,rare,1.0216239165357104,,peak_abundance_with_occupancy_days_modifiers,0.0663
whrfly,CO,0.024410478703039536,0.0247108535564078,0.0247108535564078,resident,0.3333912659466996,0.4643875072655882,0.6106374388859838,365.0,33.33912659466996,0.010179960309339207,rare,1.0179960309339207,,peak_abundance_with_occupancy_days_modifiers,0.3333912659466996
mastit1,CO,0.024399886823535173,0.0247,0.0247,resident,0.2055,0.0529,0.0508,365.0,20.549999999999997,0.010175543152499808,rare,1.0175543152499809,,peak_abundance_with_occupancy_days_modifiers,0.2055
andgua1,CO,0.024131508773220095,0.0244250299114607,0.0244250299114607,resident,0.1086385319806776,0.2634647533915473,0.2629393473907846,365.0,10.86385319806776,0.01006362081237119,rare,1.006362081237119,,peak_abundance_with_occupancy_days_modifiers,0.1086385319806776
whiibi,CO,0.024107075343233128,0.016025,0.0244,nonbreeding,0.0711,0.1375,0.0204,105.0,7.109999999999999,0.010053431280632984,rare,1.0053431280632983,,peak_abundance_with_occupancy_days_modifiers,0.0711
burowl,CO,0.023911820046312877,0.01785,0.0242,prebreeding_migration,0.1471,0.0202,0.0166,112.0,14.71,0.00997200349722009,rare,0.997200349722009,,peak_abundance_with_occupancy_days_modifiers,0.1471
sulfly1,CO,0.02382488945150556,0.0241109695545892,0.0241109695545892,resident,0.5058762562409352,0.1500916919932064,0.1675075474373891,365.0,50.587625624093526,0.009935750623379638,uncommon,0.9935750623379638,,peak_abundance_with_occupancy_days_modifiers,0.5058762562409352
wesant1,CO,0.023814178099254877,0.0241,0.0241,resident,0.0961,0.5991,0.5497,365.0,9.610000000000001,0.009931283642535179,rare,0.9931283642535179,,peak_abundance_with_occupancy_days_modifiers,0.0961
comgal1,CO,0.023814178099254877,0.018925,0.0241,nonbreeding,0.0251,0.0134,0.0178,126.0,2.5100000000000002,0.009931283642535179,rare,0.9931283642535179,rare,peak_abundance_with_occupancy_days_modifiers,0.0251
whstan1,CO,0.023423514943588058,0.0237,0.0237,resident,0.3317,0.1007,0.1213,365.0,33.17,0.00976836445248612,rare,0.976836445248612,,peak_abundance_with_occupancy_days_modifiers,0.3317
cinbec1,CO,0.023228126119207167,0.0235,0.0235,resident,0.1152,0.5681,0.6152,365.0,11.52,0.009686880983796994,rare,0.9686880983796994,,peak_abundance_with_occupancy_days_modifiers,0.1152
rubcon1,CO,0.022917521635799375,0.0231821456772764,0.0231821456772764,resident,0.0931307173367581,1.0,1.0,365.0,9.313071733675809,0.009557348853294359,rare,0.9557348853294358,,peak_abundance_with_occupancy_days_modifiers,0.0931307173367581
slccoo1,CO,0.02289557298876351,0.0231596884599612,0.0231596884599612,resident,0.0039373769297116,0.0014350143501435,0.0009469555090521512,0.0,0.39373769297115996,0.009548195556532421,very_rare,0.9548195556532422,very_rare,peak_abundance_with_occupancy_days_modifiers,0.0039373769297116
norwat,CO,0.02273948696948943,0.013866666666666666,0.023,nonbreeding,0.511,0.3027,0.1682,147.0,51.1,0.009483102630646627,rare,0.9483102630646627,,peak_abundance_with_occupancy_days_modifiers,0.511
spvear1,CO,0.022543964434894502,0.01685,0.0228,nonbreeding,0.0782,0.2095,0.3099,119.0,7.82,0.009401563400467184,rare,0.9401563400467183,,peak_abundance_with_occupancy_days_modifiers,0.0782
fuwduc,CO,0.022543964434894502,0.018775,0.0228,nonbreeding,0.0962,,,,9.62,0.009401563400467184,rare,0.9401563400467183,,peak_abundance_with_occupancy_days_modifiers,0.0962
soatan1,CO,0.022479855090030965,0.0227344310638868,0.0227344310638868,resident,0.0755752392245616,1.0,1.0,365.0,7.557523922456159,0.009374827727066144,rare,0.9374827727066144,,peak_abundance_with_occupancy_days_modifiers,0.0755752392245616
blatap1,CO,0.022454886970188076,0.0227088956268318,0.0227088956268318,resident,0.1156952591556021,0.5666788100791872,0.5588242697771474,365.0,11.56952591556021,0.009364415212338665,rare,0.9364415212338665,,peak_abundance_with_occupancy_days_modifiers,0.1156952591556021
gobwar4,CO,0.022448241032370805,0.022702098789692,0.022702098789692,resident,0.1135368390502657,0.8226086067949697,0.6721065873810642,365.0,11.35368390502657,0.00936164364099748,rare,0.936164364099748,,peak_abundance_with_occupancy_days_modifiers,0.1135368390502657
orcori1,CO,0.022278847181153107,0.0225288740145497,0.0225288740145497,resident,0.2440367550724255,0.4921690599950987,0.4791605240249253,365.0,24.40367550724255,0.00929100091813162,rare,0.929100091813162,,peak_abundance_with_occupancy_days_modifiers,0.2440367550724255
crahaw,CO,0.022054990780831327,0.0223,0.0223,resident,0.4697,0.0666,0.0796,365.0,46.97,0.009197645548169788,rare,0.9197645548169788,,peak_abundance_with_occupancy_days_modifiers,0.4697
whltan1,CO,0.02195716735204214,0.0222,0.0222,resident,0.1105,0.0437,0.0625,365.0,11.05,0.009156850009724517,rare,0.9156850009724518,,peak_abundance_with_occupancy_days_modifiers,0.1105
whctan1,CO,0.021893684970374222,0.022135110369155,0.022135110369155,resident,0.1017631212613824,0.5137445961687385,0.6163616880130767,365.0,10.17631212613824,0.009130375800284217,rare,0.9130375800284217,,peak_abundance_with_occupancy_days_modifiers,0.1017631212613824
peakit1,CO,0.02152645310230523,0.0217598186969038,0.0217598186969038,resident,0.3445963944376575,0.0648802652526874,0.1740693220985952,365.0,34.45963944376575,0.008977228216136281,rare,0.8977228216136282,,peak_abundance_with_occupancy_days_modifiers,0.3445963944376575
lesela1,CO,0.021292254598453915,0.0215205520951033,0.0215205520951033,resident,0.3766159499404795,0.1079174408744503,0.0930928171870513,365.0,37.661594994047945,0.00887955985400718,rare,0.887955985400718,,peak_abundance_with_occupancy_days_modifiers,0.3766159499404795
mouant,CO,0.021134977305799437,0.0213599027418577,0.0213599027418577,resident,0.4445497436780051,0.3898468347448258,0.4442641817279696,365.0,44.45497436780051,0.008813970128534679,rare,0.8813970128534678,,peak_abundance_with_occupancy_days_modifiers,0.4445497436780051
blchum1,CO,0.02104855172452596,0.0212716349329271,0.0212716349329271,resident,0.2502188528996147,0.7135949831247459,0.701394159485766,365.0,25.02188528996147,0.008777927861696028,rare,0.8777927861696029,,peak_abundance_with_occupancy_days_modifiers,0.2502188528996147
apifly1,CO,0.020958843327775735,0.0211800224011789,0.0211800224011789,resident,0.1397809427020407,1.0,1.0,365.0,13.97809427020407,0.008740516554468418,rare,0.8740516554468417,,peak_abundance_with_occupancy_days_modifiers,0.1397809427020407
gofred1,CO,0.020782539182528505,0.021,0.021,resident,0.044,0.99,0.9925,365.0,4.3999999999999995,0.008666992015157925,rare,0.8666992015157925,rare,peak_abundance_with_occupancy_days_modifiers,0.044
scapig2,CO,0.02048866642731566,0.0207,0.0207,resident,0.2733,0.0713,0.0407,365.0,27.33,0.008544437557277094,rare,0.8544437557277095,,peak_abundance_with_occupancy_days_modifiers,0.2733
snakit,CO,0.020390689647734026,0.0206,0.0206,resident,0.0725,0.0371,0.0247,365.0,7.249999999999999,0.008503578066584123,rare,0.8503578066584123,,peak_abundance_with_occupancy_days_modifiers,0.0725
vefeup1,CO,0.020205808519102336,0.0204113277616241,0.0204113277616241,resident,0.1085768892376171,1.0,1.0,365.0,10.85768892376171,0.008426476647381623,rare,0.8426476647381622,,peak_abundance_with_occupancy_days_modifiers,0.1085768892376171
blteme1,CO,0.020194707285519278,0.0204,0.0204,resident,0.398,0.1679,0.2151,365.0,39.800000000000004,0.008421847073392743,rare,0.8421847073392743,,peak_abundance_with_occupancy_days_modifiers,0.398
beawoo2,CO,0.02010195396166896,0.0203053588975494,0.0203053588975494,resident,0.1135997300739721,1.0,1.0,365.0,11.35997300739721,0.008383165932934937,rare,0.8383165932934937,,peak_abundance_with_occupancy_days_modifiers,0.1135997300739721
wessan,CO,0.019998686506689126,0.00805,0.0202,nonbreeding,0.0061,0.0232,0.0077,105.0,0.61,0.008340100059228372,very_rare,0.8340100059228371,very_rare,peak_abundance_with_occupancy_days_modifiers,0.0061
sthwoo1,CO,0.019802627296179712,0.02,0.02,resident,0.1332,0.2294,0.1966,365.0,13.320000000000002,0.008258337017808889,rare,0.8258337017808889,,peak_abundance_with_occupancy_days_modifiers,0.1332
sohtyr1,CO,0.019688995128333484,0.0198841017738049,0.0198841017738049,resident,0.1391013278644276,0.1693166809201063,0.3938546223198196,365.0,13.91013278644276,0.00821094872310927,rare,0.8210948723109269,,peak_abundance_with_occupancy_days_modifiers,0.1391013278644276
amered,CO,0.01960652963891831,0.011166666666666667,0.0198,nonbreeding,0.1797,0.1414,0.0657,119.0,17.97,0.008176557942848484,rare,0.8176557942848485,,peak_abundance_with_occupancy_days_modifiers,0.1797
rucwar4,CO,0.01960652963891831,0.0198,0.0198,resident,0.0726,0.376,0.3145,365.0,7.26,0.008176557942848484,rare,0.8176557942848485,,peak_abundance_with_occupancy_days_modifiers,0.0726
rubher,CO,0.019312311032372815,0.0195,0.0195,resident,0.4142,0.0986,0.1078,365.0,41.42,0.00805385925375932,rare,0.8053859253759321,,peak_abundance_with_occupancy_days_modifiers,0.4142
whwpar,CO,0.019312311032372815,0.0195,0.0195,resident,0.0158,0.0921,0.0661,365.0,1.58,0.00805385925375932,rare,0.8053859253759321,rare,peak_abundance_with_occupancy_days_modifiers,0.0158
spetea3,CO,0.019119846170120434,0.0193038009542505,0.0193038009542505,resident,0.0551622202388032,0.6023461540608119,0.5134175343282,365.0,5.51622202388032,0.007973595171989062,rare,0.7973595171989062,,peak_abundance_with_occupancy_days_modifiers,0.0551622202388032
smbela1,CO,0.01911611719223005,0.0141,0.0193,nonbreeding,0.5087,0.0771,0.2319,105.0,50.870000000000005,0.007972040067421885,rare,0.7972040067421885,,peak_abundance_with_occupancy_days_modifiers,0.5087
whnpuf2,CO,0.01883135019213587,0.0190097783215436,0.0190097783215436,resident,0.4427452850538111,0.1468507051033232,0.1754201221796996,365.0,44.27452850538111,0.007853283004373818,rare,0.7853283004373818,,peak_abundance_with_occupancy_days_modifiers,0.4427452850538111
croslf1,CO,0.01882175424058776,0.015966666666666667,0.019,breeding,0.3272,0.0886,0.1493,105.0,32.72,0.007849281181751724,rare,0.7849281181751724,,peak_abundance_with_occupancy_days_modifiers,0.3272
jabiru,CO,0.01882175424058776,0.019,0.019,resident,0.0685,0.0637,0.055,365.0,6.8500000000000005,0.007849281181751724,rare,0.7849281181751724,,peak_abundance_with_occupancy_days_modifiers,0.0685
gobfly1,CO,0.01874664170989263,0.0189234632056938,0.0189234632056938,resident,0.0998446597960192,0.5131023748502498,0.5959206170761465,365.0,9.98446597960192,0.007817956823450054,rare,0.7817956823450054,,peak_abundance_with_occupancy_days_modifiers,0.0998446597960192
ruqdov,CO,0.018232768261059712,0.0184,0.0184,resident,0.3893,0.0907,0.0808,365.0,38.93,0.0076036549501938165,rare,0.7603654950193817,,peak_abundance_with_occupancy_days_modifiers,0.3893
gryfin1,CO,0.01813457019548269,0.01795,0.0183,breeding,0.0274,0.009,0.0026,161.0,2.74,0.007562703176073003,rare,0.7562703176073003,rare,peak_abundance_with_occupancy_days_modifiers,0.0274
canwar,CO,0.018036362486098582,0.0114,0.0182,nonbreeding,0.1669,0.4582,0.5547,112.0,16.689999999999998,0.007521747380172253,rare,0.7521747380172252,,peak_abundance_with_occupancy_days_modifiers,0.1669
dotkit1,CO,0.018036362486098582,0.0182,0.0182,resident,0.3773,0.0985,0.1029,365.0,37.730000000000004,0.007521747380172253,rare,0.7521747380172252,,peak_abundance_with_occupancy_days_modifiers,0.3773
baerob1,CO,0.017938145131012995,0.0181,0.0181,resident,0.1226,0.1914,0.3395,365.0,12.26,0.007480787561701551,rare,0.7480787561701551,,peak_abundance_with_occupancy_days_modifiers,0.1226
rutfly2,CO,0.017839918128331,0.018,0.018,resident,0.3556,0.0891,0.0755,365.0,35.56,0.007439823719870647,rare,0.7439823719870647,,peak_abundance_with_occupancy_days_modifiers,0.3556
gryhaw3,CO,0.017741681476157102,0.0179,0.0179,resident,0.3964,0.0889,0.0859,365.0,39.64,0.0073988558538890595,rare,0.7398855853889059,,peak_abundance_with_occupancy_days_modifiers,0.3964
yecred1,CO,0.01766913105921673,0.017826153609422,0.017826153609422,resident,0.053451338709793,1.0,1.0,365.0,5.3451338709793,0.007368599980013566,rare,0.7368599980013566,,peak_abundance_with_occupancy_days_modifiers,0.053451338709793
refspi1,CO,0.01735905693385459,0.0175106009799519,0.0175106009799519,resident,0.0743620357788864,0.4311584070115368,0.3532430579645199,365.0,7.436203577888641,0.00723928902599504,rare,0.7239289025995039,,peak_abundance_with_occupancy_days_modifiers,0.0743620357788864
baepig2,CO,0.017348638334613004,0.0175,0.0175,resident,0.0098,0.3987,0.4625,365.0,0.98,0.007234944132638043,very_rare,0.7234944132638043,very_rare,peak_abundance_with_occupancy_days_modifiers,0.0098
lstswi1,CO,0.0168571170664229,0.017,0.017,resident,0.3079,0.0916,0.1198,365.0,30.79,0.007029963842728778,rare,0.7029963842728778,,peak_abundance_with_occupancy_days_modifiers,0.3079
grejac2,CO,0.016562088298978293,0.0167,0.0167,resident,0.2465,0.0904,0.0819,365.0,24.65,0.006906927290302419,rare,0.6906927290302418,,peak_abundance_with_occupancy_days_modifiers,0.2465
pabher1,CO,0.01647534481712334,0.0166118117269323,0.0166118117269323,resident,0.1967998532860011,0.6703809100040171,0.7175858522909866,365.0,19.67998532860011,0.0068707524486239955,rare,0.6870752448623996,,peak_abundance_with_occupancy_days_modifiers,0.1967998532860011
btfgle1,CO,0.016365354086264272,0.0165,0.0165,resident,0.3076,0.0954,0.0711,365.0,30.759999999999998,0.006824882751099334,rare,0.6824882751099334,,peak_abundance_with_occupancy_days_modifiers,0.3076
oliwoo1,CO,0.016365354086264272,0.0165,0.0165,resident,0.3341,0.0486,0.0221,365.0,33.410000000000004,0.006824882751099334,rare,0.6824882751099334,,peak_abundance_with_occupancy_days_modifiers,0.3341
ragmac1,CO,0.016365354086264272,0.0165,0.0165,resident,0.2138,0.0626,0.0192,365.0,21.38,0.006824882751099334,rare,0.6824882751099334,,peak_abundance_with_occupancy_days_modifiers,0.2138
weseme1,CO,0.01626095573032223,0.0163938846104174,0.0163938846104174,resident,0.1016679828903695,0.8638718929723542,0.8690103894944122,365.0,10.16679828903695,0.006781345255060107,rare,0.6781345255060107,,peak_abundance_with_occupancy_days_modifiers,0.1016679828903695
puteup1,CO,0.016070180177494467,0.0162,0.0162,resident,0.1157,0.0181,0.0118,365.0,11.57,0.006701785670039033,rare,0.6701785670039033,,peak_abundance_with_occupancy_days_modifiers,0.1157
acafly,CO,0.016070180177494467,0.010066666666666666,0.0162,nonbreeding,0.2316,0.5654,0.7291,91.0,23.16,0.006701785670039033,rare,0.6701785670039033,,peak_abundance_with_occupancy_days_modifiers,0.2316
blheag1,CO,0.016070180177494467,0.0162,0.0162,resident,0.3643,0.0829,0.1082,365.0,36.43,0.006701785670039033,rare,0.6701785670039033,,peak_abundance_with_occupancy_days_modifiers,0.3643
crrtou1,CO,0.015857549446807978,0.0159839476219779,0.0159839476219779,resident,0.0989954731104634,0.7254321240738895,0.776692615964191,365.0,9.89954731104634,0.006613111767930546,rare,0.6613111767930546,,peak_abundance_with_occupancy_days_modifiers,0.0989954731104634
chwqua1,CO,0.015554654178864894,0.0156762574932315,0.0156762574932315,resident,0.0777831387950489,1.0,1.0,365.0,7.77831387950489,0.006486794629989143,rare,0.6486794629989143,,peak_abundance_with_occupancy_days_modifiers,0.0777831387950489
rufmot1,CO,0.015479570848386318,0.0156,0.0156,resident,0.1612,0.1158,0.1178,365.0,16.12,0.006455482449123619,rare,0.6455482449123618,,peak_abundance_with_occupancy_days_modifiers,0.1612
whnrob1,CO,0.015444779106956389,0.0155646661220709,0.0155646661220709,resident,0.4936642864983575,0.1032211343597946,0.041702856469527,365.0,49.36642864983575,0.006440973165993286,rare,0.6440973165993286,,peak_abundance_with_occupancy_days_modifiers,0.4936642864983575
duftan1,CO,0.014987129808248345,0.0151,0.0151,resident,0.0317,0.6408,0.6732,365.0,3.17,0.0062501185845193685,rare,0.6250118584519369,rare,peak_abundance_with_occupancy_days_modifiers,0.0317
whthaw,CO,0.014987129808248345,0.0151,0.0151,resident,0.184,0.0389,0.0567,365.0,18.4,0.0062501185845193685,rare,0.6250118584519369,,peak_abundance_with_occupancy_days_modifiers,0.184
thswar1,CO,0.01479008547263543,0.0149,0.0149,resident,0.0435,0.2865,0.2605,365.0,4.35,0.0061679447140221225,rare,0.6167944714022122,rare,peak_abundance_with_occupancy_days_modifiers,0.0435
brcvir1,CO,0.01479008547263543,0.0149,0.0149,resident,0.0766,0.382,0.4378,365.0,7.66,0.0061679447140221225,rare,0.6167944714022122,,peak_abundance_with_occupancy_days_modifiers,0.0766
banswa,CO,0.01459300230290015,0.010933333333333335,0.0147,postbreeding_migration,0.1804,,,,18.04,0.006085754648437957,rare,0.6085754648437957,,peak_abundance_with_occupancy_days_modifiers,0.1804
bufpar1,CO,0.014470333114812828,0.0145755352090013,0.0145755352090013,resident,0.237231141117894,0.6793036248569986,0.6681734135239467,365.0,23.7231141117894,0.006034597623575875,rare,0.6034597623575875,,peak_abundance_with_occupancy_days_modifiers,0.237231141117894
cliswa,CO,0.014297304700824425,0.0108,0.0144,postbreeding_migration,0.14,0.0174,0.0023,84.0,14.000000000000002,0.005962439170305915,rare,0.5962439170305915,,peak_abundance_with_occupancy_days_modifiers,0.14
royter1,CO,0.014198719399812949,0.009600000000000001,0.0143,nonbreeding,0.0092,0.0503,0.063,126.0,0.9199999999999999,0.005921325906465824,very_rare,0.5921325906465824,very_rare,peak_abundance_with_occupancy_days_modifiers,0.0092
whwpuf1,CO,0.014084408469673895,0.0141840610502308,0.0141840610502308,resident,0.1939397463786916,0.4762209496381411,0.4016631274875197,365.0,19.39397463786916,0.005873654545904032,rare,0.5873654545904032,,peak_abundance_with_occupancy_days_modifiers,0.1939397463786916
souben1,CO,0.014060595548463626,0.0141599106526392,0.0141599106526392,resident,0.1226318760418922,0.6818346535539529,0.5427188189961549,365.0,12.26318760418922,0.0058637237864248605,rare,0.586372378642486,,peak_abundance_with_occupancy_days_modifiers,0.1226318760418922
scptyr1,CO,0.014001519635813609,0.0141,0.0141,resident,0.0683,0.3281,0.271,365.0,6.83,0.005839087217296892,rare,0.5839087217296892,,peak_abundance_with_occupancy_days_modifiers,0.0683
slcfly1,CO,0.014001519635813609,0.0141,0.0141,resident,0.0993,0.3606,0.2643,365.0,9.93,0.005839087217296892,rare,0.5839087217296892,,peak_abundance_with_occupancy_days_modifiers,0.0993
grbhaw1,CO,0.013902905168991422,0.014,0.014,resident,0.275,0.0681,0.0487,365.0,27.500000000000004,0.005797961790369012,rare,0.5797961790369013,,peak_abundance_with_occupancy_days_modifiers,0.275
speowl1,CO,0.013212331472134811,0.0133,0.0133,resident,0.3418,0.0644,0.0772,365.0,34.18,0.005509970190114249,rare,0.550997019011425,,peak_abundance_with_occupancy_days_modifiers,0.3418
piepuf1,CO,0.013166188972439397,0.0132532448837659,0.0132532448837659,resident,0.3677646420838962,0.1088267584778696,0.0882279227933869,365.0,36.77646420838962,0.005490727273119938,rare,0.5490727273119939,,peak_abundance_with_occupancy_days_modifiers,0.3677646420838962
cobtan1,CO,0.013113639145383105,0.0132,0.0132,resident,0.0354,0.1596,0.0723,365.0,3.54,0.005468812293073767,rare,0.5468812293073767,rare,peak_abundance_with_occupancy_days_modifiers,0.0354
plctan1,CO,0.013014937077494654,0.0131,0.0131,resident,0.0436,0.7204,0.6701,365.0,4.36,0.005427650333663732,rare,0.5427650333663732,rare,peak_abundance_with_occupancy_days_modifiers,0.0436
crowoo1,CO,0.012916225266546328,0.013,0.013,resident,0.062,0.4298,0.4483,365.0,6.2,0.005386484311082047,rare,0.5386484311082047,,peak_abundance_with_occupancy_days_modifiers,0.062
magsto1,CO,0.012817503710614431,0.005075,0.0129,postbreeding_migration,0.0613,0.028,0.0142,77.0,6.13,0.00534531422452665,rare,0.534531422452665,,peak_abundance_with_occupancy_days_modifiers,0.0613
scrcac1,CO,0.012817503710614431,0.0129,0.0129,resident,0.0435,0.3204,0.374,365.0,4.35,0.00534531422452665,rare,0.534531422452665,rare,peak_abundance_with_occupancy_days_modifiers,0.0435
aplfal,CO,0.012718772407774689,0.0128,0.0128,resident,0.198,0.0326,0.0312,365.0,19.8,0.0053041400731949654,rare,0.5304140073194965,,peak_abundance_with_occupancy_days_modifiers,0.198
inchum1,CO,0.012257656583545764,0.0123330895513923,0.0123330895513923,resident,0.0610152219449763,1.0,1.0,365.0,6.10152219449763,0.005111839838293218,rare,0.5111839838293217,,peak_abundance_with_occupancy_days_modifiers,0.0610152219449763
rercac1,CO,0.01222496962256897,0.0123,0.0123,resident,0.1648,0.0661,0.0207,365.0,16.48,0.005098208316788695,rare,0.5098208316788695,,peak_abundance_with_occupancy_days_modifiers,0.1648
kebtou1,CO,0.01222496962256897,0.0123,0.0123,resident,0.0469,0.1513,0.0812,365.0,4.6899999999999995,0.005098208316788695,rare,0.5098208316788695,rare,peak_abundance_with_occupancy_days_modifiers,0.0469
bucpar,CO,0.012126179797840565,0.0122,0.0122,resident,0.0455,0.0373,0.0075,365.0,4.55,0.00505700975993383,rare,0.5057009759933829,rare,peak_abundance_with_occupancy_days_modifiers,0.0455
whtgol1,CO,0.012111693255372783,0.0121853368279237,0.0121853368279237,resident,0.4347282361127472,0.1035800841847688,0.1069454660253463,365.0,43.47282361127472,0.005050968402485012,rare,0.5050968402485012,,peak_abundance_with_occupancy_days_modifiers,0.4347282361127472
whveup1,CO,0.01207037000845582,0.0121435109075216,0.0121435109075216,resident,0.3049505473370806,0.1063257266089562,0.2474973754691579,365.0,30.49505473370806,0.0050337352700018465,rare,0.5033735270001847,,peak_abundance_with_occupancy_days_modifiers,0.3049505473370806
gubter2,CO,0.012023508054616976,0.008323318329861724,0.012096080996373,postbreeding_migration,0.0840113666077057,0.015919329028615,0.0025857624154901,140.0,8.40113666077057,0.005014192317325625,rare,0.5014192317325625,,peak_abundance_with_occupancy_days_modifiers,0.0840113666077057
lottyr1,CO,0.011928570865273802,0.012,0.012,resident,0.0678,0.043,0.0822,365.0,6.78,0.004974600434218729,rare,0.4974600434218729,,peak_abundance_with_occupancy_days_modifiers,0.0678
colplo1,CO,0.011928570865273802,0.012,0.012,resident,0.0471,0.152,0.1238,365.0,4.71,0.004974600434218729,rare,0.4974600434218729,rare,peak_abundance_with_occupancy_days_modifiers,0.0471
varsol1,CO,0.011870601796343961,0.0119413370025791,0.0119413370025791,resident,0.0520816169695305,0.3104621502442505,0.2385741350258711,365.0,5.20816169695305,0.0049504254547742986,rare,0.4950425454774299,,peak_abundance_with_occupancy_days_modifiers,0.0520816169695305
venfly1,CO,0.01185131222210228,0.011921817273295,0.011921817273295,resident,0.3795565524971228,0.4463970966950975,0.3244604145860373,365.0,37.95565524971228,0.004942381077498757,rare,0.49423810774987564,,peak_abundance_with_occupancy_days_modifiers,0.3795565524971228
oilbir1,CO,0.01183308057649145,0.0119033684415134,0.0119033684415134,resident,0.1445340885714957,0.255183735325946,0.1721469403027756,365.0,14.453408857149569,0.004934777890729985,rare,0.4934777890729985,,peak_abundance_with_occupancy_days_modifiers,0.1445340885714957
semplo,CO,0.0118297517535772,0.0058249999999999994,0.0119,nonbreeding,0.0162,0.0651,0.0226,154.0,1.6199999999999999,0.004933389663749479,rare,0.4933389663749479,rare,peak_abundance_with_occupancy_days_modifiers,0.0162
yegvir,CO,0.011730922875698666,0.008733333333333334,0.0118,nonbreeding,0.2116,0.1868,0.2788,126.0,21.16,0.004892174820466024,rare,0.4892174820466024,,peak_abundance_with_occupancy_days_modifiers,0.2116
parant2,CO,0.011676441970788579,0.0117448777219814,0.0117448777219814,resident,0.0726031410585005,1.0,1.0,365.0,7.260314105850051,0.004869454518404357,rare,0.48694545184043575,,peak_abundance_with_occupancy_days_modifiers,0.0726031410585005
ventro1,CO,0.011632084229707653,0.0117,0.0117,resident,0.0785,0.2719,0.1922,365.0,7.85,0.004850955903563262,rare,0.4850955903563262,,peak_abundance_with_occupancy_days_modifiers,0.0785
bawwar,CO,0.01153323581367303,0.0067,0.0116,nonbreeding,0.1423,0.0827,0.0503,98.0,14.23,0.00480973291223585,rare,0.480973291223585,,peak_abundance_with_occupancy_days_modifiers,0.1423
mouela1,CO,0.011434377625663104,0.0115,0.0115,resident,0.0638,0.7128,0.6082,365.0,6.38,0.004768505845678206,rare,0.47685058456782065,,peak_abundance_with_occupancy_days_modifiers,0.0638
tbsfin1,CO,0.011434377625663104,0.0115,0.0115,resident,0.1054,0.3856,0.2543,365.0,10.54,0.004768505845678206,rare,0.47685058456782065,,peak_abundance_with_occupancy_days_modifiers,0.1054
bucmot3,CO,0.011335509663745602,0.0114,0.0114,resident,0.0713,0.4877,0.4601,365.0,7.13,0.004727274703084514,rare,0.4727274703084514,,peak_abundance_with_occupancy_days_modifiers,0.0713
cocwoo1,CO,0.011335509663745602,0.0114,0.0114,resident,0.0855,0.3469,0.2768,365.0,8.55,0.004727274703084514,rare,0.4727274703084514,,peak_abundance_with_occupancy_days_modifiers,0.0855
andduc1,CO,0.011216250526389426,0.0112793885006326,0.0112793885006326,resident,0.0219386708863148,0.0290749931611239,0.0218767137208695,365.0,2.19386708863148,0.004677539779833641,rare,0.4677539779833641,rare,peak_abundance_with_occupancy_days_modifiers,0.0219386708863148
dbwqua1,CO,0.011164474745689518,0.0112270300762481,0.0112270300762481,resident,0.0670637983472128,0.2866063869880658,0.2954927071772689,365.0,6.70637983472128,0.004655947602190476,rare,0.4655947602190476,,peak_abundance_with_occupancy_days_modifiers,0.0670637983472128
grhkit1,CO,0.011038847115216341,0.0111,0.0111,resident,0.4024,0.0732,0.094,365.0,40.239999999999995,0.004603556811025358,rare,0.4603556811025358,,peak_abundance_with_occupancy_days_modifiers,0.4024
tenwar,CO,0.010939940038334364,0.007133333333333333,0.011,nonbreeding,0.1136,0.158,0.0602,98.0,11.360000000000001,0.004562309356224399,rare,0.4562309356224399,,peak_abundance_with_occupancy_days_modifiers,0.1136
stther2,CO,0.010841023177874857,0.0109,0.0109,resident,0.0876,0.2875,0.2171,365.0,8.76,0.004521057821354797,rare,0.4521057821354797,,peak_abundance_with_occupancy_days_modifiers,0.0876
whvplu1,CO,0.010841023177874857,0.0109,0.0109,resident,0.0701,0.6757,0.6009,365.0,7.01,0.004521057821354797,rare,0.4521057821354797,,peak_abundance_with_occupancy_days_modifiers,0.0701
strxen1,CO,0.010818167965294062,0.0108768959296273,0.0108768959296273,resident,0.1128398666296061,0.0564876552880415,0.0688456734955601,365.0,11.28398666296061,0.004511526457395739,rare,0.4511526457395739,,peak_abundance_with_occupancy_days_modifiers,0.1128398666296061
blkflo1,CO,0.010742096531902109,0.0108,0.0108,resident,0.0336,0.5837,0.6797,365.0,3.36,0.004479802205609206,rare,0.4479802205609206,rare,peak_abundance_with_occupancy_days_modifiers,0.0336
litcuc2,CO,0.010707832592394299,0.0107653666032872,0.0107653666032872,resident,0.2915023547033231,0.1518053719313259,0.1709850798743274,365.0,29.15023547033231,0.0044655130329766795,rare,0.44655130329766796,,peak_abundance_with_occupancy_days_modifiers,0.2915023547033231
semsan,CO,0.010643160098479827,0.005625,0.0107,prebreeding_migration,0.002,0.0283,0.0039,105.0,0.2,0.004438542508180131,very_rare,0.4438542508180131,very_rare,peak_abundance_with_occupancy_days_modifiers,0.002
rehbar1,CO,0.010643160098479827,0.0107,0.0107,resident,0.0488,0.6378,0.6919,365.0,4.88,0.004438542508180131,rare,0.4438542508180131,rare,peak_abundance_with_occupancy_days_modifiers,0.0488
linsee1,CO,0.010544213875671154,0.005299999999999999,0.0106,nonbreeding,0.1527,0.0903,0.034,105.0,15.27,0.004397278728259838,rare,0.4397278728259838,,peak_abundance_with_occupancy_days_modifiers,0.1527
whbant1,CO,0.010544213875671154,0.0106,0.0106,resident,0.0616,0.4341,0.3943,365.0,6.16,0.004397278728259838,rare,0.4397278728259838,,peak_abundance_with_occupancy_days_modifiers,0.0616
bkfgra,CO,0.010445257861538649,0.0105,0.0105,resident,0.026,0.3048,0.1634,365.0,2.6,0.004356010865040352,rare,0.43560108650403523,rare,peak_abundance_with_occupancy_days_modifiers,0.026
ampkin1,CO,0.0103462920541443,0.0104,0.0104,resident,0.2702,0.111,0.1163,365.0,27.02,0.004314738917713461,rare,0.4314738917713461,,peak_abundance_with_occupancy_days_modifiers,0.2702
blswoo1,CO,0.010312695714472936,0.010366054828616,0.010366054828616,resident,0.1892018966720549,0.670362475544676,0.4795222212806002,365.0,18.920189667205488,0.004300728155837211,rare,0.4300728155837211,,peak_abundance_with_occupancy_days_modifiers,0.1892018966720549
vepcor1,CO,0.010293342333131061,0.0103465010182788,0.0103465010182788,resident,0.0634278401745111,0.7287437618924537,0.6546562507728413,365.0,6.34278401745111,0.00429265716893409,rare,0.429265716893409,,peak_abundance_with_occupancy_days_modifiers,0.0634278401745111
santer1,CO,0.01014833105181515,0.0072,0.0102,prebreeding_migration,0.0072,0.0289,0.0282,133.0,0.72,0.004232182767503403,very_rare,0.4232182767503403,very_rare,peak_abundance_with_occupancy_days_modifiers,0.0072
acowoo,CO,0.01004933585300144,0.0101,0.0101,resident,0.0346,0.0661,0.0218,365.0,3.46,0.004190898563002608,rare,0.41908985630026085,rare,peak_abundance_with_occupancy_days_modifiers,0.0346
nosfly1,CO,0.01004933585300144,0.0101,0.0101,resident,0.0794,0.3769,0.3611,365.0,7.9399999999999995,0.004190898563002608,rare,0.41908985630026085,,peak_abundance_with_occupancy_days_modifiers,0.0794
coltro1,CO,0.009950330853168083,0.01,0.01,resident,0.1723,0.0578,0.0468,365.0,17.23,0.0041496102711591504,very_rare,0.41496102711591504,,peak_abundance_with_occupancy_days_modifiers,0.1723
whtnig1,CO,0.00992468190913475,0.009974094898747,0.009974094898747,resident,0.3133681476510431,0.3511848932084726,0.2274649464277107,365.0,31.33681476510431,0.004138913830691423,very_rare,0.4138913830691423,,peak_abundance_with_occupancy_days_modifiers,0.3133681476510431
olcyel1,CO,0.009820461511653767,0.009868840482055,0.009868840482055,resident,0.2170807112442958,0.5189153156024554,0.2193337250395019,365.0,21.70807112442958,0.004095450549094761,very_rare,0.40954505490947607,,peak_abundance_with_occupancy_days_modifiers,0.2170807112442958
yebcuc,CO,0.009653257028138304,0.0061,0.0097,postbreeding_migration,0.3157,0.0771,0.0378,105.0,31.569999999999997,0.0040257208634774475,very_rare,0.4025720863477448,,peak_abundance_with_occupancy_days_modifiers,0.3157
rucwar1,CO,0.009653257028138304,0.0097,0.0097,resident,0.0363,0.3323,0.2797,365.0,3.63,0.0040257208634774475,very_rare,0.4025720863477448,rare,peak_abundance_with_occupancy_days_modifiers,0.0363
olsfly1,CO,0.009653257028138304,0.0097,0.0097,resident,0.0823,0.3279,0.3994,365.0,8.23,0.0040257208634774475,very_rare,0.4025720863477448,,peak_abundance_with_occupancy_days_modifiers,0.0823
tortyr1,CO,0.009515837396988977,0.0095612569316575,0.0095612569316575,resident,0.0774832296851252,0.2264689295508017,0.3132559444133415,365.0,7.748322968512519,0.003968412426070562,very_rare,0.39684124260705617,,peak_abundance_with_occupancy_days_modifiers,0.0774832296851252
grhtan1,CO,0.009477613274507836,0.0095226680760376,0.0095226680760376,resident,0.0706388097683449,0.0392076253796854,0.0539414379921083,365.0,7.06388097683449,0.003952471728862199,very_rare,0.3952471728862199,,peak_abundance_with_occupancy_days_modifiers,0.0706388097683449
blbwoo1,CO,0.009455158770755135,0.0095,0.0095,resident,0.3168,0.0863,0.0506,365.0,31.680000000000003,0.003943107473463978,very_rare,0.39431074734639776,,peak_abundance_with_occupancy_days_modifiers,0.3168
gocman1,CO,0.009455158770755135,0.0095,0.0095,resident,0.0316,0.635,0.5876,365.0,3.16,0.003943107473463978,very_rare,0.39431074734639776,rare,peak_abundance_with_occupancy_days_modifiers,0.0316
andeme1,CO,0.009429457797180364,0.009474055200581,0.009474055200581,resident,0.0516238685127162,0.4816819259699393,0.4687840272083797,365.0,5.16238685127162,0.003932389334992123,very_rare,0.3932389334992123,,peak_abundance_with_occupancy_days_modifiers,0.0516238685127162
guawoo2,CO,0.009244482790344202,0.0092873449992121,0.0092873449992121,resident,0.0925607908987955,0.1506242195308277,0.1290474068882944,365.0,9.25607908987955,0.0038552487655375447,very_rare,0.38552487655375445,,peak_abundance_with_occupancy_days_modifiers,0.0925607908987955
swafly1,CO,0.00921294511995026,0.006769861285996726,0.0092555149295185,breeding,0.2889268526516131,0.0248634491848869,0.014263696114108,98.0,28.89268526516131,0.003842096535433235,very_rare,0.38420965354332354,,peak_abundance_with_occupancy_days_modifiers,0.2889268526516131
lobgna5,CO,0.009157937784765629,0.0092,0.0092,resident,0.1785,0.047,0.018,365.0,17.849999999999998,0.0038191566948953147,very_rare,0.3819156694895315,,peak_abundance_with_occupancy_days_modifiers,0.1785
goowoo1,CO,0.009157937784765629,0.0092,0.0092,resident,0.0711,0.1076,0.0856,365.0,7.109999999999999,0.0038191566948953147,very_rare,0.3819156694895315,,peak_abundance_with_occupancy_days_modifiers,0.0711
latman1,CO,0.009058844488346039,0.0091,0.0091,resident,0.0224,0.2472,0.1869,365.0,2.2399999999999998,0.0037778315805153456,very_rare,0.37778315805153456,rare,peak_abundance_with_occupancy_days_modifiers,0.0224
colinc1,CO,0.008959741371471904,0.009,0.009,resident,0.0375,0.5348,0.561,365.0,3.75,0.003736502370687642,very_rare,0.3736502370687642,rare,peak_abundance_with_occupancy_days_modifiers,0.0375
bobher1,CO,0.008959741371471904,0.009,0.009,resident,0.1886,0.0874,0.096,365.0,18.86,0.003736502370687642,very_rare,0.3736502370687642,,peak_abundance_with_occupancy_days_modifiers,0.1886
yebsis1,CO,0.008806172176183317,0.0088450605792194,0.0088450605792194,resident,0.0954966909678858,0.3112582884320303,0.310506992181761,365.0,9.549669096788579,0.003672459041927392,very_rare,0.3672459041927392,,peak_abundance_with_occupancy_days_modifiers,0.0954966909678858
rebgra1,CO,0.00876150566857275,0.0088,0.0088,resident,0.0149,1.0,1.0,365.0,1.49,0.0036538316614419504,very_rare,0.365383166144195,rare,peak_abundance_with_occupancy_days_modifiers,0.0149
barbec1,CO,0.008673544361525776,0.008711268535976,0.008711268535976,resident,0.0972368093323068,0.3085476268714495,0.2956382027073004,365.0,9.72368093323068,0.003617148947211397,very_rare,0.3617148947211397,,peak_abundance_with_occupancy_days_modifiers,0.0972368093323068
balori,CO,0.008662373078652657,0.005299999999999999,0.0087,nonbreeding,0.1566,0.1811,0.0474,119.0,15.659999999999998,0.003612490160399499,very_rare,0.3612490160399499,,peak_abundance_with_occupancy_days_modifiers,0.1566
coffal1,CO,0.008662373078652657,0.0087,0.0087,resident,0.4109,0.0778,0.0521,365.0,41.089999999999996,0.003612490160399499,very_rare,0.3612490160399499,,peak_abundance_with_occupancy_days_modifiers,0.4109
sptfly1,CO,0.008496178092411759,0.0085323730471442,0.0085323730471442,resident,0.0919301901793904,0.0475892399859669,0.0098887704230318,365.0,9.19301901793904,0.003543181467844796,very_rare,0.3543181467844796,,peak_abundance_with_occupancy_days_modifiers,0.0919301901793904
scatan,CO,0.008364916331627708,0.006833333333333333,0.0084,prebreeding_migration,0.4346,0.1747,0.1002,91.0,43.46,0.003488441061842421,very_rare,0.3488441061842421,,peak_abundance_with_occupancy_days_modifiers,0.4346
ccbfin,CO,0.008364916331627708,0.0084,0.0084,resident,0.0473,0.3818,0.3538,365.0,4.73,0.003488441061842421,very_rare,0.3488441061842421,rare,peak_abundance_with_occupancy_days_modifiers,0.0473
stbspi1,CO,0.008337866828166056,0.0083727236496168,0.0083727236496168,resident,0.1107997167803191,0.2787843574637754,0.11152973594326,365.0,11.07997167803191,0.0034771605427269523,very_rare,0.34771605427269525,,peak_abundance_with_occupancy_days_modifiers,0.1107997167803191
bawnig1,CO,0.008235504927586138,0.00751693319174725,0.0082695099837947,postbreeding_migration,0.1505949315032667,0.0829304714690727,0.0590576725684455,98.0,15.05949315032667,0.0034344723145373745,very_rare,0.34344723145373746,,peak_abundance_with_occupancy_days_modifiers,0.1505949315032667
gcrwar,CO,0.008166562666393417,0.0082,0.0082,resident,0.062,0.0251,0.0102,365.0,6.2,0.003405721158482009,very_rare,0.3405721158482009,,peak_abundance_with_occupancy_days_modifiers,0.062
grasal3,CO,0.008166562666393417,0.0082,0.0082,resident,0.1143,0.0353,0.0098,365.0,11.43,0.003405721158482009,very_rare,0.3405721158482009,,peak_abundance_with_occupancy_days_modifiers,0.1143
robgro,CO,0.008166562666393417,0.005066666666666667,0.0082,nonbreeding,0.0973,0.1167,0.0987,98.0,9.73,0.003405721158482009,very_rare,0.3405721158482009,,peak_abundance_with_occupancy_days_modifiers,0.0973
pacant,CO,0.008067371077758796,0.0081,0.0081,resident,0.0355,0.7418,0.8025,365.0,3.55,0.0033643550530645483,very_rare,0.33643550530645483,rare,peak_abundance_with_occupancy_days_modifiers,0.0355
bawsee1,CO,0.008067371077758796,0.0069,0.0081,nonbreeding,0.0779,0.3979,0.4108,84.0,7.79,0.0033643550530645483,very_rare,0.33643550530645483,,peak_abundance_with_occupancy_days_modifiers,0.0779
mouwar,CO,0.008067371077758796,0.005033333333333333,0.0081,nonbreeding,0.1523,0.4822,0.5883,140.0,15.229999999999999,0.0033643550530645483,very_rare,0.33643550530645483,,peak_abundance_with_occupancy_days_modifiers,0.1523
lebfly2,CO,0.008001454008178196,0.0080335511922352,0.0080335511922352,resident,0.0636355643384906,0.164714424095182,0.1618156567149216,365.0,6.363556433849061,0.003336865499901651,very_rare,0.3336865499901651,,peak_abundance_with_occupancy_days_modifiers,0.0636355643384906
whbpar1,CO,0.00792234417727651,0.0079538089826951,0.0079538089826951,resident,0.0760925180665462,0.0055117476123912,0.0024359674708622,365.0,7.60925180665462,0.0033038741379355988,very_rare,0.33038741379355985,,peak_abundance_with_occupancy_days_modifiers,0.0760925180665462
rerwoo1,CO,0.00786895837869518,0.0079,0.0079,resident,0.0858,0.4697,0.5261,365.0,8.58,0.0032816105306851177,very_rare,0.3281610530685118,,peak_abundance_with_occupancy_days_modifiers,0.0858
grflan1,CO,0.007770487734058423,0.0078007563236452,0.0078007563236452,resident,0.1318446665680035,0.3240356879098351,0.3993750046854415,365.0,13.18446665680035,0.003240545082267197,very_rare,0.3240545082267197,,peak_abundance_with_occupancy_days_modifiers,0.1318446665680035
blcwar2,CO,0.007769737264360664,0.0078,0.0078,resident,0.025,0.3791,0.3999,365.0,2.5,0.0032402321120944214,very_rare,0.32402321120944216,rare,peak_abundance_with_occupancy_days_modifiers,0.025
stvhum2,CO,0.007769737264360664,0.0078,0.0078,resident,0.0515,0.9619,0.9743,365.0,5.1499999999999995,0.0032402321120944214,very_rare,0.32402321120944216,,peak_abundance_with_occupancy_days_modifiers,0.0515
blcwoo1,CO,0.007670506304219701,0.0077,0.0077,resident,0.0344,0.2004,0.1451,365.0,3.44,0.0031988495874835155,very_rare,0.31988495874835154,rare,peak_abundance_with_occupancy_days_modifiers,0.0344
blaoro1,CO,0.007639783058030912,0.0076690406604037,0.0076690406604037,resident,0.0521710196984282,0.5062741738107993,0.3103877141132474,365.0,5.217101969842821,0.0031860369986530467,very_rare,0.3186036998653047,,peak_abundance_with_occupancy_days_modifiers,0.0521710196984282
phecuc1,CO,0.007634327002137313,0.007663542776794,0.007663542776794,resident,0.240170451831283,0.0454654697674488,0.07922389472288,365.0,24.0170451831283,0.0031837616466159914,very_rare,0.3183761646615991,,peak_abundance_with_occupancy_days_modifiers,0.240170451831283
sungre1,CO,0.007560689499883589,0.0075893436823433,0.0075893436823433,resident,0.4549755370127323,0.1035843249184115,0.08493192874179,365.0,45.49755370127323,0.00315305242295265,very_rare,0.31530524229526496,,peak_abundance_with_occupancy_days_modifiers,0.4549755370127323
ytbtan1,CO,0.007472014838700995,0.0075,0.0075,resident,0.0189,0.2334,0.2392,365.0,1.8900000000000001,0.0031160722169409553,very_rare,0.31160722169409555,rare,peak_abundance_with_occupancy_days_modifiers,0.0189
blfant1,CO,0.007472014838700995,0.0075,0.0075,resident,0.1442,0.0513,0.0211,365.0,14.42,0.0031160722169409553,very_rare,0.31160722169409555,,peak_abundance_with_occupancy_days_modifiers,0.1442
sltgna1,CO,0.0074402041318401176,0.0074679512225875,0.0074679512225875,resident,0.2506614194938202,0.7003844512700446,0.5821479673616881,365.0,25.066141949382022,0.0031028061217858328,very_rare,0.31028061217858327,,peak_abundance_with_occupancy_days_modifiers,0.2506614194938202
y00475,CO,0.007372754329413085,0.0059499999999999996,0.0074,prebreeding_migration,0.0024,0.0046,0.0013,105.0,0.24,0.003074677369378634,very_rare,0.3074677369378634,very_rare,peak_abundance_with_occupancy_days_modifiers,0.0024
sittan1,CO,0.007174203748000358,0.0072,0.0072,resident,0.0157,0.3742,0.2461,365.0,1.5699999999999998,0.0029918753455934195,very_rare,0.29918753455934194,rare,peak_abundance_with_occupancy_days_modifiers,0.0157
blchaw1,CO,0.007156820374964614,0.0071824916188562,0.0071824916188562,resident,0.2495655400772816,0.1026308390220537,0.0626586862694664,365.0,24.95655400772816,0.0029846259159652193,very_rare,0.29846259159652194,,peak_abundance_with_occupancy_days_modifiers,0.2495655400772816
grttra1,CO,0.007152946195438465,0.0071785896206266,0.0071785896206266,resident,0.0722968140433121,0.1532141108682242,0.1890295118116263,365.0,7.2296814043312105,0.002983010257612698,very_rare,0.2983010257612698,,peak_abundance_with_occupancy_days_modifiers,0.0722968140433121
fabtan1,CO,0.0071165525939403135,0.0071419354313915,0.0071419354313915,resident,0.1052350511411751,0.0779738572090943,0.0709841071820821,365.0,10.52350511411751,0.0029678329469473613,very_rare,0.29678329469473613,,peak_abundance_with_occupancy_days_modifiers,0.1052350511411751
gretho1,CO,0.007052861575274031,0.0070777915782977,0.0070777915782977,resident,0.1316463200164837,0.7007385561557695,0.6034880597351998,365.0,13.164632001648368,0.002941271729120747,very_rare,0.2941271729120747,,peak_abundance_with_occupancy_days_modifiers,0.1316463200164837
jetant1,CO,0.006975613736425242,0.007,0.007,resident,0.0857,0.5343,0.8092,365.0,8.57,0.0029090568781531974,very_rare,0.2909056878153197,,peak_abundance_with_occupancy_days_modifiers,0.0857
spetan1,CO,0.006975613736425242,0.007,0.007,resident,0.0389,0.4968,0.3929,365.0,3.8899999999999997,0.0029090568781531974,very_rare,0.2909056878153197,rare,peak_abundance_with_occupancy_days_modifiers,0.0389
chcswi1,CO,0.006912891972888135,0.0069368411648556,0.0069368411648556,resident,0.2505652267915833,0.2109726403743591,0.1465059485312245,365.0,25.056522679158327,0.0028828998711110153,very_rare,0.28828998711110154,,peak_abundance_with_occupancy_days_modifiers,0.2505652267915833
broher,CO,0.0068821752120281614,0.0069059118017318,0.0069059118017318,resident,0.2861597057180083,0.3532825590091853,0.2270160199587551,365.0,28.61597057180083,0.0028700899868727876,very_rare,0.28700899868727875,,peak_abundance_with_occupancy_days_modifiers,0.2861597057180083
silant1,CO,0.006832662289134094,0.0068560581811686,0.0068560581811686,resident,0.2949315077434646,0.059919653426777,0.019725869724625,365.0,29.49315077434646,0.002849441494231824,very_rare,0.2849441494231824,,peak_abundance_with_occupancy_days_modifiers,0.2949315077434646
yeltyr1,CO,0.006776984279023751,0.0068,0.0068,resident,0.2227,0.1282,0.0425,365.0,22.27,0.0028262219605257625,very_rare,0.28262219605257627,,peak_abundance_with_occupancy_days_modifiers,0.2227
grepot1,CO,0.006680483166670622,0.0067028473678268,0.0067028473678268,resident,0.5200906916206981,0.1072786371962272,0.0745783074129488,365.0,52.00906916206981,0.0027859778708660635,rare,0.2785977870866064,,peak_abundance_with_occupancy_days_modifiers,0.5200906916206981
trimun,CO,0.006677654753240569,0.0067,0.0067,resident,0.0104,0.009,0.0133,365.0,1.04,0.00278479833084937,very_rare,0.27847983308493696,rare,peak_abundance_with_occupancy_days_modifiers,0.0104
rawwre1,CO,0.006578315360122567,0.0066,0.0066,resident,0.0358,0.2528,0.2587,365.0,3.58,0.002743370586174741,very_rare,0.2743370586174741,rare,peak_abundance_with_occupancy_days_modifiers,0.0358
grcfly,CO,0.006578315360122567,0.0038,0.0066,nonbreeding,0.1945,0.2291,0.0974,133.0,19.45,0.002743370586174741,very_rare,0.2743370586174741,,peak_abundance_with_occupancy_days_modifiers,0.1945
lesnig,CO,0.006578315360122567,0.0045249999999999995,0.0066,nonbreeding,0.1812,0.0971,0.0163,140.0,18.12,0.002743370586174741,very_rare,0.2743370586174741,,peak_abundance_with_occupancy_days_modifiers,0.1812
bhtfly1,CO,0.006578315360122567,0.0066,0.0066,resident,0.0627,0.6442,0.5954,365.0,6.2700000000000005,0.002743370586174741,very_rare,0.2743370586174741,,peak_abundance_with_occupancy_days_modifiers,0.0627
lbsfin1,CO,0.006532320120277768,0.0065537022563183,0.0065537022563183,resident,0.2613271804832525,0.4221404332878519,0.5482328935546775,365.0,26.13271804832525,0.0027241890813081327,very_rare,0.27241890813081326,,peak_abundance_with_occupancy_days_modifiers,0.2613271804832525
glatan1,CO,0.006478966097709122,0.0065,0.0065,resident,0.0185,0.3332,0.3357,365.0,1.8499999999999999,0.002701938725684232,very_rare,0.2701938725684232,rare,peak_abundance_with_occupancy_days_modifiers,0.0185
wnbfin1,CO,0.006478966097709122,0.0065,0.0065,resident,0.0308,0.4397,0.3672,365.0,3.08,0.002701938725684232,very_rare,0.2701938725684232,rare,peak_abundance_with_occupancy_days_modifiers,0.0308
olsfly,CO,0.006478966097709122,0.0046,0.0065,nonbreeding,0.1953,0.0904,0.1405,98.0,19.53,0.002701938725684232,very_rare,0.2701938725684232,,peak_abundance_with_occupancy_days_modifiers,0.1953
cincon1,CO,0.0064173505102478896,0.0064379858217599,0.0064379858217599,resident,0.031987350266025,0.0108959626872833,0.0036332226111727,365.0,3.1987350266025,0.0026762430298962457,very_rare,0.2676243029896246,rare,peak_abundance_with_occupancy_days_modifiers,0.031987350266025
cerwar,CO,0.006379606964039027,0.003166666666666667,0.0064,nonbreeding,0.1165,0.5361,0.7231,133.0,11.65,0.002660502748559955,very_rare,0.26605027485599547,,peak_abundance_with_occupancy_days_modifiers,0.1165
rcqdov1,CO,0.006203719462148892,0.0062230023843883,0.0062230023843883,resident,0.0577247295715328,0.2433950906211309,0.2329121890918848,365.0,5.772472957153281,0.0025871519630251047,very_rare,0.2587151963025105,,peak_abundance_with_occupancy_days_modifiers,0.0577247295715328
biccon1,CO,0.006199224343621604,0.0062184793028936,0.0062184793028936,resident,0.0244448126632753,0.0368993637771231,0.0565450297845318,365.0,2.44448126632753,0.002585277352995943,very_rare,0.25852773529959433,rare,peak_abundance_with_occupancy_days_modifiers,0.0244448126632753
milmac,CO,0.00618450558900294,0.0062036691289979,0.0062036691289979,resident,0.1055148897334531,0.1060451955004062,0.0822387888406117,365.0,10.551488973345311,0.0025791391555585316,very_rare,0.25791391555585313,,peak_abundance_with_occupancy_days_modifiers,0.1055148897334531
comblh1,CO,0.006180859075081115,0.004999999999999999,0.0062,breeding,0.0655,0.1264,0.1193,98.0,6.550000000000001,0.0025776184411373257,very_rare,0.2577618441137326,,peak_abundance_with_occupancy_days_modifiers,0.0655
garkin1,CO,0.006180859075081115,0.0062,0.0062,resident,0.1721,0.0689,0.0814,365.0,17.21,0.0025776184411373257,very_rare,0.2577618441137326,,peak_abundance_with_occupancy_days_modifiers,0.1721
brnowl,CO,0.006180859075081115,0.0062,0.0062,resident,0.2149,,,,21.490000000000002,0.0025776184411373257,very_rare,0.2577618441137326,,peak_abundance_with_occupancy_days_modifiers,0.2149
tropew4,CO,0.0060781647947922655,0.0060966743207423,0.0060966743207423,resident,0.2070831473527393,0.2320972418863537,0.0428499597693168,365.0,20.70831473527393,0.002534791599842855,very_rare,0.2534791599842855,,peak_abundance_with_occupancy_days_modifiers,0.2070831473527393
blbman1,CO,0.00607559334310162,0.0060940871950745,0.0060940871950745,resident,0.1701342479062918,0.0199157836274294,0.0055178150065076,365.0,17.01342479062918,0.0025337192211949155,very_rare,0.25337192211949155,,peak_abundance_with_occupancy_days_modifiers,0.1701342479062918
shtnig1,CO,0.006067589953359253,0.005135342798985551,0.0060860350641994,breeding,0.3196066608654864,0.0526445449762629,0.0054920292586217,161.0,31.96066608654864,0.0025303815484311225,very_rare,0.25303815484311226,,peak_abundance_with_occupancy_days_modifiers,0.3196066608654864
plaant1,CO,0.006019633600815834,0.0060377880044986,0.0060377880044986,resident,0.0632055618125547,0.0486104229593205,0.0264872482237682,365.0,6.32055618125547,0.002510382196045979,very_rare,0.25103821960459793,,peak_abundance_with_occupancy_days_modifiers,0.0632055618125547
secfly1,CO,0.005982071677547464,0.006,0.006,resident,0.126,0.0416,0.0269,365.0,12.6,0.002494717657358874,very_rare,0.2494717657358874,,peak_abundance_with_occupancy_days_modifiers,0.126
greher1,CO,0.005982071677547464,0.006,0.006,resident,0.0444,0.4658,0.435,365.0,4.44,0.002494717657358874,very_rare,0.2494717657358874,rare,peak_abundance_with_occupancy_days_modifiers,0.0444
lesvio1,CO,0.005982071677547464,0.006,0.006,resident,0.031,0.3875,0.4438,365.0,3.1,0.002494717657358874,very_rare,0.2494717657358874,rare,peak_abundance_with_occupancy_days_modifiers,0.031
orbspa1,CO,0.005882663158155495,0.0059,0.0059,resident,0.0425,0.2636,0.2116,365.0,4.25,0.002453261084788902,very_rare,0.2453261084788902,rare,peak_abundance_with_occupancy_days_modifiers,0.0425
relhon1,CO,0.005882663158155495,0.0059,0.0059,resident,0.0906,0.0248,0.0132,365.0,9.06,0.002453261084788902,very_rare,0.2453261084788902,,peak_abundance_with_occupancy_days_modifiers,0.0906
yemfly2,CO,0.005820669954986899,0.0058376429698087,0.0058376429698087,resident,0.1908261567396217,0.702971570000577,0.6154030044541031,365.0,19.08261567396217,0.0024274079110194044,very_rare,0.24274079110194044,,peak_abundance_with_occupancy_days_modifiers,0.1908261567396217
whtcra1,CO,0.005783244755727333,0.0058,0.0058,resident,0.068,0.4362,0.2575,365.0,6.800000000000001,0.002411800390672712,very_rare,0.2411800390672712,,peak_abundance_with_occupancy_days_modifiers,0.068
cregua1,CO,0.005783244755727333,0.0058,0.0058,resident,0.0512,0.3007,0.1678,365.0,5.12,0.002411800390672712,very_rare,0.2411800390672712,,peak_abundance_with_occupancy_days_modifiers,0.0512
litpar2,CO,0.005614147666849791,0.0056299365270313,0.0056299365270313,resident,0.1055663939518413,0.0171288567030203,0.0020656131042038,365.0,10.55663939518413,0.002341281427315248,very_rare,0.2341281427315248,,peak_abundance_with_occupancy_days_modifiers,0.1055663939518413
sctlea1,CO,0.0055055106042703125,0.0055206937786981,0.0055206937786981,resident,0.0990737602694771,0.0539681168448731,0.0612774874670666,365.0,9.907376026947711,0.002295976253310361,very_rare,0.2295976253310361,,peak_abundance_with_occupancy_days_modifiers,0.0990737602694771
clcrob,CO,0.005484930230569685,0.0055,0.0055,resident,0.0393,0.0502,0.0088,365.0,3.93,0.0022873935708496436,very_rare,0.22873935708496435,rare,peak_abundance_with_occupancy_days_modifiers,0.0393
sonwre1,CO,0.005437025924146288,0.0054518333735949,0.0054518333735949,resident,0.1900643366524609,0.5758654743702315,0.2528269757635282,365.0,19.00643366524609,0.0022674159233823468,very_rare,0.22674159233823468,,peak_abundance_with_occupancy_days_modifiers,0.1900643366524609
masyel2,CO,0.005403196912736125,0.0054178205073654,0.0054178205073654,resident,0.3946721590915995,0.5321126258338195,0.3007377009163365,365.0,39.46721590915995,0.0022533081298544465,very_rare,0.22533081298544466,,peak_abundance_with_occupancy_days_modifiers,0.3946721590915995
subfly,CO,0.005385472276337817,0.0025666666666666667,0.0054,postbreeding_migration,0.3617,0.2681,0.0851,84.0,36.17,0.0022459163823501686,very_rare,0.22459163823501685,,peak_abundance_with_occupancy_days_modifiers,0.3617
atbtan1,CO,0.005328919458549981,0.0053431434047116,0.0053431434047116,resident,0.0442750160479095,0.3272466580685559,0.2704247625564085,365.0,4.42750160479095,0.002222332025506272,very_rare,0.2222332025506272,rare,peak_abundance_with_occupancy_days_modifiers,0.0442750160479095
gohque1,CO,0.005286004429237355,0.0053,0.0053,resident,0.0294,0.2827,0.3237,365.0,2.94,0.0022044350682040464,very_rare,0.22044350682040464,rare,peak_abundance_with_occupancy_days_modifiers,0.0294
babwre1,CO,0.005217533556451205,0.0052311685880884,0.0052311685880884,resident,0.3378389138170828,0.4503417772416566,0.0532679027016916,365.0,33.78389138170828,0.002175880496383084,very_rare,0.2175880496383084,,peak_abundance_with_occupancy_days_modifiers,0.3378389138170828
heptan,CO,0.005087039048557106,0.00405,0.0051,nonbreeding,0.0942,0.0243,0.0246,140.0,9.42,0.002121460059688336,very_rare,0.21214600596883357,,peak_abundance_with_occupancy_days_modifiers,0.0942
orheag1,CO,0.004987541511039074,0.005,0.005,resident,0.2648,0.1007,0.0769,365.0,26.479999999999997,0.0020799663636762796,very_rare,0.20799663636762797,,peak_abundance_with_occupancy_days_modifiers,0.2648
bktflo1,CO,0.004977187734813643,0.0049895945087616,0.0049895945087616,resident,0.0368832771622094,0.0248263215431815,0.0124378143376344,365.0,3.6883277162209396,0.002075648503616797,very_rare,0.2075648503616797,rare,peak_abundance_with_occupancy_days_modifiers,0.0368832771622094
stitap1,CO,0.00492825058146794,0.0049404143822418,0.0049404143822418,resident,0.0573864881406805,1.0,1.0,365.0,5.73864881406805,0.0020552401255275066,very_rare,0.20552401255275066,,peak_abundance_with_occupancy_days_modifiers,0.0573864881406805
sptnig1,CO,0.004913114101840406,0.0049252032372545,0.0049252032372545,resident,0.5187246119052938,0.0566381734553269,0.0324602682769792,365.0,51.872461190529386,0.0020489277232306623,rare,0.20489277232306624,,peak_abundance_with_occupancy_days_modifiers,0.5187246119052938
tafgna1,CO,0.004888034072775962,0.0049,0.0049,resident,0.0356,0.3054,0.5215,365.0,3.56,0.002038468538732918,very_rare,0.2038468538732918,rare,peak_abundance_with_occupancy_days_modifiers,0.0356
panfly1,CO,0.004888034072775962,0.0049,0.0049,resident,0.0909,0.6665,0.4512,365.0,9.09,0.002038468538732918,very_rare,0.2038468538732918,,peak_abundance_with_occupancy_days_modifiers,0.0909
smbwoo1,CO,0.004888034072775962,0.0049,0.0049,resident,0.0554,0.1586,0.1841,365.0,5.54,0.002038468538732918,very_rare,0.2038468538732918,,peak_abundance_with_occupancy_days_modifiers,0.0554
ycnher,CO,0.004688989486131542,0.0036750000000000003,0.0047,prebreeding_migration,0.0493,0.1445,0.0765,147.0,4.93,0.0019554604987645544,very_rare,0.19554604987645544,rare,peak_abundance_with_occupancy_days_modifiers,0.0493
grcbri1,CO,0.004678562547843968,0.0046895241097183,0.0046895241097183,resident,0.0677369226517431,0.5614191853543823,0.3651882756105752,365.0,6.77369226517431,0.0019511121277552576,very_rare,0.19511121277552576,,peak_abundance_with_occupancy_days_modifiers,0.0677369226517431
grnher,CO,0.0045894523338072864,0.0025,0.0046,nonbreeding,0.0646,0.0905,0.0348,119.0,6.460000000000001,0.0019139502820952148,very_rare,0.19139502820952148,,peak_abundance_with_occupancy_days_modifiers,0.0646
whtkit,CO,0.0045894523338072864,0.0046,0.0046,resident,0.0716,0.0443,0.0514,365.0,7.16,0.0019139502820952148,very_rare,0.19139502820952148,,peak_abundance_with_occupancy_days_modifiers,0.0716
sharpb1,CO,0.004547148722686989,0.0045575026911697,0.0045575026911697,resident,0.0287690139125178,0.0089862475649047,0.0267843095708864,365.0,2.87690139125178,0.0018963083059838715,very_rare,0.18963083059838715,rare,peak_abundance_with_occupancy_days_modifiers,0.0287690139125178
gofgre1,CO,0.004542126297318086,0.0045524573887535,0.0045524573887535,resident,0.0512586644504921,0.1684558795201764,0.0362482140404437,365.0,5.12586644504921,0.0018942137919214885,very_rare,0.18942137919214885,,peak_abundance_with_occupancy_days_modifiers,0.0512586644504921
stcant2,CO,0.004317132656995052,0.00432646489886,0.00432646489886,resident,0.2165319955551143,0.5044614773299566,0.3855173092068666,365.0,21.653199555511428,0.0018003841560423174,very_rare,0.18003841560423176,,peak_abundance_with_occupancy_days_modifiers,0.2165319955551143
brcfly1,CO,0.004290781417156275,0.002625,0.0043,postbreeding_migration,0.1148,0.0189,0.0079,133.0,11.48,0.0017893948354753858,very_rare,0.17893948354753858,,peak_abundance_with_occupancy_days_modifiers,0.1148
lobher,CO,0.004290781417156275,0.0043,0.0043,resident,0.0379,0.245,0.146,365.0,3.7900000000000005,0.0017893948354753858,very_rare,0.17893948354753858,rare,peak_abundance_with_occupancy_days_modifiers,0.0379
bubgro1,CO,0.004290781417156275,0.0043,0.0043,resident,0.0571,0.2387,0.1188,365.0,5.71,0.0017893948354753858,very_rare,0.17893948354753858,,peak_abundance_with_occupancy_days_modifiers,0.0571
lesgre1,CO,0.004191204618468071,0.0042,0.0042,resident,0.0331,0.0901,0.0268,365.0,3.3099999999999996,0.0017478680849880779,very_rare,0.1747868084988078,rare,peak_abundance_with_occupancy_days_modifiers,0.0331
brbmot1,CO,0.004191204618468071,0.0042,0.0042,resident,0.0341,0.0304,0.0584,365.0,3.4099999999999997,0.0017478680849880779,very_rare,0.1747868084988078,rare,peak_abundance_with_occupancy_days_modifiers,0.0341
rocpig,CO,0.004191204618468071,0.0042,0.0042,resident,0.0026,0.0002,0.0001,365.0,0.26,0.0017478680849880779,very_rare,0.1747868084988078,very_rare,peak_abundance_with_occupancy_days_modifiers,0.0026
veery,CO,0.004191204618468071,0.0042,0.0042,postbreeding_migration,0.1206,0.0479,0.0617,56.0,12.06,0.0017478680849880779,very_rare,0.1747868084988078,,peak_abundance_with_occupancy_days_modifiers,0.1206
aldfly,CO,0.004191204618468071,0.0018666666666666664,0.0042,postbreeding_migration,0.2625,0.0316,0.0054,63.0,26.25,0.0017478680849880779,very_rare,0.1747868084988078,,peak_abundance_with_occupancy_days_modifiers,0.2625
brofly1,CO,0.004191204618468071,0.0042,0.0042,resident,0.1468,0.1328,0.1423,365.0,14.680000000000001,0.0017478680849880779,very_rare,0.1747868084988078,,peak_abundance_with_occupancy_days_modifiers,0.1468
crgdov1,CO,0.004145814432926759,0.0041544202101248,0.0041544202101248,resident,0.0471592588686369,0.0049669018348572,0.00035226062641976954,365.0,4.71592588686369,0.0017289389073646474,very_rare,0.17289389073646474,rare,peak_abundance_with_occupancy_days_modifiers,0.0471592588686369
cinwoo1,CO,0.004091617903253565,0.0041,0.0041,resident,0.0242,0.4976,0.4236,365.0,2.42,0.0017063371989880915,very_rare,0.17063371989880916,rare,peak_abundance_with_occupancy_days_modifiers,0.0242
triher,CO,0.004091617903253565,0.003825,0.0041,nonbreeding,0.0111,0.0395,0.0355,196.0,1.11,0.0017063371989880915,very_rare,0.17063371989880916,rare,peak_abundance_with_occupancy_days_modifiers,0.0111
pavthr1,CO,0.004062079081827428,0.0040703405074614,0.0040703405074614,resident,0.1431749985003773,0.6813022525950417,0.5034796626594745,365.0,14.317499850037729,0.0016940185536488811,very_rare,0.1694018553648881,,peak_abundance_with_occupancy_days_modifiers,0.1431749985003773
baceag2,CO,0.004053500768390011,0.0040617273143107,0.0040617273143107,resident,0.1399169194734832,0.2276449328806131,0.3004880065831691,365.0,13.99169194734832,0.0016904411190816846,very_rare,0.16904411190816845,,peak_abundance_with_occupancy_days_modifiers,0.1399169194734832
strwoo5,CO,0.004042576621681253,0.0040507588566075,0.0040507588566075,resident,0.178837246716911,0.5774454122425335,0.5041438038935356,365.0,17.883724671691102,0.0016858853960554586,very_rare,0.16858853960554587,,peak_abundance_with_occupancy_days_modifiers,0.178837246716911
lobsta1,CO,0.003992021269537453,0.004,0.004,resident,0.195,0.0904,0.068,365.0,19.5,0.0016648021766516613,very_rare,0.16648021766516613,,peak_abundance_with_occupancy_days_modifiers,0.195
versco2,CO,0.003903439375629425,0.0039110677174695,0.0039110677174695,resident,0.1957505990121701,0.6561739963385793,0.4697885837162757,365.0,19.57505990121701,0.0016278606575982674,very_rare,0.16278606575982674,,peak_abundance_with_occupancy_days_modifiers,0.1957505990121701
pecsan,CO,0.0038924147153438387,0.0013333333333333333,0.0039,postbreeding_migration,0.1737,0.0348,0.0016,112.0,17.37,0.001623263017154774,very_rare,0.1623263017154774,,peak_abundance_with_occupancy_days_modifiers,0.1737
wilfly,CO,0.0038924147153438387,0.0023666666666666667,0.0039,postbreeding_migration,0.1296,0.5104,0.3205,168.0,12.959999999999999,0.001623263017154774,very_rare,0.1623263017154774,,peak_abundance_with_occupancy_days_modifiers,0.1296
wewpew,CO,0.0038924147153438387,0.0028666666666666667,0.0039,postbreeding_migration,0.1574,0.2775,0.1751,126.0,15.740000000000002,0.001623263017154774,very_rare,0.1623263017154774,,peak_abundance_with_occupancy_days_modifiers,0.1574
willet1,CO,0.0038924147153438387,0.001975,0.0039,nonbreeding,0.0084,0.0579,0.0099,147.0,0.84,0.001623263017154774,very_rare,0.1623263017154774,very_rare,peak_abundance_with_occupancy_days_modifiers,0.0084
greela,CO,0.0038924147153438387,0.0033499999999999997,0.0039,postbreeding_migration,0.1714,0.0282,0.0152,154.0,17.14,0.001623263017154774,very_rare,0.1623263017154774,,peak_abundance_with_occupancy_days_modifiers,0.1714
tinhaw1,CO,0.00379290614283905,0.0038001083141844,0.0038001083141844,resident,0.5059965925812785,0.1345188725647811,0.2185953020697905,365.0,50.59965925812785,0.0015817647191958472,rare,0.15817647191958473,,peak_abundance_with_occupancy_days_modifiers,0.5059965925812785
blaant1,CO,0.0036931718376175702,0.0037,0.0037,resident,0.0246,0.7774,0.6552,365.0,2.46,0.0015401722833823486,very_rare,0.15401722833823486,rare,peak_abundance_with_occupancy_days_modifiers,0.0246
gogwoo1,CO,0.0036931718376175702,0.0037,0.0037,resident,0.2945,0.0661,0.0304,365.0,29.45,0.0015401722833823486,very_rare,0.15401722833823486,,peak_abundance_with_occupancy_days_modifiers,0.2945
pvttyr1,CO,0.0035935355101301704,0.0036,0.0036,resident,0.0206,0.0049,0.0032,365.0,2.06,0.0014986207074575537,very_rare,0.14986207074575536,rare,peak_abundance_with_occupancy_days_modifiers,0.0206
sander,CO,0.0035935355101301704,0.0027333333333333337,0.0036,nonbreeding,0.0035,0.0099,0.0037,77.0,0.35000000000000003,0.0014986207074575537,very_rare,0.14986207074575536,very_rare,peak_abundance_with_occupancy_days_modifiers,0.0035
blkter,CO,0.0035935355101301704,0.00185,0.0036,postbreeding_migration,0.0082,0.0022,0.0026,119.0,0.8200000000000001,0.0014986207074575537,very_rare,0.14986207074575536,very_rare,peak_abundance_with_occupancy_days_modifiers,0.0082
stfgle1,CO,0.003543265456296922,0.0035495502420396,0.0035495502420396,resident,0.0782088973115615,0.2598718592787145,0.1390693094013919,365.0,7.82088973115615,0.001477656466690392,very_rare,0.14776564666903919,,peak_abundance_with_occupancy_days_modifiers,0.0782088973115615
hobkit,CO,0.00349388925425578,0.0035,0.0035,resident,0.2863,0.0645,0.0772,365.0,28.63,0.0014570649910737887,very_rare,0.14570649910737887,,peak_abundance_with_occupancy_days_modifiers,0.2863
goreup1,CO,0.003394233068015547,0.0034,0.0034,resident,0.0497,0.1076,0.1777,365.0,4.97,0.0014155051334058092,very_rare,0.1415505133405809,rare,peak_abundance_with_occupancy_days_modifiers,0.0497
gryela1,CO,0.0033427295671688353,0.0033483227180423,0.0033483227180423,resident,0.3283854675578048,0.8104689987157931,0.657483981685374,365.0,32.83854675578048,0.001394026505280912,very_rare,0.1394026505280912,,peak_abundance_with_occupancy_days_modifiers,0.3283854675578048
strwoo,CO,0.003294566949430031,0.0033,0.0033,resident,0.1889,0.1101,0.1185,365.0,18.89,0.0013739411336281234,very_rare,0.13739411336281235,,peak_abundance_with_occupancy_days_modifiers,0.1889
bicant2,CO,0.003294566949430031,0.0033,0.0033,resident,0.0257,0.3831,0.2907,365.0,2.5700000000000003,0.0013739411336281234,very_rare,0.13739411336281235,rare,peak_abundance_with_occupancy_days_modifiers,0.0257
shthaw,CO,0.003294566949430031,0.0033,0.0033,resident,0.1266,0.0295,0.0288,365.0,12.659999999999998,0.0013739411336281234,very_rare,0.13739411336281235,,peak_abundance_with_occupancy_days_modifiers,0.1266
sobcac1,CO,0.003294566949430031,0.0033,0.0033,resident,0.0613,0.0337,0.0112,365.0,6.13,0.0013739411336281234,very_rare,0.13739411336281235,,peak_abundance_with_occupancy_days_modifiers,0.0613
gycthr,CO,0.003294566949430031,0.0026,0.0033,postbreeding_migration,0.1434,0.0613,0.0418,56.0,14.34,0.0013739411336281234,very_rare,0.13739411336281235,,peak_abundance_with_occupancy_days_modifiers,0.1434
brctyr,CO,0.003294566949430031,0.0033,0.0033,resident,0.0351,0.5062,0.4031,365.0,3.51,0.0013739411336281234,very_rare,0.13739411336281235,rare,peak_abundance_with_occupancy_days_modifiers,0.0351
spcbar1,CO,0.003294566949430031,0.0033,0.0033,resident,0.0178,0.6745,0.6751,365.0,1.78,0.0013739411336281234,very_rare,0.13739411336281235,rare,peak_abundance_with_occupancy_days_modifiers,0.0178
rudtur,CO,0.003294566949430031,0.00165,0.0033,postbreeding_migration,0.0093,0.0102,0.0039,112.0,0.9299999999999999,0.0013739411336281234,very_rare,0.13739411336281235,very_rare,peak_abundance_with_occupancy_days_modifiers,0.0093
zelant1,CO,0.003194890896519197,0.0032,0.0032,resident,0.0209,0.6109,0.6117,365.0,2.09,0.0013323729909149931,very_rare,0.1332372990914993,rare,peak_abundance_with_occupancy_days_modifiers,0.0209
fusfly1,CO,0.003121092727321768,0.0028418666952384,0.0031259684083927,breeding,0.1582216249836712,0.0353702917286268,0.0074524983510254,147.0,15.82216249836712,0.0013015967639317919,very_rare,0.13015967639317919,,peak_abundance_with_occupancy_days_modifiers,0.1582216249836712
gocspa1,CO,0.003095204907302419,0.0031,0.0031,resident,0.2128,0.1215,0.0576,365.0,21.279999999999998,0.001290800704440433,very_rare,0.1290800704440433,,peak_abundance_with_occupancy_days_modifiers,0.2128
rubwre1,CO,0.003095204907302419,0.0031,0.0031,resident,0.0155,0.2437,0.1631,365.0,1.55,0.001290800704440433,very_rare,0.1290800704440433,rare,peak_abundance_with_occupancy_days_modifiers,0.0155
trogna2,CO,0.003095204907302419,0.0031,0.0031,resident,0.0269,0.063,0.0209,365.0,2.69,0.001290800704440433,very_rare,0.1290800704440433,rare,peak_abundance_with_occupancy_days_modifiers,0.0269
eulfly1,CO,0.003077419459452617,0.0011926829111662805,0.0030821595759123,breeding,0.1156924422590082,0.0182638107352866,0.0067047768898632,168.0,11.56924422590082,0.0012833835965910326,very_rare,0.12833835965910326,,peak_abundance_with_occupancy_days_modifiers,0.1156924422590082
slcsee1,CO,0.003073718653056009,0.0030784473699089,0.0030784473699089,resident,0.3147491637747579,0.4182120829213134,0.279000019449676,365.0,31.474916377475793,0.0012818402404492233,very_rare,0.12818402404492232,,peak_abundance_with_occupancy_days_modifiers,0.3147491637747579
siryst3,CO,0.0030245037683336706,0.0030290821945148,0.0030290821945148,resident,0.1152739330653462,0.4612760187876077,0.4166920944177187,365.0,11.52739330653462,0.001261316039379793,very_rare,0.1261316039379793,,peak_abundance_with_occupancy_days_modifiers,0.1152739330653462
brhpar1,CO,0.002995508979798479,0.003,0.003,resident,0.006,0.0575,0.0471,365.0,0.6,0.001249224273378119,very_rare,0.12492242733781189,very_rare,peak_abundance_with_occupancy_days_modifiers,0.006
slttro1,CO,0.002995508979798479,0.003,0.003,resident,0.0306,0.2443,0.1179,365.0,3.06,0.001249224273378119,very_rare,0.12492242733781189,rare,peak_abundance_with_occupancy_days_modifiers,0.0306
linant1,CO,0.00291467450031736,0.0029189262939,0.0029189262939,resident,0.0404335287714435,0.1743418916650508,0.0839236131161172,365.0,4.0433528771443505,0.0012155136770906202,very_rare,0.12155136770906202,rare,peak_abundance_with_occupancy_days_modifiers,0.0404335287714435
hrshaw,CO,0.002895803112025565,0.0029,0.0029,resident,0.0188,0.0155,0.0309,365.0,1.8800000000000001,0.0012076436969017555,very_rare,0.12076436969017555,rare,peak_abundance_with_occupancy_days_modifiers,0.0188
lanmon1,CO,0.0028459843380419943,0.0028500379961051,0.0028500379961051,resident,0.0764848980758674,0.1345393742961066,0.1945327949246356,365.0,7.64848980758674,0.0011868676544496326,very_rare,0.11868676544496326,,peak_abundance_with_occupancy_days_modifiers,0.0764848980758674
pinbit1,CO,0.0028383160816252487,0.002842347914351,0.002842347914351,resident,0.2752966281940336,0.2525391585238615,0.1709789679224276,365.0,27.52966281940336,0.0011836697431380303,very_rare,0.11836697431380303,,peak_abundance_with_occupancy_days_modifiers,0.2752966281940336
bcbeag1,CO,0.002796087302001274,0.0028,0.0028,resident,0.0118,0.009,0.0169,365.0,1.18,0.001166058974184524,very_rare,0.1166058974184524,rare,peak_abundance_with_occupancy_days_modifiers,0.0118
lifgle1,CO,0.002757023220861607,0.0027608273045608,0.0027608273045608,resident,0.0559418411691562,0.2730134019702733,0.3130531497271124,365.0,5.594184116915621,0.0011497679870080652,very_rare,0.11497679870080653,,peak_abundance_with_occupancy_days_modifiers,0.0559418411691562
soogra2,CO,0.0027030168754612295,0.00270667331931,0.00270667331931,resident,0.1669137971030719,0.0223013228319367,0.010166798602825,365.0,16.69137971030719,0.001127245591633674,very_rare,0.11272455916336739,,peak_abundance_with_occupancy_days_modifiers,0.1669137971030719
ruthum1,CO,0.0026529647506624535,0.0016896264211532146,0.0026564869757375,breeding,0.1336409969447127,0.0655976728172942,0.0108925124707715,112.0,13.364099694471271,0.001106372234332994,very_rare,0.1106372234332994,,peak_abundance_with_occupancy_days_modifiers,0.1336409969447127
chtant1,CO,0.002596625847265978,0.0026,0.0026,resident,0.0212,0.4726,0.3867,365.0,2.12,0.001082877086719314,very_rare,0.1082877086719314,rare,peak_abundance_with_occupancy_days_modifiers,0.0212
yelthr1,CO,0.002596625847265978,0.0026,0.0026,resident,0.0177,0.1288,0.0849,365.0,1.77,0.001082877086719314,very_rare,0.1082877086719314,rare,peak_abundance_with_occupancy_days_modifiers,0.0177
ruwtan1,CO,0.002596625847265978,0.0026,0.0026,resident,0.0237,0.5679,0.5695,365.0,2.37,0.001082877086719314,very_rare,0.1082877086719314,rare,peak_abundance_with_occupancy_days_modifiers,0.0237
rufpih1,CO,0.002596625847265978,0.0026,0.0026,resident,0.0406,0.3693,0.3039,365.0,4.06,0.001082877086719314,very_rare,0.1082877086719314,rare,peak_abundance_with_occupancy_days_modifiers,0.0406
permea1,CO,0.0025867188344295697,0.0025900672781321,0.0025900672781321,resident,0.0401434638938138,0.0098337428480837,0.0007572526909640862,365.0,4.01434638938138,0.0010787455414642804,very_rare,0.10787455414642805,rare,peak_abundance_with_occupancy_days_modifiers,0.0401434638938138
whcswi1,CO,0.0025753558723970943,0.0025786749499889,0.0025786749499889,resident,0.0946147081269363,0.1121451841304586,0.022184954601557,365.0,9.46147081269363,0.0010740068182342694,very_rare,0.10740068182342694,,peak_abundance_with_occupancy_days_modifiers,0.0946147081269363
oncbec1,CO,0.002496572603338495,0.0024996916358106,0.0024996916358106,resident,0.1743201583037391,0.4667540042021568,0.1445151209603844,365.0,17.43201583037391,0.0010411516431345306,very_rare,0.10411516431345305,,peak_abundance_with_occupancy_days_modifiers,0.1743201583037391
spemou1,CO,0.002492731624296789,0.0024958410629007,0.0024958410629007,resident,0.1059191474241773,0.2184950441868437,0.195757243722465,365.0,10.59191474241773,0.0010395498304593752,very_rare,0.10395498304593752,,peak_abundance_with_occupancy_days_modifiers,0.1059191474241773
rufnig1,CO,0.00244015243758193,0.0024431320326037,0.0024431320326037,resident,0.2053211404538328,0.0150173687481021,0.0046828795867964,365.0,20.532114045383278,0.0010176226064845012,very_rare,0.10176226064845012,,peak_abundance_with_occupancy_days_modifiers,0.2053211404538328
cratan1,CO,0.0023971245997214934,0.0024,0.0024,resident,0.0069,1.0,1.0,365.0,0.69,0.000999678604363726,very_rare,0.09996786043637261,very_rare,peak_abundance_with_occupancy_days_modifiers,0.0069
bkbplo,CO,0.0023971245997214934,0.001125,0.0024,nonbreeding,0.0047,0.0084,0.0026,119.0,0.47000000000000003,0.000999678604363726,very_rare,0.09996786043637261,very_rare,peak_abundance_with_occupancy_days_modifiers,0.0047
whihaw1,CO,0.0023971245997214934,0.0024,0.0024,resident,0.1359,0.0898,0.0313,365.0,13.59,0.000999678604363726,very_rare,0.09996786043637261,,peak_abundance_with_occupancy_days_modifiers,0.1359
spoant1,CO,0.0022973590486834897,0.0023,0.0023,resident,0.0241,0.4261,0.3039,365.0,2.41,0.0009580731380325941,very_rare,0.09580731380325941,rare,peak_abundance_with_occupancy_days_modifiers,0.0241
grepuf1,CO,0.0022973590486834897,0.0023,0.0023,resident,0.0205,0.8473,0.916,365.0,2.0500000000000003,0.0009580731380325941,very_rare,0.09580731380325941,rare,peak_abundance_with_occupancy_days_modifiers,0.0205
barhaw1,CO,0.0022973590486834897,0.0023,0.0023,resident,0.0313,0.4851,0.4847,365.0,3.1300000000000003,0.0009580731380325941,very_rare,0.09580731380325941,rare,peak_abundance_with_occupancy_days_modifiers,0.0313
lestan,CO,0.0022973590486834897,0.0023,0.0023,resident,0.0192,0.6725,0.6016,365.0,1.92,0.0009580731380325941,very_rare,0.09580731380325941,rare,peak_abundance_with_occupancy_days_modifiers,0.0192
zothaw,CO,0.0021975835434872217,0.00185,0.0022,breeding,0.2822,0.0623,0.038,126.0,28.22,0.0009164635204950369,very_rare,0.0916463520495037,,peak_abundance_with_occupancy_days_modifiers,0.2822
pibgre,CO,0.0021975835434872217,0.001725,0.0022,nonbreeding,0.0056,0.0026,0.0056,168.0,0.5599999999999999,0.0009164635204950369,very_rare,0.0916463520495037,very_rare,peak_abundance_with_occupancy_days_modifiers,0.0056
oceant1,CO,0.0021975835434872217,0.0022,0.0022,resident,0.0239,0.4581,0.3653,365.0,2.39,0.0009164635204950369,very_rare,0.0916463520495037,rare,peak_abundance_with_occupancy_days_modifiers,0.0239
torduc1,CO,0.0021390581943968225,0.0021413476114841,0.0021413476114841,resident,0.0644360014265796,0.0736329532529017,0.0363900482597687,365.0,6.44360014265796,0.0008920565542048916,very_rare,0.08920565542048917,,peak_abundance_with_occupancy_days_modifiers,0.0644360014265796
obqdov1,CO,0.002138422992535738,0.0021407110496372,0.0021407110496372,resident,0.2125302595529194,0.594756784983643,0.4516180221735416,365.0,21.25302595529194,0.0008917916544537724,very_rare,0.08917916544537724,,peak_abundance_with_occupancy_days_modifiers,0.2125302595529194
andlap1,CO,0.0021122192241118647,0.0021144515305674,0.0021144515305674,resident,0.0385654398815629,0.0169303169608418,0.0014228257001937,365.0,3.85654398815629,0.0008808638342436075,very_rare,0.08808638342436076,rare,peak_abundance_with_occupancy_days_modifiers,0.0385654398815629
cocthr1,CO,0.0021049526223442822,0.0021071695903801,0.0021071695903801,resident,0.1669782984020805,0.0373335591461827,0.0160858494774128,365.0,16.69782984020805,0.0008778334259309504,very_rare,0.08778334259309505,,peak_abundance_with_occupancy_days_modifiers,0.1669782984020805
leater1,CO,0.002097798082146129,0.0015666666666666665,0.0021,postbreeding_migration,0.0033,0.0181,0.015,70.0,0.33,0.0008748497509225938,very_rare,0.08748497509225937,very_rare,peak_abundance_with_occupancy_days_modifiers,0.0033
gartro1,CO,0.002097798082146129,0.0021,0.0021,resident,0.0199,0.0541,0.0251,365.0,1.9900000000000002,0.0008748497509225938,very_rare,0.08748497509225937,rare,peak_abundance_with_occupancy_days_modifiers,0.0199
whhwre1,CO,0.002097798082146129,0.0021,0.0021,resident,0.015,0.6631,0.5964,365.0,1.5,0.0008748497509225938,very_rare,0.08748497509225937,rare,peak_abundance_with_occupancy_days_modifiers,0.015
wilplo,CO,0.002097798082146129,0.0010999999999999998,0.0021,nonbreeding,0.0067,0.0567,0.0463,105.0,0.67,0.0008748497509225938,very_rare,0.08748497509225937,very_rare,peak_abundance_with_occupancy_days_modifiers,0.0067
bssowl,CO,0.0020594149927062946,0.0020615370442406,0.0020615370442406,resident,0.0550304743032873,0.1327230975678775,0.0641523751664923,365.0,5.5030474303287304,0.0008588427593432123,very_rare,0.08588427593432123,,peak_abundance_with_occupancy_days_modifiers,0.0550304743032873
emetan1,CO,0.001998002662673056,0.002,0.002,resident,0.0125,0.6321,0.5279,365.0,1.25,0.000833231828486557,very_rare,0.0833231828486557,rare,peak_abundance_with_occupancy_days_modifiers,0.0125
obnthr1,CO,0.001998002662673056,0.002,0.002,resident,0.016,0.053,0.0342,365.0,1.6,0.000833231828486557,very_rare,0.0833231828486557,rare,peak_abundance_with_occupancy_days_modifiers,0.016
spowoo1,CO,0.001998002662673056,0.002,0.002,resident,0.0176,0.3286,0.3156,365.0,1.76,0.000833231828486557,very_rare,0.0833231828486557,rare,peak_abundance_with_occupancy_days_modifiers,0.0176
gagtan1,CO,0.001998002662673056,0.002,0.002,resident,0.0178,0.7672,0.7589,365.0,1.78,0.000833231828486557,very_rare,0.0833231828486557,rare,peak_abundance_with_occupancy_days_modifiers,0.0178
gorsun1,CO,0.0019692654254662026,0.001971205702055,0.001971205702055,resident,0.0238230454425926,0.1622735807761224,0.1463939532842081,365.0,2.38230454425926,0.0008212474697312107,very_rare,0.08212474697312107,rare,peak_abundance_with_occupancy_days_modifiers,0.0238230454425926
rebscy1,CO,0.0019428667874774063,0.0019447553760483,0.0019447553760483,resident,0.0923385583359187,0.0272141868117658,0.0044873854066651,365.0,9.23385583359187,0.0008102383826004557,very_rare,0.08102383826004557,,peak_abundance_with_occupancy_days_modifiers,0.0923385583359187
spcant1,CO,0.0018981972830802527,0.0019,0.0019,resident,0.0159,0.6195,0.5508,365.0,1.59,0.0007916097523579702,very_rare,0.07916097523579702,rare,peak_abundance_with_occupancy_days_modifiers,0.0159
bcptyr1,CO,0.0018981972830802527,0.0019,0.0019,resident,0.018,0.5576,0.4613,365.0,1.7999999999999998,0.0007916097523579702,very_rare,0.07916097523579702,rare,peak_abundance_with_occupancy_days_modifiers,0.018
sahpar1,CO,0.0018981972830802527,0.0019,0.0019,resident,0.0197,0.8979,0.8997,365.0,1.97,0.0007916097523579702,very_rare,0.07916097523579702,rare,peak_abundance_with_occupancy_days_modifiers,0.0197
bkttro7,CO,0.0018111124701059805,0.0018127535248577,0.0018127535248577,resident,0.0105462502950357,0.0079286948868439,0.0112308431544593,365.0,1.0546250295035702,0.0007552925645465994,very_rare,0.07552925645465994,rare,peak_abundance_with_occupancy_days_modifiers,0.0105462502950357
thiant1,CO,0.0017983819413793735,0.0018,0.0018,resident,0.0318,0.3869,0.4895,365.0,3.18,0.0007499835217076287,very_rare,0.07499835217076287,rare,peak_abundance_with_occupancy_days_modifiers,0.0318
spobar1,CO,0.0017983819413793735,0.0018,0.0018,resident,0.0178,0.1671,0.1906,365.0,1.78,0.0007499835217076287,very_rare,0.07499835217076287,rare,peak_abundance_with_occupancy_days_modifiers,0.0178
yebant2,CO,0.0017944618405672198,0.0017960728507038,0.0017960728507038,resident,0.04597074563851,0.1237338876639871,0.1007574697775973,365.0,4.597074563851001,0.0007483487126913117,very_rare,0.07483487126913117,rare,peak_abundance_with_occupancy_days_modifiers,0.04597074563851
andgul1,CO,0.0017176858851633858,0.0009506180319767163,0.0017191619525825,prebreeding_migration,0.0028124120926512,0.002107779186213,6.352772079224366e-05,0.0,0.28124120926512,0.0007163306524053526,very_rare,0.07163306524053525,very_rare,peak_abundance_with_occupancy_days_modifiers,0.0028124120926512
chiswi,CO,0.0016985566355814774,0.0017,0.0017,postbreeding_migration,0.0204,0.0113,0.0017,21.0,2.04,0.00070835313570608,very_rare,0.070835313570608,rare,peak_abundance_with_occupancy_days_modifiers,0.0204
sohwre1,CO,0.0016985566355814774,0.0017,0.0017,resident,0.0111,0.8497,0.8775,365.0,1.11,0.00070835313570608,very_rare,0.070835313570608,rare,peak_abundance_with_occupancy_days_modifiers,0.0111
royfly1,CO,0.0016985566355814774,0.0017,0.0017,resident,0.2243,0.0716,0.0309,365.0,22.43,0.00070835313570608,very_rare,0.070835313570608,,peak_abundance_with_occupancy_days_modifiers,0.2243
creowl1,CO,0.0016846188853591449,0.0016860386528974,0.0016860386528974,resident,0.212282972076539,0.0290770579310716,0.0060755027560694,365.0,21.228297207653902,0.000702540642399774,very_rare,0.0702540642399774,,peak_abundance_with_occupancy_days_modifiers,0.212282972076539
olifla2,CO,0.0016330770216747277,0.0016344112181371,0.0016344112181371,resident,0.1102853221343558,0.1603869403899737,0.2909356113521402,365.0,11.028532213435579,0.0006810460157289602,very_rare,0.06810460157289602,,peak_abundance_with_occupancy_days_modifiers,0.1102853221343558
grgmac,CO,0.0015987213636970278,0.0016,0.0016,resident,0.013,0.2004,0.176,365.0,1.3,0.0006667185935236227,very_rare,0.06667185935236226,rare,peak_abundance_with_occupancy_days_modifiers,0.013
blbpuf1,CO,0.0015987213636970278,0.0016,0.0016,resident,0.0242,0.801,0.8094,365.0,2.42,0.0006667185935236227,very_rare,0.06667185935236226,rare,peak_abundance_with_occupancy_days_modifiers,0.0242
barpar1,CO,0.0015987213636970278,0.0016,0.0016,resident,0.0107,0.2579,0.0875,365.0,1.0699999999999998,0.0006667185935236227,very_rare,0.06667185935236226,rare,peak_abundance_with_occupancy_days_modifiers,0.0107
stbwoo1,CO,0.0015987213636970278,0.0016,0.0016,resident,0.0748,0.0332,0.0229,365.0,7.48,0.0006667185935236227,very_rare,0.06667185935236226,,peak_abundance_with_occupancy_days_modifiers,0.0748
scbtan2,CO,0.0015987213636970278,0.0016,0.0016,resident,0.013,0.6893,0.647,365.0,1.3,0.0006667185935236227,very_rare,0.06667185935236226,rare,peak_abundance_with_occupancy_days_modifiers,0.013
bffgle,CO,0.0015611844224932877,0.0015624037053197,0.0015624037053197,resident,0.0308621547117749,0.0168726290995853,0.0072898189550311,365.0,3.08621547117749,0.000651064473166649,very_rare,0.0651064473166649,rare,peak_abundance_with_occupancy_days_modifiers,0.0308621547117749
rcatan1,CO,0.0014988761237358919,0.0015,0.0015,resident,0.2116,0.0984,0.0096,365.0,21.16,0.0006250798943303071,very_rare,0.06250798943303071,,peak_abundance_with_occupancy_days_modifiers,0.2116
grbher3,CO,0.0014988761237358919,0.0009,0.0015,nonbreeding,0.0136,0.0072,0.0026,154.0,1.3599999999999999,0.0006250798943303071,very_rare,0.06250798943303071,rare,peak_abundance_with_occupancy_days_modifiers,0.0136
citwar1,CO,0.0014988761237358919,0.0015,0.0015,resident,0.0142,0.2961,0.1074,365.0,1.4200000000000002,0.0006250798943303071,very_rare,0.06250798943303071,rare,peak_abundance_with_occupancy_days_modifiers,0.0142
grhowl,CO,0.0014988761237358919,0.0015,0.0015,resident,0.0569,0.0076,0.0023,365.0,5.6899999999999995,0.0006250798943303071,very_rare,0.06250798943303071,,peak_abundance_with_occupancy_days_modifiers,0.0569
caster1,CO,0.0014988761237358919,0.000725,0.0015,nonbreeding,0.0029,0.0024,0.0016,49.0,0.29,0.0006250798943303071,very_rare,0.06250798943303071,very_rare,peak_abundance_with_occupancy_days_modifiers,0.0029
mobtan1,CO,0.0014988761237358919,0.0015,0.0015,resident,0.0028,0.6345,0.6015,365.0,0.27999999999999997,0.0006250798943303071,very_rare,0.06250798943303071,very_rare,peak_abundance_with_occupancy_days_modifiers,0.0028
sporai,CO,0.001454459208441431,0.0014555174472288,0.0014555174472288,resident,0.0425122601499299,0.0070678291492926,0.0152688159279478,365.0,4.25122601499299,0.0006065566019253575,very_rare,0.06065566019253575,rare,peak_abundance_with_occupancy_days_modifiers,0.0425122601499299
shbdow,CO,0.001399020913707341,0.0007,0.0014,postbreeding_migration,0.0057,0.0127,0.0036,70.0,0.5700000000000001,0.0005834370372959348,very_rare,0.05834370372959348,very_rare,peak_abundance_with_occupancy_days_modifiers,0.0057
recman1,CO,0.001399020913707341,0.0014,0.0014,resident,0.0156,0.1462,0.0548,365.0,1.5599999999999998,0.0005834370372959348,very_rare,0.05834370372959348,rare,peak_abundance_with_occupancy_days_modifiers,0.0156
whrman1,CO,0.001399020913707341,0.0014,0.0014,resident,0.0068,0.2194,0.2311,365.0,0.6799999999999999,0.0005834370372959348,very_rare,0.05834370372959348,very_rare,peak_abundance_with_occupancy_days_modifiers,0.0068
whmbar1,CO,0.001399020913707341,0.0014,0.0014,resident,0.0049,1.0,1.0,365.0,0.49,0.0005834370372959348,very_rare,0.05834370372959348,very_rare,peak_abundance_with_occupancy_days_modifiers,0.0049
cintea,CO,0.001399020913707341,0.000975,0.0014,nonbreeding,0.0022,0.0045,0.0059,84.0,0.22,0.0005834370372959348,very_rare,0.05834370372959348,very_rare,peak_abundance_with_occupancy_days_modifiers,0.0022
yecchl1,CO,0.001399020913707341,0.0014,0.0014,resident,0.0081,0.6999,0.8126,365.0,0.8099999999999999,0.0005834370372959348,very_rare,0.05834370372959348,very_rare,peak_abundance_with_occupancy_days_modifiers,0.0081
slaant1,CO,0.00129915573162005,0.0013,0.0013,resident,0.0141,0.2397,0.288,365.0,1.41,0.0005417900215900586,very_rare,0.05417900215900586,rare,peak_abundance_with_occupancy_days_modifiers,0.0141
dowant1,CO,0.0012926640113615235,0.0012934998616037,0.0012934998616037,resident,0.1475154643720903,0.0480123375168028,0.0425046088397157,365.0,14.75154643720903,0.0005390827639661356,very_rare,0.05390827639661355,,peak_abundance_with_occupancy_days_modifiers,0.1475154643720903
rottan2,CO,0.0012752215386789161,0.0012760349794009,0.0012760349794009,resident,0.0627141138119935,0.2659592289292339,0.3370233280924578,365.0,6.27141138119935,0.0005318086878710113,very_rare,0.053180868787101127,,peak_abundance_with_occupancy_days_modifiers,0.0627141138119935
multan1,CO,0.0012467984340511008,0.0012475760103454,0.0012475760103454,resident,0.0162613766548934,1.0,1.0,365.0,1.62613766548934,0.0005199553325763441,very_rare,0.05199553325763441,rare,peak_abundance_with_occupancy_days_modifiers,0.0162613766548934
bawbec7,CO,0.001220320954622279,0.0012210658492111,0.0012210658492111,resident,0.1905668065907452,0.418222929119088,0.1944245285997025,365.0,19.05668065907452,0.0005089133660112529,very_rare,0.05089133660112529,,peak_abundance_with_occupancy_days_modifiers,0.1905668065907452
purmar,CO,0.0011992805754820971,0.0012,0.0012,postbreeding_migration,0.012,0.0024,0.0002,49.0,1.2,0.0005001388463819827,very_rare,0.050013884638198274,rare,peak_abundance_with_occupancy_days_modifiers,0.012
sttwre1,CO,0.0011992805754820971,0.0012,0.0012,resident,0.0205,0.5651,0.477,365.0,2.0500000000000003,0.0005001388463819827,very_rare,0.050013884638198274,rare,peak_abundance_with_occupancy_days_modifiers,0.0205
tobhum1,CO,0.0011992805754820971,0.0012,0.0012,resident,0.0205,0.7671,0.7272,365.0,2.0500000000000003,0.0005001388463819827,very_rare,0.050013884638198274,rare,peak_abundance_with_occupancy_days_modifiers,0.0205
shshaw,CO,0.0011992805754820971,0.0010999999999999998,0.0012,postbreeding_migration,0.1088,0.0145,0.014,126.0,10.879999999999999,0.0005001388463819827,very_rare,0.050013884638198274,,peak_abundance_with_occupancy_days_modifiers,0.1088
barpuf1,CO,0.0011992805754820971,0.0012,0.0012,resident,0.0106,0.6888,0.7314,365.0,1.06,0.0005001388463819827,very_rare,0.050013884638198274,rare,peak_abundance_with_occupancy_days_modifiers,0.0106
palhor3,CO,0.0011083098390168257,0.0011089242413282,0.0011089242413282,resident,0.008752155291642,0.0004882118099479927,0.00033679277125392497,365.0,0.8752155291642,0.0004622011026042276,very_rare,0.04622011026042276,very_rare,peak_abundance_with_occupancy_days_modifiers,0.008752155291642
scbhum1,CO,0.0011017964166613577,0.0011024036173166,0.0011024036173166,resident,0.0578508853634408,0.0290252827677977,0.0048817265314408,365.0,5.78508853634408,0.000459484794502958,very_rare,0.0459484794502958,,peak_abundance_with_occupancy_days_modifiers,0.0578508853634408
grhcha1,CO,0.0010993954433009636,0.0011,0.0011,resident,0.0125,0.1189,0.037,365.0,1.25,0.0004584835108407622,very_rare,0.04584835108407622,rare,peak_abundance_with_occupancy_days_modifiers,0.0125
leagre,CO,0.0010993954433009636,0.0011,0.0011,resident,0.0074,0.0064,0.0073,365.0,0.74,0.0004584835108407622,very_rare,0.04584835108407622,very_rare,peak_abundance_with_occupancy_days_modifiers,0.0074
father1,CO,0.0010993954433009636,0.0011,0.0011,resident,0.0473,0.2977,0.2879,365.0,4.73,0.0004584835108407622,very_rare,0.04584835108407622,rare,peak_abundance_with_occupancy_days_modifiers,0.0473
spfswi1,CO,0.0010709699630629896,0.0010715436561783,0.0010715436561783,resident,0.0638255860340328,0.2820865344171964,0.1947574973849658,365.0,6.38255860340328,0.00044662916483971277,very_rare,0.04466291648397128,,peak_abundance_with_occupancy_days_modifiers,0.0638255860340328
turdac1,CO,0.0010289968476845416,0.0010295264465771,0.0010295264465771,resident,0.0198588695544426,1.0,1.0,365.0,1.98588695544426,0.0004291250161579232,very_rare,0.04291250161579232,rare,peak_abundance_with_occupancy_days_modifiers,0.0198588695544426
batbar1,CO,0.0009995003330835331,0.001,0.001,resident,0.0273,0.5407,0.3704,365.0,2.73,0.00041682401413511066,very_rare,0.04168240141351107,rare,peak_abundance_with_occupancy_days_modifiers,0.0273
baffal1,CO,0.0009995003330835331,0.001,0.001,resident,0.1248,0.0345,0.0054,365.0,12.479999999999999,0.00041682401413511066,very_rare,0.04168240141351107,,peak_abundance_with_occupancy_days_modifiers,0.1248
whrsan,CO,0.0009995003330835331,0.00036666666666666667,0.001,prebreeding_migration,0.0005,0.0008,0.001,14.0,0.05,0.00041682401413511066,very_rare,0.04168240141351107,rare,peak_abundance_with_occupancy_days_modifiers,0.0005
whtsic1,CO,0.0009995003330835331,0.001,0.001,resident,0.0358,0.711,0.6638,365.0,3.58,0.00041682401413511066,very_rare,0.04168240141351107,rare,peak_abundance_with_occupancy_days_modifiers,0.0358
bltfly1,CO,0.0009651322642772223,0.0009655981542907692,0.0009655981542907692,resident,0.1190364138841462,0.0812096955054081,0.0642018958411848,365.0,11.90364138841462,0.00040249141621226956,very_rare,0.040249141621226954,,peak_abundance_with_occupancy_days_modifiers,0.1190364138841462
scaant1,CO,0.0009457413626298421,0.0009461887170084012,0.0009461887170084012,resident,0.049041458226938,0.0798127605404216,0.0816240266521923,365.0,4.9041458226938,0.0003944047821263296,very_rare,0.03944047821263296,rare,peak_abundance_with_occupancy_days_modifiers,0.049041458226938
comter,CO,0.000899595242836093,0.00045,0.0009,postbreeding_migration,0.0054,0.0005,0.0001,126.0,0.54,0.0003751603554337701,very_rare,0.03751603554337701,very_rare,peak_abundance_with_occupancy_days_modifiers,0.0054
yetvir,CO,0.000899595242836093,0.0004,0.0009,nonbreeding,0.0867,0.1227,0.0106,98.0,8.67,0.0003751603554337701,very_rare,0.03751603554337701,,peak_abundance_with_occupancy_days_modifiers,0.0867
merlin,CO,0.000899595242836093,0.0006333333333333333,0.0009,nonbreeding,0.0379,,,,3.7900000000000005,0.0003751603554337701,very_rare,0.03751603554337701,rare,peak_abundance_with_occupancy_days_modifiers,0.0379
yetori1,CO,0.000899595242836093,0.0009,0.0009,resident,0.0309,0.1426,0.0284,365.0,3.09,0.0003751603554337701,very_rare,0.03751603554337701,rare,peak_abundance_with_occupancy_days_modifiers,0.0309
bltcot1,CO,0.000899595242836093,0.0009,0.0009,resident,0.0204,0.6792,0.6846,365.0,2.04,0.0003751603554337701,very_rare,0.03751603554337701,rare,peak_abundance_with_occupancy_days_modifiers,0.0204
soleag1,CO,0.0008137337581511148,0.0008140649292879784,0.0008140649292879784,resident,0.1693872444381945,0.1898620932893774,0.0994880994202427,365.0,16.93872444381945,0.0003393533351444238,very_rare,0.03393533351444238,,peak_abundance_with_occupancy_days_modifiers,0.1693872444381945
whcpin,CO,0.0007996801705643322,0.00030000000000000003,0.0008,prebreeding_migration,0.0033,0.0034,0.0013,42.0,0.33,0.0003334925339049559,very_rare,0.03334925339049559,very_rare,peak_abundance_with_occupancy_days_modifiers,0.0033
rufmou1,CO,0.0007996801705643322,0.0008,0.0008,resident,0.022,0.2386,0.0981,365.0,2.1999999999999997,0.0003334925339049559,very_rare,0.03334925339049559,rare,peak_abundance_with_occupancy_days_modifiers,0.022
rusant1,CO,0.0007996801705643322,0.0008,0.0008,resident,0.0161,0.2892,0.2737,365.0,1.6099999999999999,0.0003334925339049559,very_rare,0.03334925339049559,rare,peak_abundance_with_occupancy_days_modifiers,0.0161
motowl,CO,0.0007996801705643322,0.0008,0.0008,resident,0.0427,0.0319,0.0285,365.0,4.2700000000000005,0.0003334925339049559,very_rare,0.03334925339049559,rare,peak_abundance_with_occupancy_days_modifiers,0.0427
grytin1,CO,0.0007066193613867472,0.0007068690756618741,0.0007068690756618741,resident,0.10345844296111,0.0192766370641365,0.0014902274951029,365.0,10.345844296111,0.00029468316210583116,very_rare,0.029468316210583115,,peak_abundance_with_occupancy_days_modifiers,0.10345844296111
orcori,CO,0.0006997551142733419,0.00036666666666666667,0.0007,postbreeding_migration,0.0402,0.0424,0.0031,98.0,4.02,0.0002918205487167264,very_rare,0.02918205487167264,rare,peak_abundance_with_occupancy_days_modifiers,0.0402
thlsch4,CO,0.0006997551142733419,0.0007,0.0007,resident,0.0104,0.4949,0.4689,365.0,1.04,0.0002918205487167264,very_rare,0.02918205487167264,rare,peak_abundance_with_occupancy_days_modifiers,0.0104
grecur1,CO,0.0006997551142733419,0.0007,0.0007,resident,0.0217,0.2299,0.0658,365.0,2.17,0.0002918205487167264,very_rare,0.02918205487167264,rare,peak_abundance_with_occupancy_days_modifiers,0.0217
vihhum1,CO,0.0006997551142733419,0.0007,0.0007,resident,0.0327,0.3582,0.1783,365.0,3.27,0.0002918205487167264,very_rare,0.02918205487167264,rare,peak_abundance_with_occupancy_days_modifiers,0.0327
gycnun1,CO,0.0006997551142733419,0.0007,0.0007,resident,0.0151,0.7134,0.5277,365.0,1.51,0.0002918205487167264,very_rare,0.02918205487167264,rare,peak_abundance_with_occupancy_days_modifiers,0.0151
batsee1,CO,0.0006997551142733419,0.0007,0.0007,resident,0.0056,0.0153,0.0043,365.0,0.5599999999999999,0.0002918205487167264,very_rare,0.02918205487167264,very_rare,peak_abundance_with_occupancy_days_modifiers,0.0056
paltyr3,CO,0.0006997551142733419,0.0007,0.0007,resident,0.0061,0.0474,0.029,365.0,0.61,0.0002918205487167264,very_rare,0.02918205487167264,very_rare,peak_abundance_with_occupancy_days_modifiers,0.0061
ruccoq1,CO,0.0006551297608856949,0.0006553444052582404,0.0006553444052582404,resident,0.1110077878663083,0.2350796932142439,0.0548682296515295,365.0,11.10077878663083,0.0002732103308753236,very_rare,0.027321033087532358,,peak_abundance_with_occupancy_days_modifiers,0.1110077878663083
ecuthr1,CO,0.0006003228371823129,0.0006005030670002884,0.0006005030670002884,resident,0.0049639721708648,0.0026339696320545,0.0005966626522802352,0.0,0.49639721708648005,0.000250354068416697,very_rare,0.0250354068416697,very_rare,peak_abundance_with_occupancy_days_modifiers,0.0049639721708648
grcdov1,CO,0.0005998200719676155,0.0006,0.0006,resident,0.0171,0.2129,0.0663,365.0,1.71,0.0002501443990368907,very_rare,0.02501443990368907,rare,peak_abundance_with_occupancy_days_modifiers,0.0171
ultgro1,CO,0.0005998200719676155,0.0006,0.0006,resident,0.0073,0.0035,0.0019,365.0,0.73,0.0002501443990368907,very_rare,0.02501443990368907,very_rare,peak_abundance_with_occupancy_days_modifiers,0.0073
vibhum1,CO,0.0005998200719676155,0.0006,0.0006,resident,0.0212,0.6502,0.264,365.0,2.12,0.0002501443990368907,very_rare,0.02501443990368907,rare,peak_abundance_with_occupancy_days_modifiers,0.0212
whcela1,CO,0.0005998200719676155,0.00030000000000000003,0.0006,nonbreeding,0.0094,0.0031,0.001,49.0,0.9400000000000001,0.0002501443990368907,very_rare,0.02501443990368907,very_rare,peak_abundance_with_occupancy_days_modifiers,0.0094
bkwvir,CO,0.0005998200719676155,0.00019999999999999998,0.0006,postbreeding_migration,0.1241,0.3325,0.0091,70.0,12.41,0.0002501443990368907,very_rare,0.02501443990368907,,peak_abundance_with_occupancy_days_modifiers,0.1241
yeetou1,CO,0.0005998200719676155,0.0006,0.0006,resident,0.0114,0.4115,0.3647,365.0,1.1400000000000001,0.0002501443990368907,very_rare,0.02501443990368907,rare,peak_abundance_with_occupancy_days_modifiers,0.0114
crbwoo1,CO,0.0005998200719676155,0.0006,0.0006,resident,0.0273,0.4371,0.4297,365.0,2.73,0.0002501443990368907,very_rare,0.02501443990368907,rare,peak_abundance_with_occupancy_days_modifiers,0.0273
scrbla1,CO,0.0005998200719676155,0.0006,0.0006,resident,0.0007,0.0046,0.0021,0.0,0.06999999999999999,0.0002501443990368907,very_rare,0.02501443990368907,very_rare,peak_abundance_with_occupancy_days_modifiers,0.0007
brbscy1,CO,0.0005998200719676155,0.0006,0.0006,resident,0.0099,0.2471,0.4095,365.0,0.9900000000000001,0.0002501443990368907,very_rare,0.02501443990368907,very_rare,peak_abundance_with_occupancy_days_modifiers,0.0099
sapayo1,CO,0.0005998200719676155,0.0006,0.0006,resident,0.0157,0.5699,0.4241,365.0,1.5699999999999998,0.0002501443990368907,very_rare,0.02501443990368907,rare,peak_abundance_with_occupancy_days_modifiers,0.0157
corhum1,CO,0.0005956663594293387,0.0005958438038660282,0.0005958438038660282,resident,0.0073520938547548,0.0025801965299989,0.000550060485407492,0.0,0.73520938547548,0.00024841216636378586,very_rare,0.024841216636378585,very_rare,peak_abundance_with_occupancy_days_modifiers,0.0073520938547548
tatlea1,CO,0.0005283988240015133,0.0005285384512519918,0.0005285384512519918,resident,0.0325177537985739,0.0229997393191112,0.0134751808786647,365.0,3.25177537985739,0.00022035942519906893,very_rare,0.02203594251990689,rare,peak_abundance_with_occupancy_days_modifiers,0.0325177537985739
bawhae1,CO,0.000499875041651048,0.0005,0.0005,resident,0.1607,0.0992,0.0369,365.0,16.07,0.00020846408403300828,very_rare,0.020846408403300827,,peak_abundance_with_occupancy_days_modifiers,0.1607
spered1,CO,0.000499875041651048,0.0005,0.0005,resident,0.0015,0.0176,0.0113,365.0,0.15,0.00020846408403300828,very_rare,0.020846408403300827,very_rare,peak_abundance_with_occupancy_days_modifiers,0.0015
bagtan2,CO,0.000499875041651048,0.0005,0.0005,resident,0.0016,1.0,1.0,365.0,0.16,0.00020846408403300828,very_rare,0.020846408403300827,very_rare,peak_abundance_with_occupancy_days_modifiers,0.0016
whwtan1,CO,0.000499875041651048,0.0005,0.0005,resident,0.0131,0.0958,0.0298,365.0,1.31,0.00020846408403300828,very_rare,0.020846408403300827,rare,peak_abundance_with_occupancy_days_modifiers,0.0131
nobwoo1,CO,0.000499875041651048,0.0005,0.0005,resident,0.0121,0.0963,0.0353,365.0,1.21,0.00020846408403300828,very_rare,0.020846408403300827,rare,peak_abundance_with_occupancy_days_modifiers,0.0121
stisan,CO,0.000499875041651048,0.0003,0.0005,postbreeding_migration,0.006,0.0057,0.0013,70.0,0.6,0.00020846408403300828,very_rare,0.020846408403300827,very_rare,peak_abundance_with_occupancy_days_modifiers,0.006
yehbrf1,CO,0.000499875041651048,0.0005,0.0005,resident,0.0016,1.0,1.0,365.0,0.16,0.00020846408403300828,very_rare,0.020846408403300827,very_rare,peak_abundance_with_occupancy_days_modifiers,0.0016
rurant1,CO,0.000499875041651048,0.0005,0.0005,resident,0.0096,0.153,0.3781,365.0,0.96,0.00020846408403300828,very_rare,0.020846408403300827,very_rare,peak_abundance_with_occupancy_days_modifiers,0.0096
rubant1,CO,0.000499875041651048,0.0005,0.0005,resident,0.0061,0.1247,0.1639,365.0,0.61,0.00020846408403300828,very_rare,0.020846408403300827,very_rare,peak_abundance_with_occupancy_days_modifiers,0.0061
bacant1,CO,0.000499875041651048,0.0005,0.0005,resident,0.011,0.3486,0.3805,365.0,1.0999999999999999,0.00020846408403300828,very_rare,0.020846408403300827,rare,peak_abundance_with_occupancy_days_modifiers,0.011
higtin1,CO,0.000499875041651048,0.0005,0.0005,resident,0.015,0.3191,0.5059,365.0,1.5,0.00020846408403300828,very_rare,0.020846408403300827,rare,peak_abundance_with_occupancy_days_modifiers,0.015
whcpig2,CO,0.000499875041651048,0.0005,0.0005,resident,0.0022,0.0384,0.0058,365.0,0.22,0.00020846408403300828,very_rare,0.020846408403300827,very_rare,peak_abundance_with_occupancy_days_modifiers,0.0022
manrai1,CO,0.0004857800395073351,0.0004858980497389584,0.0004858980497389584,resident,0.0431629372498358,0.020641536932216,0.0041915518954544,365.0,4.316293724983581,0.00020258601158186957,very_rare,0.020258601158186958,rare,peak_abundance_with_occupancy_days_modifiers,0.0431629372498358
yegtyr1,CO,0.0004820477612211634,0.00048216396491437255,0.00048216396491437255,resident,0.0309666793117565,0.3457844451576682,0.2968354106820138,365.0,3.09666793117565,0.0002010295306427798,very_rare,0.02010295306427798,rare,peak_abundance_with_occupancy_days_modifiers,0.0309666793117565
whtspa1,CO,0.0004791655601045715,0.0004792803782598029,0.0004792803782598029,resident,0.0726403493026589,0.0480548948014763,0.005753536355048,365.0,7.264034930265891,0.0001998275594185628,very_rare,0.01998275594185628,,peak_abundance_with_occupancy_days_modifiers,0.0726403493026589
bucsap1,CO,0.00043699104009231436,0.0004370865345864477,0.0004370865345864477,resident,0.0138968526203141,0.0101309721162753,0.009028543846014,365.0,1.38968526203141,0.00018223941848064922,very_rare,0.01822394184806492,rare,peak_abundance_with_occupancy_days_modifiers,0.0138968526203141
taceup1,CO,0.00040485899742181053,0.0004049409638869543,0.0004049409638869543,resident,0.0026219136162349,0.0068238986911189,0.0036776135433478,365.0,0.26219136162349,0.00016883931588440923,very_rare,0.016883931588440922,very_rare,peak_abundance_with_occupancy_days_modifiers,0.0026219136162349
perfal,CO,0.0003999200213269354,0.00017500000000000003,0.0004,prebreeding_migration,0.0788,,,,7.88,0.00016677960287238907,very_rare,0.016677960287238905,,peak_abundance_with_occupancy_days_modifiers,0.0788
agaher1,CO,0.0003999200213269354,0.0004,0.0004,resident,0.0598,0.1253,0.0521,365.0,5.9799999999999995,0.00016677960287238907,very_rare,0.016677960287238905,,peak_abundance_with_occupancy_days_modifiers,0.0598
wilpha,CO,0.0003999200213269354,0.0004,0.0004,postbreeding_migration,0.0038,0.002,0.0001,42.0,0.38,0.00016677960287238907,very_rare,0.016677960287238905,very_rare,peak_abundance_with_occupancy_days_modifiers,0.0038
shbpig,CO,0.0003999200213269354,0.0004,0.0004,resident,0.0023,0.0185,0.0086,365.0,0.22999999999999998,0.00016677960287238907,very_rare,0.016677960287238905,very_rare,peak_abundance_with_occupancy_days_modifiers,0.0023
fragul,CO,0.0003999200213269354,0.00016666666666666666,0.0004,postbreeding_migration,0.0018,0.0202,0.0001,14.0,0.18,0.00016677960287238907,very_rare,0.016677960287238905,rare,peak_abundance_with_occupancy_days_modifiers,0.0018
tabfly1,CO,0.0003999200213269354,0.0004,0.0004,resident,0.0236,0.2091,0.4421,365.0,2.36,0.00016677960287238907,very_rare,0.016677960287238905,rare,peak_abundance_with_occupancy_days_modifiers,0.0236
redegr,CO,0.0003999200213269354,0.0004,0.0004,resident,0.0004,0.011,0.0111,0.0,0.04,0.00016677960287238907,very_rare,0.016677960287238905,very_rare,peak_abundance_with_occupancy_days_modifiers,0.0004
blucot1,CO,0.0003999200213269354,0.0004,0.0004,resident,0.0204,0.7189,0.5117,365.0,2.04,0.00016677960287238907,very_rare,0.016677960287238905,rare,peak_abundance_with_occupancy_days_modifiers,0.0204
styowl1,CO,0.00032303538729417427,0.0003230875688435742,0.0003230875688435742,resident,0.0791704683136298,0.0916320251264924,0.0774343716411693,365.0,7.917046831362979,0.00013471622007795077,very_rare,0.013471622007795076,,peak_abundance_with_occupancy_days_modifiers,0.0791704683136298
shihon1,CO,0.00029995500899797546,0.0003,0.0003,resident,0.0014,0.0243,0.0248,365.0,0.13999999999999999,0.00012509095472209328,very_rare,0.012509095472209329,very_rare,peak_abundance_with_occupancy_days_modifiers,0.0014
sbnthr1,CO,0.00029995500899797546,0.0003,0.0003,resident,0.0063,0.0905,0.0555,365.0,0.63,0.00012509095472209328,very_rare,0.012509095472209329,very_rare,peak_abundance_with_occupancy_days_modifiers,0.0063
ameoys,CO,0.00029995500899797546,0.00025,0.0003,nonbreeding,0.0031,0.0189,0.0029,56.0,0.31,0.00012509095472209328,very_rare,0.012509095472209329,very_rare,peak_abundance_with_occupancy_days_modifiers,0.0031
yebpin1,CO,0.00029995500899797546,0.0003,0.0003,resident,0.0009,0.0007,0.0001,0.0,0.09,0.00012509095472209328,very_rare,0.012509095472209329,very_rare,peak_abundance_with_occupancy_days_modifiers,0.0009
hoosis1,CO,0.00029995500899797546,0.0003,0.0003,resident,0.0016,0.0008,0.0003,365.0,0.16,0.00012509095472209328,very_rare,0.012509095472209329,very_rare,peak_abundance_with_occupancy_days_modifiers,0.0016
bawowl1,CO,0.00029995500899797546,0.0003,0.0003,resident,0.0114,0.1531,0.0745,365.0,1.1400000000000001,0.00012509095472209328,very_rare,0.012509095472209329,rare,peak_abundance_with_occupancy_days_modifiers,0.0114
dobgra1,CO,0.00029995500899797546,0.0003,0.0003,resident,0.01,0.5745,0.3805,365.0,1.0,0.00012509095472209328,very_rare,0.012509095472209329,rare,peak_abundance_with_occupancy_days_modifiers,0.01
swfgle,CO,0.00029995500899797546,0.0003,0.0003,resident,0.0137,0.5659,0.5398,365.0,1.37,0.00012509095472209328,very_rare,0.012509095472209329,rare,peak_abundance_with_occupancy_days_modifiers,0.0137
boptyr1,CO,0.00029995500899797546,0.0003,0.0003,resident,0.0036,0.0555,0.3833,365.0,0.36,0.00012509095472209328,very_rare,0.012509095472209329,very_rare,peak_abundance_with_occupancy_days_modifiers,0.0036
ecgdov1,CO,0.00029995500899797546,0.0003,0.0003,resident,0.0007,0.0152,0.0039,0.0,0.06999999999999999,0.00012509095472209328,very_rare,0.012509095472209329,very_rare,peak_abundance_with_occupancy_days_modifiers,0.0007
bichaw1,CO,0.00029995500899797546,0.0003,0.0003,resident,0.1455,0.0806,0.0192,365.0,14.549999999999999,0.00012509095472209328,very_rare,0.012509095472209329,,peak_abundance_with_occupancy_days_modifiers,0.1455
baytan2,CO,0.00029995500899797546,0.0003,0.0003,resident,0.0009,0.1435,0.1013,365.0,0.09,0.00012509095472209328,very_rare,0.012509095472209329,very_rare,peak_abundance_with_occupancy_days_modifiers,0.0009
gowwar,CO,0.00029995500899797546,9.999999999999999e-05,0.0003,nonbreeding,0.0591,0.1737,0.0186,140.0,5.91,0.00012509095472209328,very_rare,0.012509095472209329,,peak_abundance_with_occupancy_days_modifiers,0.0591
strowl1,CO,0.0002949206922761179,0.00029496418565907865,0.00029496418565907865,resident,0.1314757800979944,0.0177741234207132,0.0017765270657586,365.0,13.14757800979944,0.00012299148158041587,very_rare,0.012299148158041588,,peak_abundance_with_occupancy_days_modifiers,0.1314757800979944
shtstr1,CO,0.0002775315277732593,0.0002775700432107137,0.0002775700432107137,resident,0.0431501930970075,0.0167105939030041,0.0012604622609676,365.0,4.31501930970075,0.00011573963672290855,very_rare,0.011573963672290855,rare,peak_abundance_with_occupancy_days_modifiers,0.0431501930970075
sponit2,CO,0.00019998000266626675,0.0002,0.0002,resident,0.0051,0.0631,0.0399,365.0,0.51,8.339813874893117e-05,very_rare,0.008339813874893118,very_rare,peak_abundance_with_occupancy_days_modifiers,0.0051
olitan1,CO,0.00019998000266626675,0.0002,0.0002,resident,0.0012,0.0312,0.0234,365.0,0.12,8.339813874893117e-05,very_rare,0.008339813874893118,very_rare,peak_abundance_with_occupancy_days_modifiers,0.0012
pluhaw,CO,0.00019998000266626675,0.0002,0.0002,resident,0.0163,0.5669,0.4853,365.0,1.63,8.339813874893117e-05,very_rare,0.008339813874893118,rare,peak_abundance_with_occupancy_days_modifiers,0.0163
tuffly,CO,0.00019998000266626675,0.0002,0.0002,resident,0.0073,0.031,0.0036,365.0,0.73,8.339813874893117e-05,very_rare,0.008339813874893118,very_rare,peak_abundance_with_occupancy_days_modifiers,0.0073
surfly1,CO,0.00019998000266626675,0.0002,0.0002,resident,0.0043,0.0606,0.0314,365.0,0.43,8.339813874893117e-05,very_rare,0.008339813874893118,very_rare,peak_abundance_with_occupancy_days_modifiers,0.0043
andcon1,CO,0.00019998000266626675,0.0002,0.0002,resident,0.0024,0.0025,0.0005,365.0,0.24,8.339813874893117e-05,very_rare,0.008339813874893118,very_rare,peak_abundance_with_occupancy_days_modifiers,0.0024
brtplu1,CO,0.00019998000266626675,0.0002,0.0002,resident,0.0239,0.4202,0.0916,365.0,2.39,8.339813874893117e-05,very_rare,0.008339813874893118,rare,peak_abundance_with_occupancy_days_modifiers,0.0239
tafqua1,CO,0.00019998000266626675,0.0002,0.0002,resident,0.0296,0.4518,0.2427,365.0,2.96,8.339813874893117e-05,very_rare,0.008339813874893118,rare,peak_abundance_with_occupancy_days_modifiers,0.0296
boboli,CO,0.00019998000266626675,0.0002,0.0002,postbreeding_migration,0.0092,0.0042,0.0005,35.0,0.9199999999999999,8.339813874893117e-05,very_rare,0.008339813874893118,very_rare,peak_abundance_with_occupancy_days_modifiers,0.0092
thlsch2,CO,0.00019998000266626675,0.0002,0.0002,resident,0.0052,0.0671,0.0117,365.0,0.52,8.339813874893117e-05,very_rare,0.008339813874893118,very_rare,peak_abundance_with_occupancy_days_modifiers,0.0052
gortan1,CO,0.00019998000266626675,0.0002,0.0002,resident,0.0006,1.0,1.0,0.0,0.06,8.339813874893117e-05,very_rare,0.008339813874893118,very_rare,peak_abundance_with_occupancy_days_modifiers,0.0006
todmot1,CO,0.00019998000266626675,0.0002,0.0002,resident,0.0062,0.1458,0.0283,365.0,0.62,8.339813874893117e-05,very_rare,0.008339813874893118,very_rare,peak_abundance_with_occupancy_days_modifiers,0.0062
sntkin1,CO,0.00019998000266626675,0.0002,0.0002,nonbreeding,0.0019,0.0318,0.0235,14.0,0.19,8.339813874893117e-05,very_rare,0.008339813874893118,rare,peak_abundance_with_occupancy_days_modifiers,0.0019
redkno,CO,0.00019998000266626675,0.00015000000000000001,0.0002,nonbreeding,0.0001,,,,0.01,8.339813874893117e-05,very_rare,0.008339813874893118,very_rare,peak_abundance_with_occupancy_days_modifiers,0.0001
gytwar1,CO,0.00019998000266626675,0.0002,0.0002,resident,0.0044,0.9111,0.8867,365.0,0.44,8.339813874893117e-05,very_rare,0.008339813874893118,very_rare,peak_abundance_with_occupancy_days_modifiers,0.0044
rufgle1,CO,0.00019998000266626675,0.0002,0.0002,resident,0.005,,,,0.5,8.339813874893117e-05,very_rare,0.008339813874893118,very_rare,peak_abundance_with_occupancy_days_modifiers,0.005
brvear1,CO,0.00019998000266626675,0.0002,0.0002,resident,0.0012,0.0419,0.21,365.0,0.12,8.339813874893117e-05,very_rare,0.008339813874893118,very_rare,peak_abundance_with_occupancy_days_modifiers,0.0012
roltyr1,CO,0.00016653170747322224,0.00016654557464778328,0.00016654557464778328,resident,0.1065234913039425,0.0494724096177131,0.0066153081895434,365.0,10.65234913039425,6.944911621552442e-05,very_rare,0.006944911621552442,,peak_abundance_with_occupancy_days_modifiers,0.1065234913039425
grbcra1,CO,0.00010155517512039617,0.00010156033202176156,0.00010156033202176156,resident,0.1049395619248927,0.0392831242281772,0.0261597308458717,365.0,10.49395619248927,4.235179754198275e-05,very_rare,0.0042351797541982745,,peak_abundance_with_occupancy_days_modifiers,0.1049395619248927
stcwoo1,CO,9.999500033330834e-05,0.0001,0.0001,resident,0.0008,0.1991,0.1746,365.0,0.08,4.170115411946329e-05,very_rare,0.004170115411946329,very_rare,peak_abundance_with_occupancy_days_modifiers,0.0008
capowl1,CO,9.999500033330834e-05,0.0001,0.0001,resident,0.0049,0.1017,0.0621,365.0,0.49,4.170115411946329e-05,very_rare,0.004170115411946329,very_rare,peak_abundance_with_occupancy_days_modifiers,0.0049
blcant1,CO,9.999500033330834e-05,0.0001,0.0001,resident,0.0014,0.1282,0.144,365.0,0.13999999999999999,4.170115411946329e-05,very_rare,0.004170115411946329,very_rare,peak_abundance_with_occupancy_days_modifiers,0.0014
semhaw,CO,9.999500033330834e-05,0.0001,0.0001,resident,0.0106,0.5333,0.4729,365.0,1.06,4.170115411946329e-05,very_rare,0.004170115411946329,rare,peak_abundance_with_occupancy_days_modifiers,0.0106
whwdov,CO,9.999500033330834e-05,5e-05,0.0001,postbreeding_migration,0.0001,0.0001,0.0,0.0,0.01,4.170115411946329e-05,very_rare,0.004170115411946329,very_rare,peak_abundance_with_occupancy_days_modifiers,0.0001
btther1,CO,9.999500033330834e-05,0.0001,0.0001,resident,0.0019,0.0093,0.0025,365.0,0.19,4.170115411946329e-05,very_rare,0.004170115411946329,very_rare,peak_abundance_with_occupancy_days_modifiers,0.0019
sbffal1,CO,9.999500033330834e-05,0.0001,0.0001,resident,0.0232,0.0153,0.0026,365.0,2.32,4.170115411946329e-05,very_rare,0.004170115411946329,rare,peak_abundance_with_occupancy_days_modifiers,0.0232
margod,CO,9.999500033330834e-05,5e-05,0.0001,postbreeding_migration,0.0009,0.009,0.0001,0.0,0.09,4.170115411946329e-05,very_rare,0.004170115411946329,very_rare,peak_abundance_with_occupancy_days_modifiers,0.0009
gnbman,CO,9.999500033330834e-05,0.0001,0.0001,breeding,0.0001,0.0009,0.0045,0.0,0.01,4.170115411946329e-05,very_rare,0.004170115411946329,very_rare,peak_abundance_with_occupancy_days_modifiers,0.0001
wibant1,CO,9.999500033330834e-05,0.0001,0.0001,resident,0.0121,0.012,0.0077,365.0,1.21,4.170115411946329e-05,very_rare,0.004170115411946329,rare,peak_abundance_with_occupancy_days_modifiers,0.0121
spfgal1,CO,9.999500033330834e-05,0.0001,0.0001,resident,0.0003,0.0005,0.0013,0.0,0.03,4.170115411946329e-05,very_rare,0.004170115411946329,very_rare,peak_abundance_with_occupancy_days_modifiers,0.0003
bubsan,CO,9.999500033330834e-05,0.0001,0.0001,postbreeding_migration,0.0003,0.0005,0.001,0.0,0.03,4.170115411946329e-05,very_rare,0.004170115411946329,very_rare,peak_abundance_with_occupancy_days_modifiers,0.0003
yebcac1,CO,9.999500033330834e-05,0.0001,0.0001,resident,0.0034,0.0089,0.0015,365.0,0.33999999999999997,4.170115411946329e-05,very_rare,0.004170115411946329,very_rare,peak_abundance_with_occupancy_days_modifiers,0.0034
louwat,CO,9.999500033330834e-05,3.3333333333333335e-05,0.0001,nonbreeding,0.0237,0.0218,0.0024,98.0,2.37,4.170115411946329e-05,very_rare,0.004170115411946329,rare,peak_abundance_with_occupancy_days_modifiers,0.0237
manvir1,CO,9.999500033330834e-05,0.0001,0.0001,resident,0.0,0.0004,0.002,0.0,0.0,4.170115411946329e-05,very_rare,0.004170115411946329,very_rare,peak_abundance_with_occupancy_days_modifiers,0.0
gyhdov1,CO,9.999500033330834e-05,0.0001,0.0001,resident,0.0029,0.038,0.0122,365.0,0.29,4.170115411946329e-05,very_rare,0.004170115411946329,very_rare,peak_abundance_with_occupancy_days_modifiers,0.0029
eleter1,CO,9.999500033330834e-05,3.3333333333333335e-05,0.0001,nonbreeding,0.0007,0.0289,0.0007,0.0,0.06999999999999999,4.170115411946329e-05,very_rare,0.004170115411946329,very_rare,peak_abundance_with_occupancy_days_modifiers,0.0007
carela1,CO,9.999500033330834e-05,0.0001,0.0001,resident,0.0001,0.0161,0.0163,0.0,0.01,4.170115411946329e-05,very_rare,0.004170115411946329,very_rare,peak_abundance_with_occupancy_days_modifiers,0.0001
bewqua1,CO,9.999500033330834e-05,0.0001,0.0001,resident,0.0012,,,,0.12,4.170115411946329e-05,very_rare,0.004170115411946329,very_rare,peak_abundance_with_occupancy_days_modifiers,0.0012
blbfly1,CO,9.999500033330834e-05,0.0001,0.0001,resident,0.0141,0.5523,0.6995,365.0,1.41,4.170115411946329e-05,very_rare,0.004170115411946329,rare,peak_abundance_with_occupancy_days_modifiers,0.0141
leabit,CO,9.999500033330834e-05,0.0001,0.0001,breeding,0.0113,0.0255,0.0052,49.0,1.13,4.170115411946329e-05,very_rare,0.004170115411946329,rare,peak_abundance_with_occupancy_days_modifiers,0.0113
whlwar1,CO,9.999500033330834e-05,0.0001,0.0001,resident,0.0001,1.0,1.0,0.0,0.01,4.170115411946329e-05,very_rare,0.004170115411946329,very_rare,peak_abundance_with_occupancy_days_modifiers,0.0001
whthaw1,CO,9.999500033330834e-05,6.666666666666667e-05,0.0001,nonbreeding,0.0429,0.1275,0.055,112.0,4.29,4.170115411946329e-05,very_rare,0.004170115411946329,rare,peak_abundance_with_occupancy_days_modifiers,0.0429
tuttyr1,CO,9.999500033330834e-05,0.0001,0.0001,resident,0.0011,0.0012,0.0003,365.0,0.11,4.170115411946329e-05,very_rare,0.004170115411946329,very_rare,peak_abundance_with_occupancy_days_modifiers,0.0011
manswa1,CO,9.999500033330834e-05,0.0001,0.0001,resident,0.0003,0.0023,0.0011,0.0,0.03,4.170115411946329e-05,very_rare,0.004170115411946329,very_rare,peak_abundance_with_occupancy_days_modifiers,0.0003
dubjac1,CO,9.999500033330834e-05,0.0001,0.0001,resident,0.0006,0.4933,0.4387,0.0,0.06,4.170115411946329e-05,very_rare,0.004170115411946329,very_rare,peak_abundance_with_occupancy_days_modifiers,0.0006
chswar,CO,9.999500033330834e-05,3.3333333333333335e-05,0.0001,nonbreeding,0.0067,0.0144,0.0011,35.0,0.67,4.170115411946329e-05,very_rare,0.004170115411946329,very_rare,peak_abundance_with_occupancy_days_modifiers,0.0067
rebhaw2,CO,9.999500033330834e-05,5e-05,0.0001,nonbreeding,0.0091,0.0034,0.0001,63.0,0.91,4.170115411946329e-05,very_rare,0.004170115411946329,very_rare,peak_abundance_with_occupancy_days_modifiers,0.0091
ocbant1,CO,9.999500033330834e-05,0.0001,0.0001,resident,0.0087,0.1279,0.371,365.0,0.8699999999999999,4.170115411946329e-05,very_rare,0.004170115411946329,very_rare,peak_abundance_with_occupancy_days_modifiers,0.0087
snoplo5,CO,9.999500033330834e-05,2.5e-05,0.0001,prebreeding_migration,0.0005,0.0039,0.0025,0.0,0.05,4.170115411946329e-05,very_rare,0.004170115411946329,very_rare,peak_abundance_with_occupancy_days_modifiers,0.0005
sora,CO,9.999500033330834e-05,3.3333333333333335e-05,0.0001,nonbreeding,0.0044,0.0078,0.0019,42.0,0.44,4.170115411946329e-05,very_rare,0.004170115411946329,very_rare,peak_abundance_with_occupancy_days_modifiers,0.0044
rnwrai1,CO,2.0027093441593794e-05,2.002729398516842e-05,2.002729398516842e-05,resident,0.0403280926011791,0.1139648116548131,0.0191308259134267,365.0,4.032809260117911,8.351946671239156e-06,very_rare,0.0008351946671239156,rare,peak_abundance_with_occupancy_days_modifiers,0.0403280926011791
lsspet,CO,8.641750834102018e-06,8.641788174138318e-06,8.641788174138318e-06,breeding,0.0007325551330795585,3.8770208971426355e-05,2.760666581058166e-07,0.0,0.07325551330795585,3.603890016450625e-06,very_rare,0.0003603890016450625,very_rare,peak_abundance_with_occupancy_days_modifiers,0.0007325551330795585
mancuc,CO,0.0,0.0,0.0,resident,0.0001,0.0004,0.0008,0.0,0.01,0.0,very_rare,0.0,very_rare,peak_abundance_with_occupancy_days_modifiers,0.0001
yeceup1,CO,0.0,0.0,0.0,resident,0.0002,0.0013,0.0005,0.0,0.02,0.0,very_rare,0.0,very_rare,peak_abundance_with_occupancy_days_modifiers,0.0002
humsap2,CO,0.0,0.0,0.0,resident,0.0029,0.8886,0.8812,365.0,0.29,0.0,very_rare,0.0,very_rare,peak_abundance_with_occupancy_days_modifiers,0.0029
hoowar,CO,0.0,0.0,0.0,nonbreeding,0.0,0.0001,0.0,0.0,0.0,0.0,very_rare,0.0,very_rare,peak_abundance_with_occupancy_days_modifiers,0.0
amgplo,CO,0.0,0.0,0.0,nonbreeding,0.0,0.0018,0.0001,14.0,0.0,0.0,very_rare,0.0,rare,peak_abundance_with_occupancy_days_modifiers,0.0
magwar,CO,0.0,0.0,0.0,nonbreeding,0.0001,0.0001,0.0,0.0,0.01,0.0,very_rare,0.0,very_rare,peak_abundance_with_occupancy_days_modifiers,0.0001
yetwar,CO,0.0,0.0,0.0,nonbreeding,0.0002,0.0005,0.0,0.0,0.02,0.0,very_rare,0.0,very_rare,peak_abundance_with_occupancy_days_modifiers,0.0002
lessca,CO,0.0,0.0,0.0,nonbreeding,0.0002,0.0007,0.0,0.0,0.02,0.0,very_rare,0.0,very_rare,peak_abundance_with_occupancy_days_modifiers,0.0002
indbun,CO,0.0,0.0,0.0,nonbreeding,0.0001,0.0003,0.0,7.0,0.01,0.0,very_rare,0.0,very_rare,peak_abundance_with_occupancy_days_modifiers,0.0001
chwwid,CO,0.0,0.0,0.0,postbreeding_migration,0.0001,0.0002,0.0,0.0,0.01,0.0,very_rare,0.0,very_rare,peak_abundance_with_occupancy_days_modifiers,0.0001
baisan,CO,0.0,0.0,0.0,postbreeding_migration,0.0028,0.0009,0.0,35.0,0.27999999999999997,0.0,very_rare,0.0,very_rare,peak_abundance_with_occupancy_days_modifiers,0.0028
rtatan1,CO,0.0,0.0,0.0,resident,0.0015,0.0062,0.0003,365.0,0.15,0.0,very_rare,0.0,very_rare,peak_abundance_with_occupancy_days_modifiers,0.0015
surfbi,CO,0.0,0.0,0.0,prebreeding_migration,0.0014,0.0104,0.0004,7.0,0.13999999999999999,0.0,very_rare,0.0,very_rare,peak_abundance_with_occupancy_days_modifiers,0.0014
docsee1,CO,0.0,0.0,0.0,nonbreeding,0.0011,0.0003,0.0001,7.0,0.11,0.0,very_rare,0.0,very_rare,peak_abundance_with_occupancy_days_modifiers,0.0011
rudduc,CO,0.0,0.0,0.0,nonbreeding,0.0001,0.0005,0.0,0.0,0.01,0.0,very_rare,0.0,very_rare,peak_abundance_with_occupancy_days_modifiers,0.0001
rudwoo1,CO,0.0,0.0,0.0,resident,0.0003,0.0031,0.0006,0.0,0.03,0.0,very_rare,0.0,very_rare,peak_abundance_with_occupancy_days_modifiers,0.0003
brocow,CO,0.0,0.0,0.0,resident,0.0002,0.0001,0.0001,0.0,0.02,0.0,very_rare,0.0,very_rare,peak_abundance_with_occupancy_days_modifiers,0.0002
crbfin1,CO,0.0,0.0,0.0,resident,0.0002,0.0067,0.001,0.0,0.02,0.0,very_rare,0.0,very_rare,peak_abundance_with_occupancy_days_modifiers,0.0002
comyel,CO,0.0,0.0,0.0,postbreeding_migration,0.0001,0.0,0.0,0.0,0.01,0.0,very_rare,0.0,very_rare,peak_abundance_with_occupancy_days_modifiers,0.0001
btbwar,CO,0.0,0.0,0.0,nonbreeding,0.0,0.0001,0.0,0.0,0.0,0.0,very_rare,0.0,very_rare,peak_abundance_with_occupancy_days_modifiers,0.0
sheowl,CO,0.0,0.0,0.0,breeding,0.0002,,,,0.02,0.0,very_rare,0.0,very_rare,peak_abundance_with_occupancy_days_modifiers,0.0002
camwar,CO,0.0,0.0,0.0,nonbreeding,0.0001,0.0006,0.0001,0.0,0.01,0.0,very_rare,0.0,very_rare,peak_abundance_with_occupancy_days_modifiers,0.0001
cardov1,CO,0.0,0.0,0.0,resident,0.0001,0.0023,0.0023,0.0,0.01,0.0,very_rare,0.0,very_rare,peak_abundance_with_occupancy_days_modifiers,0.0001
caugua1,CO,0.0,0.0,0.0,resident,0.0002,1.0,1.0,0.0,0.02,0.0,very_rare,0.0,very_rare,peak_abundance_with_occupancy_days_modifiers,0.0002
cinhar1,CO,0.0,0.0,0.0,breeding,0.0003,0.0002,0.0,0.0,0.03,0.0,very_rare,0.0,very_rare,peak_abundance_with_occupancy_days_modifiers,0.0003
silgre1,CO,0.0,0.0,0.0,breeding,0.0003,0.0008,0.0001,0.0,0.03,0.0,very_rare,0.0,very_rare,peak_abundance_with_occupancy_days_modifiers,0.0003
killde,CO,0.0,0.0,0.0,nonbreeding,0.0,0.0,0.0,0.0,0.0,0.0,very_rare,0.0,very_rare,peak_abundance_with_occupancy_days_modifiers,0.0
dumant1,CO,0.0,0.0,0.0,resident,0.0005,0.1099,0.1039,0.0,0.05,0.0,very_rare,0.0,very_rare,peak_abundance_with_occupancy_days_modifiers,0.0005
roster,CO,0.0,0.0,0.0,breeding,0.0003,,,,0.03,0.0,very_rare,0.0,very_rare,peak_abundance_with_occupancy_days_modifiers,0.0003
masduc,CO,0.0,0.0,0.0,resident,0.0052,0.0115,0.0015,365.0,0.52,0.0,very_rare,0.0,very_rare,peak_abundance_with_occupancy_days_modifiers,0.0052
blugrb1,CO,0.0,0.0,0.0,nonbreeding,0.0,0.0,0.0,0.0,0.0,0.0,very_rare,0.0,very_rare,peak_abundance_with_occupancy_days_modifiers,0.0
woewar1,CO,0.0,0.0,0.0,nonbreeding,0.0002,0.0006,0.0003,0.0,0.02,0.0,very_rare,0.0,very_rare,peak_abundance_with_occupancy_days_modifiers,0.0002
grycat,CO,0.0,0.0,0.0,postbreeding_migration,0.0001,0.0,0.0,0.0,0.01,0.0,very_rare,0.0,very_rare,peak_abundance_with_occupancy_days_modifiers,0.0001
whtrob1,CO,0.0,0.0,0.0,resident,0.0177,0.0971,0.001,365.0,1.77,0.0,very_rare,0.0,rare,peak_abundance_with_occupancy_days_modifiers,0.0177
noremt1,CO,0.0,0.0,0.0,resident,0.0006,0.0084,0.0016,0.0,0.06,0.0,very_rare,0.0,very_rare,peak_abundance_with_occupancy_days_modifiers,0.0006
norpar,CO,0.0,0.0,0.0,nonbreeding,0.0001,0.0002,0.0001,0.0,0.01,0.0,very_rare,0.0,very_rare,peak_abundance_with_occupancy_days_modifiers,0.0001
ochwre1,CO,0.0,0.0,0.0,resident,0.0006,0.0532,0.004,0.0,0.06,0.0,very_rare,0.0,very_rare,peak_abundance_with_occupancy_days_modifiers,0.0006
belkin1,CO,0.0,0.0,0.0,nonbreeding,0.0001,0.0001,0.0,0.0,0.01,0.0,very_rare,0.0,very_rare,peak_abundance_with_occupancy_days_modifiers,0.0001
ovenbi1,CO,0.0,0.0,0.0,nonbreeding,0.0001,0.0001,0.0001,0.0,0.01,0.0,very_rare,0.0,very_rare,peak_abundance_with_occupancy_days_modifiers,0.0001
bkbcuc,CO,0.0,0.0,0.0,postbreeding_migration,0.0001,0.0001,0.0,0.0,0.01,0.0,very_rare,0.0,very_rare,peak_abundance_with_occupancy_days_modifiers,0.0001
palwar,CO,0.0,0.0,0.0,postbreeding_migration,0.0001,0.0,0.0,0.0,0.01,0.0,very_rare,0.0,very_rare,peak_abundance_with_occupancy_days_modifiers,0.0001
virrai,CO,0.0,0.0,0.0,breeding,0.0001,0.0001,0.0001,0.0,0.01,0.0,very_rare,0.0,very_rare,peak_abundance_with_occupancy_days_modifiers,0.0001
giahum1,CO,0.0,0.0,0.0,breeding,0.0003,0.0008,0.0001,0.0,0.03,0.0,very_rare,0.0,very_rare,peak_abundance_with_occupancy_days_modifiers,0.0003
uplsan,CO,0.0,0.0,0.0,postbreeding_migration,0.0015,0.0004,0.0001,0.0,0.15,0.0,very_rare,0.0,very_rare,peak_abundance_with_occupancy_days_modifiers,0.0015
unicra1,CO,0.0,0.0,0.0,resident,0.0122,0.0165,0.0007,365.0,1.22,0.0,very_rare,0.0,rare,peak_abundance_with_occupancy_days_modifiers,0.0122
egygoo,CO,0.0,0.0,0.0,resident,0.0002,,,,0.02,0.0,very_rare,0.0,very_rare,peak_abundance_with_occupancy_days_modifiers,0.0002
kenwar,CO,0.0,0.0,0.0,nonbreeding,0.0011,0.004,0.0002,21.0,0.11,0.0,very_rare,0.0,rare,peak_abundance_with_occupancy_days_modifiers,0.0011
