species_code,country_code,abundance,abundance_mean_avg,abundance_mean_max,peak_season,range_occupied_percent,range_total_percent,total_pop_percent,range_days_occupation,occupancy,score,frequency,frequency_pct,rarity_cap,commonness_basis,debug_range_occupied_max
categr1,NI,1.6367921106461272,2.421806740613068,4.138658795274254,nonbreeding,0.5991697914234881,0.0077121513424495,0.0150169149777739,140.0,59.916979142348815,0.6825953281670939,common,68.2595328167094,,peak_abundance_with_occupancy_days_modifiers,0.5991697914234881
blkvul,NI,1.4980369678404195,3.4729,3.4729,resident,0.9828,0.0072,0.0238,365.0,98.28,0.6247299391404169,common,62.47299391404169,,peak_abundance_with_occupancy_days_modifiers,0.9828
turvul,NI,1.4456240271958853,2.171375,3.2445,postbreeding_migration,0.9932,0.0062,0.0219,126.0,99.32,0.6028720451618498,common,60.28720451618498,,peak_abundance_with_occupancy_days_modifiers,0.9932
buwtea,NI,1.4020446712111223,2.3373,3.0635,nonbreeding,0.2696,0.0445,0.1616,133.0,26.96,0.5846980421187955,common,58.46980421187955,,peak_abundance_with_occupancy_days_modifiers,0.2696
neocor,NI,1.1110348086666668,2.0375,2.0375,resident,0.1805,0.0062,0.0418,365.0,18.05,0.46333750321384004,common,46.333750321384,,peak_abundance_with_occupancy_days_modifiers,0.1805
barswa,NI,1.0890668758245783,1.0927,1.9715,postbreeding_migration,0.8346,0.0016,0.0017,154.0,83.46000000000001,0.4541761636460565,common,45.41761636460565,,peak_abundance_with_occupancy_days_modifiers,0.8346
grtgra,NI,1.051380908962671,1.672975,1.8616,nonbreeding,0.8603,0.103,0.0701,126.0,86.03,0.43845989476250047,common,43.84598947625005,,peak_abundance_with_occupancy_days_modifiers,0.8603
bbwduc,NI,1.0165703616644934,1.46655,1.7637,nonbreeding,0.2443,0.0149,0.0319,161.0,24.43,0.4239427689759547,common,42.39427689759547,,peak_abundance_with_occupancy_days_modifiers,0.2443
grbani,NI,0.8922439107156022,1.4053749999999998,1.4406,prebreeding_migration,0.957,0.0821,0.1518,133.0,95.7,0.3720946118194492,common,37.20946118194492,,peak_abundance_with_occupancy_days_modifiers,0.957
brwhaw,NI,0.872297046188265,0.5981000000000001,1.3924,postbreeding_migration,0.7964,0.074,0.0737,91.0,79.64,0.3637761232041984,common,36.377612320419836,,peak_abundance_with_occupancy_days_modifiers,0.7964
orcpar,NI,0.807502124797348,1.2423,1.2423,resident,0.8008,0.1542,0.1902,365.0,80.08,0.3367545421843982,common,33.67545421843982,,peak_abundance_with_occupancy_days_modifiers,0.8008
clcrob,NI,0.7438878222631296,1.1041,1.1041,resident,0.9573,0.134,0.1924,365.0,95.73,0.31022531746976756,common,31.022531746976757,,peak_abundance_with_occupancy_days_modifiers,0.9573
grekis,NI,0.733809162278835,1.083,1.083,resident,0.9604,0.0096,0.0125,365.0,96.04,0.3060221897941654,common,30.60221897941654,,peak_abundance_with_occupancy_days_modifiers,0.9604
trokin,NI,0.7133908870369877,0.9010750000000001,1.0409,nonbreeding,0.9749,0.009,0.0165,119.0,97.49,0.2975071076412993,common,29.750710764129927,,peak_abundance_with_occupancy_days_modifiers,0.9749
whwdov,NI,0.6650563003934197,0.755025,0.9446,breeding,0.5592,0.0343,0.0279,119.0,55.92,0.2773500193848297,fairly_common,27.735001938482974,,peak_abundance_with_occupancy_days_modifiers,0.5592
greegr,NI,0.5953138202111822,0.773325,0.8136,nonbreeding,0.6196,0.0025,0.007,133.0,61.96,0.24826514609057315,fairly_common,24.826514609057316,,peak_abundance_with_occupancy_days_modifiers,0.6196
varsee3,NI,0.5698489642154517,0.768,0.768,resident,0.7631,0.1899,0.2913,365.0,76.31,0.23764547629739957,common,23.76454762973996,,peak_abundance_with_occupancy_days_modifiers,0.7631
swahaw,NI,0.5571556213485969,0.47046666666666664,0.7457,prebreeding_migration,0.8069,0.068,0.0959,112.0,80.69,0.23235194116646724,fairly_common,23.235194116646724,,peak_abundance_with_occupancy_days_modifiers,0.8069
rewbla,NI,0.5288030569966433,0.59075,0.6969,prebreeding_migration,0.3143,0.0057,0.0029,126.0,31.430000000000003,0.22052800345176216,fairly_common,22.052800345176216,,peak_abundance_with_occupancy_days_modifiers,0.3143
oltpar1,NI,0.5285083586182986,0.6964,0.6964,resident,0.5363,0.1559,0.1759,365.0,53.63,0.22040510468229227,common,22.040510468229225,,peak_abundance_with_occupancy_days_modifiers,0.5363
miskit,NI,0.5179601126665901,0.4304,0.6786,postbreeding_migration,0.4539,0.0335,0.1057,84.0,45.39,0.2160061444477201,fairly_common,21.60061444477201,,peak_abundance_with_occupancy_days_modifiers,0.4539
monoro1,NI,0.5166486370687794,0.6764,0.6764,resident,0.6019,0.2484,0.3182,365.0,60.19,0.2154592166428706,common,21.54592166428706,,peak_abundance_with_occupancy_days_modifiers,0.6019
socfly1,NI,0.507600428410296,0.6613,0.6613,resident,0.9697,0.0183,0.0536,365.0,96.97,0.21168582054791765,common,21.168582054791766,,peak_abundance_with_occupancy_days_modifiers,0.9697
bknsti,NI,0.48870270667821997,0.48597499999999993,0.6302,nonbreeding,0.1311,0.0045,0.0152,140.0,13.11,0.20380485846152005,fairly_common,20.380485846152006,,peak_abundance_with_occupancy_days_modifiers,0.1311
snoegr,NI,0.4684399072695528,0.432875,0.5975,nonbreeding,0.3838,0.0073,0.019,119.0,38.379999999999995,0.1953546147671738,fairly_common,19.53546147671738,,peak_abundance_with_occupancy_days_modifiers,0.3838
easkin,NI,0.4669991202254368,0.40199999999999997,0.5952,prebreeding_migration,0.8726,0.0138,0.0457,63.0,87.26,0.194753759900633,fairly_common,19.475375990063302,,peak_abundance_with_occupancy_days_modifiers,0.8726
y00599,NI,0.46304195291218425,0.5889,0.5889,resident,0.6152,0.3845,0.451,365.0,61.519999999999996,0.19310349295272144,common,19.310349295272143,,peak_abundance_with_occupancy_days_modifiers,0.6152
blbgra1,NI,0.4593849500975948,0.5831,0.5831,resident,0.8555,0.0102,0.0096,365.0,85.55,0.191578404323508,common,19.1578404323508,,peak_abundance_with_occupancy_days_modifiers,0.8555
whfpar1,NI,0.4490353228095392,0.5668,0.5668,resident,0.6035,0.157,0.1505,365.0,60.35,0.1872622745052205,common,18.72622745052205,,peak_abundance_with_occupancy_days_modifiers,0.6035
cliswa,NI,0.4478858239921165,0.24093333333333333,0.565,postbreeding_migration,0.8795,0.012,0.01,119.0,87.94999999999999,0.1867828962644514,fairly_common,18.678289626445142,,peak_abundance_with_occupancy_days_modifiers,0.8795
whcsee1,NI,0.4216664874461724,0.5245,0.5245,resident,0.8679,0.1888,0.1507,365.0,86.79,0.17584858364313918,common,17.58485836431392,,peak_abundance_with_occupancy_days_modifiers,0.8679
melbla1,NI,0.41982813094393184,0.5217,0.5217,resident,0.91,0.1537,0.0923,365.0,91.0,0.1750819294347195,common,17.50819294347195,,peak_abundance_with_occupancy_days_modifiers,0.91
sctfly,NI,0.41949949707196754,0.33526666666666666,0.5212,nonbreeding,0.3847,0.2768,0.4608,91.0,38.47,0.17494487846519122,fairly_common,17.49448784651912,,peak_abundance_with_occupancy_days_modifiers,0.3847
orfpar,NI,0.4057983858982847,0.5005,0.5005,resident,0.3508,0.2381,0.2251,365.0,35.08,0.16923107130726084,fairly_common,16.923107130726084,,peak_abundance_with_occupancy_days_modifiers,0.3508
incdov,NI,0.3674170404706345,0.444,0.444,resident,0.4164,0.0566,0.0632,365.0,41.64,0.15322480703748775,fairly_common,15.322480703748775,,peak_abundance_with_occupancy_days_modifiers,0.4164
crfpar,NI,0.3594211696067576,0.4325,0.4325,resident,0.4669,0.509,0.4309,365.0,46.69,0.14989026988960577,fairly_common,14.989026988960577,,peak_abundance_with_occupancy_days_modifiers,0.4669
dickci,NI,0.35417181372061385,0.25406666666666666,0.425,postbreeding_migration,0.6188,0.0291,0.0376,126.0,61.88,0.14770111845097028,fairly_common,14.770111845097029,,peak_abundance_with_occupancy_days_modifiers,0.6188
brnjay,NI,0.3488242073940186,0.4174,0.4174,resident,0.4942,0.1236,0.0888,365.0,49.419999999999995,0.14547099339619482,fairly_common,14.547099339619482,,peak_abundance_with_occupancy_days_modifiers,0.4942
balori,NI,0.3484008074864867,0.26166666666666666,0.4168,nonbreeding,0.9781,0.124,0.2495,119.0,97.81,0.14529442192022804,fairly_common,14.529442192022804,,peak_abundance_with_occupancy_days_modifiers,0.9781
rugdov,NI,0.3477653713087881,0.4159,0.4159,resident,0.6543,0.0097,0.0069,365.0,65.42999999999999,0.14502942445144484,common,14.502942445144484,,peak_abundance_with_occupancy_days_modifiers,0.6543
norjac,NI,0.34117544489178087,0.4066,0.4066,resident,0.3908,0.2768,0.2858,365.0,39.08,0.14228121167845054,fairly_common,14.228121167845053,,peak_abundance_with_occupancy_days_modifiers,0.3908
cotfly1,NI,0.3336826350124652,0.3961,0.3961,resident,0.7564,0.0174,0.0273,365.0,75.64,0.13915646725599234,common,13.915646725599235,,peak_abundance_with_occupancy_days_modifiers,0.7564
woosto,NI,0.3286560554212065,0.34595,0.3891,prebreeding_migration,0.2076,0.0082,0.0237,161.0,20.76,0.13706022074836538,fairly_common,13.706022074836538,,peak_abundance_with_occupancy_days_modifiers,0.2076
houwre,NI,0.3199072197465178,0.306875,0.377,prebreeding_migration,0.8149,0.0058,0.0065,126.0,81.49,0.13341167288477218,fairly_common,13.341167288477218,,peak_abundance_with_occupancy_days_modifiers,0.8149
banswa,NI,0.3176534109477655,0.16833333333333333,0.3739,postbreeding_migration,0.7534,,,,75.33999999999999,0.13247176161161547,fairly_common,13.247176161161548,,peak_abundance_with_occupancy_days_modifiers,0.7534
bugtan,NI,0.3109346242619311,0.3647,0.3647,resident,0.7561,0.015,0.0178,365.0,75.61,0.1296698099325526,common,12.966980993255259,,peak_abundance_with_occupancy_days_modifiers,0.7561
compau,NI,0.30770526365724726,0.3603,0.3603,resident,0.9044,0.0089,0.0135,365.0,90.44,0.12832306195681006,common,12.832306195681006,,peak_abundance_with_occupancy_days_modifiers,0.9044
blsspa1,NI,0.3063075365749458,0.3584,0.3584,resident,0.6677,0.1711,0.3178,365.0,66.77,0.12774016448911946,common,12.774016448911945,,peak_abundance_with_occupancy_days_modifiers,0.6677
whtdov,NI,0.306233917846308,0.3583,0.3583,resident,0.8588,0.0095,0.0084,365.0,85.88,0.12770946309466202,common,12.770946309466202,,peak_abundance_with_occupancy_days_modifiers,0.8588
leasan,NI,0.3009190754837764,0.22776666666666667,0.3511,nonbreeding,0.116,0.0149,0.0322,161.0,11.600000000000001,0.12549300167417252,fairly_common,12.549300167417252,,peak_abundance_with_occupancy_days_modifiers,0.116
tenwar,NI,0.3006970095292756,0.208,0.3508,nonbreeding,0.9004,0.1373,0.2106,98.0,90.03999999999999,0.12540039297811317,fairly_common,12.540039297811317,,peak_abundance_with_occupancy_days_modifiers,0.9004
whcpar,NI,0.2972115226679103,0.3461,0.3461,resident,0.5601,0.254,0.2039,365.0,56.010000000000005,0.12394683205704024,common,12.394683205704023,,peak_abundance_with_occupancy_days_modifiers,0.5601
libher,NI,0.2903535010069398,0.20437499999999997,0.3369,nonbreeding,0.5012,0.0309,0.0658,133.0,50.12,0.1210868148833264,fairly_common,12.108681488332639,,peak_abundance_with_occupancy_days_modifiers,0.5012
brocow,NI,0.28284539456025376,0.3269,0.3269,resident,0.8952,0.0547,0.0462,365.0,89.52,0.1179556912967971,common,11.795569129679711,,peak_abundance_with_occupancy_days_modifiers,0.8952
manswa1,NI,0.27899444405421536,0.3218,0.3218,resident,0.3569,0.2622,0.2954,365.0,35.69,0.11634972019800757,fairly_common,11.634972019800758,,peak_abundance_with_occupancy_days_modifiers,0.3569
rtlhum,NI,0.2767980558497021,0.3189,0.3189,resident,0.6663,0.1256,0.1806,365.0,66.63,0.11543375517258332,common,11.543375517258331,,peak_abundance_with_occupancy_days_modifiers,0.6663
weskin,NI,0.2674283434245129,0.15553333333333333,0.3066,nonbreeding,0.454,0.1511,0.2804,105.0,45.4,0.11152628159294922,fairly_common,11.152628159294922,,peak_abundance_with_occupancy_days_modifiers,0.454
hofwoo1,NI,0.2594369070114786,0.2962,0.2962,resident,0.5057,0.6864,0.6127,365.0,50.57000000000001,0.10819359375470672,common,10.819359375470672,,peak_abundance_with_occupancy_days_modifiers,0.5057
lesgre1,NI,0.25866512338128833,0.2952,0.2952,resident,0.7212,0.2152,0.2068,365.0,72.11999999999999,0.10787173498174636,common,10.787173498174637,,peak_abundance_with_occupancy_days_modifiers,0.7212
sthspa1,NI,0.2537891414285968,0.2889,0.2889,resident,0.3361,0.1951,0.2094,365.0,33.61,0.10583829256747397,fairly_common,10.583829256747396,,peak_abundance_with_occupancy_days_modifiers,0.3361
gybmar,NI,0.2534787511102827,0.220225,0.2885,prebreeding_migration,0.6138,0.0077,0.0101,112.0,61.38,0.10570884975075251,fairly_common,10.57088497507525,,peak_abundance_with_occupancy_days_modifiers,0.6138
tropew4,NI,0.2423952410329025,0.2742977480549598,0.2742977480549598,resident,0.7810469663043274,0.1520961100350477,0.3349618904777697,365.0,78.10469663043274,0.1010866670378079,common,10.10866670378079,,peak_abundance_with_occupancy_days_modifiers,0.7810469663043274
bobfly1,NI,0.24216155714997162,0.274,0.274,resident,0.9011,0.011,0.0229,365.0,90.11,0.10098921328927195,common,10.098921328927196,,peak_abundance_with_occupancy_days_modifiers,0.9011
whcswi,NI,0.24169048860078787,0.2734,0.2734,resident,0.314,0.0121,0.0109,365.0,31.4,0.10079276244568115,fairly_common,10.079276244568115,,peak_abundance_with_occupancy_days_modifiers,0.314
chswar,NI,0.2386231221625961,0.1713,0.2695,nonbreeding,0.7669,0.1791,0.3578,133.0,76.69,0.09951357128458753,fairly_common,9.951357128458753,,peak_abundance_with_occupancy_days_modifiers,0.7669
wtmjay1,NI,0.23751971725871687,0.2681,0.2681,resident,0.3107,0.1749,0.1855,365.0,31.069999999999997,0.09905341569881351,fairly_common,9.905341569881351,,peak_abundance_with_occupancy_days_modifiers,0.3107
wessan,NI,0.23712534883462863,0.126675,0.2676,nonbreeding,0.0557,0.0233,0.0112,147.0,5.57,0.09888895129181381,fairly_common,9.888895129181382,,peak_abundance_with_occupancy_days_modifiers,0.0557
lesnig,NI,0.23309388216737784,0.14735,0.2625,nonbreeding,0.7362,0.0433,0.0707,140.0,73.61999999999999,0.09720769910662304,fairly_common,9.720769910662304,,peak_abundance_with_occupancy_days_modifiers,0.7362
yebela1,NI,0.22434283188969184,0.2515,0.2515,resident,0.761,0.0169,0.02,365.0,76.1,0.09355822768184588,common,9.355822768184588,,peak_abundance_with_occupancy_days_modifiers,0.761
roahaw,NI,0.22418301088887221,0.2513,0.2513,resident,0.8739,0.0077,0.0109,365.0,87.39,0.09349157714767424,common,9.349157714767424,,peak_abundance_with_occupancy_days_modifiers,0.8739
brnpel,NI,0.2221030101389624,0.17785,0.2487,nonbreeding,0.0373,0.0183,0.0183,161.0,3.73,0.09262414946077507,rare,9.262414946077508,rare,peak_abundance_with_occupancy_days_modifiers,0.0373
whcman1,NI,0.22098121514952637,0.2473,0.2473,resident,0.4964,0.3478,0.4126,365.0,49.64,0.0921563246136429,fairly_common,9.21563246136429,,peak_abundance_with_occupancy_days_modifiers,0.4964
yeceup1,NI,0.21969762090990994,0.2457,0.2457,resident,0.6571,0.4362,0.3881,365.0,65.71000000000001,0.09162102423827725,common,9.162102423827726,,peak_abundance_with_occupancy_days_modifiers,0.6571
rebpig1,NI,0.212931586237793,0.2373,0.2373,resident,0.7497,0.1251,0.0941,365.0,74.97,0.08879936861850497,common,8.879936861850497,,peak_abundance_with_occupancy_days_modifiers,0.7497
blkter,NI,0.2040015057858433,0.128825,0.2263,postbreeding_migration,0.0805,0.0024,0.0184,133.0,8.05,0.08507523581201744,fairly_common,8.507523581201744,,peak_abundance_with_occupancy_days_modifiers,0.0805
ducfly,NI,0.20016147492228561,0.1916,0.2216,breeding,0.8441,0.0176,0.0431,133.0,84.41,0.08347381855784508,fairly_common,8.347381855784509,,peak_abundance_with_occupancy_days_modifiers,0.8441
norsho,NI,0.1990967301556568,0.10966666666666668,0.2203,nonbreeding,0.0306,0.001,0.0013,105.0,3.06,0.08302978550156138,rare,8.302978550156139,rare,peak_abundance_with_occupancy_days_modifiers,0.0306
butsal1,NI,0.19819490595024478,0.2192,0.2192,resident,0.5916,0.0101,0.0266,365.0,59.160000000000004,0.08265369559653418,common,8.265369559653418,,peak_abundance_with_occupancy_days_modifiers,0.5916
bncfly,NI,0.1902897264431315,0.14487499999999998,0.2096,prebreeding_migration,0.8596,0.0123,0.0161,140.0,85.96000000000001,0.07935697968204478,fairly_common,7.935697968204478,,peak_abundance_with_occupancy_days_modifiers,0.8596
nrwswa,NI,0.18681146206680668,0.16407500000000003,0.2054,nonbreeding,0.5818,0.0769,0.029,140.0,58.18,0.07790643077118027,fairly_common,7.790643077118027,,peak_abundance_with_occupancy_days_modifiers,0.5818
grnher,NI,0.18672849861216084,0.18635,0.2053,breeding,0.4883,0.0897,0.1341,119.0,48.83,0.07787183232328851,fairly_common,7.787183232328851,,peak_abundance_with_occupancy_days_modifiers,0.4883
yeofly1,NI,0.18531706577375312,0.2036,0.2036,resident,0.8407,0.0137,0.0315,365.0,84.07,0.0772832191113526,common,7.728321911135259,,peak_abundance_with_occupancy_days_modifiers,0.8407
cogdov,NI,0.18257152554916198,0.2003,0.2003,resident,0.4319,0.0233,0.023,365.0,43.19,0.07613823990573988,fairly_common,7.613823990573988,,peak_abundance_with_occupancy_days_modifiers,0.4319
gohtan1,NI,0.1824048866552586,0.2001,0.2001,resident,0.5014,0.2478,0.2479,365.0,50.13999999999999,0.07606874608931107,common,7.606874608931107,,peak_abundance_with_occupancy_days_modifiers,0.5014
vauswi,NI,0.17906626407328197,0.128975,0.1961,nonbreeding,0.5243,0.0956,0.0619,140.0,52.43,0.07467643232988636,uncommon,7.467643232988635,,peak_abundance_with_occupancy_days_modifiers,0.5243
magfri,NI,0.17848085740801675,0.167925,0.1954,breeding,0.0439,0.0213,0.021,140.0,4.390000000000001,0.07443229878831513,rare,7.443229878831513,rare,peak_abundance_with_occupancy_days_modifiers,0.0439
mastit1,NI,0.17848085740801675,0.1954,0.1954,resident,0.7542,0.0213,0.0441,365.0,75.42,0.07443229878831513,fairly_common,7.443229878831513,,peak_abundance_with_occupancy_days_modifiers,0.7542
rthhum,NI,0.17277614395042318,0.08823333333333333,0.1886,nonbreeding,0.7611,0.086,0.1524,91.0,76.11,0.07205324849270485,uncommon,7.205324849270485,,peak_abundance_with_occupancy_days_modifiers,0.7611
sumtan,NI,0.16856064154391753,0.13036666666666666,0.1836,nonbreeding,0.888,0.0417,0.0751,98.0,88.8,0.07029524744306508,uncommon,7.029524744306507,,peak_abundance_with_occupancy_days_modifiers,0.888
laugul,NI,0.16856064154391753,0.10025,0.1836,nonbreeding,0.0672,0.0341,0.0122,161.0,6.72,0.07029524744306508,uncommon,7.029524744306507,,peak_abundance_with_occupancy_days_modifiers,0.0672
reevir1,NI,0.16779996027493416,0.09126666666666666,0.1827,postbreeding_migration,0.8866,0.0109,0.013,119.0,88.66000000000001,0.06997801871434935,uncommon,6.997801871434935,,peak_abundance_with_occupancy_days_modifiers,0.8866
kebtou1,NI,0.16602278382445196,0.1806,0.1806,resident,0.4242,0.1499,0.1309,365.0,42.42,0.0692368785692219,uncommon,6.923687856922189,,peak_abundance_with_occupancy_days_modifiers,0.4242
squcuc1,NI,0.15939405215025002,0.1728,0.1728,resident,0.8798,0.0085,0.0113,365.0,87.98,0.0664724827470198,fairly_common,6.6472482747019805,,peak_abundance_with_occupancy_days_modifiers,0.8798
blhtro1,NI,0.15572087499677562,0.1685,0.1685,resident,0.5408,0.2111,0.1744,365.0,54.08,0.06494064889458148,fairly_common,6.494064889458148,,peak_abundance_with_occupancy_days_modifiers,0.5408
amwpel,NI,0.15048683327393608,0.09663333333333333,0.1624,nonbreeding,0.031,0.0135,0.0168,77.0,3.1,0.06275788395809136,rare,6.275788395809136,rare,peak_abundance_with_occupancy_days_modifiers,0.031
pavpig2,NI,0.14842000511827327,0.16,0.16,resident,0.2745,0.0043,0.0078,365.0,27.450000000000003,0.06189594966967235,uncommon,6.189594966967235,,peak_abundance_with_occupancy_days_modifiers,0.2745
relhon1,NI,0.14531173116005394,0.1564,0.1564,resident,0.567,0.017,0.0387,365.0,56.699999999999996,0.0605996987476745,fairly_common,6.05996987476745,,peak_abundance_with_occupancy_days_modifiers,0.567
norwat,NI,0.14487926131808454,0.11049999999999999,0.1559,nonbreeding,0.951,0.0618,0.125,147.0,95.1,0.060419344815259075,uncommon,6.0419344815259075,,peak_abundance_with_occupancy_days_modifiers,0.951
trogna2,NI,0.14158636406187083,0.1521,0.1521,resident,0.7385,0.19,0.1139,365.0,73.85000000000001,0.05904609999778592,fairly_common,5.904609999778592,,peak_abundance_with_occupancy_days_modifiers,0.7385
blhsal1,NI,0.14071800693887934,0.1511,0.1511,resident,0.4426,0.103,0.0559,365.0,44.26,0.05868396695017454,uncommon,5.868396695017454,,peak_abundance_with_occupancy_days_modifiers,0.4426
subfly,NI,0.13950103877755748,0.07147500000000001,0.1497,breeding,0.7609,0.0929,0.0691,91.0,76.09,0.05817645180757129,uncommon,5.817645180757129,,peak_abundance_with_occupancy_days_modifiers,0.7609
magwar,NI,0.1393270652210992,0.07689999999999998,0.1495,nonbreeding,0.931,0.1336,0.0807,133.0,93.10000000000001,0.058103899199276915,uncommon,5.810389919927691,,peak_abundance_with_occupancy_days_modifiers,0.931
meapar,NI,0.13514259394229358,0.1447,0.1447,resident,0.2305,0.006,0.0081,365.0,23.05,0.05635883913503057,uncommon,5.635883913503057,,peak_abundance_with_occupancy_days_modifiers,0.2305
yefgra1,NI,0.13461830172476116,0.1441,0.1441,resident,0.3247,0.0686,0.0384,365.0,32.47,0.056140192297747846,uncommon,5.614019229774785,,peak_abundance_with_occupancy_days_modifiers,0.3247
yetvir,NI,0.13453089295760615,0.09773333333333334,0.144,nonbreeding,0.8726,0.1355,0.1828,98.0,87.26,0.056103740010549755,uncommon,5.610374001054976,,peak_abundance_with_occupancy_days_modifiers,0.8726
barant1,NI,0.1344434765494907,0.1439,0.1439,resident,0.7549,0.0113,0.01,365.0,75.49,0.05606728453682365,fairly_common,5.606728453682365,,peak_abundance_with_occupancy_days_modifiers,0.7549
yeteup1,NI,0.1338313476335206,0.1432,0.1432,resident,0.4503,0.1448,0.1277,365.0,45.03,0.055812006951136736,uncommon,5.581200695113673,,peak_abundance_with_occupancy_days_modifiers,0.4503
sthwoo1,NI,0.13208034035720786,0.1412,0.1412,resident,0.73,0.1379,0.1518,365.0,73.0,0.055081780199294786,fairly_common,5.5081780199294785,,peak_abundance_with_occupancy_days_modifiers,0.73
yenpar1,NI,0.13164210905171514,0.1407,0.1407,resident,0.2997,0.685,0.6038,365.0,29.970000000000002,0.0548990235499682,uncommon,5.48990235499682,,peak_abundance_with_occupancy_days_modifiers,0.2997
banwre1,NI,0.13146676274230568,0.1405,0.1405,resident,0.2512,0.2259,0.2487,365.0,25.119999999999997,0.05482589845922776,uncommon,5.482589845922776,,peak_abundance_with_occupancy_days_modifiers,0.2512
stbori,NI,0.13094053926059582,0.1399,0.1399,resident,0.2742,0.0829,0.066,365.0,27.42,0.05460644622222666,uncommon,5.460644622222666,,peak_abundance_with_occupancy_days_modifiers,0.2742
y00678,NI,0.1306773236416162,0.1396,0.1396,resident,0.7154,0.0081,0.0027,365.0,71.54,0.054496676783183366,fairly_common,5.449667678318336,,peak_abundance_with_occupancy_days_modifiers,0.7154
indbun,NI,0.13058956970360192,0.06556666666666668,0.1395,nonbreeding,0.8067,0.0773,0.0522,98.0,80.67,0.05446008054855638,uncommon,5.446008054855638,,peak_abundance_with_occupancy_days_modifiers,0.8067
tbsfin1,NI,0.12557482290806626,0.1338,0.1338,resident,0.5266,0.2112,0.3243,365.0,52.66,0.052368768700027074,fairly_common,5.236876870002708,,peak_abundance_with_occupancy_days_modifiers,0.5266
eawpew,NI,0.12425096233785679,0.058666666666666666,0.1323,postbreeding_migration,0.9603,0.0265,0.015,105.0,96.03,0.05181667596052041,uncommon,5.1816675960520415,,peak_abundance_with_occupancy_days_modifiers,0.9603
linwoo1,NI,0.12257155238818063,0.1304,0.1304,resident,0.817,0.0094,0.0141,365.0,81.69999999999999,0.05111630761302528,fairly_common,5.1116307613025285,,peak_abundance_with_occupancy_days_modifiers,0.817
gycyel,NI,0.12248308421454837,0.1303,0.1303,resident,0.7457,0.2176,0.2622,365.0,74.57000000000001,0.05107941351901049,fairly_common,5.107941351901049,,peak_abundance_with_occupancy_days_modifiers,0.7457
sposan,NI,0.12204062590902467,0.0863,0.1298,nonbreeding,0.4933,0.0198,0.0447,154.0,49.33,0.05089489407375236,uncommon,5.089489407375236,,peak_abundance_with_occupancy_days_modifiers,0.4933
yegvir,NI,0.12195211075074605,0.058675000000000005,0.1297,breeding,0.5911,0.0817,0.0542,119.0,59.11,0.050857980385618125,uncommon,5.085798038561813,,peak_abundance_with_occupancy_days_modifiers,0.5911
whiibi,NI,0.12009148025782042,0.11565,0.1276,nonbreeding,0.1476,0.0313,0.0122,105.0,14.760000000000002,0.05008203720159649,uncommon,5.008203720159649,,peak_abundance_with_occupancy_days_modifiers,0.1476
laufal1,NI,0.11911548089016208,0.1265,0.1265,resident,0.8893,0.0104,0.0172,365.0,88.92999999999999,0.04967501385127342,fairly_common,4.967501385127342,,peak_abundance_with_occupancy_days_modifiers,0.8893
olbeup1,NI,0.11849389404778915,0.1258,0.1258,resident,0.2938,0.2725,0.2689,365.0,29.38,0.04941579200392074,uncommon,4.9415792003920735,,peak_abundance_with_occupancy_days_modifiers,0.2938
crebob1,NI,0.1176052420742634,0.1248,0.1248,resident,0.3838,0.0567,0.0334,365.0,38.379999999999995,0.04904519534625747,uncommon,4.904519534625747,,peak_abundance_with_occupancy_days_modifiers,0.3838
gryhaw2,NI,0.11742741687596428,0.109275,0.1246,prebreeding_migration,0.8151,0.1173,0.1279,154.0,81.51,0.048971036478555295,uncommon,4.89710364785553,,peak_abundance_with_occupancy_days_modifiers,0.8151
lesyel,NI,0.11680477954208435,0.0783,0.1239,nonbreeding,0.1114,0.0035,0.0088,147.0,11.14,0.04871137654221728,uncommon,4.8711376542217275,,peak_abundance_with_occupancy_days_modifiers,0.1114
blcwoo1,NI,0.11172024961040788,0.1182,0.1182,resident,0.3439,0.2198,0.2448,365.0,34.39,0.046590962865542145,uncommon,4.659096286554214,,peak_abundance_with_occupancy_days_modifiers,0.3439
anhing,NI,0.11055699056464385,0.10085,0.1169,prebreeding_migration,0.3698,0.0084,0.0269,105.0,36.980000000000004,0.04610584616384126,uncommon,4.610584616384126,,peak_abundance_with_occupancy_days_modifiers,0.3698
whlgna2,NI,0.10813665860457805,0.1142,0.1142,resident,0.2916,0.3503,0.3009,365.0,29.160000000000004,0.045096489338494514,uncommon,4.509648933849451,,peak_abundance_with_occupancy_days_modifiers,0.2916
blgdov1,NI,0.10642994361584655,0.1123,0.1123,resident,0.4586,0.0101,0.0337,365.0,45.86,0.044384733905264206,uncommon,4.43847339052642,,peak_abundance_with_occupancy_days_modifiers,0.4586
easmea,NI,0.10616019582839063,0.10654999999999999,0.112,breeding,0.561,0.018,0.0109,119.0,56.10000000000001,0.044272240340380076,uncommon,4.427224034038008,,peak_abundance_with_occupancy_days_modifiers,0.561
grbher3,NI,0.104720310770403,0.0661,0.1104,nonbreeding,0.313,0.0182,0.0204,175.0,31.3,0.04367176163127144,uncommon,4.367176163127144,,peak_abundance_with_occupancy_days_modifiers,0.313
grcfly,NI,0.10354887562855887,0.06,0.1091,nonbreeding,0.9227,0.1191,0.1753,133.0,92.27,0.04318323523266975,uncommon,4.318323523266975,,peak_abundance_with_occupancy_days_modifiers,0.9227
gnbman,NI,0.10336853297703312,0.0864,0.1089,nonbreeding,0.675,0.5673,0.6206,266.0,67.5,0.04310802650542818,fairly_common,4.310802650542818,,peak_abundance_with_occupancy_days_modifiers,0.675
purgal2,NI,0.09903052346295425,0.08457500000000001,0.1041,breeding,0.4445,0.0133,0.0356,112.0,44.45,0.041298936023750774,uncommon,4.129893602375077,,peak_abundance_with_occupancy_days_modifiers,0.4445
screup1,NI,0.09893994785490356,0.104,0.104,resident,0.3293,0.0862,0.1211,365.0,32.93,0.041261163061320695,uncommon,4.12611630613207,,peak_abundance_with_occupancy_days_modifiers,0.3293
yebfly,NI,0.09676366843230803,0.07503333333333333,0.1016,nonbreeding,0.7877,0.1865,0.1848,168.0,78.77,0.040353584049308236,uncommon,4.0353584049308235,,peak_abundance_with_occupancy_days_modifiers,0.7877
brratt1,NI,0.09567375006828242,0.1004,0.1004,resident,0.5977,0.0129,0.0136,365.0,59.77,0.039899052787501485,fairly_common,3.9899052787501486,,peak_abundance_with_occupancy_days_modifiers,0.5977
cinhum1,NI,0.09430967947074133,0.0989,0.0989,resident,0.3938,0.1899,0.1776,365.0,39.379999999999995,0.0393301911641374,uncommon,3.93301911641374,,peak_abundance_with_occupancy_days_modifiers,0.3938
swathr,NI,0.09394561284252785,0.05380000000000001,0.0985,postbreeding_migration,0.7821,0.0596,0.0163,91.0,78.21000000000001,0.039178363587535785,uncommon,3.9178363587535783,,peak_abundance_with_occupancy_days_modifiers,0.7821
tubmot1,NI,0.09358141362153052,0.0981,0.0981,resident,0.3319,0.2064,0.2019,365.0,33.19,0.03902648071544844,uncommon,3.902648071544844,,peak_abundance_with_occupancy_days_modifiers,0.3319
yewtan1,NI,0.0925791812930932,0.097,0.097,resident,0.3809,0.1384,0.1219,365.0,38.09,0.03860851737075749,uncommon,3.860851737075749,,peak_abundance_with_occupancy_days_modifiers,0.3809
bkmtou1,NI,0.0914846901221783,0.0958,0.0958,resident,0.2833,0.1451,0.1416,365.0,28.33,0.03815207910035818,uncommon,3.815207910035818,,peak_abundance_with_occupancy_days_modifiers,0.2833
shbpig,NI,0.09084568329957642,0.0951,0.0951,resident,0.2049,0.1812,0.2212,365.0,20.49,0.03788559255699205,uncommon,3.788559255699205,,peak_abundance_with_occupancy_days_modifiers,0.2049
bucmot2,NI,0.0896578719305353,0.0938,0.0938,resident,0.3871,0.1186,0.0825,365.0,38.71,0.0373902367411999,uncommon,3.73902367411999,,peak_abundance_with_occupancy_days_modifiers,0.3871
grycat,NI,0.08920064545830204,0.043866666666666665,0.0933,nonbreeding,0.6929,0.0565,0.0252,98.0,69.28999999999999,0.03719955849206202,uncommon,3.7199558492062015,,peak_abundance_with_occupancy_days_modifiers,0.6929
yeltyr1,NI,0.08764450985204636,0.0916,0.0916,resident,0.4145,0.0261,0.0624,365.0,41.449999999999996,0.03655059953880477,uncommon,3.655059953880477,,peak_abundance_with_occupancy_days_modifiers,0.4145
rtatan1,NI,0.08746127576999452,0.0914,0.0914,resident,0.2872,0.1336,0.0929,365.0,28.720000000000002,0.03647418499137627,uncommon,3.6474184991376273,,peak_abundance_with_occupancy_days_modifiers,0.2872
orcori,NI,0.08736964613690709,0.061566666666666665,0.0913,nonbreeding,0.5349,0.1112,0.0787,140.0,53.49,0.03643597246636451,uncommon,3.6435972466364506,,peak_abundance_with_occupancy_days_modifiers,0.5349
brhpar1,NI,0.08700304362157402,0.0909,0.0909,resident,0.136,0.1441,0.1557,365.0,13.600000000000001,0.036283087342693025,uncommon,3.6283087342693023,,peak_abundance_with_occupancy_days_modifiers,0.136
grcfly1,NI,0.0865446014001858,0.0904,0.0904,resident,0.3798,0.0287,0.0534,365.0,37.980000000000004,0.03609190208677767,uncommon,3.609190208677767,,peak_abundance_with_occupancy_days_modifiers,0.3798
bawwar,NI,0.08590242900070338,0.06163333333333334,0.0897,nonbreeding,0.7181,0.0458,0.0428,98.0,71.81,0.0358240953953149,uncommon,3.58240953953149,,peak_abundance_with_occupancy_days_modifiers,0.7181
westan,NI,0.08571887540253752,0.032466666666666665,0.0895,nonbreeding,0.5645,0.0649,0.0735,140.0,56.45,0.03574754759931719,uncommon,3.574754759931719,,peak_abundance_with_occupancy_days_modifiers,0.5645
rosspo1,NI,0.0839734337761786,0.06692500000000001,0.0876,postbreeding_migration,0.171,0.0062,0.0107,189.0,17.1,0.0350196419037853,uncommon,3.50196419037853,,peak_abundance_with_occupancy_days_modifiers,0.171
grnkin,NI,0.08268536661860784,0.0862,0.0862,resident,0.6661,0.0129,0.0227,365.0,66.61,0.0344824761767486,fairly_common,3.44824761767486,,peak_abundance_with_occupancy_days_modifiers,0.6661
blfgro1,NI,0.08250122151174369,0.086,0.086,resident,0.1358,0.2177,0.2472,365.0,13.58,0.03440568170246397,uncommon,3.440568170246397,,peak_abundance_with_occupancy_days_modifiers,0.1358
legcuc1,NI,0.08176430180263962,0.0852,0.0852,resident,0.3478,0.2325,0.2556,365.0,34.78,0.034098362313888596,uncommon,3.4098362313888595,,peak_abundance_with_occupancy_days_modifiers,0.3478
amered,NI,0.08157998699242287,0.0567,0.085,nonbreeding,0.855,0.0738,0.031,119.0,85.5,0.034021497067809006,uncommon,3.4021497067809006,,peak_abundance_with_occupancy_days_modifiers,0.855
rucwar4,NI,0.08065790301745447,0.084,0.084,resident,0.2465,0.1399,0.1459,365.0,24.65,0.033636958182634,uncommon,3.3636958182634,,peak_abundance_with_occupancy_days_modifiers,0.2465
blugrb1,NI,0.08038111194681247,0.073325,0.0837,prebreeding_migration,0.6139,0.0844,0.0537,105.0,61.39,0.03352152734051921,uncommon,3.3521527340519213,,peak_abundance_with_occupancy_days_modifiers,0.6139
fuwduc,NI,0.07936555538074047,0.07387500000000001,0.0826,breeding,0.0867,,,,8.67,0.033098007357143654,uncommon,3.3098007357143655,,peak_abundance_with_occupancy_days_modifiers,0.0867
gartro1,NI,0.07742389696480362,0.0805,0.0805,resident,0.4324,0.1287,0.1066,365.0,43.24,0.0322882729046165,uncommon,3.22882729046165,,peak_abundance_with_occupancy_days_modifiers,0.4324
swtkit,NI,0.07668322477095765,0.0466,0.0797,breeding,0.2156,0.005,0.0105,98.0,21.560000000000002,0.031979388608355426,uncommon,3.1979388608355426,,peak_abundance_with_occupancy_days_modifiers,0.2156
wbwwre1,NI,0.07659060216171254,0.0796,0.0796,resident,0.2547,0.0212,0.0666,365.0,25.47,0.03194076198012207,uncommon,3.194076198012207,,peak_abundance_with_occupancy_days_modifiers,0.2547
rotbec,NI,0.07584931228343784,0.07865,0.0788,breeding,0.5957,0.0716,0.0739,210.0,59.57,0.03163162008944654,fairly_common,3.163162008944654,,peak_abundance_with_occupancy_days_modifiers,0.5957
woothr,NI,0.07547846117590554,0.03986666666666667,0.0784,nonbreeding,0.5162,0.166,0.126,112.0,51.62,0.03147696316521003,uncommon,3.147696316521003,,peak_abundance_with_occupancy_days_modifiers,0.5162
semplo,NI,0.07520023256293519,0.049475,0.0781,nonbreeding,0.0565,0.025,0.0163,161.0,5.65,0.03136093282138036,uncommon,3.1360932821380363,,peak_abundance_with_occupancy_days_modifiers,0.0565
btther1,NI,0.0744579109180098,0.0773,0.0773,resident,0.3777,0.2042,0.2666,365.0,37.769999999999996,0.031051360650591095,uncommon,3.1051360650591096,,peak_abundance_with_occupancy_days_modifiers,0.3777
whtcra1,NI,0.07427224437458746,0.0771,0.0771,resident,0.4238,0.298,0.3758,365.0,42.38,0.03097393168798021,uncommon,3.097393168798021,,peak_abundance_with_occupancy_days_modifiers,0.4238
pabwoo1,NI,0.07390080783953423,0.0767,0.0767,resident,0.505,0.2141,0.1672,365.0,50.5,0.030819030621504644,fairly_common,3.0819030621504644,,peak_abundance_with_occupancy_days_modifiers,0.505
triher,NI,0.07371503782228067,0.06555,0.0765,nonbreeding,0.1599,0.0708,0.0727,196.0,15.989999999999998,0.030741558506954477,uncommon,3.0741558506954476,,peak_abundance_with_occupancy_days_modifiers,0.1599
comnig,NI,0.07241368050904531,0.022175,0.0751,postbreeding_migration,0.4586,0.0092,0.0031,126.0,45.86,0.03019885035451848,uncommon,3.019885035451848,,peak_abundance_with_occupancy_days_modifiers,0.4586
pirfly1,NI,0.07083118076059143,0.04636666666666667,0.0734,prebreeding_migration,0.6219,0.011,0.0175,91.0,62.19,0.02953889669999247,uncommon,2.953889669999247,,peak_abundance_with_occupancy_days_modifiers,0.6219
rinkin1,NI,0.06980587424396292,0.0723,0.0723,resident,0.3829,0.0072,0.0104,365.0,38.29,0.029111310671420067,uncommon,2.9111310671420068,,peak_abundance_with_occupancy_days_modifiers,0.3829
phivir,NI,0.06980587424396292,0.041800000000000004,0.0723,nonbreeding,0.685,0.2025,0.259,112.0,68.5,0.029111310671420067,uncommon,2.9111310671420068,,peak_abundance_with_occupancy_days_modifiers,0.685
grrswi1,NI,0.06821923897714385,0.0706,0.0706,resident,0.1229,0.0038,0.0107,365.0,12.29,0.028449632371780456,uncommon,2.8449632371780456,,peak_abundance_with_occupancy_days_modifiers,0.1229
killde,NI,0.06793898300819287,0.030599999999999995,0.0703,nonbreeding,0.1523,0.0087,0.0033,126.0,15.229999999999999,0.028332756554837916,uncommon,2.8332756554837917,,peak_abundance_with_occupancy_days_modifiers,0.1523
srwswa1,NI,0.06709774353249415,0.0424,0.0694,breeding,0.6764,0.0067,0.0025,224.0,67.64,0.02798193244452675,fairly_common,2.798193244452675,,peak_abundance_with_occupancy_days_modifiers,0.6764
grhcha1,NI,0.06672363204290818,0.069,0.069,resident,0.347,0.3631,0.256,365.0,34.699999999999996,0.027825915835365443,uncommon,2.7825915835365445,,peak_abundance_with_occupancy_days_modifiers,0.347
amakin1,NI,0.06634938054153391,0.0686,0.0686,resident,0.4309,0.009,0.0137,365.0,43.09,0.02766984083675324,uncommon,2.766984083675324,,peak_abundance_with_occupancy_days_modifiers,0.4309
dusant1,NI,0.06606859996970468,0.0683,0.0683,resident,0.3017,0.0234,0.0262,365.0,30.17,0.02755274624341784,uncommon,2.755274624341784,,peak_abundance_with_occupancy_days_modifiers,0.3017
paibun,NI,0.06569410319536247,0.0267,0.0679,nonbreeding,0.5955,0.0826,0.0827,133.0,59.550000000000004,0.027396568958033257,uncommon,2.739656895803326,,peak_abundance_with_occupancy_days_modifiers,0.5955
plawre1,NI,0.06400712997429238,0.0661,0.0661,resident,0.1995,0.1359,0.1181,365.0,19.950000000000003,0.026693046481381728,uncommon,2.669304648138173,,peak_abundance_with_occupancy_days_modifiers,0.1995
soulap1,NI,0.06363186024477342,0.051199999999999996,0.0657,breeding,0.3474,0.0033,0.0005,175.0,34.74,0.026536546848651327,uncommon,2.6536546848651326,,peak_abundance_with_occupancy_days_modifiers,0.3474
comyel,NI,0.06175339627548214,0.0286,0.0637,nonbreeding,0.746,0.0512,0.0156,91.0,74.6,0.025753166527333494,uncommon,2.5753166527333495,,peak_abundance_with_occupancy_days_modifiers,0.746
greyel,NI,0.06118916831242246,0.03162500000000001,0.0631,nonbreeding,0.0689,0.0044,0.0096,182.0,6.890000000000001,0.02551786519059022,uncommon,2.5517865190590223,,peak_abundance_with_occupancy_days_modifiers,0.0689
willet1,NI,0.06043636880383069,0.038024999999999996,0.0623,nonbreeding,0.0272,0.0204,0.0172,147.0,2.7199999999999998,0.025203923411259235,rare,2.5203923411259233,rare,peak_abundance_with_occupancy_days_modifiers,0.0272
royter1,NI,0.060248080345356884,0.037025,0.0621,nonbreeding,0.0474,0.0284,0.03,126.0,4.74,0.02512540102514433,rare,2.512540102514433,rare,peak_abundance_with_occupancy_days_modifiers,0.0474
gubter2,NI,0.060243282801525175,0.041074417304054874,0.0620949045409192,nonbreeding,0.0780998508753907,0.0079696778436498,0.0065740405118435,140.0,7.80998508753907,0.025123400293967195,uncommon,2.5123400293967193,,peak_abundance_with_occupancy_days_modifiers,0.0780998508753907
y00475,NI,0.06015392281974709,0.03555,0.062,nonbreeding,0.0428,0.0097,0.0012,112.0,4.279999999999999,0.02508613428706869,rare,2.508613428706869,rare,peak_abundance_with_occupancy_days_modifiers,0.0428
yebcac1,NI,0.05845756957156866,0.0602,0.0602,resident,0.4528,0.1291,0.1122,365.0,45.28,0.024378700035280542,uncommon,2.437870003528054,,peak_abundance_with_occupancy_days_modifiers,0.4528
shbdow,NI,0.058268908123975775,0.025099999999999997,0.06,nonbreeding,0.0512,0.0349,0.0185,147.0,5.12,0.02430002210062133,uncommon,2.430002210062133,,peak_abundance_with_occupancy_days_modifiers,0.0512
lessca,NI,0.05798584919865327,0.03776666666666667,0.0597,nonbreeding,0.0406,0.0195,0.006,77.0,4.06,0.024181977360080122,rare,2.418197736008012,rare,peak_abundance_with_occupancy_days_modifiers,0.0406
greela,NI,0.057608312620313365,0.044,0.0593,prebreeding_migration,0.8291,0.0141,0.0275,154.0,82.91,0.024024532377964834,uncommon,2.4024532377964833,,peak_abundance_with_occupancy_days_modifiers,0.8291
vigswa,NI,0.0565693514878943,0.02266666666666667,0.0582,nonbreeding,0.209,0.0277,0.0118,63.0,20.9,0.023591251932315316,uncommon,2.359125193231532,,peak_abundance_with_occupancy_days_modifiers,0.209
amekes,NI,0.05619127964974249,0.0265,0.0578,nonbreeding,0.5347,0.0041,0.0034,105.0,53.47,0.023433583729520726,uncommon,2.3433583729520726,,peak_abundance_with_occupancy_days_modifiers,0.5347
blctit1,NI,0.05619127964974249,0.0578,0.0578,resident,0.4033,0.0095,0.0327,365.0,40.33,0.023433583729520726,uncommon,2.3433583729520726,,peak_abundance_with_occupancy_days_modifiers,0.4033
banana,NI,0.05571848875634378,0.0573,0.0573,resident,0.3189,0.0047,0.0038,365.0,31.89,0.023236414612602993,uncommon,2.323641461260299,,peak_abundance_with_occupancy_days_modifiers,0.3189
fepowl,NI,0.05571848875634378,0.0573,0.0573,resident,0.4669,0.0074,0.0092,365.0,46.69,0.023236414612602993,uncommon,2.323641461260299,,peak_abundance_with_occupancy_days_modifiers,0.4669
scbhum1,NI,0.054205333644820504,0.0557013509076366,0.0557013509076366,resident,0.420039807689162,0.4181045453567874,0.4893578214343722,365.0,42.0039807689162,0.02260537991784861,uncommon,2.260537991784861,,peak_abundance_with_occupancy_days_modifiers,0.420039807689162
chhoro1,NI,0.05373032242096779,0.0552,0.0552,resident,0.1133,0.0936,0.0735,365.0,11.33,0.02240728485121196,uncommon,2.2407284851211964,,peak_abundance_with_occupancy_days_modifiers,0.1133
rubsee1,NI,0.053635549165909416,0.0551,0.0551,resident,0.0488,0.0058,0.025,365.0,4.88,0.022367761334011912,rare,2.2367761334011913,rare,peak_abundance_with_occupancy_days_modifiers,0.0488
norben1,NI,0.05249756895775399,0.0539,0.0539,resident,0.4542,0.1959,0.0942,365.0,45.42,0.021893186726411443,uncommon,2.189318672641144,,peak_abundance_with_occupancy_days_modifiers,0.4542
cocwoo1,NI,0.05230777962334486,0.0537,0.0537,resident,0.3476,0.1546,0.1425,365.0,34.760000000000005,0.021814038426416004,uncommon,2.1814038426416005,,peak_abundance_with_occupancy_days_modifiers,0.3476
whwbec1,NI,0.05164323315183845,0.03535,0.053,nonbreeding,0.738,0.0081,0.0085,287.0,73.8,0.02153690102219108,fairly_common,2.153690102219108,,peak_abundance_with_occupancy_days_modifiers,0.738
osprey,NI,0.05135829227514207,0.033025,0.0527,nonbreeding,0.3367,0.0068,0.0141,147.0,33.67,0.02141807144696788,uncommon,2.141807144696788,,peak_abundance_with_occupancy_days_modifiers,0.3367
stther2,NI,0.05116828657439943,0.0525,0.0525,resident,0.327,0.1176,0.1142,365.0,32.7,0.021338832915202947,uncommon,2.1338832915202945,,peak_abundance_with_occupancy_days_modifiers,0.327
slaspi1,NI,0.05069386532029305,0.0520007900573199,0.0520007900573199,resident,0.4773606840978255,0.2849576402133137,0.1429972219320331,365.0,47.73606840978255,0.02114098388506045,uncommon,2.114098388506045,,peak_abundance_with_occupancy_days_modifiers,0.4773606840978255
grasal2,NI,0.050693114315518116,0.052,0.052,resident,0.3084,0.0789,0.0498,365.0,30.84,0.021140670691743236,uncommon,2.1140670691743235,,peak_abundance_with_occupancy_days_modifiers,0.3084
baywre1,NI,0.05064496006281224,0.0519493429458395,0.0519493429458395,resident,0.3060697351421835,0.1510399003018888,0.0662457718006405,365.0,30.60697351421835,0.021120588808580046,uncommon,2.1120588808580045,,peak_abundance_with_occupancy_days_modifiers,0.3060697351421835
altori,NI,0.05059805276309138,0.0519,0.0519,resident,0.1804,0.0579,0.038,365.0,18.04,0.021101026945202214,uncommon,2.1101026945202213,,peak_abundance_with_occupancy_days_modifiers,0.1804
coffal1,NI,0.05012260940321062,0.0514,0.0514,resident,0.5493,0.0114,0.0336,365.0,54.93,0.020902751663844383,fairly_common,2.0902751663844383,,peak_abundance_with_occupancy_days_modifiers,0.5493
btnwar,NI,0.04831386027855063,0.026199999999999998,0.0495,nonbreeding,0.3147,0.0482,0.0341,98.0,31.47,0.020148444690900907,rare,2.014844469090091,,peak_abundance_with_occupancy_days_modifiers,0.3147
blkski,NI,0.04783732941416013,0.028875,0.049,postbreeding_migration,0.0404,0.0021,0.0077,140.0,4.04,0.019949715884936606,rare,1.9949715884936607,rare,peak_abundance_with_occupancy_days_modifiers,0.0404
littin1,NI,0.04774199598542116,0.0489,0.0489,resident,0.3016,0.0072,0.0092,365.0,30.159999999999997,0.019909958757166932,rare,1.9909958757166932,,peak_abundance_with_occupancy_days_modifiers,0.3016
lobher,NI,0.04726519246711422,0.0484,0.0484,resident,0.2265,0.1607,0.1789,365.0,22.650000000000002,0.019711116245687915,rare,1.9711116245687914,,peak_abundance_with_occupancy_days_modifiers,0.2265
spbwre1,NI,0.046788161498758925,0.0479,0.0479,resident,0.2068,0.0605,0.0243,365.0,20.68,0.019512178880171305,rare,1.9512178880171305,,peak_abundance_with_occupancy_days_modifiers,0.2068
plukit1,NI,0.046501833651419786,0.0307,0.0476,breeding,0.644,0.0122,0.0085,98.0,64.4,0.019392770893264116,rare,1.9392770893264115,,peak_abundance_with_occupancy_days_modifiers,0.644
ocbfly1,NI,0.04611993561355312,0.0472,0.0472,resident,0.2933,0.0074,0.0144,365.0,29.330000000000002,0.019233507041252287,rare,1.9233507041252287,,peak_abundance_with_occupancy_days_modifiers,0.2933
robgro,NI,0.04554681495597039,0.0395,0.0466,nonbreeding,0.6708,0.0882,0.0614,98.0,67.08,0.018994497162845948,rare,1.8994497162845947,,peak_abundance_with_occupancy_days_modifiers,0.6708
paltyr3,NI,0.04545126290391737,0.0465,0.0465,resident,0.3474,0.294,0.2247,365.0,34.74,0.018954648862072786,rare,1.8954648862072785,,peak_abundance_with_occupancy_days_modifiers,0.3474
chiswi,NI,0.04516455195437364,0.0462,0.0462,postbreeding_migration,0.2976,0.018,0.005,42.0,29.759999999999998,0.018835081109137064,rare,1.8835081109137064,,peak_abundance_with_occupancy_days_modifiers,0.2976
moudov,NI,0.044973365642731154,0.0247,0.046,nonbreeding,0.206,0.0042,0.0006,105.0,20.599999999999998,0.018755350224385226,rare,1.8755350224385225,,peak_abundance_with_occupancy_days_modifiers,0.206
musduc,NI,0.04449523988655121,0.0455,0.0455,resident,0.2549,0.0058,0.0056,365.0,25.490000000000002,0.018555956296884,rare,1.8555956296883998,,peak_abundance_with_occupancy_days_modifiers,0.2549
wewpew,NI,0.04449523988655121,0.016733333333333333,0.0455,postbreeding_migration,0.7948,0.017,0.0102,140.0,79.47999999999999,0.018555956296884,rare,1.8555956296883998,,peak_abundance_with_occupancy_days_modifiers,0.7948
semsan,NI,0.04353830201448342,0.028999999999999998,0.0445,nonbreeding,0.0473,0.0401,0.0017,133.0,4.73,0.018156882207651097,rare,1.8156882207651097,rare,peak_abundance_with_occupancy_days_modifiers,0.0473
bubgro1,NI,0.04238876649178663,0.0433,0.0433,resident,0.2148,0.0985,0.1305,365.0,21.48,0.017677488659593694,rare,1.7677488659593694,,peak_abundance_with_occupancy_days_modifiers,0.2148
nobtyr,NI,0.0417175933518685,0.0387,0.0426,breeding,0.6915,0.0641,0.0484,210.0,69.15,0.017397587719993945,uncommon,1.7397587719993945,,peak_abundance_with_occupancy_days_modifiers,0.6915
caneme1,NI,0.040661981718889635,0.0415,0.0415,resident,0.2833,0.1345,0.1431,365.0,28.33,0.016957363476277566,rare,1.6957363476277565,,peak_abundance_with_occupancy_days_modifiers,0.2833
bltgol1,NI,0.039797469874066085,0.0406,0.0406,resident,0.4127,0.5001,0.5084,365.0,41.27,0.016596834034216166,rare,1.6596834034216166,,peak_abundance_with_occupancy_days_modifiers,0.4127
purmar,NI,0.03931686237695038,0.02035,0.0401,postbreeding_migration,0.4354,0.0095,0.0009,91.0,43.54,0.016396405140357607,rare,1.6396405140357606,,peak_abundance_with_occupancy_days_modifiers,0.4354
santer1,NI,0.03835495387646399,0.027725,0.0391,nonbreeding,0.0366,0.0132,0.0115,133.0,3.66,0.01599525813806841,rare,1.599525813806841,rare,peak_abundance_with_occupancy_days_modifiers,0.0366
slcsee1,NI,0.038279306175311924,0.0390213974468216,0.0390213974468216,resident,0.5203726092860874,0.0827577747845854,0.4232897027085932,365.0,52.037260928608745,0.01596371059635127,uncommon,1.596371059635127,,peak_abundance_with_occupancy_days_modifiers,0.5203726092860874
wlswar,NI,0.03825871211709034,0.0213,0.039,nonbreeding,0.1579,0.0135,0.0089,105.0,15.790000000000001,0.015955122207001946,rare,1.5955122207001946,,peak_abundance_with_occupancy_days_modifiers,0.1579
bkcori,NI,0.03806620080645633,0.0388,0.0388,resident,0.2213,0.1674,0.1531,365.0,22.13,0.015874838754752034,rare,1.5874838754752034,,peak_abundance_with_occupancy_days_modifiers,0.2213
louwat,NI,0.03796993125162867,0.0252,0.0387,nonbreeding,0.6785,0.0684,0.0854,119.0,67.85,0.01583469123208091,rare,1.583469123208091,,peak_abundance_with_occupancy_days_modifiers,0.6785
slttro1,NI,0.03796993125162867,0.0387,0.0387,resident,0.1773,0.155,0.1677,365.0,17.73,0.01583469123208091,rare,1.583469123208091,,peak_abundance_with_occupancy_days_modifiers,0.1773
hoowar,NI,0.03758476032727121,0.024500000000000004,0.0383,nonbreeding,0.574,0.1277,0.0621,119.0,57.4,0.01567406248038905,rare,1.567406248038905,,peak_abundance_with_occupancy_days_modifiers,0.574
lotman1,NI,0.03758476032727121,0.0383,0.0383,resident,0.0939,0.3164,0.272,365.0,9.39,0.01567406248038905,rare,1.567406248038905,,peak_abundance_with_occupancy_days_modifiers,0.0939
strcuc1,NI,0.0374884444109916,0.0382,0.0382,resident,0.6872,0.011,0.0053,365.0,68.72,0.01563389562349075,uncommon,1.563389562349075,,peak_abundance_with_occupancy_days_modifiers,0.6872
batfal1,NI,0.03700672562909567,0.0377,0.0377,resident,0.5127,0.0121,0.0145,365.0,51.27,0.015433003287882741,uncommon,1.543300328788274,,peak_abundance_with_occupancy_days_modifiers,0.5127
orbspa1,NI,0.03623549258209542,0.0369,0.0369,resident,0.1978,0.1346,0.1441,365.0,19.78,0.015111374125946762,rare,1.5111374125946762,,peak_abundance_with_occupancy_days_modifiers,0.1978
thitin1,NI,0.035946126773469124,0.0366,0.0366,resident,0.1825,0.0882,0.089,365.0,18.25,0.01499069921077894,rare,1.4990699210778942,,peak_abundance_with_occupancy_days_modifiers,0.1825
bkbwar,NI,0.03584965289369722,0.015833333333333335,0.0365,postbreeding_migration,0.6037,0.0179,0.0194,91.0,60.370000000000005,0.014950466477987697,rare,1.4950466477987696,,peak_abundance_with_occupancy_days_modifiers,0.6037
scrcac1,NI,0.03584965289369722,0.0365,0.0365,resident,0.1314,0.1062,0.1157,365.0,13.139999999999999,0.014950466477987697,rare,1.4950466477987696,,peak_abundance_with_occupancy_days_modifiers,0.1314
ycnher,NI,0.03575316970581786,0.01865,0.0364,nonbreeding,0.1845,0.041,0.0537,147.0,18.45,0.014910229863414132,rare,1.4910229863414133,,peak_abundance_with_occupancy_days_modifiers,0.1845
recman1,NI,0.03469123978993036,0.0353,0.0353,resident,0.1059,0.1085,0.1502,365.0,10.59,0.014467370691066583,rare,1.4467370691066583,,peak_abundance_with_occupancy_days_modifiers,0.1059
lobgna5,NI,0.03449804040756744,0.0351,0.0351,resident,0.2422,0.007,0.0075,365.0,24.22,0.014386800290618094,rare,1.4386800290618094,,peak_abundance_with_occupancy_days_modifiers,0.2422
fotfly,NI,0.03420817132973701,0.017900000000000003,0.0348,nonbreeding,0.3926,0.0279,0.0023,133.0,39.26,0.014265915495890543,rare,1.4265915495890542,,peak_abundance_with_occupancy_days_modifiers,0.3926
chbant1,NI,0.03406061762614729,0.0346473226918535,0.0346473226918535,resident,0.0816737529207086,0.0191748373221451,0.0182984270837673,365.0,8.16737529207086,0.014204380822019061,rare,1.420438082201906,,peak_abundance_with_occupancy_days_modifiers,0.0816737529207086
wilplo,NI,0.03285433687094718,0.017325,0.0334,postbreeding_migration,0.0212,0.0158,0.0798,119.0,2.12,0.013701322673948933,rare,1.3701322673948932,rare,peak_abundance_with_occupancy_days_modifiers,0.0212
acafly,NI,0.03256399087326267,0.016,0.0331,postbreeding_migration,0.8623,0.1116,0.0303,91.0,86.22999999999999,0.013580238988194026,rare,1.3580238988194027,,peak_abundance_with_occupancy_days_modifiers,0.8623
greibi1,NI,0.032370380030450716,0.0329,0.0329,resident,0.1397,0.0029,0.0043,365.0,13.969999999999999,0.0134994969954105,rare,1.34994969954105,,peak_abundance_with_occupancy_days_modifiers,0.1397
comgal1,NI,0.03217673169522125,0.02485,0.0327,breeding,0.1253,0.0046,0.0024,126.0,12.53,0.01341873936707444,rare,1.341873936707444,,peak_abundance_with_occupancy_days_modifiers,0.1253
gowwar,NI,0.03207989346341168,0.018466666666666666,0.0326,nonbreeding,0.4693,0.1512,0.2007,140.0,46.93,0.013378354687681606,rare,1.3378354687681606,,peak_abundance_with_occupancy_days_modifiers,0.4693
kenwar,NI,0.031886188862321745,0.022000000000000002,0.0324,nonbreeding,0.4711,0.1829,0.1662,126.0,47.11,0.0132975735946592,rare,1.32975735946592,,peak_abundance_with_occupancy_days_modifiers,0.4711
bcnher,NI,0.03169244673248972,0.029775000000000003,0.0322,prebreeding_migration,0.1994,0.0024,0.0013,112.0,19.939999999999998,0.013216776850935733,rare,1.3216776850935732,,peak_abundance_with_occupancy_days_modifiers,0.1994
scamac1,NI,0.03159556158975056,0.0321,0.0321,resident,0.0733,0.0021,0.0036,365.0,7.33,0.013176372608165746,rare,1.3176372608165745,,peak_abundance_with_occupancy_days_modifiers,0.0733
paltan1,NI,0.03159556158975056,0.0321,0.0321,resident,0.1394,0.002,0.0018,365.0,13.94,0.013176372608165746,rare,1.3176372608165745,,peak_abundance_with_occupancy_days_modifiers,0.1394
gofwoo,NI,0.03149866705937099,0.032,0.032,resident,0.154,0.0157,0.0052,365.0,15.4,0.013135964450445627,rare,1.3135964450445627,,peak_abundance_with_occupancy_days_modifiers,0.154
grehon1,NI,0.03130484982841249,0.0318,0.0318,resident,0.1674,0.0051,0.0085,365.0,16.74,0.013055136387119784,rare,1.3055136387119783,,peak_abundance_with_occupancy_days_modifiers,0.1674
bkbplo,NI,0.03101405352916946,0.021625000000000002,0.0315,nonbreeding,0.0236,0.0046,0.0037,140.0,2.36,0.01293386491102916,rare,1.293386491102916,rare,peak_abundance_with_occupancy_days_modifiers,0.0236
whfnun1,NI,0.03060143161527687,0.0310744682937108,0.0310744682937108,resident,0.187960230408223,0.0073783723000849,0.0052591887991943,365.0,18.7960230408223,0.012761788207524426,rare,1.2761788207524427,,peak_abundance_with_occupancy_days_modifiers,0.187960230408223
pecsan,NI,0.029655884907510657,0.012566666666666665,0.0301,prebreeding_migration,0.1167,0.0035,0.0018,119.0,11.67,0.012367464602781389,rare,1.2367464602781388,,peak_abundance_with_occupancy_days_modifiers,0.1167
kinvul1,NI,0.029073247485707086,0.0295,0.0295,resident,0.154,0.0032,0.007,365.0,15.4,0.012124485925433415,rare,1.2124485925433415,,peak_abundance_with_occupancy_days_modifiers,0.154
shthaw,NI,0.029073247485707086,0.0295,0.0295,resident,0.6014,0.0154,0.028,365.0,60.14000000000001,0.012124485925433415,uncommon,1.2124485925433415,,peak_abundance_with_occupancy_days_modifiers,0.6014
burwar1,NI,0.02878180142545205,0.0292,0.0292,resident,0.215,0.0222,0.0275,365.0,21.5,0.012002943477954007,rare,1.2002943477954007,,peak_abundance_with_occupancy_days_modifiers,0.215
sander,NI,0.028490270399627496,0.023866666666666665,0.0289,nonbreeding,0.0138,0.0043,0.0032,77.0,1.38,0.011881365597080043,rare,1.1881365597080042,rare,peak_abundance_with_occupancy_days_modifiers,0.0138
tromoc,NI,0.028198654358678774,0.0286,0.0286,resident,0.1234,0.0125,0.0059,365.0,12.34,0.011759752262145538,rare,1.1759752262145537,,peak_abundance_with_occupancy_days_modifiers,0.1234
gloibi,NI,0.028198654358678774,0.018925,0.0286,postbreeding_migration,0.1131,,,,11.31,0.011759752262145538,rare,1.1759752262145537,,peak_abundance_with_occupancy_days_modifiers,0.1131
rubpep1,NI,0.028004196409597365,0.0284,0.0284,resident,0.1786,0.0018,0.0014,365.0,17.86,0.011678656998608672,rare,1.1678656998608672,,peak_abundance_with_occupancy_days_modifiers,0.1786
rawwre1,NI,0.028004196409597365,0.0284,0.0284,resident,0.1618,0.1254,0.1225,365.0,16.18,0.011678656998608672,rare,1.1678656998608672,,peak_abundance_with_occupancy_days_modifiers,0.1618
comblh1,NI,0.02742059557599217,0.0169,0.0278,nonbreeding,0.6429,0.0535,0.0747,98.0,64.29,0.011435276547333144,rare,1.1435276547333144,,peak_abundance_with_occupancy_days_modifiers,0.6429
whnpuf2,NI,0.027275105349575737,0.0276504760226916,0.0276504760226916,resident,0.4767848883552268,0.0204881002134441,0.0330568970760288,365.0,47.67848883552268,0.01137460241028185,rare,1.1374602410281849,,peak_abundance_with_occupancy_days_modifiers,0.4767848883552268
houspa,NI,0.02703133905103043,0.0274,0.0274,resident,0.0138,0.0001,0.0001,365.0,1.38,0.011272943967850873,rare,1.1272943967850872,rare,peak_abundance_with_occupancy_days_modifiers,0.0138
prowar,NI,0.026836653953559674,0.022099999999999998,0.0272,postbreeding_migration,0.3006,0.0499,0.0506,105.0,30.06,0.011191753976077901,rare,1.11917539760779,,peak_abundance_with_occupancy_days_modifiers,0.3006
gretin1,NI,0.02673929718962161,0.0271,0.0271,resident,0.1236,0.004,0.0073,365.0,12.36,0.011151153051991488,rare,1.1151153051991487,,peak_abundance_with_occupancy_days_modifiers,0.1236
scatan,NI,0.02586265952572737,0.016633333333333333,0.0262,prebreeding_migration,0.7175,0.0221,0.0197,77.0,71.75,0.010785566750605149,rare,1.078556675060515,,peak_abundance_with_occupancy_days_modifiers,0.7175
giacow,NI,0.025472795973031023,0.0258,0.0258,resident,0.3622,0.0106,0.0076,365.0,36.22,0.010622981020895057,rare,1.0622981020895057,,peak_abundance_with_occupancy_days_modifiers,0.3622
whtkit,NI,0.025277807184268544,0.0256,0.0256,resident,0.2679,0.0182,0.0313,365.0,26.790000000000003,0.010541664380016531,rare,1.054166438001653,,peak_abundance_with_occupancy_days_modifiers,0.2679
whnjac1,NI,0.025277807184268544,0.0256,0.0256,resident,0.1789,0.0051,0.0103,365.0,17.89,0.010541664380016531,rare,1.054166438001653,,peak_abundance_with_occupancy_days_modifiers,0.1789
dstkne,NI,0.025180298530298247,0.0255,0.0255,resident,0.0525,0.0132,0.0206,365.0,5.25,0.010501000112866745,rare,1.0501000112866745,,peak_abundance_with_occupancy_days_modifiers,0.0525
strfly1,NI,0.025082780367463153,0.010925,0.0254,nonbreeding,0.3276,0.0038,0.0052,112.0,32.76,0.01046033188021233,rare,1.046033188021233,,peak_abundance_with_occupancy_days_modifiers,0.3276
leafly,NI,0.024595046855380207,0.0181,0.0249,nonbreeding,0.6543,0.0619,0.0194,140.0,65.42999999999999,0.010256931207290565,rare,1.0256931207290565,,peak_abundance_with_occupancy_days_modifiers,0.6543
olsfly,NI,0.024497471600387438,0.011899999999999999,0.0248,postbreeding_migration,0.7091,0.0227,0.0129,105.0,70.91,0.010216239165357105,rare,1.0216239165357104,,peak_abundance_with_occupancy_days_modifiers,0.7091
crowoo1,NI,0.024302292522964862,0.0246,0.0246,resident,0.1387,0.1055,0.0928,365.0,13.87,0.010134843167943598,rare,1.0134843167943597,,peak_abundance_with_occupancy_days_modifiers,0.1387
shtfly1,NI,0.024302292522964862,0.0246,0.0246,resident,0.4856,0.0456,0.0229,365.0,48.559999999999995,0.010134843167943598,rare,1.0134843167943597,,peak_abundance_with_occupancy_days_modifiers,0.4856
cinbec1,NI,0.024204688696817394,0.0245,0.0245,resident,0.18,0.0973,0.0701,365.0,18.0,0.010094139210913167,rare,1.0094139210913167,,peak_abundance_with_occupancy_days_modifiers,0.18
wesant1,NI,0.023911820046312877,0.0242,0.0242,resident,0.109,0.0745,0.0607,365.0,10.9,0.00997200349722009,rare,0.997200349722009,,peak_abundance_with_occupancy_days_modifiers,0.109
tropar,NI,0.023618865598633996,0.021825,0.0239,prebreeding_migration,0.0723,0.0038,0.0041,203.0,7.23,0.00984983200332621,rare,0.984983200332621,,peak_abundance_with_occupancy_days_modifiers,0.0723
lyhvul1,NI,0.023423514943588058,0.0237,0.0237,resident,0.0846,0.002,0.0025,365.0,8.459999999999999,0.00976836445248612,rare,0.976836445248612,,peak_abundance_with_occupancy_days_modifiers,0.0846
webwoo1,NI,0.02332582530349669,0.0236,0.0236,resident,0.1466,0.0034,0.0032,365.0,14.66,0.009727624708261448,rare,0.9727624708261449,,peak_abundance_with_occupancy_days_modifiers,0.1466
shihon1,NI,0.023228126119207167,0.0235,0.0235,resident,0.1291,0.2468,0.2317,365.0,12.91,0.009686880983796994,rare,0.9686880983796994,,peak_abundance_with_occupancy_days_modifiers,0.1291
pacpar1,NI,0.02264173048082465,0.0229,0.0229,resident,0.0089,0.1214,0.2473,365.0,0.89,0.009442335008401522,very_rare,0.9442335008401522,very_rare,peak_abundance_with_occupancy_days_modifiers,0.0089
bkttro7,NI,0.022375790530752428,0.0226280061936838,0.0226280061936838,resident,0.2398324146285061,0.3288740219476138,0.2557042527292024,365.0,23.98324146285061,0.009331429435047722,rare,0.9331429435047722,,peak_abundance_with_occupancy_days_modifiers,0.2398324146285061
ovenbi1,NI,0.022348403663761812,0.015833333333333335,0.0226,nonbreeding,0.6326,0.0775,0.0391,112.0,63.260000000000005,0.009320008224412958,rare,0.9320008224412958,,peak_abundance_with_occupancy_days_modifiers,0.6326
broher,NI,0.022293879732757794,0.0225442453481505,0.0225442453481505,resident,0.5187524164853292,0.3292419675221136,0.3809890717449407,365.0,51.87524164853292,0.009297269979076553,uncommon,0.9297269979076552,,peak_abundance_with_occupancy_days_modifiers,0.5187524164853292
rudtur,NI,0.022152804641133304,0.014,0.0224,postbreeding_migration,0.0268,0.0044,0.0027,119.0,2.68,0.009238437096245954,rare,0.9238437096245954,rare,peak_abundance_with_occupancy_days_modifiers,0.0268
canwar,NI,0.021467906615240923,0.009733333333333333,0.0217,postbreeding_migration,0.7228,0.026,0.0277,84.0,72.28,0.008952812434626341,rare,0.8952812434626342,,peak_abundance_with_occupancy_days_modifiers,0.7228
caster1,NI,0.021467906615240923,0.0102,0.0217,nonbreeding,0.0738,0.0066,0.0029,105.0,7.380000000000001,0.008952812434626341,rare,0.8952812434626342,,peak_abundance_with_occupancy_days_modifiers,0.0738
yerwar,NI,0.021467906615240923,0.007533333333333333,0.0217,nonbreeding,0.7162,0.0186,0.0005,91.0,71.61999999999999,0.008952812434626341,rare,0.8952812434626342,,peak_abundance_with_occupancy_days_modifiers,0.7162
grhtan1,NI,0.021367150574195855,0.0215970627387268,0.0215970627387268,resident,0.1454625522619815,0.0089556252207278,0.0135698830075298,365.0,14.546255226198149,0.008910793901878834,rare,0.8910793901878834,,peak_abundance_with_occupancy_days_modifiers,0.1454625522619815
solsan,NI,0.02097840638519171,0.015399999999999999,0.0212,nonbreeding,0.2876,0.0053,0.0055,112.0,28.76,0.00874867498308622,rare,0.874867498308622,,peak_abundance_with_occupancy_days_modifiers,0.2876
olcyel1,NI,0.020411890290560147,0.0206216376054331,0.0206216376054331,resident,0.1153047177803312,0.0583237581608495,0.0969807651105679,365.0,11.530471778033121,0.00851241942136166,rare,0.8512419421361659,,peak_abundance_with_occupancy_days_modifiers,0.1153047177803312
lottyr1,NI,0.020390689647734026,0.0206,0.0206,resident,0.1432,0.01,0.0155,365.0,14.32,0.008503578066584123,rare,0.8503578066584123,,peak_abundance_with_occupancy_days_modifiers,0.1432
lobdow,NI,0.020194707285519278,0.011366666666666666,0.0204,nonbreeding,0.0477,0.0173,0.0037,70.0,4.77,0.008421847073392743,rare,0.8421847073392743,rare,peak_abundance_with_occupancy_days_modifiers,0.0477
bludac1,NI,0.020194707285519278,0.0204,0.0204,resident,0.1699,0.0026,0.002,365.0,16.99,0.008421847073392743,rare,0.8421847073392743,,peak_abundance_with_occupancy_days_modifiers,0.1699
lesgol,NI,0.01950846638804296,0.011974999999999998,0.0197,nonbreeding,0.0816,0.0053,0.0024,105.0,8.16,0.008135662390825105,rare,0.8135662390825105,,peak_abundance_with_occupancy_days_modifiers,0.0816
grgmac,NI,0.019312311032372815,0.0195,0.0195,resident,0.0653,0.1105,0.2299,365.0,6.529999999999999,0.00805385925375932,rare,0.8053859253759321,,peak_abundance_with_occupancy_days_modifiers,0.0653
mouwar,NI,0.018919884852510872,0.011533333333333333,0.0191,postbreeding_migration,0.67,0.2071,0.0767,140.0,67.0,0.00789020482551394,rare,0.789020482551394,,peak_abundance_with_occupancy_days_modifiers,0.67
cregua1,NI,0.01882175424058776,0.019,0.019,resident,0.0975,0.0628,0.0597,365.0,9.75,0.007849281181751724,rare,0.7849281181751724,,peak_abundance_with_occupancy_days_modifiers,0.0975
nobwoo1,NI,0.018527304613883622,0.0187,0.0187,resident,0.1716,0.15,0.1508,365.0,17.16,0.007726486149773333,rare,0.7726486149773333,,peak_abundance_with_occupancy_days_modifiers,0.1716
pbgdov1,NI,0.018330956684723457,0.0185,0.0185,resident,0.1228,0.0047,0.0026,365.0,12.280000000000001,0.007644602703324481,rare,0.764460270332448,,peak_abundance_with_occupancy_days_modifiers,0.1228
runwor1,NI,0.018036362486098582,0.0182,0.0182,resident,0.1345,0.1733,0.1651,365.0,13.450000000000001,0.007521747380172253,rare,0.7521747380172252,,peak_abundance_with_occupancy_days_modifiers,0.1345
stisan,NI,0.017545179215748816,0.016633333333333333,0.0177,nonbreeding,0.0475,0.0101,0.0068,105.0,4.75,0.007316908046310731,rare,0.731690804631073,rare,peak_abundance_with_occupancy_days_modifiers,0.0475
lstswi1,NI,0.017250353406527592,0.0174,0.0174,resident,0.2862,0.0093,0.0134,365.0,28.62,0.00719395613403763,rare,0.7193956134037629,,peak_abundance_with_occupancy_days_modifiers,0.2862
scapig2,NI,0.017053754565827518,0.0172,0.0172,resident,0.1235,0.0035,0.0037,365.0,12.35,0.007111968049349252,rare,0.7111968049349252,,peak_abundance_with_occupancy_days_modifiers,0.1235
ivbwoo,NI,0.0168571170664229,0.017,0.017,resident,0.203,0.0572,0.0215,365.0,20.3,0.007029963842728778,rare,0.7029963842728778,,peak_abundance_with_occupancy_days_modifiers,0.203
ivbwoo1,NI,0.0168571170664229,0.017,0.017,resident,0.203,0.0572,0.0215,365.0,20.3,0.007029963842728778,rare,0.7029963842728778,,peak_abundance_with_occupancy_days_modifiers,0.203
bobher1,NI,0.016562088298978293,0.0167,0.0167,resident,0.1116,0.0057,0.0194,365.0,11.16,0.006906927290302419,rare,0.6906927290302418,,peak_abundance_with_occupancy_days_modifiers,0.1116
spbori,NI,0.016365354086264272,0.0165,0.0165,resident,0.099,0.1959,0.1764,365.0,9.9,0.006824882751099334,rare,0.6824882751099334,,peak_abundance_with_occupancy_days_modifiers,0.099
goowoo1,NI,0.016168581161583706,0.0163,0.0163,resident,0.0873,0.0145,0.0166,365.0,8.73,0.006742822067752263,rare,0.6742822067752263,,peak_abundance_with_occupancy_days_modifiers,0.0873
tactan1,NI,0.016070180177494467,0.0162,0.0162,resident,0.061,0.123,0.0278,365.0,6.1,0.006701785670039033,rare,0.6701785670039033,,peak_abundance_with_occupancy_days_modifiers,0.061
olitan1,NI,0.016070180177494467,0.0162,0.0162,resident,0.0516,0.1437,0.2,365.0,5.16,0.006701785670039033,rare,0.6701785670039033,,peak_abundance_with_occupancy_days_modifiers,0.0516
bucjay1,NI,0.015085637418040853,0.0152,0.0152,resident,0.0168,0.0382,0.0294,365.0,1.68,0.006291199448604711,rare,0.6291199448604711,rare,peak_abundance_with_occupancy_days_modifiers,0.0168
grcdov1,NI,0.014987129808248345,0.0151,0.0151,resident,0.1234,0.1684,0.1991,365.0,12.34,0.0062501185845193685,rare,0.6250118584519369,,peak_abundance_with_occupancy_days_modifiers,0.1234
blkpho,NI,0.01479008547263543,0.01125,0.0149,prebreeding_migration,0.2647,0.0149,0.005,112.0,26.47,0.0061679447140221225,rare,0.6167944714022122,,peak_abundance_with_occupancy_days_modifiers,0.2647
blfant1,NI,0.014494446150452563,0.0146,0.0146,resident,0.093,0.0036,0.0045,365.0,9.3,0.006044653540493171,rare,0.6044653540493171,,peak_abundance_with_occupancy_days_modifiers,0.093
plcsta,NI,0.014494446150452563,0.0146,0.0146,resident,0.1947,0.2022,0.1742,365.0,19.470000000000002,0.006044653540493171,rare,0.6044653540493171,,peak_abundance_with_occupancy_days_modifiers,0.1947
rufmou1,NI,0.014198719399812949,0.0143,0.0143,resident,0.1013,0.1204,0.1924,365.0,10.13,0.005921325906465824,rare,0.5921325906465824,,peak_abundance_with_occupancy_days_modifiers,0.1013
wilfly,NI,0.014100124378781637,0.0113,0.0142,postbreeding_migration,0.6882,0.0832,0.1849,168.0,68.82000000000001,0.005880208589062617,rare,0.5880208589062617,,peak_abundance_with_occupancy_days_modifiers,0.6882
rcatan1,NI,0.013607003406216902,0.0137,0.0137,resident,0.0889,0.0045,0.0099,365.0,8.89,0.005674561170612519,rare,0.5674561170612519,,peak_abundance_with_occupancy_days_modifiers,0.0889
babwre1,NI,0.013359313444090472,0.0134489477782336,0.0134489477782336,resident,0.0497646615950225,0.0220013529803295,0.0454204002324862,365.0,4.97646615950225,0.005571266433375124,rare,0.5571266433375124,rare,peak_abundance_with_occupancy_days_modifiers,0.0497646615950225
chcwoo1,NI,0.013113639145383105,0.0132,0.0132,resident,0.1009,0.1467,0.1235,365.0,10.09,0.005468812293073767,rare,0.5468812293073767,,peak_abundance_with_occupancy_days_modifiers,0.1009
grawar,NI,0.013113639145383105,0.009425,0.0132,prebreeding_migration,0.1123,0.0362,0.0337,140.0,11.23,0.005468812293073767,rare,0.5468812293073767,,peak_abundance_with_occupancy_days_modifiers,0.1123
zothaw,NI,0.012817503710614431,0.0063999999999999994,0.0129,nonbreeding,0.7871,0.027,0.0307,126.0,78.71000000000001,0.00534531422452665,rare,0.534531422452665,,peak_abundance_with_occupancy_days_modifiers,0.7871
heptan,NI,0.012718772407774689,0.01145,0.0128,postbreeding_migration,0.0636,0.0049,0.0064,140.0,6.36,0.0053041400731949654,rare,0.5304140073194965,,peak_abundance_with_occupancy_days_modifiers,0.0636
graspa,NI,0.012521280553671745,0.005275,0.0126,nonbreeding,0.1995,0.0163,0.0119,84.0,19.950000000000003,0.005221779572991616,rare,0.5221779572991616,,peak_abundance_with_occupancy_days_modifiers,0.1995
belkin1,NI,0.011928570865273802,0.006333333333333333,0.012,nonbreeding,0.1543,0.0069,0.006,91.0,15.43,0.004974600434218729,rare,0.4974600434218729,,peak_abundance_with_occupancy_days_modifiers,0.1543
buwwar,NI,0.0118297517535772,0.0063999999999999994,0.0119,nonbreeding,0.6629,0.1666,0.098,119.0,66.29,0.004933389663749479,rare,0.4933389663749479,,peak_abundance_with_occupancy_days_modifiers,0.6629
whstan1,NI,0.011730922875698666,0.0118,0.0118,resident,0.0871,0.0029,0.0066,365.0,8.709999999999999,0.004892174820466024,rare,0.4892174820466024,,peak_abundance_with_occupancy_days_modifiers,0.0871
whihaw1,NI,0.01153323581367303,0.0116,0.0116,resident,0.0908,0.0066,0.0167,365.0,9.08,0.00480973291223585,rare,0.480973291223585,,peak_abundance_with_occupancy_days_modifiers,0.0908
bicant2,NI,0.011434377625663104,0.0115,0.0115,resident,0.0803,0.131,0.1116,365.0,8.03,0.004768505845678206,rare,0.47685058456782065,,peak_abundance_with_occupancy_days_modifiers,0.0803
ampkin1,NI,0.011335509663745602,0.0114,0.0114,resident,0.1106,0.005,0.0141,365.0,11.06,0.004727274703084514,rare,0.4727274703084514,,peak_abundance_with_occupancy_days_modifiers,0.1106
babwar,NI,0.011137744410455924,0.005933333333333333,0.0112,postbreeding_migration,0.3881,0.0296,0.0077,105.0,38.81,0.004644800186564507,rare,0.4644800186564507,,peak_abundance_with_occupancy_days_modifiers,0.3881
whrfly,NI,0.010666086353819144,0.0107231718318921,0.0107231718318921,resident,0.328827543725967,0.2279319388837847,0.1318650284452051,365.0,32.8827543725967,0.004448103499270712,rare,0.4448103499270712,,peak_abundance_with_occupancy_days_modifiers,0.328827543725967
yebcha,NI,0.010544213875671154,0.007033333333333332,0.0106,postbreeding_migration,0.6045,0.1224,0.0178,133.0,60.45,0.004397278728259838,rare,0.4397278728259838,,peak_abundance_with_occupancy_days_modifiers,0.6045
spoant1,NI,0.0103462920541443,0.0104,0.0104,resident,0.0653,0.1266,0.152,365.0,6.529999999999999,0.004314738917713461,rare,0.4314738917713461,,peak_abundance_with_occupancy_days_modifiers,0.0653
rutjac1,NI,0.01014833105181515,0.0102,0.0102,resident,0.0856,0.0021,0.0012,365.0,8.559999999999999,0.004232182767503403,rare,0.4232182767503403,,peak_abundance_with_occupancy_days_modifiers,0.0856
whbeme1,NI,0.01014833105181515,0.0102,0.0102,resident,0.1637,0.0924,0.0288,365.0,16.37,0.004232182767503403,rare,0.4232182767503403,,peak_abundance_with_occupancy_days_modifiers,0.1637
crctan1,NI,0.01014833105181515,0.0102,0.0102,resident,0.0551,0.1669,0.1383,365.0,5.510000000000001,0.004232182767503403,rare,0.4232182767503403,,peak_abundance_with_occupancy_days_modifiers,0.0551
buhvir,NI,0.009950330853168083,0.0047666666666666664,0.01,nonbreeding,0.086,0.0085,0.007,77.0,8.6,0.0041496102711591504,very_rare,0.41496102711591504,,peak_abundance_with_occupancy_days_modifiers,0.086
thlsch2,NI,0.009851316050374183,0.0099,0.0099,resident,0.0743,0.106,0.0646,365.0,7.430000000000001,0.0041083178911636145,very_rare,0.4108317891163614,,peak_abundance_with_occupancy_days_modifiers,0.0743
brtplu1,NI,0.009752291442678272,0.0098,0.0098,resident,0.1011,0.195,0.4116,365.0,10.11,0.004067021422206345,very_rare,0.4067021422206345,,peak_abundance_with_occupancy_days_modifiers,0.1011
rethaw,NI,0.009752291442678272,0.00485,0.0098,nonbreeding,0.1448,0.0021,0.0006,112.0,14.48,0.004067021422206345,very_rare,0.4067021422206345,,peak_abundance_with_occupancy_days_modifiers,0.1448
strowl1,NI,0.009556992570639172,0.0096028064554801,0.0096028064554801,resident,0.4422570290397469,0.0087487070436078,0.0084630598380278,365.0,44.22570290397469,0.003985575466557393,very_rare,0.39855754665573934,,peak_abundance_with_occupancy_days_modifiers,0.4422570290397469
amewig,NI,0.009455158770755135,0.0044,0.0095,nonbreeding,0.0223,0.003,0.0005,49.0,2.23,0.003943107473463978,very_rare,0.39431074734639776,rare,peak_abundance_with_occupancy_days_modifiers,0.0223
snowca1,NI,0.00939472404747327,0.0094389929903364,0.0094389929903364,resident,0.1958940506748984,0.344213588745392,0.2592355404078965,365.0,19.58940506748984,0.003917904236288677,very_rare,0.3917904236288677,,peak_abundance_with_occupancy_days_modifiers,0.1958940506748984
stbwre1,NI,0.009356094924024954,0.0094,0.0094,resident,0.0763,0.3895,0.3364,365.0,7.630000000000001,0.00390179464055841,very_rare,0.390179464055841,,peak_abundance_with_occupancy_days_modifiers,0.0763
rocpig,NI,0.009058844488346039,0.0091,0.0091,resident,0.0051,0.0,0.0,365.0,0.51,0.0037778315805153456,very_rare,0.37778315805153456,very_rare,peak_abundance_with_occupancy_days_modifiers,0.0051
piepuf1,NI,0.009030847602901371,0.0090717487383733,0.0090717487383733,resident,0.1270394008438169,0.0016322268551751,0.0026221118081562,365.0,12.70394008438169,0.003766155972425904,very_rare,0.3766155972425904,,peak_abundance_with_occupancy_days_modifiers,0.1270394008438169
olipic1,NI,0.008861173763684895,0.0089005501850886,0.0089005501850886,resident,0.2810742979759562,0.1445925200224445,0.0349363170768518,365.0,28.107429797595618,0.003695396485495262,very_rare,0.3695396485495262,,peak_abundance_with_occupancy_days_modifiers,0.2810742979759562
fragul,NI,0.00876150566857275,0.003966666666666667,0.0088,prebreeding_migration,0.009,0.0311,0.0003,84.0,0.8999999999999999,0.0036538316614419504,very_rare,0.365383166144195,very_rare,peak_abundance_with_occupancy_days_modifiers,0.009
blheag1,NI,0.008563230660487873,0.0086,0.0086,resident,0.1017,0.0025,0.0063,365.0,10.17,0.003571144560660661,very_rare,0.3571144560660661,,peak_abundance_with_occupancy_days_modifiers,0.1017
greant1,NI,0.008464078412129412,0.0085,0.0085,resident,0.1118,0.0014,0.0006,365.0,11.18,0.003529794861412646,very_rare,0.35297948614126456,,peak_abundance_with_occupancy_days_modifiers,0.1118
thwbel,NI,0.008265744417032617,0.00445,0.0083,breeding,0.0476,0.3126,0.2497,70.0,4.760000000000001,0.0034470831611367143,very_rare,0.3447083161136714,rare,peak_abundance_with_occupancy_days_modifiers,0.0476
yebori1,NI,0.008166562666393417,0.0082,0.0082,resident,0.0249,0.0118,0.0135,365.0,2.4899999999999998,0.003405721158482009,very_rare,0.3405721158482009,rare,peak_abundance_with_occupancy_days_modifiers,0.0249
easblu,NI,0.008166562666393417,0.0051,0.0082,nonbreeding,0.0188,0.0007,0.0004,105.0,1.8800000000000001,0.003405721158482009,very_rare,0.3405721158482009,rare,peak_abundance_with_occupancy_days_modifiers,0.0188
perfal,NI,0.007968169649176874,0.0065,0.008,nonbreeding,0.2781,,,,27.810000000000002,0.003322984844070332,very_rare,0.3322984844070332,,peak_abundance_with_occupancy_days_modifiers,0.2781
russpa1,NI,0.007670506304219701,0.0077,0.0077,resident,0.0245,0.0121,0.0185,365.0,2.45,0.0031988495874835155,very_rare,0.31988495874835154,rare,peak_abundance_with_occupancy_days_modifiers,0.0245
acowoo,NI,0.007571265496318075,0.0076,0.0076,resident,0.0177,0.0037,0.0018,365.0,1.77,0.0031574629560374313,very_rare,0.3157462956037431,rare,peak_abundance_with_occupancy_days_modifiers,0.0177
peakit1,NI,0.007513184674283545,0.0075414794631949,0.0075414794631949,resident,0.294730415518723,0.0067475238670684,0.0073356922533148,365.0,29.4730415518723,0.003133241371928482,very_rare,0.3133241371928482,,peak_abundance_with_occupancy_days_modifiers,0.294730415518723
smbwoo1,NI,0.007472014838700995,0.0075,0.0075,resident,0.095,0.0298,0.0313,365.0,9.5,0.0031160722169409553,very_rare,0.31160722169409555,,peak_abundance_with_occupancy_days_modifiers,0.095
grecur1,NI,0.007372754329413085,0.0074,0.0074,resident,0.0661,0.0767,0.081,365.0,6.61,0.003074677369378634,very_rare,0.3074677369378634,,peak_abundance_with_occupancy_days_modifiers,0.0661
azchum1,NI,0.007174203748000358,0.0072,0.0072,resident,0.0643,0.1268,0.0546,365.0,6.43,0.0029918753455934195,very_rare,0.29918753455934194,,peak_abundance_with_occupancy_days_modifiers,0.0643
slcgro1,NI,0.007174203748000358,0.0072,0.0072,resident,0.0885,0.0031,0.0017,365.0,8.85,0.0029918753455934195,very_rare,0.29918753455934194,,peak_abundance_with_occupancy_days_modifiers,0.0885
grsvir1,NI,0.00707491367196188,0.0071,0.0071,resident,0.0619,0.1103,0.063,365.0,6.1899999999999995,0.002950468167738402,very_rare,0.2950468167738402,,peak_abundance_with_occupancy_days_modifiers,0.0619
rufpih1,NI,0.006975613736425242,0.007,0.007,resident,0.0763,0.0761,0.0912,365.0,7.630000000000001,0.0029090568781531974,very_rare,0.2909056878153197,,peak_abundance_with_occupancy_days_modifiers,0.0763
lobsta1,NI,0.006776984279023751,0.0068,0.0068,resident,0.2045,0.0104,0.0128,365.0,20.45,0.0028262219605257625,very_rare,0.28262219605257627,,peak_abundance_with_occupancy_days_modifiers,0.2045
shtnig1,NI,0.006715682614974394,0.00642210745122875,0.0067382833763203,breeding,0.1415591377773263,0.0015641815563635,0.0005005688106645306,161.0,14.155913777732628,0.0028006571809690156,very_rare,0.28006571809690156,,peak_abundance_with_occupancy_days_modifiers,0.1415591377773263
blkswi,NI,0.006578315360122567,0.0033333333333333327,0.0066,breeding,0.1354,0.0322,0.0095,112.0,13.54,0.002743370586174741,very_rare,0.2743370586174741,,peak_abundance_with_occupancy_days_modifiers,0.1354
placha,NI,0.006578315360122567,0.0066,0.0066,resident,0.0289,0.0084,0.0025,365.0,2.8899999999999997,0.002743370586174741,very_rare,0.2743370586174741,rare,peak_abundance_with_occupancy_days_modifiers,0.0289
blthum1,NI,0.006478966097709122,0.0065,0.0065,resident,0.0684,0.315,0.3061,365.0,6.84,0.002701938725684232,very_rare,0.2701938725684232,,peak_abundance_with_occupancy_days_modifiers,0.0684
bltwre1,NI,0.006478966097709122,0.0065,0.0065,resident,0.0994,0.4637,0.346,365.0,9.94,0.002701938725684232,very_rare,0.2701938725684232,,peak_abundance_with_occupancy_days_modifiers,0.0994
pucfai1,NI,0.0064342144357352506,0.0064549584600727,0.0064549584600727,resident,0.113556418830587,0.0494171195269644,0.0262525900719027,365.0,11.3556418830587,0.0026832758330710385,very_rare,0.2683275833071039,,peak_abundance_with_occupancy_days_modifiers,0.113556418830587
lsspet,NI,0.006299909526355739,0.0063197956947968,0.0063197956947968,nonbreeding,0.0376857630989723,0.0006116909431509729,0.00012708046377498766,28.0,3.76857630989723,0.0026272663355325675,very_rare,0.26272663355325676,rare,peak_abundance_with_occupancy_days_modifiers,0.0376857630989723
oliwoo1,NI,0.006180859075081115,0.0062,0.0062,resident,0.0938,0.0015,0.0009,365.0,9.379999999999999,0.0025776184411373257,very_rare,0.2577618441137326,,peak_abundance_with_occupancy_days_modifiers,0.0938
oceant1,NI,0.006180859075081115,0.0062,0.0062,resident,0.0609,0.1278,0.1155,365.0,6.09,0.0025776184411373257,very_rare,0.2577618441137326,,peak_abundance_with_occupancy_days_modifiers,0.0609
aldfly,NI,0.00608147031586796,0.0044,0.0061,postbreeding_migration,0.6927,0.0091,0.0008,77.0,69.27,0.002536170109201979,very_rare,0.2536170109201979,,peak_abundance_with_occupancy_days_modifiers,0.6927
limpki,NI,0.00608147031586796,0.0061,0.0061,resident,0.0173,0.001,0.001,365.0,1.73,0.002536170109201979,very_rare,0.2536170109201979,rare,peak_abundance_with_occupancy_days_modifiers,0.0173
woewar1,NI,0.005882663158155495,0.004033333333333333,0.0059,nonbreeding,0.3778,0.1006,0.0432,133.0,37.78,0.002453261084788902,very_rare,0.2453261084788902,,peak_abundance_with_occupancy_days_modifiers,0.3778
cobtan1,NI,0.005882663158155495,0.0059,0.0059,resident,0.0063,0.0031,0.0036,365.0,0.63,0.002453261084788902,very_rare,0.2453261084788902,very_rare,peak_abundance_with_occupancy_days_modifiers,0.0063
tawwoo1,NI,0.0056855600306137,0.0057017535021499,0.0057017535021499,resident,0.1568366583218457,0.0967856001336989,0.0240208242846014,365.0,15.683665832184571,0.0023710626961529688,very_rare,0.23710626961529688,,peak_abundance_with_occupancy_days_modifiers,0.1568366583218457
eleeup1,NI,0.005683816468297671,0.0057,0.0057,resident,0.0321,0.0144,0.0146,365.0,3.2099999999999995,0.002370335574190707,very_rare,0.2370335574190707,rare,peak_abundance_with_occupancy_days_modifiers,0.0321
royfly1,NI,0.005484930230569685,0.0055,0.0055,resident,0.137,0.0048,0.0108,365.0,13.700000000000001,0.0022873935708496436,very_rare,0.22873935708496435,,peak_abundance_with_occupancy_days_modifiers,0.137
cinwoo1,NI,0.005385472276337817,0.0054,0.0054,resident,0.0466,0.1051,0.0616,365.0,4.66,0.0022459163823501686,very_rare,0.22459163823501685,rare,peak_abundance_with_occupancy_days_modifiers,0.0466
whwpuf1,NI,0.005234455106767641,0.0052481788018065,0.0052481788018065,resident,0.1249277043932015,0.0775593576679007,0.037575413369067,365.0,12.49277043932015,0.0021829373309781228,very_rare,0.21829373309781228,,peak_abundance_with_occupancy_days_modifiers,0.1249277043932015
blchum1,NI,0.0051697694619962375,0.0051831557782562,0.0051831557782562,resident,0.0725314843370479,0.0194428150163871,0.0160640983909089,365.0,7.25314843370479,0.002155961321848343,very_rare,0.2155961321848343,,peak_abundance_with_occupancy_days_modifiers,0.0725314843370479
rufmot1,NI,0.005087039048557106,0.0051,0.0051,resident,0.0936,0.0074,0.0042,365.0,9.36,0.002121460059688336,very_rare,0.21214600596883357,,peak_abundance_with_occupancy_days_modifiers,0.0936
dotkit1,NI,0.004987541511039074,0.005,0.005,resident,0.1027,0.0029,0.0031,365.0,10.27,0.0020799663636762796,very_rare,0.20799663636762797,,peak_abundance_with_occupancy_days_modifiers,0.1027
verfly,NI,0.004987541511039074,0.0028,0.005,prebreeding_migration,0.1173,0.002,0.0004,21.0,11.73,0.0020799663636762796,very_rare,0.20799663636762797,rare,peak_abundance_with_occupancy_days_modifiers,0.1173
macwar,NI,0.004888034072775962,0.0025,0.0049,nonbreeding,0.0676,0.01,0.0065,119.0,6.76,0.002038468538732918,very_rare,0.2038468538732918,,peak_abundance_with_occupancy_days_modifiers,0.0676
grhkit1,NI,0.004888034072775962,0.0049,0.0049,resident,0.1324,0.0026,0.0045,365.0,13.239999999999998,0.002038468538732918,very_rare,0.2038468538732918,,peak_abundance_with_occupancy_days_modifiers,0.1324
whfant2,NI,0.004888034072775962,0.0049,0.0049,resident,0.1309,0.0031,0.0006,365.0,13.089999999999998,0.002038468538732918,very_rare,0.2038468538732918,,peak_abundance_with_occupancy_days_modifiers,0.1309
thiant1,NI,0.004788516731797177,0.0048,0.0048,resident,0.2088,0.2787,0.1463,365.0,20.880000000000003,0.001996966584036358,very_rare,0.19969665840363582,,peak_abundance_with_occupancy_days_modifiers,0.2088
pibgre,NI,0.004788516731797177,0.0036750000000000003,0.0048,nonbreeding,0.0282,0.0014,0.0013,168.0,2.82,0.001996966584036358,very_rare,0.19969665840363582,rare,peak_abundance_with_occupancy_days_modifiers,0.0282
slbtin1,NI,0.0045894523338072864,0.0046,0.0046,resident,0.0534,0.1283,0.0858,365.0,5.34,0.0019139502820952148,very_rare,0.19139502820952148,,peak_abundance_with_occupancy_days_modifiers,0.0534
olispa,NI,0.0045894523338072864,0.0046,0.0046,resident,0.0194,0.0064,0.0042,365.0,1.94,0.0019139502820952148,very_rare,0.19139502820952148,rare,peak_abundance_with_occupancy_days_modifiers,0.0194
manrai1,NI,0.004587593555537952,0.0045981326730861,0.0045981326730861,resident,0.0689985931404084,0.0273350452457143,0.0328594061951633,365.0,6.899859314040841,0.0019131751113484839,very_rare,0.19131751113484838,,peak_abundance_with_occupancy_days_modifiers,0.0689985931404084
margod,NI,0.004489905272852052,0.0025,0.0045,postbreeding_migration,0.0117,0.0129,0.0008,140.0,1.17,0.0018724359332058032,very_rare,0.18724359332058033,rare,peak_abundance_with_occupancy_days_modifiers,0.0117
wilpha,NI,0.004489905272852052,0.0025666666666666663,0.0045,postbreeding_migration,0.0113,0.002,0.0001,98.0,1.13,0.0018724359332058032,very_rare,0.18724359332058033,rare,peak_abundance_with_occupancy_days_modifiers,0.0113
noremt1,NI,0.004390348301292895,0.0044,0.0044,resident,0.0112,0.0179,0.0213,365.0,1.1199999999999999,0.0018309174512735364,very_rare,0.18309174512735363,rare,peak_abundance_with_occupancy_days_modifiers,0.0112
yebcuc,NI,0.004390348301292895,0.002466666666666667,0.0044,postbreeding_migration,0.418,0.0134,0.0019,112.0,41.8,0.0018309174512735364,very_rare,0.18309174512735363,,peak_abundance_with_occupancy_days_modifiers,0.418
cerwar,NI,0.004390348301292895,0.0020333333333333336,0.0044,postbreeding_migration,0.4172,0.0896,0.0732,70.0,41.72,0.0018309174512735364,very_rare,0.18309174512735363,,peak_abundance_with_occupancy_days_modifiers,0.4172
fasant1,NI,0.004390348301292895,0.0044,0.0044,resident,0.0686,0.0018,0.0009,365.0,6.859999999999999,0.0018309174512735364,very_rare,0.18309174512735363,,peak_abundance_with_occupancy_days_modifiers,0.0686
grepot1,NI,0.004373323253994043,0.004382900188056,0.004382900188056,resident,0.1736574396203472,0.0015731944540971,0.0021417541616487,365.0,17.36574396203472,0.0018238174550843948,very_rare,0.18238174550843947,,peak_abundance_with_occupancy_days_modifiers,0.1736574396203472
brbmot1,NI,0.004290781417156275,0.0043,0.0043,resident,0.0434,0.0042,0.0067,365.0,4.34,0.0017893948354753858,very_rare,0.17893948354753858,rare,peak_abundance_with_occupancy_days_modifiers,0.0434
buvhum1,NI,0.004191204618468071,0.0042,0.0042,resident,0.0324,0.2622,0.1821,365.0,3.2399999999999998,0.0017478680849880779,very_rare,0.1747868084988078,rare,peak_abundance_with_occupancy_days_modifiers,0.0324
rutfly2,NI,0.004191204618468071,0.0042,0.0042,resident,0.1011,0.0028,0.0019,365.0,10.11,0.0017478680849880779,very_rare,0.1747868084988078,,peak_abundance_with_occupancy_days_modifiers,0.1011
gcrwar,NI,0.004191204618468071,0.0042,0.0042,resident,0.0132,0.0006,0.0006,365.0,1.32,0.0017478680849880779,very_rare,0.1747868084988078,rare,peak_abundance_with_occupancy_days_modifiers,0.0132
eleter1,NI,0.004191204618468071,0.00205,0.0042,postbreeding_migration,0.0252,0.0458,0.0027,154.0,2.52,0.0017478680849880779,very_rare,0.1747868084988078,rare,peak_abundance_with_occupancy_days_modifiers,0.0252
pasowl4,NI,0.004091617903253565,0.0041,0.0041,resident,0.0459,0.3547,0.41,365.0,4.590000000000001,0.0017063371989880915,very_rare,0.17063371989880916,rare,peak_abundance_with_occupancy_days_modifiers,0.0459
snocot1,NI,0.004091617903253565,0.0041,0.0041,resident,0.0768,0.6096,0.6069,365.0,7.68,0.0017063371989880915,very_rare,0.17063371989880916,,peak_abundance_with_occupancy_days_modifiers,0.0768
leabit,NI,0.004091617903253565,0.0027,0.0041,prebreeding_migration,0.1328,0.0305,0.0129,49.0,13.28,0.0017063371989880915,very_rare,0.17063371989880916,,peak_abundance_with_occupancy_days_modifiers,0.1328
blswoo1,NI,0.003938798721858725,0.0039465659840904,0.0039465659840904,resident,0.0533773825005548,0.0183027923786776,0.0176681254309387,365.0,5.33773825005548,0.0016426066503155458,very_rare,0.16426066503155456,,peak_abundance_with_occupancy_days_modifiers,0.0533773825005548
whbcha1,NI,0.0038924147153438387,0.0039,0.0039,resident,0.018,0.1138,0.0445,365.0,1.7999999999999998,0.001623263017154774,very_rare,0.1623263017154774,rare,peak_abundance_with_occupancy_days_modifiers,0.018
capowl1,NI,0.003792798238696237,0.0038,0.0038,resident,0.0678,0.1543,0.2649,365.0,6.78,0.0015817197196731716,very_rare,0.15817197196731717,,peak_abundance_with_occupancy_days_modifiers,0.0678
btfgle1,NI,0.003792798238696237,0.0038,0.0038,resident,0.0378,0.0013,0.0018,365.0,3.7800000000000002,0.0015817197196731716,very_rare,0.15817197196731717,rare,peak_abundance_with_occupancy_days_modifiers,0.0378
yebtyr1,NI,0.0037516940737233138,0.0037587404871749,0.0037587404871749,resident,0.1624754320604115,0.1570128859515464,0.0355990471760837,365.0,16.24754320604115,0.0015645779514569806,very_rare,0.15645779514569808,,peak_abundance_with_occupancy_days_modifiers,0.1624754320604115
colplo1,NI,0.0036931718376175702,0.0037,0.0037,resident,0.0075,0.0027,0.0042,365.0,0.75,0.0015401722833823486,very_rare,0.15401722833823486,very_rare,peak_abundance_with_occupancy_days_modifiers,0.0075
grepew,NI,0.0036931718376175702,0.00245,0.0037,nonbreeding,0.0326,0.0063,0.0036,119.0,3.26,0.0015401722833823486,very_rare,0.15401722833823486,rare,peak_abundance_with_occupancy_days_modifiers,0.0326
towwar,NI,0.0036931718376175702,0.001966666666666667,0.0037,nonbreeding,0.0197,0.0045,0.0031,112.0,1.97,0.0015401722833823486,very_rare,0.15401722833823486,rare,peak_abundance_with_occupancy_days_modifiers,0.0197
nicgra1,NI,0.0036931718376175702,0.0037,0.0037,resident,0.0052,0.6593,0.636,365.0,0.52,0.0015401722833823486,very_rare,0.15401722833823486,very_rare,peak_abundance_with_occupancy_days_modifiers,0.0052
ruwwoo1,NI,0.00349388925425578,0.0035,0.0035,resident,0.0594,0.3605,0.305,365.0,5.94,0.0014570649910737887,very_rare,0.14570649910737887,,peak_abundance_with_occupancy_days_modifiers,0.0594
bhtfly1,NI,0.00349388925425578,0.0035,0.0035,resident,0.0169,0.019,0.0343,365.0,1.69,0.0014570649910737887,very_rare,0.14570649910737887,rare,peak_abundance_with_occupancy_days_modifiers,0.0169
spemou1,NI,0.0033304014884529788,0.0033359534371853,0.0033359534371853,resident,0.152519057427587,0.1711706100621893,0.1423504574980711,365.0,15.251905742758701,0.0013888852971324112,very_rare,0.13888852971324112,,peak_abundance_with_occupancy_days_modifiers,0.152519057427587
whehum,NI,0.003294566949430031,0.00265,0.0033,nonbreeding,0.0405,0.0144,0.0045,161.0,4.05,0.0013739411336281234,very_rare,0.13739411336281235,rare,peak_abundance_with_occupancy_days_modifiers,0.0405
coltro1,NI,0.003294566949430031,0.0033,0.0033,resident,0.0192,0.0007,0.0017,365.0,1.92,0.0013739411336281234,very_rare,0.13739411336281235,rare,peak_abundance_with_occupancy_days_modifiers,0.0192
fatwar,NI,0.003194890896519197,0.0032,0.0032,resident,0.0535,0.0454,0.0397,365.0,5.35,0.0013323729909149931,very_rare,0.1332372990914993,,peak_abundance_with_occupancy_days_modifiers,0.0535
yemfly2,NI,0.0031219406572900585,0.0031268189893239,0.0031268189893239,resident,0.0846359613134599,0.0255347870870579,0.0269961774915682,365.0,8.46359613134599,0.0013019503781942464,very_rare,0.13019503781942465,,peak_abundance_with_occupancy_days_modifiers,0.0846359613134599
leater1,NI,0.003095204907302419,0.0021,0.0031,postbreeding_migration,0.0213,0.0129,0.0024,77.0,2.13,0.001290800704440433,very_rare,0.1290800704440433,rare,peak_abundance_with_occupancy_days_modifiers,0.0213
hrshaw,NI,0.003095204907302419,0.0031,0.0031,resident,0.0233,0.0021,0.0036,365.0,2.33,0.001290800704440433,very_rare,0.1290800704440433,rare,peak_abundance_with_occupancy_days_modifiers,0.0233
rebbla1,NI,0.002995508979798479,0.003,0.003,resident,0.0164,0.0017,0.0007,365.0,1.6400000000000001,0.001249224273378119,very_rare,0.12492242733781189,rare,peak_abundance_with_occupancy_days_modifiers,0.0164
wtstan1,NI,0.002895803112025565,0.0029,0.0029,resident,0.0628,0.3918,0.2626,365.0,6.279999999999999,0.0012076436969017555,very_rare,0.12076436969017555,,peak_abundance_with_occupancy_days_modifiers,0.0628
sora,NI,0.002895803112025565,0.0011333333333333332,0.0029,nonbreeding,0.199,0.0386,0.0106,105.0,19.900000000000002,0.0012076436969017555,very_rare,0.12076436969017555,,peak_abundance_with_occupancy_days_modifiers,0.199
hobkit,NI,0.002895803112025565,0.0029,0.0029,resident,0.3043,0.0075,0.0071,365.0,30.43,0.0012076436969017555,very_rare,0.12076436969017555,,peak_abundance_with_occupancy_days_modifiers,0.3043
sungre1,NI,0.002894866638292428,0.0028990608109328,0.0028990608109328,resident,0.1443396694287616,0.0031426344502645,0.003102603361495,365.0,14.433966942876161,0.0012072531570213262,very_rare,0.12072531570213262,,peak_abundance_with_occupancy_days_modifiers,0.1443396694287616
vesowl,NI,0.0028219555143662233,0.0028259409788815,0.0028259409788815,resident,0.3547662291235631,0.0941621893861954,0.0056200302579639,365.0,35.47662291235631,0.0011768468566490094,very_rare,0.11768468566490094,,peak_abundance_with_occupancy_days_modifiers,0.3547662291235631
chispa,NI,0.002796087302001274,0.0018666666666666666,0.0028,nonbreeding,0.0099,0.0004,0.0001,84.0,0.9900000000000001,0.001166058974184524,very_rare,0.1166058974184524,very_rare,peak_abundance_with_occupancy_days_modifiers,0.0099
plawre3,NI,0.002796087302001274,0.0028,0.0028,resident,0.0152,0.2481,0.2069,365.0,1.52,0.001166058974184524,very_rare,0.1166058974184524,rare,peak_abundance_with_occupancy_days_modifiers,0.0152
viosab1,NI,0.002796087302001274,0.0028,0.0028,resident,0.0116,0.0238,0.033,365.0,1.16,0.001166058974184524,very_rare,0.1166058974184524,rare,peak_abundance_with_occupancy_days_modifiers,0.0116
ruwtan1,NI,0.002796087302001274,0.0028,0.0028,resident,0.018,0.0473,0.0679,365.0,1.7999999999999998,0.001166058974184524,very_rare,0.1166058974184524,rare,peak_abundance_with_occupancy_days_modifiers,0.018
gycthr,NI,0.002796087302001274,0.0009999999999999998,0.0028,postbreeding_migration,0.1535,0.0072,0.0039,56.0,15.35,0.001166058974184524,very_rare,0.1166058974184524,,peak_abundance_with_occupancy_days_modifiers,0.1535
paired,NI,0.002796087302001274,0.0013,0.0028,nonbreeding,0.0249,0.0065,0.0029,91.0,2.4899999999999998,0.001166058974184524,very_rare,0.1166058974184524,rare,peak_abundance_with_occupancy_days_modifiers,0.0249
obnthr1,NI,0.002796087302001274,0.0028,0.0028,resident,0.0123,0.0045,0.0053,365.0,1.23,0.001166058974184524,very_rare,0.1166058974184524,rare,peak_abundance_with_occupancy_days_modifiers,0.0123
chtant1,NI,0.002796087302001274,0.0028,0.0028,resident,0.0588,0.1436,0.0462,365.0,5.88,0.001166058974184524,very_rare,0.1166058974184524,,peak_abundance_with_occupancy_days_modifiers,0.0588
ameoys,NI,0.002796087302001274,0.0018,0.0028,postbreeding_migration,0.0118,0.0092,0.0024,98.0,1.18,0.001166058974184524,very_rare,0.1166058974184524,rare,peak_abundance_with_occupancy_days_modifiers,0.0118
brnowl,NI,0.0026963615477426086,0.0027,0.0027,resident,0.0618,,,,6.18,0.0011244701043994507,very_rare,0.11244701043994507,,peak_abundance_with_occupancy_days_modifiers,0.0618
gyhdov1,NI,0.0026963615477426086,0.0027,0.0027,resident,0.079,0.1137,0.0296,365.0,7.9,0.0011244701043994507,very_rare,0.11244701043994507,,peak_abundance_with_occupancy_days_modifiers,0.079
putfru1,NI,0.0026963615477426086,0.0027,0.0027,resident,0.0057,0.0001,0.0003,365.0,0.5700000000000001,0.0011244701043994507,very_rare,0.11244701043994507,very_rare,peak_abundance_with_occupancy_days_modifiers,0.0057
comter,NI,0.0026963615477426086,0.0020499999999999997,0.0027,prebreeding_migration,0.0309,0.0003,0.0,133.0,3.09,0.0011244701043994507,very_rare,0.11244701043994507,rare,peak_abundance_with_occupancy_days_modifiers,0.0309
vihhum1,NI,0.002596625847265978,0.0026,0.0026,resident,0.0459,0.0552,0.0709,365.0,4.590000000000001,0.001082877086719314,very_rare,0.1082877086719314,rare,peak_abundance_with_occupancy_days_modifiers,0.0459
speowl1,NI,0.002596625847265978,0.0026,0.0026,resident,0.0927,0.0019,0.0016,365.0,9.27,0.001082877086719314,very_rare,0.1082877086719314,,peak_abundance_with_occupancy_days_modifiers,0.0927
yehcar1,NI,0.002596625847265978,0.0026,0.0026,resident,0.024,0.0004,0.0002,365.0,2.4,0.001082877086719314,very_rare,0.1082877086719314,rare,peak_abundance_with_occupancy_days_modifiers,0.024
phecuc1,NI,0.002547375996913264,0.0025506233159435,0.0025506233159435,resident,0.1750911189582008,0.0059147581109963,0.0047052607007399,365.0,17.50911189582008,0.0010623383038494947,very_rare,0.10623383038494948,,peak_abundance_with_occupancy_days_modifiers,0.1750911189582008
norhar2,NI,0.002496880198587199,0.0015333333333333334,0.0025,nonbreeding,0.0443,0.0015,0.0004,63.0,4.43,0.0010412799203166443,very_rare,0.10412799203166442,rare,peak_abundance_with_occupancy_days_modifiers,0.0443
cavswa,NI,0.002496880198587199,0.0018000000000000002,0.0025,nonbreeding,0.0144,0.0092,0.0022,49.0,1.44,0.0010412799203166443,very_rare,0.10412799203166442,rare,peak_abundance_with_occupancy_days_modifiers,0.0144
nigwre1,NI,0.002496880198587199,0.0025,0.0025,resident,0.0202,0.0941,0.1139,365.0,2.02,0.0010412799203166443,very_rare,0.10412799203166442,rare,peak_abundance_with_occupancy_days_modifiers,0.0202
whthaw,NI,0.0023971245997214934,0.0024,0.0024,resident,0.0552,0.0013,0.001,365.0,5.52,0.000999678604363726,very_rare,0.09996786043637261,,peak_abundance_with_occupancy_days_modifiers,0.0552
merlin,NI,0.0023971245997214934,0.0014333333333333333,0.0024,prebreeding_migration,0.238,,,,23.799999999999997,0.000999678604363726,very_rare,0.09996786043637261,,peak_abundance_with_occupancy_days_modifiers,0.238
spfswi1,NI,0.0023750224406082435,0.002377845040542,0.002377845040542,resident,0.0653271538718591,0.0273741250840186,0.0409757423624226,365.0,6.53271538718591,0.0009904612880931305,very_rare,0.09904612880931304,,peak_abundance_with_occupancy_days_modifiers,0.0653271538718591
rinduc,NI,0.0022973590486834897,0.0009666666666666668,0.0023,nonbreeding,0.0024,0.0004,0.0003,42.0,0.24,0.0009580731380325941,very_rare,0.09580731380325941,very_rare,peak_abundance_with_occupancy_days_modifiers,0.0024
compot1,NI,0.0021975835434872217,0.0015249999999999999,0.0022,prebreeding_migration,0.246,0.0024,0.0008,105.0,24.6,0.0009164635204950369,very_rare,0.0916463520495037,,peak_abundance_with_occupancy_days_modifiers,0.246
mancuc,NI,0.0021975835434872217,0.0022,0.0022,resident,0.107,0.0678,0.0288,365.0,10.7,0.0009164635204950369,very_rare,0.0916463520495037,,peak_abundance_with_occupancy_days_modifiers,0.107
veery,NI,0.0021975835434872217,0.0022,0.0022,postbreeding_migration,0.1306,0.0057,0.0035,63.0,13.059999999999999,0.0009164635204950369,very_rare,0.0916463520495037,,peak_abundance_with_occupancy_days_modifiers,0.1306
slcsol1,NI,0.002097798082146129,0.0021,0.0021,resident,0.0045,0.016,0.0178,365.0,0.44999999999999996,0.0008748497509225938,very_rare,0.08748497509225937,very_rare,peak_abundance_with_occupancy_days_modifiers,0.0045
snakit,NI,0.001998002662673056,0.002,0.002,resident,0.0093,0.0005,0.0003,365.0,0.9299999999999999,0.000833231828486557,very_rare,0.0833231828486557,very_rare,peak_abundance_with_occupancy_days_modifiers,0.0093
dowant1,NI,0.0019465149813398704,0.001948410671423,0.001948410671423,resident,0.2870304791963055,0.0172646536995135,0.0118321779489151,365.0,28.70304791963055,0.0008117597976112587,very_rare,0.08117597976112587,,peak_abundance_with_occupancy_days_modifiers,0.2870304791963055
motowl,NI,0.0018981972830802527,0.0019,0.0019,resident,0.0302,0.0025,0.0071,365.0,3.02,0.0007916097523579702,very_rare,0.07916097523579702,rare,peak_abundance_with_occupancy_days_modifiers,0.0302
plsvir,NI,0.0018981972830802527,0.001375,0.0019,prebreeding_migration,0.0742,0.017,0.0054,112.0,7.42,0.0007916097523579702,very_rare,0.07916097523579702,,peak_abundance_with_occupancy_days_modifiers,0.0742
leagre,NI,0.0018981972830802527,0.0019,0.0019,resident,0.0255,0.0024,0.0014,365.0,2.55,0.0007916097523579702,very_rare,0.07916097523579702,rare,peak_abundance_with_occupancy_days_modifiers,0.0255
kebmot1,NI,0.0018981972830802527,0.0019,0.0019,resident,0.028,0.214,0.13,365.0,2.8000000000000003,0.0007916097523579702,very_rare,0.07916097523579702,rare,peak_abundance_with_occupancy_days_modifiers,0.028
bcptyr1,NI,0.0018981972830802527,0.0019,0.0019,resident,0.0107,0.0362,0.0503,365.0,1.0699999999999998,0.0007916097523579702,very_rare,0.07916097523579702,rare,peak_abundance_with_occupancy_days_modifiers,0.0107
brctyr,NI,0.0017983819413793735,0.0018,0.0018,resident,0.0134,0.0211,0.0246,365.0,1.34,0.0007499835217076287,very_rare,0.07499835217076287,rare,peak_abundance_with_occupancy_days_modifiers,0.0134
gocspa1,NI,0.0017983819413793735,0.0018,0.0018,resident,0.0624,0.0039,0.0037,365.0,6.239999999999999,0.0007499835217076287,very_rare,0.07499835217076287,,peak_abundance_with_occupancy_days_modifiers,0.0624
herwar,NI,0.0017983819413793735,0.0007999999999999999,0.0018,nonbreeding,0.0144,0.007,0.0059,133.0,1.44,0.0007499835217076287,very_rare,0.07499835217076287,rare,peak_abundance_with_occupancy_days_modifiers,0.0144
ruqdov,NI,0.0017983819413793735,0.0018,0.0018,resident,0.0686,0.0018,0.0009,365.0,6.859999999999999,0.0007499835217076287,very_rare,0.07499835217076287,,peak_abundance_with_occupancy_days_modifiers,0.0686
grbhaw1,NI,0.0017983819413793735,0.0018,0.0018,resident,0.1091,0.003,0.0007,365.0,10.91,0.0007499835217076287,very_rare,0.07499835217076287,,peak_abundance_with_occupancy_days_modifiers,0.1091
whrman1,NI,0.0017983819413793735,0.0018,0.0018,resident,0.0257,0.0904,0.0318,365.0,2.5700000000000003,0.0007499835217076287,very_rare,0.07499835217076287,rare,peak_abundance_with_occupancy_days_modifiers,0.0257
jabiru,NI,0.0016985566355814774,0.0017,0.0017,resident,0.0088,0.0009,0.0005,365.0,0.88,0.00070835313570608,very_rare,0.070835313570608,very_rare,peak_abundance_with_occupancy_days_modifiers,0.0088
trimun,NI,0.0016985566355814774,0.0017,0.0017,resident,0.0059,0.0006,0.0004,365.0,0.59,0.00070835313570608,very_rare,0.070835313570608,very_rare,peak_abundance_with_occupancy_days_modifiers,0.0059
ameavo,NI,0.0016985566355814774,0.0009333333333333333,0.0017,nonbreeding,0.0064,0.005,0.0003,63.0,0.64,0.00070835313570608,very_rare,0.070835313570608,very_rare,peak_abundance_with_occupancy_days_modifiers,0.0064
plctan1,NI,0.0016985566355814774,0.0017,0.0017,resident,0.0054,0.0098,0.0096,365.0,0.54,0.00070835313570608,very_rare,0.070835313570608,very_rare,peak_abundance_with_occupancy_days_modifiers,0.0054
pinbit1,NI,0.0016856016189226743,0.0016870230438714,0.0016870230438714,resident,0.0866172469708665,0.0184337072095545,0.023543278616144,365.0,8.66172469708665,0.0007029504741279339,very_rare,0.07029504741279338,,peak_abundance_with_occupancy_days_modifiers,0.0866172469708665
sltred,NI,0.0015987213636970278,0.0016,0.0016,resident,0.0067,0.0014,0.0009,365.0,0.67,0.0006667185935236227,very_rare,0.06667185935236226,very_rare,peak_abundance_with_occupancy_days_modifiers,0.0067
norfli,NI,0.0015987213636970278,0.0011250000000000001,0.0016,postbreeding_migration,0.0079,0.0002,0.0,105.0,0.79,0.0006667185935236227,very_rare,0.06667185935236226,very_rare,peak_abundance_with_occupancy_days_modifiers,0.0079
batpig1,NI,0.0015987213636970278,0.0010500000000000002,0.0016,breeding,0.0038,0.0007,0.0003,98.0,0.38,0.0006667185935236227,very_rare,0.06667185935236226,very_rare,peak_abundance_with_occupancy_days_modifiers,0.0038
ptmgem,NI,0.0015874193436953548,0.0015886799607361,0.0015886799607361,resident,0.0100729976762454,0.0065963060686015,0.0031911665227191,0.0,1.00729976762454,0.0006620052850943746,very_rare,0.06620052850943746,very_rare,peak_abundance_with_occupancy_days_modifiers,0.0100729976762454
obqdov1,NI,0.0015774117984293074,0.0015786565668383,0.0015786565668383,resident,0.04838967899174,0.0211985683056051,0.0521357987297606,365.0,4.838967899174,0.0006578318145597995,very_rare,0.06578318145597994,rare,peak_abundance_with_occupancy_days_modifiers,0.04838967899174
rudwoo1,NI,0.0014988761237358919,0.0015,0.0015,resident,0.0436,0.0522,0.0173,365.0,4.36,0.0006250798943303071,very_rare,0.06250798943303071,rare,peak_abundance_with_occupancy_days_modifiers,0.0436
whtrob1,NI,0.0014988761237358919,0.0015,0.0015,resident,0.0133,0.008,0.0036,365.0,1.3299999999999998,0.0006250798943303071,very_rare,0.06250798943303071,rare,peak_abundance_with_occupancy_days_modifiers,0.0133
yetori1,NI,0.001399020913707341,0.0014,0.0014,resident,0.1109,0.0561,0.0052,365.0,11.09,0.0005834370372959348,very_rare,0.05834370372959348,,peak_abundance_with_occupancy_days_modifiers,0.1109
blcchl1,NI,0.001399020913707341,0.0014,0.0014,resident,0.0042,0.0291,0.0325,365.0,0.42,0.0005834370372959348,very_rare,0.05834370372959348,very_rare,peak_abundance_with_occupancy_days_modifiers,0.0042
blhsis1,NI,0.001399020913707341,0.0014,0.0014,resident,0.0056,0.0051,0.0045,365.0,0.5599999999999999,0.0005834370372959348,very_rare,0.05834370372959348,very_rare,peak_abundance_with_occupancy_days_modifiers,0.0056
eyrfla1,NI,0.001399020913707341,0.0014,0.0014,resident,0.0282,0.0326,0.0143,365.0,2.82,0.0005834370372959348,very_rare,0.05834370372959348,rare,peak_abundance_with_occupancy_days_modifiers,0.0282
wnbfin1,NI,0.001399020913707341,0.0014,0.0014,resident,0.0041,0.0065,0.0085,365.0,0.41000000000000003,0.0005834370372959348,very_rare,0.05834370372959348,very_rare,peak_abundance_with_occupancy_days_modifiers,0.0041
plaant1,NI,0.0013080111059723771,0.0013088669255989,0.0013088669255989,resident,0.1465359074841159,0.0095451397143004,0.0004863160492294492,365.0,14.65359074841159,0.0005454829995331547,very_rare,0.05454829995331547,,peak_abundance_with_occupancy_days_modifiers,0.1465359074841159
nisfin1,NI,0.00129915573162005,0.0013,0.0013,resident,0.0063,0.2594,0.3189,365.0,0.63,0.0005417900215900586,very_rare,0.05417900215900586,very_rare,peak_abundance_with_occupancy_days_modifiers,0.0063
batbar1,NI,0.00129915573162005,0.0013,0.0013,resident,0.0194,0.0423,0.0555,365.0,1.94,0.0005417900215900586,very_rare,0.05417900215900586,rare,peak_abundance_with_occupancy_days_modifiers,0.0194
crahaw,NI,0.00129915573162005,0.0013,0.0013,resident,0.0811,0.0013,0.0005,365.0,8.110000000000001,0.0005417900215900586,very_rare,0.05417900215900586,,peak_abundance_with_occupancy_days_modifiers,0.0811
norfli1,NI,0.0012039792146239586,0.0012047042885607,0.0012047042885607,resident,0.0248529981178051,0.0140188732562059,0.0028916178397871,365.0,2.48529981178051,0.0005020983310997516,very_rare,0.05020983310997516,rare,peak_abundance_with_occupancy_days_modifiers,0.0248529981178051
shshaw,NI,0.0011992805754820971,0.0009499999999999999,0.0012,nonbreeding,0.0575,0.0012,0.0011,126.0,5.75,0.0005001388463819827,very_rare,0.050013884638198274,,peak_abundance_with_occupancy_days_modifiers,0.0575
bhnthr1,NI,0.0011992805754820971,0.0012,0.0012,resident,0.0076,0.0286,0.0437,365.0,0.76,0.0005001388463819827,very_rare,0.050013884638198274,very_rare,peak_abundance_with_occupancy_days_modifiers,0.0076
blubun,NI,0.0011992805754820971,0.0012,0.0012,resident,0.0409,0.0267,0.0037,365.0,4.09,0.0005001388463819827,very_rare,0.050013884638198274,rare,peak_abundance_with_occupancy_days_modifiers,0.0409
stcant2,NI,0.001191613609880544,0.0011923238634661,0.0011923238634661,resident,0.1575669366998369,0.0830263628928885,0.0240297872665374,365.0,15.75669366998369,0.0004969414733821735,very_rare,0.04969414733821735,,peak_abundance_with_occupancy_days_modifiers,0.1575669366998369
surfly1,NI,0.0010993954433009636,0.0011,0.0011,resident,0.0377,0.0588,0.0255,365.0,3.7699999999999996,0.0004584835108407622,very_rare,0.04584835108407622,rare,peak_abundance_with_occupancy_days_modifiers,0.0377
whcpig2,NI,0.0010993954433009636,0.0011,0.0011,resident,0.0004,0.0008,0.0015,0.0,0.04,0.0004584835108407622,very_rare,0.04584835108407622,very_rare,peak_abundance_with_occupancy_days_modifiers,0.0004
unicra1,NI,0.0010993954433009636,0.0011,0.0011,resident,0.0309,0.0046,0.0033,365.0,3.09,0.0004584835108407622,very_rare,0.04584835108407622,rare,peak_abundance_with_occupancy_days_modifiers,0.0309
whrsan,NI,0.0010993954433009636,0.00055,0.0011,prebreeding_migration,0.0168,0.0013,0.0001,28.0,1.68,0.0004584835108407622,very_rare,0.04584835108407622,rare,peak_abundance_with_occupancy_days_modifiers,0.0168
mouela1,NI,0.0010993954433009636,0.0011,0.0011,resident,0.0043,0.0053,0.0063,365.0,0.43,0.0004584835108407622,very_rare,0.04584835108407622,very_rare,peak_abundance_with_occupancy_days_modifiers,0.0043
tafqua1,NI,0.0010993954433009636,0.0011,0.0011,resident,0.0825,0.1381,0.1427,365.0,8.25,0.0004584835108407622,very_rare,0.04584835108407622,,peak_abundance_with_occupancy_days_modifiers,0.0825
gbmgem1,NI,0.0010993954433009636,0.0011,0.0011,resident,0.004,0.0887,0.0874,365.0,0.4,0.0004584835108407622,very_rare,0.04584835108407622,very_rare,peak_abundance_with_occupancy_days_modifiers,0.004
tinhaw1,NI,0.0010483927901495528,0.001048942545974,0.001048942545974,resident,0.0977507356052058,0.000843230582557778,0.0019578852667775,365.0,9.77507356052058,0.00043721375242804624,very_rare,0.04372137524280462,,peak_abundance_with_occupancy_days_modifiers,0.0977507356052058
hamfly,NI,0.0009995003330835331,0.0005,0.001,nonbreeding,0.0307,0.0057,0.0031,126.0,3.0700000000000003,0.00041682401413511066,very_rare,0.04168240141351107,rare,peak_abundance_with_occupancy_days_modifiers,0.0307
bacant1,NI,0.0009995003330835331,0.001,0.001,resident,0.0391,0.1366,0.0813,365.0,3.91,0.00041682401413511066,very_rare,0.04168240141351107,rare,peak_abundance_with_occupancy_days_modifiers,0.0391
rudcra1,NI,0.0009995003330835331,0.001,0.001,resident,0.0335,0.0522,0.0107,365.0,3.35,0.00041682401413511066,very_rare,0.04168240141351107,rare,peak_abundance_with_occupancy_days_modifiers,0.0335
grnpar,NI,0.0009995003330835331,0.001,0.001,resident,0.0011,0.0099,0.0059,365.0,0.11,0.00041682401413511066,very_rare,0.04168240141351107,very_rare,peak_abundance_with_occupancy_days_modifiers,0.0011
bewqua1,NI,0.0009995003330835331,0.001,0.001,resident,0.0466,,,,4.66,0.00041682401413511066,very_rare,0.04168240141351107,rare,peak_abundance_with_occupancy_days_modifiers,0.0466
agaher1,NI,0.0009995003330835331,0.001,0.001,resident,0.0181,0.0042,0.0136,365.0,1.81,0.00041682401413511066,very_rare,0.04168240141351107,rare,peak_abundance_with_occupancy_days_modifiers,0.0181
plbwoo1,NI,0.0009995003330835331,0.001,0.001,resident,0.0137,0.0003,0.0003,365.0,1.37,0.00041682401413511066,very_rare,0.04168240141351107,rare,peak_abundance_with_occupancy_days_modifiers,0.0137
whveup1,NI,0.0009482010535574866,0.0009486507382957532,0.0009486507382957532,resident,0.0350638163961577,0.0004471179520827168,0.0007071094828474462,365.0,3.5063816396157703,0.00039543055291611475,very_rare,0.03954305529161147,rare,peak_abundance_with_occupancy_days_modifiers,0.0350638163961577
spowoo1,NI,0.000899595242836093,0.0009,0.0009,resident,0.0091,0.0187,0.0163,365.0,0.91,0.0003751603554337701,very_rare,0.03751603554337701,very_rare,peak_abundance_with_occupancy_days_modifiers,0.0091
redcro,NI,0.000899595242836093,0.000525,0.0009,nonbreeding,0.0084,,,,0.84,0.0003751603554337701,very_rare,0.03751603554337701,very_rare,peak_abundance_with_occupancy_days_modifiers,0.0084
bawowl1,NI,0.000899595242836093,0.0009,0.0009,resident,0.0177,0.0259,0.0265,365.0,1.77,0.0003751603554337701,very_rare,0.03751603554337701,rare,peak_abundance_with_occupancy_days_modifiers,0.0177
rusant1,NI,0.000899595242836093,0.0009,0.0009,resident,0.03,0.059,0.0328,365.0,3.0,0.0003751603554337701,very_rare,0.03751603554337701,rare,peak_abundance_with_occupancy_days_modifiers,0.03
creowl1,NI,0.0008013066195748861,0.0008016277514934894,0.0008016277514934894,resident,0.1514235304730669,0.004563071918555,0.0006355007725289042,365.0,15.142353047306688,0.0003341708158254002,very_rare,0.03341708158254002,,peak_abundance_with_occupancy_days_modifiers,0.1514235304730669
manvir1,NI,0.0007996801705643322,0.0008,0.0008,resident,0.0063,0.0054,0.0022,365.0,0.63,0.0003334925339049559,very_rare,0.03334925339049559,very_rare,peak_abundance_with_occupancy_days_modifiers,0.0063
orheag1,NI,0.0007996801705643322,0.0008,0.0008,resident,0.0258,0.0011,0.0014,365.0,2.58,0.0003334925339049559,very_rare,0.03334925339049559,rare,peak_abundance_with_occupancy_days_modifiers,0.0258
sttspa1,NI,0.0007996801705643322,0.0008,0.0008,resident,0.0245,0.0352,0.006,365.0,2.45,0.0003334925339049559,very_rare,0.03334925339049559,rare,peak_abundance_with_occupancy_days_modifiers,0.0245
stthum1,NI,0.0007996801705643322,0.0008,0.0008,resident,0.0053,0.0199,0.0276,365.0,0.53,0.0003334925339049559,very_rare,0.03334925339049559,very_rare,peak_abundance_with_occupancy_days_modifiers,0.0053
ccbfin,NI,0.0007996801705643322,0.0008,0.0008,resident,0.0035,0.0031,0.0037,365.0,0.35000000000000003,0.0003334925339049559,very_rare,0.03334925339049559,very_rare,peak_abundance_with_occupancy_days_modifiers,0.0035
baffal1,NI,0.0007996801705643322,0.0008,0.0008,resident,0.0141,0.0004,0.0005,365.0,1.41,0.0003334925339049559,very_rare,0.03334925339049559,rare,peak_abundance_with_occupancy_days_modifiers,0.0141
whtfly1,NI,0.0007818810676429012,0.00039664770104446984,0.0007821868163260469,prebreeding_migration,0.1261585512330332,0.0302884388467104,0.0116605133762086,70.0,12.615855123303321,0.00032606973144845276,very_rare,0.03260697314484528,,peak_abundance_with_occupancy_days_modifiers,0.1261585512330332
unijay1,NI,0.0006997724897757985,0.0007000173876654593,0.0007000173876654593,resident,0.0129354452373746,0.0020410301899579,0.0005339091970813345,0.0,1.2935445237374599,0.0002918277948640974,very_rare,0.029182779486409738,very_rare,peak_abundance_with_occupancy_days_modifiers,0.0129354452373746
yeetou1,NI,0.0006997551142733419,0.0007,0.0007,resident,0.0251,0.0995,0.0454,365.0,2.5100000000000002,0.0002918205487167264,very_rare,0.02918205487167264,rare,peak_abundance_with_occupancy_days_modifiers,0.0251
bawhae1,NI,0.0006997551142733419,0.0007,0.0007,resident,0.0655,0.0044,0.0056,365.0,6.550000000000001,0.0002918205487167264,very_rare,0.02918205487167264,,peak_abundance_with_occupancy_days_modifiers,0.0655
wilsni1,NI,0.0006997551142733419,0.00036666666666666667,0.0007,postbreeding_migration,0.0888,0.0038,0.0002,63.0,8.88,0.0002918205487167264,very_rare,0.02918205487167264,,peak_abundance_with_occupancy_days_modifiers,0.0888
sctlea1,NI,0.0006632557165589524,0.0006634757192683896,0.0006634757192683896,resident,0.0951717017955178,0.1026003063607003,0.0145745290521214,365.0,9.51717017955178,0.00027659911760233655,very_rare,0.027659911760233656,,peak_abundance_with_occupancy_days_modifiers,0.0951717017955178
slaant1,NI,0.0005998200719676155,0.0006,0.0006,resident,0.006,0.0111,0.0145,365.0,0.6,0.0002501443990368907,very_rare,0.02501443990368907,very_rare,peak_abundance_with_occupancy_days_modifiers,0.006
whwtan1,NI,0.0005998200719676155,0.0006,0.0006,resident,0.0034,0.0027,0.0039,365.0,0.33999999999999997,0.0002501443990368907,very_rare,0.02501443990368907,very_rare,peak_abundance_with_occupancy_days_modifiers,0.0034
shicow,NI,0.0005998200719676155,0.0006,0.0006,resident,0.0124,0.0002,0.0,365.0,1.24,0.0002501443990368907,very_rare,0.02501443990368907,rare,peak_abundance_with_occupancy_days_modifiers,0.0124
bltbob1,NI,0.0005998200719676155,0.0006,0.0006,resident,0.0088,0.0181,0.003,365.0,0.88,0.0002501443990368907,very_rare,0.02501443990368907,very_rare,peak_abundance_with_occupancy_days_modifiers,0.0088
yebsap,NI,0.0005998200719676155,0.00019999999999999998,0.0006,nonbreeding,0.078,0.003,0.0002,112.0,7.8,0.0002501443990368907,very_rare,0.02501443990368907,,peak_abundance_with_occupancy_days_modifiers,0.078
yetwar,NI,0.0005998200719676155,0.00039999999999999996,0.0006,nonbreeding,0.0313,0.0079,0.0013,98.0,3.1300000000000003,0.0002501443990368907,very_rare,0.02501443990368907,rare,peak_abundance_with_occupancy_days_modifiers,0.0313
gchwar,NI,0.0005998200719676155,0.0003,0.0006,nonbreeding,0.0109,0.0416,0.0349,105.0,1.09,0.0002501443990368907,very_rare,0.02501443990368907,rare,peak_abundance_with_occupancy_days_modifiers,0.0109
bkbcuc,NI,0.0005998200719676155,0.0003,0.0006,postbreeding_migration,0.2551,0.0125,0.0023,70.0,25.509999999999998,0.0002501443990368907,very_rare,0.02501443990368907,,peak_abundance_with_occupancy_days_modifiers,0.2551
yelfly1,NI,0.0005998200719676155,0.0006,0.0006,resident,0.0033,0.0126,0.0103,365.0,0.33,0.0002501443990368907,very_rare,0.02501443990368907,very_rare,peak_abundance_with_occupancy_days_modifiers,0.0033
butfog9,NI,0.0005895352968664809,0.0005897091069536557,0.0005897091069536557,resident,0.2579038322387492,0.2255201533846206,0.0414398119046841,365.0,25.79038322387492,0.00024585531468118786,very_rare,0.024585531468118784,,peak_abundance_with_occupancy_days_modifiers,0.2579038322387492
sunbit1,NI,0.000582373028448593,0.000582542640544964,0.000582542640544964,resident,0.0672933342838226,0.001396954071294,0.0002504120599252356,365.0,6.72933342838226,0.00024286841675492287,very_rare,0.024286841675492287,,peak_abundance_with_occupancy_days_modifiers,0.0672933342838226
sonwre1,NI,0.0005060115772418966,0.0005061396226966315,0.0005061396226966315,resident,0.0268097726863127,0.0156067845812233,0.0045097354897304,365.0,2.68097726863127,0.00021102321814554353,very_rare,0.02110232181455435,rare,peak_abundance_with_occupancy_days_modifiers,0.0268097726863127
coohaw,NI,0.000499875041651048,0.00016666666666666666,0.0005,postbreeding_migration,0.0886,0.0015,0.0002,42.0,8.86,0.00020846408403300828,very_rare,0.020846408403300827,,peak_abundance_with_occupancy_days_modifiers,0.0886
norpin,NI,0.000499875041651048,0.00016666666666666666,0.0005,prebreeding_migration,0.0111,0.0001,0.0,21.0,1.11,0.00020846408403300828,very_rare,0.020846408403300827,rare,peak_abundance_with_occupancy_days_modifiers,0.0111
whltan1,NI,0.000499875041651048,0.0005,0.0005,resident,0.0084,0.0004,0.0001,365.0,0.84,0.00020846408403300828,very_rare,0.020846408403300827,very_rare,peak_abundance_with_occupancy_days_modifiers,0.0084
amgplo,NI,0.000499875041651048,0.00025,0.0005,prebreeding_migration,0.0274,0.0012,0.0,63.0,2.74,0.00020846408403300828,very_rare,0.020846408403300827,rare,peak_abundance_with_occupancy_days_modifiers,0.0274
scptyr1,NI,0.000499875041651048,0.0005,0.0005,resident,0.03,0.0158,0.0011,365.0,3.0,0.00020846408403300828,very_rare,0.020846408403300827,rare,peak_abundance_with_occupancy_days_modifiers,0.03
bahtan1,NI,0.000499875041651048,0.0005,0.0005,resident,0.0055,0.0006,0.0004,365.0,0.5499999999999999,0.00020846408403300828,very_rare,0.020846408403300827,very_rare,peak_abundance_with_occupancy_days_modifiers,0.0055
rocwre,NI,0.000499875041651048,0.00030000000000000003,0.0005,postbreeding_migration,0.053,0.0022,0.0002,28.0,5.3,0.00020846408403300828,very_rare,0.020846408403300827,rare,peak_abundance_with_occupancy_days_modifiers,0.053
sporai,NI,0.00047986310288086135,0.00047997825559805806,0.00047997825559805806,resident,0.0216514817874279,0.0020251723132721,0.0028327745772372,365.0,2.16514817874279,0.0002001184573506319,very_rare,0.020011845735063188,rare,peak_abundance_with_occupancy_days_modifiers,0.0216514817874279
surfbi,NI,0.0003999200213269354,0.0002,0.0004,postbreeding_migration,0.0047,0.0122,0.0012,56.0,0.47000000000000003,0.00016677960287238907,very_rare,0.016677960287238905,very_rare,peak_abundance_with_occupancy_days_modifiers,0.0047
chwwid,NI,0.0003999200213269354,0.0002,0.0004,postbreeding_migration,0.3032,0.0543,0.0088,63.0,30.320000000000004,0.00016677960287238907,very_rare,0.016677960287238905,,peak_abundance_with_occupancy_days_modifiers,0.3032
uplsan,NI,0.0003999200213269354,0.00035,0.0004,postbreeding_migration,0.0369,0.0012,0.0001,63.0,3.6900000000000004,0.00016677960287238907,very_rare,0.016677960287238905,rare,peak_abundance_with_occupancy_days_modifiers,0.0369
treswa,NI,0.0003999200213269354,0.00016666666666666666,0.0004,nonbreeding,0.0072,0.0015,0.0,49.0,0.72,0.00016677960287238907,very_rare,0.016677960287238905,very_rare,peak_abundance_with_occupancy_days_modifiers,0.0072
stejay,NI,0.0003999200213269354,0.0004,0.0004,resident,0.0015,0.0001,0.0001,365.0,0.15,0.00016677960287238907,very_rare,0.016677960287238905,very_rare,peak_abundance_with_occupancy_days_modifiers,0.0015
smbani,NI,0.0003999200213269354,0.0004,0.0004,resident,0.0006,0.0,0.0,0.0,0.06,0.00016677960287238907,very_rare,0.016677960287238905,very_rare,peak_abundance_with_occupancy_days_modifiers,0.0006
lesroa1,NI,0.00036565274638634363,0.00036571960550063815,0.00036571960550063815,resident,0.1629798362669321,0.0322086072452974,0.007984080085348,365.0,16.29798362669321,0.00015248903925636263,very_rare,0.015248903925636263,,peak_abundance_with_occupancy_days_modifiers,0.1629798362669321
grbcra1,NI,0.0003566448896390393,0.00035670849498897506,0.00035670849498897506,resident,0.1666990278378628,0.0039808346978153,0.0058613400080629,365.0,16.66990278378628,0.00014873247121538287,very_rare,0.014873247121538287,,peak_abundance_with_occupancy_days_modifiers,0.1666990278378628
redegr,NI,0.00029995500899797546,0.0003,0.0003,resident,0.0021,0.0058,0.0009,365.0,0.21,0.00012509095472209328,very_rare,0.012509095472209329,very_rare,peak_abundance_with_occupancy_days_modifiers,0.0021
blhpar1,NI,0.00029995500899797546,0.0003,0.0003,resident,0.0043,0.0001,0.0,365.0,0.43,0.00012509095472209328,very_rare,0.012509095472209329,very_rare,peak_abundance_with_occupancy_days_modifiers,0.0043
mourob1,NI,0.00029995500899797546,0.0003,0.0003,resident,0.0017,0.0129,0.0054,365.0,0.16999999999999998,0.00012509095472209328,very_rare,0.012509095472209329,very_rare,peak_abundance_with_occupancy_days_modifiers,0.0017
norpar,NI,0.00029995500899797546,0.0002,0.0003,prebreeding_migration,0.0481,0.0037,0.0001,63.0,4.81,0.00012509095472209328,very_rare,0.012509095472209329,rare,peak_abundance_with_occupancy_days_modifiers,0.0481
higgua1,NI,0.00029995500899797546,0.0003,0.0003,resident,0.0025,0.0124,0.0091,365.0,0.25,0.00012509095472209328,very_rare,0.012509095472209329,very_rare,peak_abundance_with_occupancy_days_modifiers,0.0025
bucnig,NI,0.00029995500899797546,0.0003,0.0003,breeding,0.0084,0.003,0.0009,7.0,0.84,0.00012509095472209328,very_rare,0.012509095472209329,very_rare,peak_abundance_with_occupancy_days_modifiers,0.0084
scaant1,NI,0.00029756750079528143,0.0002976117783957956,0.0002976117783957956,resident,0.0525209403126524,0.0095914927735885,0.0028809460099179,365.0,5.25209403126524,0.00012409528646675774,very_rare,0.012409528646675775,,peak_abundance_with_occupancy_days_modifiers,0.0525209403126524
yebcra1,NI,0.0002941911173346347,0.0002942343957853352,0.0002942343957853352,resident,0.0117328972485062,0.0018366295067104,0.0101270386064516,365.0,1.17328972485062,0.000122687225197795,very_rare,0.0122687225197795,rare,peak_abundance_with_occupancy_days_modifiers,0.0117328972485062
tatlea1,NI,0.0002116638750772018,0.00021168627745577167,0.00021168627745577167,resident,0.0126231925257461,0.0023211212645335,0.0014030623493718,365.0,1.2623192525746099,8.827069200154425e-05,very_rare,0.008827069200154424,rare,peak_abundance_with_occupancy_days_modifiers,0.0126231925257461
resque1,NI,0.00019998000266626675,0.0002,0.0002,resident,0.0008,0.0088,0.0092,365.0,0.08,8.339813874893117e-05,very_rare,0.008339813874893118,very_rare,peak_abundance_with_occupancy_days_modifiers,0.0008
bcwpar1,NI,0.00019998000266626675,0.0002,0.0002,resident,0.0028,0.0306,0.0126,365.0,0.27999999999999997,8.339813874893117e-05,very_rare,0.008339813874893118,very_rare,peak_abundance_with_occupancy_days_modifiers,0.0028
flctan,NI,0.00019998000266626675,0.0002,0.0002,resident,0.001,0.0009,0.0015,365.0,0.1,8.339813874893117e-05,very_rare,0.008339813874893118,very_rare,peak_abundance_with_occupancy_days_modifiers,0.001
wfqdov,NI,0.00019998000266626675,0.0002,0.0002,resident,0.0024,0.0114,0.0085,365.0,0.24,8.339813874893117e-05,very_rare,0.008339813874893118,very_rare,peak_abundance_with_occupancy_days_modifiers,0.0024
masduc,NI,0.00019998000266626675,0.0002,0.0002,resident,0.0155,0.0037,0.0007,365.0,1.55,8.339813874893117e-05,very_rare,0.008339813874893118,rare,peak_abundance_with_occupancy_days_modifiers,0.0155
astfly,NI,0.00019998000266626675,0.0001,0.0002,prebreeding_migration,0.0546,0.0022,0.0,49.0,5.46,8.339813874893117e-05,very_rare,0.008339813874893118,,peak_abundance_with_occupancy_days_modifiers,0.0546
rubwre2,NI,0.00019998000266626675,0.0002,0.0002,resident,0.0003,0.0036,0.0054,0.0,0.03,8.339813874893117e-05,very_rare,0.008339813874893118,very_rare,peak_abundance_with_occupancy_days_modifiers,0.0003
barpar1,NI,0.00019998000266626675,0.0002,0.0002,resident,0.0006,0.0016,0.0012,0.0,0.06,8.339813874893117e-05,very_rare,0.008339813874893118,very_rare,peak_abundance_with_occupancy_days_modifiers,0.0006
wfqdov1,NI,0.00019998000266626675,0.0002,0.0002,resident,0.0024,0.0114,0.0085,365.0,0.24,8.339813874893117e-05,very_rare,0.008339813874893118,very_rare,peak_abundance_with_occupancy_days_modifiers,0.0024
haiwoo,NI,0.00019998000266626675,0.0002,0.0002,resident,0.0014,0.0,0.0,365.0,0.13999999999999999,8.339813874893117e-05,very_rare,0.008339813874893118,very_rare,peak_abundance_with_occupancy_days_modifiers,0.0014
crcwar,NI,0.00019998000266626675,0.0002,0.0002,resident,0.0006,0.0007,0.0006,0.0,0.06,8.339813874893117e-05,very_rare,0.008339813874893118,very_rare,peak_abundance_with_occupancy_days_modifiers,0.0006
cedwax,NI,0.00019998000266626675,0.0002,0.0002,prebreeding_migration,0.002,0.0,0.0,7.0,0.2,8.339813874893117e-05,very_rare,0.008339813874893118,very_rare,peak_abundance_with_occupancy_days_modifiers,0.002
stbwoo1,NI,0.00019998000266626675,0.0002,0.0002,resident,0.0017,0.0001,0.0003,365.0,0.16999999999999998,8.339813874893117e-05,very_rare,0.008339813874893118,very_rare,peak_abundance_with_occupancy_days_modifiers,0.0017
rcnthr1,NI,0.00019998000266626675,0.0002,0.0002,resident,0.0005,0.0014,0.0022,0.0,0.05,8.339813874893117e-05,very_rare,0.008339813874893118,very_rare,peak_abundance_with_occupancy_days_modifiers,0.0005
carwre,NI,0.00019998000266626675,0.0002,0.0002,resident,0.0038,0.0002,0.0,365.0,0.38,8.339813874893117e-05,very_rare,0.008339813874893118,very_rare,peak_abundance_with_occupancy_days_modifiers,0.0038
secfly1,NI,0.00019998000266626675,0.0002,0.0002,resident,0.018,0.0007,0.0001,365.0,1.7999999999999998,8.339813874893117e-05,very_rare,0.008339813874893118,rare,peak_abundance_with_occupancy_days_modifiers,0.018
duftan1,NI,0.00019998000266626675,0.0002,0.0002,resident,0.0012,0.0026,0.001,365.0,0.12,8.339813874893117e-05,very_rare,0.008339813874893118,very_rare,peak_abundance_with_occupancy_days_modifiers,0.0012
brcvir1,NI,0.00019998000266626675,0.0002,0.0002,resident,0.0021,0.0011,0.0006,365.0,0.21,8.339813874893117e-05,very_rare,0.008339813874893118,very_rare,peak_abundance_with_occupancy_days_modifiers,0.0021
bubsan,NI,0.00019998000266626675,0.0002,0.0002,postbreeding_migration,0.0045,0.0008,0.0002,28.0,0.44999999999999996,8.339813874893117e-05,very_rare,0.008339813874893118,rare,peak_abundance_with_occupancy_days_modifiers,0.0045
norpot1,NI,0.00019115222893743071,0.000191170499688891,0.000191170499688891,resident,0.256569672159597,0.117096395594584,0.0038727271703454,365.0,25.656967215959696,7.971667115984053e-05,very_rare,0.007971667115984054,,peak_abundance_with_occupancy_days_modifiers,0.256569672159597
blchaw1,NI,0.00018932111327770292,0.0001893390356506793,0.0001893390356506793,resident,0.0444620223451554,0.0009378046319629902,8.471810199802938e-05,365.0,4.44620223451554,7.89530366172929e-05,very_rare,0.00789530366172929,rare,peak_abundance_with_occupancy_days_modifiers,0.0444620223451554
sctdac1,NI,0.00014676593702965494,0.00014677670767670596,0.00014677670767670596,resident,0.0036835206496705,0.00035072863647402764,7.333040516516389e-05,0.0,0.36835206496705003,6.120614969905279e-05,very_rare,0.006120614969905279,very_rare,peak_abundance_with_occupancy_days_modifiers,0.0036835206496705
styowl1,NI,0.0001232484219229675,0.00012325601732175785,0.00012325601732175785,resident,0.0353281824040913,0.006130420991818,0.0044290093326944,365.0,3.53281824040913,5.13985841337589e-05,very_rare,0.00513985841337589,rare,peak_abundance_with_occupancy_days_modifiers,0.0353281824040913
rudduc,NI,9.999500033330834e-05,0.0001,0.0001,nonbreeding,0.0007,0.0003,0.0,0.0,0.06999999999999999,4.170115411946329e-05,very_rare,0.004170115411946329,very_rare,peak_abundance_with_occupancy_days_modifiers,0.0007
tuffly,NI,9.999500033330834e-05,0.0001,0.0001,resident,0.0016,0.0008,0.0002,365.0,0.16,4.170115411946329e-05,very_rare,0.004170115411946329,very_rare,peak_abundance_with_occupancy_days_modifiers,0.0016
comrav,NI,9.999500033330834e-05,0.0001,0.0001,resident,0.0124,0.0,0.0,365.0,1.24,4.170115411946329e-05,very_rare,0.004170115411946329,rare,peak_abundance_with_occupancy_days_modifiers,0.0124
maghum1,NI,9.999500033330834e-05,5e-05,0.0001,nonbreeding,0.0063,0.0038,0.001,91.0,0.63,4.170115411946329e-05,very_rare,0.004170115411946329,very_rare,peak_abundance_with_occupancy_days_modifiers,0.0063
grnvie1,NI,9.999500033330834e-05,2.5e-05,0.0001,breeding,0.0036,0.0042,0.0009,49.0,0.36,4.170115411946329e-05,very_rare,0.004170115411946329,very_rare,peak_abundance_with_occupancy_days_modifiers,0.0036
garkin1,NI,9.999500033330834e-05,0.0001,0.0001,resident,0.0029,0.0001,0.0001,365.0,0.29,4.170115411946329e-05,very_rare,0.004170115411946329,very_rare,peak_abundance_with_occupancy_days_modifiers,0.0029
semhaw,NI,9.999500033330834e-05,0.0001,0.0001,resident,0.0024,0.0131,0.0545,365.0,0.24,4.170115411946329e-05,very_rare,0.004170115411946329,very_rare,peak_abundance_with_occupancy_days_modifiers,0.0024
redkno,NI,9.999500033330834e-05,5e-05,0.0001,postbreeding_migration,0.0024,,,,0.24,4.170115411946329e-05,very_rare,0.004170115411946329,very_rare,peak_abundance_with_occupancy_days_modifiers,0.0024
rucspa1,NI,9.999500033330834e-05,0.0001,0.0001,resident,0.0006,0.0,0.0,0.0,0.06,4.170115411946329e-05,very_rare,0.004170115411946329,very_rare,peak_abundance_with_occupancy_days_modifiers,0.0006
bkvori,NI,9.999500033330834e-05,0.0001,0.0001,resident,0.0007,0.0006,0.0005,0.0,0.06999999999999999,4.170115411946329e-05,very_rare,0.004170115411946329,very_rare,peak_abundance_with_occupancy_days_modifiers,0.0007
bubfly,NI,9.999500033330834e-05,7.500000000000001e-05,0.0001,breeding,0.0022,0.0015,0.0004,63.0,0.22,4.170115411946329e-05,very_rare,0.004170115411946329,very_rare,peak_abundance_with_occupancy_days_modifiers,0.0022
gstswi1,NI,9.999500033330834e-05,0.0001,0.0001,resident,0.0019,0.0023,0.0154,365.0,0.19,4.170115411946329e-05,very_rare,0.004170115411946329,very_rare,peak_abundance_with_occupancy_days_modifiers,0.0019
emchum1,NI,9.999500033330834e-05,0.0001,0.0001,resident,0.0018,0.0116,0.0061,365.0,0.18,4.170115411946329e-05,very_rare,0.004170115411946329,very_rare,peak_abundance_with_occupancy_days_modifiers,0.0018
grcbec1,NI,9.999500033330834e-05,0.0001,0.0001,resident,0.002,0.0009,0.0012,365.0,0.2,4.170115411946329e-05,very_rare,0.004170115411946329,very_rare,peak_abundance_with_occupancy_days_modifiers,0.002
spthum1,NI,9.999500033330834e-05,0.0001,0.0001,resident,0.0021,0.0124,0.0195,365.0,0.21,4.170115411946329e-05,very_rare,0.004170115411946329,very_rare,peak_abundance_with_occupancy_days_modifiers,0.0021
spcwoo1,NI,9.999500033330834e-05,0.0001,0.0001,resident,0.0008,0.0017,0.0016,365.0,0.08,4.170115411946329e-05,very_rare,0.004170115411946329,very_rare,peak_abundance_with_occupancy_days_modifiers,0.0008
grhowl,NI,9.999500033330834e-05,0.0001,0.0001,resident,0.0037,0.0001,0.0,365.0,0.37,4.170115411946329e-05,very_rare,0.004170115411946329,very_rare,peak_abundance_with_occupancy_days_modifiers,0.0037
bkwvir,NI,9.999500033330834e-05,5e-05,0.0001,postbreeding_migration,0.0084,0.0025,0.0001,42.0,0.84,4.170115411946329e-05,very_rare,0.004170115411946329,very_rare,peak_abundance_with_occupancy_days_modifiers,0.0084
chcswi1,NI,3.9892655482891114e-05,3.989345120545298e-05,3.989345120545298e-05,resident,0.0247430662483688,0.0014730889531199,5.95751622135204e-05,365.0,2.47430662483688,1.6636529516256514e-05,very_rare,0.0016636529516256514,rare,peak_abundance_with_occupancy_days_modifiers,0.0247430662483688
whcswi1,NI,1.9819592539047465e-05,1.9819788948469256e-05,1.9819788948469256e-05,resident,0.0028570742808268,9.978811662371386e-05,5.024539773044701e-06,0.0,0.28570742808268,8.265412073623484e-06,very_rare,0.0008265412073623484,very_rare,peak_abundance_with_occupancy_days_modifiers,0.0028570742808268
taceup1,NI,1.6243284714289807e-05,1.6243416637153248e-05,1.6243416637153248e-05,resident,0.0028672541120306,0.00047490708006621136,9.388150219149573e-06,0.0,0.28672541120306,6.773975868956748e-06,very_rare,0.0006773975868956748,very_rare,peak_abundance_with_occupancy_days_modifiers,0.0028672541120306
blccoq1,NI,9.051412944001168e-06,9.051453908162905e-06,9.051453908162905e-06,resident,0.0158735717745658,0.0097065439649779,0.0112449256007318,365.0,1.58735717745658,3.774732385808549e-06,very_rare,0.0003774732385808549,rare,peak_abundance_with_occupancy_days_modifiers,0.0158735717745658
whtnig1,NI,8.716495727259141e-06,8.7165337160184e-06,8.7165337160184e-06,resident,0.0680747557376929,0.0002756131806411535,7.181542143366065e-07,365.0,6.807475573769289,3.635061057938951e-06,very_rare,0.0003635061057938951,,peak_abundance_with_occupancy_days_modifiers,0.0680747557376929
ocequa1,NI,1.550956149195003e-06,1.550957351928113e-06,1.550957351928113e-06,resident,0.0154780191105852,0.0016830685675044,7.88765163379355e-05,0.0,1.54780191105852,6.467989518733955e-07,very_rare,6.467989518733955e-05,very_rare,peak_abundance_with_occupancy_days_modifiers,0.0154780191105852
rnwrai1,NI,1.4122389588445677e-06,1.4122399560544755e-06,1.4122399560544755e-06,resident,0.0594440264751403,0.0060879671887663,4.889010052125338e-05,365.0,5.94440264751403,5.889493902838221e-07,very_rare,5.889493902838221e-05,,peak_abundance_with_occupancy_days_modifiers,0.0594440264751403
grhpip1,NI,5.731157178654442e-08,5.7311573428852586e-08,5.7311573428852586e-08,resident,0.0018609728892605,0.0028972907942715,3.772737377123584e-05,0.0,0.18609728892605001,2.3900781862667858e-08,very_rare,2.390078186266786e-06,very_rare,peak_abundance_with_occupancy_days_modifiers,0.0018609728892605
lovcot1,NI,9.76305407324992e-09,9.763054120908534e-09,9.763054120908534e-09,resident,0.0028672541120306,0.0002478495159151521,2.8431769294823253e-06,0.0,0.28672541120306,4.071509796946277e-09,very_rare,4.071509796946277e-07,very_rare,peak_abundance_with_occupancy_days_modifiers,0.0028672541120306
strwoo,NI,0.0,0.0,0.0,resident,0.001,0.0001,0.0001,0.0,0.1,0.0,very_rare,0.0,very_rare,peak_abundance_with_occupancy_days_modifiers,0.001
camwar,NI,0.0,0.0,0.0,nonbreeding,0.0082,0.0043,0.0,56.0,0.8200000000000001,0.0,very_rare,0.0,very_rare,peak_abundance_with_occupancy_days_modifiers,0.0082
moutro1,NI,0.0,0.0,0.0,resident,0.0002,0.0002,0.0003,0.0,0.02,0.0,very_rare,0.0,very_rare,peak_abundance_with_occupancy_days_modifiers,0.0002
aplfal,NI,0.0,0.0,0.0,resident,0.0064,0.0001,0.0,365.0,0.64,0.0,very_rare,0.0,very_rare,peak_abundance_with_occupancy_days_modifiers,0.0064
barhaw1,NI,0.0,0.0,0.0,resident,0.0002,0.0004,0.0002,0.0,0.02,0.0,very_rare,0.0,very_rare,peak_abundance_with_occupancy_days_modifiers,0.0002
gwfgoo,NI,0.0,0.0,0.0,nonbreeding,0.0001,0.0,0.0,0.0,0.01,0.0,very_rare,0.0,very_rare,peak_abundance_with_occupancy_days_modifiers,0.0001
prawar,NI,0.0,0.0,0.0,postbreeding_migration,0.0001,0.0,0.0,0.0,0.01,0.0,very_rare,0.0,very_rare,peak_abundance_with_occupancy_days_modifiers,0.0001
souwpw1,NI,0.0,0.0,0.0,breeding,0.0009,0.0004,0.0001,7.0,0.09,0.0,very_rare,0.0,very_rare,peak_abundance_with_occupancy_days_modifiers,0.0009
ruff,NI,0.0,0.0,0.0,postbreeding_migration,0.0025,0.0,0.0,21.0,0.25,0.0,very_rare,0.0,rare,peak_abundance_with_occupancy_days_modifiers,0.0025
cibflo1,NI,0.0,0.0,0.0,resident,0.0004,0.0013,0.0007,0.0,0.04,0.0,very_rare,0.0,very_rare,peak_abundance_with_occupancy_days_modifiers,0.0004
swawar,NI,0.0,0.0,0.0,postbreeding_migration,0.0001,0.0,0.0,0.0,0.01,0.0,very_rare,0.0,very_rare,peak_abundance_with_occupancy_days_modifiers,0.0001
amedip,NI,0.0,0.0,0.0,resident,0.002,0.0006,0.0,365.0,0.2,0.0,very_rare,0.0,very_rare,peak_abundance_with_occupancy_days_modifiers,0.002
gnwtea,NI,0.0,0.0,0.0,nonbreeding,0.0,0.0,0.0,0.0,0.0,0.0,very_rare,0.0,very_rare,peak_abundance_with_occupancy_days_modifiers,0.0
yucvir,NI,0.0,0.0,0.0,resident,0.0001,0.002,0.0004,0.0,0.01,0.0,very_rare,0.0,very_rare,peak_abundance_with_occupancy_days_modifiers,0.0001
baisan,NI,0.0,0.0,0.0,postbreeding_migration,0.0058,0.0006,0.0,35.0,0.58,0.0,very_rare,0.0,very_rare,peak_abundance_with_occupancy_days_modifiers,0.0058
wibant1,NI,0.0,0.0,0.0,resident,0.0166,0.0018,0.0,365.0,1.66,0.0,very_rare,0.0,rare,peak_abundance_with_occupancy_days_modifiers,0.0166
rufgle1,NI,0.0,0.0,0.0,resident,0.0017,,,,0.16999999999999998,0.0,very_rare,0.0,very_rare,peak_abundance_with_occupancy_days_modifiers,0.0017
greher1,NI,0.0,0.0,0.0,resident,0.0001,0.0001,0.0001,0.0,0.01,0.0,very_rare,0.0,very_rare,peak_abundance_with_occupancy_days_modifiers,0.0001
scbwre1,NI,0.0,0.0,0.0,resident,0.0004,0.0,0.0,0.0,0.04,0.0,very_rare,0.0,very_rare,peak_abundance_with_occupancy_days_modifiers,0.0004
lattro1,NI,0.0,0.0,0.0,resident,0.0001,0.0035,0.0088,0.0,0.01,0.0,very_rare,0.0,very_rare,peak_abundance_with_occupancy_days_modifiers,0.0001
spnthr1,NI,0.0,0.0,0.0,resident,0.0014,0.0318,0.0009,365.0,0.13999999999999999,0.0,very_rare,0.0,very_rare,peak_abundance_with_occupancy_days_modifiers,0.0014
linspa,NI,0.0,0.0,0.0,nonbreeding,0.0002,0.0,0.0,0.0,0.02,0.0,very_rare,0.0,very_rare,peak_abundance_with_occupancy_days_modifiers,0.0002
oliwar,NI,0.0,0.0,0.0,resident,0.0004,0.0003,0.0001,0.0,0.04,0.0,very_rare,0.0,very_rare,peak_abundance_with_occupancy_days_modifiers,0.0004
eucdov,NI,0.0,0.0,0.0,resident,0.0043,0.0,0.0,365.0,0.43,0.0,very_rare,0.0,very_rare,peak_abundance_with_occupancy_days_modifiers,0.0043
blbwoo1,NI,0.0,0.0,0.0,resident,0.0002,0.0,0.0,0.0,0.02,0.0,very_rare,0.0,very_rare,peak_abundance_with_occupancy_days_modifiers,0.0002
lobcur,NI,0.0,0.0,0.0,nonbreeding,0.0001,0.0002,0.0,35.0,0.01,0.0,very_rare,0.0,very_rare,peak_abundance_with_occupancy_days_modifiers,0.0001
blarob1,NI,0.0,0.0,0.0,resident,0.0002,0.0011,0.0006,0.0,0.02,0.0,very_rare,0.0,very_rare,peak_abundance_with_occupancy_days_modifiers,0.0002
labwoo,NI,0.0,0.0,0.0,resident,0.0013,0.0001,0.0,365.0,0.13,0.0,very_rare,0.0,very_rare,peak_abundance_with_occupancy_days_modifiers,0.0013
bichaw1,NI,0.0,0.0,0.0,resident,0.0051,0.0003,0.0001,365.0,0.51,0.0,very_rare,0.0,very_rare,peak_abundance_with_occupancy_days_modifiers,0.0051
sbffal1,NI,0.0,0.0,0.0,resident,0.0078,0.0006,0.0002,365.0,0.7799999999999999,0.0,very_rare,0.0,very_rare,peak_abundance_with_occupancy_days_modifiers,0.0078
father1,NI,0.0,0.0,0.0,resident,0.001,0.0007,0.0013,0.0,0.1,0.0,very_rare,0.0,very_rare,peak_abundance_with_occupancy_days_modifiers,0.001
boboli,NI,0.0,0.0,0.0,postbreeding_migration,0.0165,0.0006,0.0,49.0,1.6500000000000001,0.0,very_rare,0.0,rare,peak_abundance_with_occupancy_days_modifiers,0.0165
ruther1,NI,0.0,0.0,0.0,resident,0.0022,0.0,0.0,365.0,0.22,0.0,very_rare,0.0,very_rare,peak_abundance_with_occupancy_days_modifiers,0.0022
whtsic1,NI,0.0,0.0,0.0,resident,0.0003,0.0006,0.0008,0.0,0.03,0.0,very_rare,0.0,very_rare,peak_abundance_with_occupancy_days_modifiers,0.0003
brncre,NI,0.0,0.0,0.0,breeding,0.0003,0.0,0.0,0.0,0.03,0.0,very_rare,0.0,very_rare,peak_abundance_with_occupancy_days_modifiers,0.0003
hudgod,NI,0.0,0.0,0.0,prebreeding_migration,0.0005,0.0001,0.0,0.0,0.05,0.0,very_rare,0.0,very_rare,peak_abundance_with_occupancy_days_modifiers,0.0005
brvear1,NI,0.0,0.0,0.0,resident,0.0005,0.0019,0.0012,0.0,0.05,0.0,very_rare,0.0,very_rare,peak_abundance_with_occupancy_days_modifiers,0.0005
wesgul,NI,0.0,0.0,0.0,resident,0.0029,0.0092,0.0,365.0,0.29,0.0,very_rare,0.0,very_rare,peak_abundance_with_occupancy_days_modifiers,0.0029
retcar2,NI,0.0,0.0,0.0,resident,0.0169,0.0005,0.0,365.0,1.69,0.0,very_rare,0.0,rare,peak_abundance_with_occupancy_days_modifiers,0.0169
bawswa1,NI,0.0,0.0,0.0,breeding,0.0003,0.0,0.0,0.0,0.03,0.0,very_rare,0.0,very_rare,peak_abundance_with_occupancy_days_modifiers,0.0003
sittan1,NI,0.0,0.0,0.0,resident,0.0003,0.0007,0.0,0.0,0.03,0.0,very_rare,0.0,very_rare,peak_abundance_with_occupancy_days_modifiers,0.0003
btbwar,NI,0.0,0.0,0.0,nonbreeding,0.0018,0.0007,0.0,7.0,0.18,0.0,very_rare,0.0,very_rare,peak_abundance_with_occupancy_days_modifiers,0.0018
palwar,NI,0.0,0.0,0.0,nonbreeding,0.0002,0.0002,0.0,28.0,0.02,0.0,very_rare,0.0,rare,peak_abundance_with_occupancy_days_modifiers,0.0002
roster,NI,0.0,0.0,0.0,postbreeding_migration,0.0002,,,,0.02,0.0,very_rare,0.0,very_rare,peak_abundance_with_occupancy_days_modifiers,0.0002
tafgna1,NI,0.0,0.0,0.0,resident,0.0001,0.0001,0.0001,0.0,0.01,0.0,very_rare,0.0,very_rare,peak_abundance_with_occupancy_days_modifiers,0.0001
gycwor1,NI,0.0,0.0,0.0,resident,0.0001,0.0,0.0,0.0,0.01,0.0,very_rare,0.0,very_rare,peak_abundance_with_occupancy_days_modifiers,0.0001
