species_code,country_code,abundance,abundance_mean_avg,abundance_mean_max,peak_season,range_occupied_percent,range_total_percent,total_pop_percent,range_days_occupation,occupancy,score,frequency,frequency_pct,rarity_cap,commonness_basis,debug_range_occupied_max
shtshe,US,3.7511657323375767,11.436233577634697,41.57067910323592,prebreeding_migration,0.029276724892398,0.0155065677003746,0.102369214014816,98.0,2.9276724892398,1.0,rare,100.0,rare,peak_abundance_with_occupancy_days_modifiers,0.029276724892398
snogoo,US,2.690605591495835,6.9657,13.7406,nonbreeding,0.0593,0.9201,0.9885,140.0,5.93,1.0,abundant,100.0,,peak_abundance_with_occupancy_days_modifiers,0.0593
rewbla,US,2.41525284564746,6.2832,10.1926,nonbreeding,0.3957,0.9126,0.9749,126.0,39.57,1.0,abundant,100.0,,peak_abundance_with_occupancy_days_modifiers,0.3957
cangoo,US,1.7942729743923536,2.906625,5.0151,prebreeding_migration,0.481,0.828,0.8801,119.0,48.1,0.7482699493787386,abundant,74.82699493787386,,peak_abundance_with_occupancy_days_modifiers,0.481
eursta,US,1.4979475364007373,2.469975,3.4725,nonbreeding,0.4213,0.334,0.2618,140.0,42.13,0.6246926433332576,common,62.46926433332576,,peak_abundance_with_occupancy_days_modifiers,0.4213
zebdov,US,1.4317572380653718,3.1860486166603033,3.1860486166603033,resident,0.4523103009749894,0.0086065044847389,0.0230493305928065,365.0,45.231030097498945,0.5970891449293759,common,59.708914492937595,,peak_abundance_with_occupancy_days_modifiers,0.4523103009749894
comgra,US,1.3770265472989744,1.86445,2.9631,nonbreeding,0.1829,0.9926,0.9996,112.0,18.29,0.5742646740747643,common,57.42646740747644,,peak_abundance_with_occupancy_days_modifiers,0.1829
bklkit,US,1.3396794723018521,1.202101945648835,2.817819592301931,breeding,0.060789750206018,0.0116060353137608,0.0169558939175284,119.0,6.0789750206018,0.5586897340760137,common,55.86897340760137,,peak_abundance_with_occupancy_days_modifiers,0.060789750206018
amerob,US,1.1325627280376571,1.78085,2.1036,nonbreeding,0.574,0.8782,0.9796,98.0,57.4,0.47231534291151245,common,47.23153429115124,,peak_abundance_with_occupancy_days_modifiers,0.574
daejun,US,1.0252886242492663,0.98815,1.7879,nonbreeding,0.5933,0.8957,0.9449,105.0,59.330000000000005,0.42757856687074697,common,42.7578566870747,,peak_abundance_with_occupancy_days_modifiers,0.5933
redpol1,US,0.9897971771057179,1.316577102133985,1.6906886837354729,breeding,0.8653442348749049,0.311430922307965,0.4420545103955367,112.0,86.53442348749049,0.41277748379336576,common,41.27774837933658,,peak_abundance_with_occupancy_days_modifiers,0.8653442348749049
moudov,US,0.9716119034621167,1.051625,1.6422,breeding,0.7467,0.7548,0.8194,119.0,74.67,0.4051936356370704,common,40.51936356370704,,peak_abundance_with_occupancy_days_modifiers,0.7467
sancra,US,0.9364854391596743,1.072875,1.551,postbreeding_migration,0.3326,0.9053,0.9038,119.0,33.26,0.3905447622267445,common,39.05447622267445,,peak_abundance_with_occupancy_days_modifiers,0.3326
mallar3,US,0.9260430233168333,1.137575,1.5245,prebreeding_migration,0.4775,0.1604,0.1636,126.0,47.75,0.386189936575558,common,38.6189936575558,,peak_abundance_with_occupancy_days_modifiers,0.4775
horlar,US,0.8917111128997645,0.7483,1.4393,nonbreeding,0.3147,,,,31.47,0.3718724178721649,common,37.18724178721649,,peak_abundance_with_occupancy_days_modifiers,0.3147
gwfgoo,US,0.8903162981019194,0.8309,1.4359,prebreeding_migration,0.1716,0.3284,0.0968,42.0,17.16,0.3712907349214256,common,37.12907349214256,,peak_abundance_with_occupancy_days_modifiers,0.1716
thbmur,US,0.8354803855481419,0.46606347485165595,1.3059215136308395,breeding,0.0301537538570056,0.0161087966021016,0.0089428164625268,70.0,3.01537538570056,0.34842238317319296,rare,34.8422383173193,rare,peak_abundance_with_occupancy_days_modifiers,0.0301537538570056
amecro,US,0.7929472656371223,0.886175,1.2099,nonbreeding,0.448,0.9044,0.9025,147.0,44.800000000000004,0.3306846944619662,common,33.068469446196616,,peak_abundance_with_occupancy_days_modifiers,0.448
norful,US,0.7075969985181635,0.5303592735772998,1.029109442493042,breeding,0.0270343759357053,0.0062948921546671,0.0030889357349927,70.0,2.70343759357053,0.29509086845664867,rare,29.509086845664868,rare,peak_abundance_with_occupancy_days_modifiers,0.0270343759357053
commur,US,0.6865036893351666,0.5940803347056614,0.9867570559492238,breeding,0.0416270341806967,0.0184264252294305,0.0286847670143165,105.0,4.16270341806967,0.28629427528501233,rare,28.629427528501232,rare,peak_abundance_with_occupancy_days_modifiers,0.0416270341806967
cliswa,US,0.6815805441884798,0.5141333333333333,0.977,breeding,0.4505,0.7761,0.8782,112.0,45.050000000000004,0.28424116429116086,fairly_common,28.424116429116086,,peak_abundance_with_occupancy_days_modifiers,0.4505
blujay,US,0.6609854937515491,0.622475,0.9367,postbreeding_migration,0.4499,0.6996,0.8181,112.0,44.99,0.27565236115594477,fairly_common,27.565236115594477,,peak_abundance_with_occupancy_days_modifiers,0.4499
bnhcow,US,0.6397464038328301,0.8117,0.896,prebreeding_migration,0.7577,0.8442,0.7973,147.0,75.77000000000001,0.2667949726954667,fairly_common,26.67949726954667,,peak_abundance_with_occupancy_days_modifiers,0.7577
y00475,US,0.6270073780554003,0.5421750000000001,0.872,postbreeding_migration,0.0663,0.5776,0.7754,112.0,6.63,0.26148238631109005,fairly_common,26.148238631109006,,peak_abundance_with_occupancy_days_modifiers,0.0663
brant,US,0.6249754004566113,0.238875,0.8682,postbreeding_migration,0.0074,,,,0.74,0.26063498583374656,very_rare,26.063498583374656,very_rare,peak_abundance_with_occupancy_days_modifiers,0.0074
sooshe,US,0.6139065662496441,0.2976268054983581,0.84763522792518,nonbreeding,0.0254310345523433,0.0065583218563708,0.0125570875938824,112.0,2.54310345523433,0.2560189234341366,rare,25.601892343413663,rare,peak_abundance_with_occupancy_days_modifiers,0.0254310345523433
treswa,US,0.6004286395567388,0.440225,0.8229,postbreeding_migration,0.532,0.5657,0.8201,161.0,53.2,0.2503981914339536,fairly_common,25.03981914339536,,peak_abundance_with_occupancy_days_modifiers,0.532
turvul,US,0.5934373364109333,0.62385,0.8102,postbreeding_migration,0.7718,0.2749,0.4378,126.0,77.18,0.2474825915638865,fairly_common,24.74825915638865,,peak_abundance_with_occupancy_days_modifiers,0.7718
norcar,US,0.5875088485369483,0.7995,0.7995,resident,0.3896,0.8743,0.9581,365.0,38.96,0.2450102200882689,fairly_common,24.50102200882689,,peak_abundance_with_occupancy_days_modifiers,0.3896
amegfi,US,0.5579000311519196,0.612225,0.747,postbreeding_migration,0.6148,0.8767,0.9167,112.0,61.480000000000004,0.23266238416694646,fairly_common,23.266238416694645,,peak_abundance_with_occupancy_days_modifiers,0.6148
barswa,US,0.547369680946604,0.386175,0.7287,postbreeding_migration,0.6026,0.1013,0.0862,154.0,60.260000000000005,0.22827088703828896,fairly_common,22.827088703828895,,peak_abundance_with_occupancy_days_modifiers,0.6026
tufpuf,US,0.5459339047669193,0.6002444774076598,0.726219754682828,breeding,0.0367957460430702,0.0221775496978839,0.0792209406289845,84.0,3.6795746043070197,0.2276721218645251,rare,22.76721218645251,rare,peak_abundance_with_occupancy_days_modifiers,0.0367957460430702
whcspa,US,0.5325088345971327,0.47685,0.7032,nonbreeding,0.3396,0.7911,0.8029,112.0,33.96,0.22207343274658067,fairly_common,22.20734327465807,,peak_abundance_with_occupancy_days_modifiers,0.3396
norpin,US,0.5252017897104978,0.37107500000000004,0.6908,prebreeding_migration,0.232,0.1287,0.2401,147.0,23.200000000000003,0.21902615834326294,fairly_common,21.902615834326294,,peak_abundance_with_occupancy_days_modifiers,0.232
laplon,US,0.48205571026987687,0.35572499999999996,0.6194,nonbreeding,0.191,0.0639,0.0505,63.0,19.1,0.20103284565356036,fairly_common,20.103284565356034,,peak_abundance_with_occupancy_days_modifiers,0.191
yerwar,US,0.4602689001488384,0.4191,0.5845,postbreeding_migration,0.9081,0.6147,0.7636,133.0,90.81,0.1919470401272777,fairly_common,19.19470401272777,,peak_abundance_with_occupancy_days_modifiers,0.9081
comrav,US,0.45868986934546213,0.582,0.582,resident,0.5735,0.1339,0.1624,365.0,57.35,0.1912885331352131,common,19.12885331352131,,peak_abundance_with_occupancy_days_modifiers,0.5735
ribgul,US,0.4311328548567422,0.36195,0.539,nonbreeding,0.04,0.8273,0.8654,105.0,4.0,0.1797963654824697,rare,17.97963654824697,rare,peak_abundance_with_occupancy_days_modifiers,0.04
categr1,US,0.42294578477306094,0.33572559589118467,0.5264515368065942,postbreeding_migration,0.1123310323135325,0.0815425191053812,0.1208422558641685,140.0,11.233103231353251,0.17638209206671412,fairly_common,17.638209206671412,,peak_abundance_with_occupancy_days_modifiers,0.1123310323135325
killde,US,0.41778885779699626,0.318025,0.5186,postbreeding_migration,0.4466,0.7083,0.8416,161.0,44.66,0.17423148647748574,fairly_common,17.423148647748572,,peak_abundance_with_occupancy_days_modifiers,0.4466
wilpha,US,0.39406706315579504,0.250425,0.483,breeding,0.1013,0.6588,0.8807,112.0,10.13,0.16433872972939073,fairly_common,16.433872972939074,,peak_abundance_with_occupancy_days_modifiers,0.1013
norsho,US,0.3904868249274512,0.35717499999999996,0.4777,prebreeding_migration,0.205,0.1546,0.2041,147.0,20.5,0.16284565441915597,fairly_common,16.284565441915596,,peak_abundance_with_occupancy_days_modifiers,0.205
wesmea,US,0.3705975727790886,0.36125,0.4486,breeding,0.3008,0.8049,0.921,112.0,30.080000000000002,0.15455119203208445,fairly_common,15.455119203208445,,peak_abundance_with_occupancy_days_modifiers,0.3008
cedwax,US,0.3616525351515112,0.319675,0.4357,postbreeding_migration,0.5513,0.7237,0.7106,126.0,55.13,0.150820821598876,fairly_common,15.0820821598876,,peak_abundance_with_occupancy_days_modifiers,0.5513
amtspa,US,0.35844337933469306,0.22335,0.4311,nonbreeding,0.296,0.9156,0.9613,119.0,29.599999999999998,0.14948249967413532,fairly_common,14.948249967413533,,peak_abundance_with_occupancy_days_modifiers,0.296
sonspa,US,0.35213465239651354,0.39480000000000004,0.4221,nonbreeding,0.5202,0.9352,0.9742,119.0,52.019999999999996,0.14685155619226373,fairly_common,14.685155619226373,,peak_abundance_with_occupancy_days_modifiers,0.5202
whtspa,US,0.3472708638634385,0.23754999999999998,0.4152,nonbreeding,0.2677,0.9764,0.9987,105.0,26.77,0.14482319882893363,fairly_common,14.482319882893362,,peak_abundance_with_occupancy_days_modifiers,0.2677
norfli,US,0.3467054129012419,0.2695,0.4144,postbreeding_migration,0.816,0.8242,0.9066,112.0,81.6,0.1445873874619357,fairly_common,14.45873874619357,,peak_abundance_with_occupancy_days_modifiers,0.816
brebla,US,0.33461336713621326,0.290275,0.3974,nonbreeding,0.1041,0.7841,0.852,112.0,10.41,0.1395446126993343,fairly_common,13.95446126993343,,peak_abundance_with_occupancy_days_modifiers,0.1041
cacgoo1,US,0.3344702339505399,0.271475,0.3972,nonbreeding,0.0172,0.9686,0.9924,154.0,1.72,0.13948492152462075,rare,13.948492152462075,rare,peak_abundance_with_occupancy_days_modifiers,0.0172
gnwtea,US,0.33095705593310276,0.264725,0.3923,prebreeding_migration,0.297,0.1307,0.0891,147.0,29.7,0.13801981249450992,fairly_common,13.801981249450993,,peak_abundance_with_occupancy_days_modifiers,0.297
indbun,US,0.3272873270441403,0.161125,0.3872,breeding,0.3961,0.9221,0.9842,112.0,39.61,0.13648941668006725,fairly_common,13.648941668006726,,peak_abundance_with_occupancy_days_modifiers,0.3961
comyel,US,0.32360408162784393,0.165225,0.3821,breeding,0.5471,0.6483,0.7354,133.0,54.71,0.13495338403590673,fairly_common,13.495338403590672,,peak_abundance_with_occupancy_days_modifiers,0.5471
glwgul,US,0.3219385611298713,0.265225,0.3798,postbreeding_migration,0.0306,0.7463,0.8514,154.0,3.06,0.1342588080396711,rare,13.425880803967111,rare,peak_abundance_with_occupancy_days_modifiers,0.0306
pinsis,US,0.31983459546818965,0.2658,0.3769,postbreeding_migration,0.5396,0.6155,0.474,119.0,53.959999999999994,0.13338138620830553,fairly_common,13.338138620830552,,peak_abundance_with_occupancy_days_modifiers,0.5396
ameavo,US,0.3169252909214222,0.15445,0.3729,postbreeding_migration,0.0858,0.6061,0.8879,168.0,8.58,0.13216811197578568,fairly_common,13.216811197578568,,peak_abundance_with_occupancy_days_modifiers,0.0858
purmar,US,0.31005492330350615,0.126025,0.3635,postbreeding_migration,0.3131,0.9305,0.9434,119.0,31.31,0.1293029461381224,fairly_common,12.93029461381224,,peak_abundance_with_occupancy_days_modifiers,0.3131
fragul,US,0.30807276209951495,0.150725,0.3608,postbreeding_migration,0.0458,0.4052,0.4942,140.0,4.58,0.12847632071103363,rare,12.847632071103362,rare,peak_abundance_with_occupancy_days_modifiers,0.0458
chispa,US,0.2972115226679103,0.299925,0.3461,postbreeding_migration,0.7598,0.6314,0.6121,147.0,75.98,0.12394683205704024,fairly_common,12.394683205704023,,peak_abundance_with_occupancy_days_modifiers,0.7598
doccor,US,0.29304267869387696,0.244275,0.3405,nonbreeding,0.044,0.787,0.8999,147.0,4.3999999999999995,0.12220828908507453,rare,12.220828908507453,rare,peak_abundance_with_occupancy_days_modifiers,0.044
dickci,US,0.2838246421244762,0.1188,0.3282,breeding,0.2652,0.9724,0.9973,119.0,26.52,0.11836406925030123,fairly_common,11.836406925030122,,peak_abundance_with_occupancy_days_modifiers,0.2652
gadwal,US,0.2780861787783339,0.219475,0.3206,prebreeding_migration,0.2122,0.1791,0.2337,140.0,21.22,0.11597094415795908,fairly_common,11.597094415795908,,peak_abundance_with_occupancy_days_modifiers,0.2122
laugul,US,0.27611543608031547,0.21182499999999999,0.318,breeding,0.0163,0.4753,0.7987,161.0,1.63,0.1151490806177226,rare,11.51490806177226,rare,peak_abundance_with_occupancy_days_modifiers,0.0163
carwre,US,0.2746728178581409,0.3161,0.3161,resident,0.2635,0.9516,0.9873,365.0,26.35,0.11454746209061695,fairly_common,11.454746209061694,,peak_abundance_with_occupancy_days_modifiers,0.2635
bkcchi,US,0.2605934667610478,0.2977,0.2977,resident,0.2238,0.3989,0.4481,365.0,22.38,0.10867591663289462,fairly_common,10.867591663289462,,peak_abundance_with_occupancy_days_modifiers,0.2238
tuftit,US,0.25851069515150105,0.295,0.295,resident,0.2523,0.9994,0.9999,365.0,25.230000000000004,0.10780733340777478,fairly_common,10.780733340777477,,peak_abundance_with_occupancy_days_modifiers,0.2523
houfin,US,0.25727441003035534,0.2934,0.2934,resident,0.2036,0.6394,0.6308,365.0,20.36,0.10729176246722123,fairly_common,10.729176246722123,,peak_abundance_with_occupancy_days_modifiers,0.2036
reevir1,US,0.25719709143906155,0.11925,0.2933,breeding,0.3536,0.4987,0.6924,105.0,35.36,0.10725951811019235,fairly_common,10.725951811019236,,peak_abundance_with_occupancy_days_modifiers,0.3536
easblu,US,0.25270235355575416,0.217075,0.2875,nonbreeding,0.3328,0.8761,0.9542,105.0,33.28,0.10538506682189158,fairly_common,10.538506682189158,,peak_abundance_with_occupancy_days_modifiers,0.3328
snobun,US,0.24646937661770646,0.1353,0.2795,nonbreeding,0.098,0.0273,0.0097,42.0,9.8,0.10278571354372536,fairly_common,10.278571354372536,,peak_abundance_with_occupancy_days_modifiers,0.098
carchi,US,0.24451357705040225,0.277,0.277,resident,0.2123,1.0,1.0,365.0,21.23,0.101970081773026,fairly_common,10.1970081773026,,peak_abundance_with_occupancy_days_modifiers,0.2123
normoc,US,0.2434166561537655,0.188525,0.2756,breeding,0.3984,0.7467,0.7161,112.0,39.839999999999996,0.10151263022829833,fairly_common,10.151263022829832,,peak_abundance_with_occupancy_days_modifiers,0.3984
savspa,US,0.2426324038980567,0.24132499999999998,0.2746,postbreeding_migration,0.6209,0.7797,0.8429,112.0,62.09,0.10118557163462019,fairly_common,10.11855716346202,,peak_abundance_with_occupancy_days_modifiers,0.6209
buwtea,US,0.2406690781800282,0.16342500000000001,0.2721,postbreeding_migration,0.2178,0.5625,0.5644,161.0,21.78,0.10036680121528606,fairly_common,10.036680121528606,,peak_abundance_with_occupancy_days_modifiers,0.2178
easkin,US,0.23941052377808172,0.131225,0.2705,breeding,0.4738,0.7518,0.7958,77.0,47.38,0.09984194326330478,fairly_common,9.984194326330478,,peak_abundance_with_occupancy_days_modifiers,0.4738
comnig,US,0.2329354537766789,0.18186666666666665,0.2623,breeding,0.4323,0.5792,0.7535,105.0,43.230000000000004,0.09714162933598038,fairly_common,9.714162933598038,,peak_abundance_with_occupancy_days_modifiers,0.4323
houwre,US,0.2303177550622101,0.12575000000000003,0.259,breeding,0.4399,0.2747,0.2763,126.0,43.99,0.09604996418105725,fairly_common,9.604996418105726,,peak_abundance_with_occupancy_days_modifiers,0.4399
rebwoo,US,0.22825048868235445,0.2564,0.2564,resident,0.3297,0.9883,0.9964,365.0,32.97,0.09518784713895512,fairly_common,9.518784713895512,,peak_abundance_with_occupancy_days_modifiers,0.3297
ruckin,US,0.22649791912678338,0.17725000000000002,0.2542,postbreeding_migration,0.8974,0.7105,0.768,119.0,89.74,0.094456968866058,fairly_common,9.4456968866058,,peak_abundance_with_occupancy_days_modifiers,0.8974
amewig,US,0.2169645002374942,0.176425,0.2423,prebreeding_migration,0.2571,0.7836,0.7999,126.0,25.71,0.09048122438820866,fairly_common,9.048122438820865,,peak_abundance_with_occupancy_days_modifiers,0.2571
glagul,US,0.20847651427080585,0.10827500000000001,0.2318,postbreeding_migration,0.0636,0.0766,0.0548,98.0,6.36,0.08694145930214517,fairly_common,8.694145930214518,,peak_abundance_with_occupancy_days_modifiers,0.0636
whwcro,US,0.20847651427080585,0.134025,0.2318,nonbreeding,0.2346,,,,23.46,0.08694145930214517,fairly_common,8.694145930214518,,peak_abundance_with_occupancy_days_modifiers,0.2346
weskin,US,0.19786676812941692,0.09449999999999999,0.2188,breeding,0.2898,0.7891,0.8966,112.0,28.98,0.08251685149639755,fairly_common,8.251685149639755,,peak_abundance_with_occupancy_days_modifiers,0.2898
tunswa,US,0.1966352914334136,0.14654999999999999,0.2173,nonbreeding,0.0272,0.5041,0.5598,56.0,2.7199999999999998,0.0820032858248801,rare,8.20032858248801,rare,peak_abundance_with_occupancy_days_modifiers,0.0272
whfibi,US,0.19293173590597015,0.1552,0.2128,postbreeding_migration,0.0966,0.247,0.1684,119.0,9.66,0.0804587832064979,fairly_common,8.04587832064979,,peak_abundance_with_occupancy_days_modifiers,0.0966
amepip,US,0.19136388477818356,0.12077500000000001,0.2109,postbreeding_migration,0.5441,0.5473,0.68,56.0,54.410000000000004,0.07980493850127984,fairly_common,7.980493850127984,,peak_abundance_with_occupancy_days_modifiers,0.5441
dunlin,US,0.18880052289166377,0.10915,0.2078,nonbreeding,0.0161,0.1249,0.2286,70.0,1.6099999999999999,0.07873593356365868,rare,7.873593356365868,rare,peak_abundance_with_occupancy_days_modifiers,0.0161
horpuf,US,0.18792368735040083,0.1808906426492455,0.2067414222004047,postbreeding_migration,0.0417979691655312,0.0474747943327723,0.1302052187957116,49.0,4.17979691655312,0.07837026474100005,rare,7.837026474100004,rare,peak_abundance_with_occupancy_days_modifiers,0.0417979691655312
leasan,US,0.18788936109741805,0.0936,0.2067,postbreeding_migration,0.1873,0.382,0.5537,168.0,18.73,0.07835594958163003,fairly_common,7.835594958163003,,peak_abundance_with_occupancy_days_modifiers,0.1873
grycat,US,0.18465217213223695,0.111875,0.2028,breeding,0.3962,0.8286,0.8917,126.0,39.62,0.07700593692598838,fairly_common,7.700593692598838,,peak_abundance_with_occupancy_days_modifiers,0.3962
renpha,US,0.18340430374519237,0.11643333333333332,0.2013,postbreeding_migration,0.078,0.0618,0.1437,14.0,7.8,0.07648553538835645,rare,7.648553538835645,rare,peak_abundance_with_occupancy_days_modifiers,0.078
lessca,US,0.1759680828217793,0.09775,0.1924,prebreeding_migration,0.1165,0.7629,0.8052,140.0,11.65,0.07338439039350644,uncommon,7.338439039350645,,peak_abundance_with_occupancy_days_modifiers,0.1165
eargre,US,0.17571645774181885,0.13025,0.1921,postbreeding_migration,0.0526,0.1211,0.6103,140.0,5.26,0.07327945458466821,uncommon,7.327945458466821,,peak_abundance_with_occupancy_days_modifiers,0.0526
pingro,US,0.17512908621245,0.081,0.1914,nonbreeding,0.172,,,,17.2,0.07303450163112103,uncommon,7.303450163112103,,peak_abundance_with_occupancy_days_modifiers,0.172
rethaw,US,0.17479329037316305,0.14925,0.191,nonbreeding,0.6855,0.7519,0.8346,112.0,68.55,0.07289446388923289,uncommon,7.289446388923289,,peak_abundance_with_occupancy_days_modifiers,0.6855
lobdow,US,0.1710077968936812,0.091125,0.1865,postbreeding_migration,0.1373,0.8894,0.9057,182.0,13.73,0.0713157904907637,uncommon,7.13157904907637,,peak_abundance_with_occupancy_days_modifiers,0.1373
gcrfin,US,0.1707549204224892,0.0764,0.1862,nonbreeding,0.0637,0.8556,0.9721,126.0,6.370000000000001,0.0712103328112475,uncommon,7.12103328112475,,peak_abundance_with_occupancy_days_modifiers,0.0637
greegr,US,0.16991153671727313,0.10935,0.1852,breeding,0.1402,0.0417,0.122,133.0,14.02,0.07085861448777306,uncommon,7.0858614487773055,,peak_abundance_with_occupancy_days_modifiers,0.1402
yehbla,US,0.16509061986559267,0.1369,0.1795,postbreeding_migration,0.1701,0.6552,0.6436,175.0,17.01,0.06884813600425928,uncommon,6.884813600425928,,peak_abundance_with_occupancy_days_modifiers,0.1701
larspa,US,0.16466662155523387,0.105225,0.179,breeding,0.3558,0.8669,0.952,126.0,35.58,0.06867131497493055,uncommon,6.867131497493055,,peak_abundance_with_occupancy_days_modifiers,0.3558
amhgul1,US,0.16258586120850577,0.1629774283002673,0.1765493340596562,nonbreeding,0.0277608082745375,0.6965408828734064,0.6670967445554926,133.0,2.77608082745375,0.06780357051155377,rare,6.780357051155376,rare,peak_abundance_with_occupancy_days_modifiers,0.0277608082745375
gockin,US,0.15837033597144137,0.11610000000000001,0.1716,nonbreeding,0.455,0.7504,0.7486,98.0,45.5,0.06604555994083151,uncommon,6.604555994083151,,peak_abundance_with_occupancy_days_modifiers,0.455
rinduc,US,0.1562342220306362,0.08510000000000001,0.1691,prebreeding_migration,0.2457,0.8546,0.9134,140.0,24.57,0.06515473123574288,uncommon,6.515473123574288,,peak_abundance_with_occupancy_days_modifiers,0.2457
houspa,US,0.15572087499677562,0.1685,0.1685,resident,0.136,0.0662,0.0285,365.0,13.600000000000001,0.06494064889458148,uncommon,6.494064889458148,,peak_abundance_with_occupancy_days_modifiers,0.136
buggna,US,0.15520726430238269,0.12325,0.1679,prebreeding_migration,0.4989,0.7824,0.8845,112.0,49.89,0.06472645659843769,uncommon,6.472645659843769,,peak_abundance_with_occupancy_days_modifiers,0.4989
whwdov,US,0.1533217649436496,0.08625,0.1657,breeding,0.0713,0.2627,0.2658,119.0,7.13,0.06394014229183637,uncommon,6.394014229183637,,peak_abundance_with_occupancy_days_modifiers,0.0713
brnpel,US,0.1528927461031425,0.10472500000000001,0.1652,breeding,0.0072,0.2899,0.5876,161.0,0.72,0.06376122753881364,very_rare,6.376122753881363,very_rare,peak_abundance_with_occupancy_days_modifiers,0.0072
dowwoo,US,0.15246354312646915,0.1647,0.1647,resident,0.4297,0.7813,0.8974,365.0,42.970000000000006,0.06358223599504516,uncommon,6.358223599504516,,peak_abundance_with_occupancy_days_modifiers,0.4297
vigswa,US,0.14764384191256227,0.0874,0.1591,postbreeding_migration,0.2747,0.751,0.8525,126.0,27.47,0.061572264471859206,uncommon,6.157226447185921,,peak_abundance_with_occupancy_days_modifiers,0.2747
comeid,US,0.14764384191256227,0.065875,0.1591,postbreeding_migration,0.0098,0.1186,0.0999,84.0,0.98,0.061572264471859206,very_rare,6.157226447185921,very_rare,peak_abundance_with_occupancy_days_modifiers,0.0098
blkvul,US,0.14660801963609033,0.1579,0.1579,resident,0.1792,0.0993,0.0818,365.0,17.919999999999998,0.06114029303081157,uncommon,6.114029303081157,,peak_abundance_with_occupancy_days_modifiers,0.1792
rosgoo,US,0.1458304482115395,0.064425,0.157,nonbreeding,0.0456,0.8809,0.9787,119.0,4.5600000000000005,0.06081602056012803,rare,6.0816020560128035,rare,peak_abundance_with_occupancy_days_modifiers,0.0456
calgul,US,0.14487926131808454,0.11185,0.1559,postbreeding_migration,0.0259,0.6589,0.842,182.0,2.59,0.060419344815259075,rare,6.0419344815259075,rare,peak_abundance_with_occupancy_days_modifiers,0.0259
easmea,US,0.14461968960994312,0.12925,0.1556,prebreeding_migration,0.2623,0.6389,0.7804,119.0,26.229999999999997,0.06031109500506679,uncommon,6.031109500506679,,peak_abundance_with_occupancy_days_modifiers,0.2623
parauk,US,0.14431557972645095,0.1267579408868623,0.1552486240497941,breeding,0.0234705520363204,0.0397114544122192,0.1077151713327114,70.0,2.3470552036320402,0.06018427133309832,rare,6.018427133309832,rare,peak_abundance_with_occupancy_days_modifiers,0.0234705520363204
whevir,US,0.13697545502707772,0.08647500000000001,0.1468,breeding,0.2152,0.9399,0.9676,112.0,21.52,0.05712320157636653,uncommon,5.712320157636653,,peak_abundance_with_occupancy_days_modifiers,0.2152
rudduc,US,0.13592851722424412,0.107575,0.1456,postbreeding_migration,0.0388,0.6094,0.7713,126.0,3.88,0.05668659460077836,rare,5.668659460077836,rare,peak_abundance_with_occupancy_days_modifiers,0.0388
eawpew,US,0.1332188437862227,0.08543333333333332,0.1425,breeding,0.3425,0.8326,0.9269,112.0,34.25,0.05555657300694158,uncommon,5.555657300694158,,peak_abundance_with_occupancy_days_modifiers,0.3425
atlpuf,US,0.13040180347707436,0.06662697125271749,0.1392860604708095,breeding,0.016778803014789,0.0006011408501879138,5.69556184977527e-05,7.0,1.6778803014788999,0.05438177595007892,very_rare,5.438177595007891,very_rare,peak_abundance_with_occupancy_days_modifiers,0.016778803014789
easpho,US,0.12892078006683938,0.103925,0.1376,postbreeding_migration,0.4517,0.8791,0.9435,119.0,45.17,0.05376414121555331,uncommon,5.376414121555332,,peak_abundance_with_occupancy_days_modifiers,0.4517
banswa,US,0.12856910079470765,0.067975,0.1372,postbreeding_migration,0.2852,,,,28.52,0.0536174795676819,uncommon,5.361747956768189,,peak_abundance_with_occupancy_days_modifiers,0.2852
redhea,US,0.128393214768399,0.095425,0.137,nonbreeding,0.0182,0.8785,0.9225,119.0,1.82,0.05354412939751229,rare,5.354412939751229,rare,peak_abundance_with_occupancy_days_modifiers,0.0182
mewgul2,US,0.1278653709978958,0.10672499999999999,0.1364,nonbreeding,0.0101,0.7616,0.8283,84.0,1.01,0.05332400144760099,rare,5.332400144760099,rare,peak_abundance_with_occupancy_days_modifiers,0.0101
orcori,US,0.1265445413249562,0.05985,0.1349,breeding,0.388,0.9227,0.9716,91.0,38.800000000000004,0.05277317269043085,uncommon,5.277317269043085,,peak_abundance_with_occupancy_days_modifiers,0.388
wooduc,US,0.12628016591032976,0.09624999999999999,0.1346,postbreeding_migration,0.3373,0.9841,0.9918,133.0,33.73,0.05266291957903542,uncommon,5.266291957903542,,peak_abundance_with_occupancy_days_modifiers,0.3373
grtgra,US,0.126103876795726,0.11234999999999999,0.1344,nonbreeding,0.0248,0.3892,0.3609,126.0,2.48,0.05258940130799016,rare,5.258940130799016,rare,peak_abundance_with_occupancy_days_modifiers,0.0248
lotduc,US,0.12539840939433364,0.088725,0.1336,nonbreeding,0.0128,0.4001,0.3787,140.0,1.28,0.0522951985505156,rare,5.22951985505156,rare,peak_abundance_with_occupancy_days_modifiers,0.0128
sursco,US,0.12531019096544663,0.0909,0.1335,prebreeding_migration,0.0148,0.6238,0.7081,126.0,1.48,0.052258408608149176,rare,5.225840860814918,rare,peak_abundance_with_occupancy_days_modifiers,0.0148
rebnut,US,0.12345580392691827,0.10219999999999999,0.1314,postbreeding_migration,0.3727,0.537,0.456,119.0,37.269999999999996,0.05148506914684557,uncommon,5.148506914684557,,peak_abundance_with_occupancy_days_modifiers,0.3727
blugrb1,US,0.12221763272424921,0.0532,0.13,breeding,0.3925,0.7384,0.6329,98.0,39.25,0.05096871164920383,uncommon,5.096871164920383,,peak_abundance_with_occupancy_days_modifiers,0.3925
eastow,US,0.12204062590902467,0.10535,0.1298,prebreeding_migration,0.2878,0.9985,0.9999,105.0,28.78,0.05089489407375236,uncommon,5.089489407375236,,peak_abundance_with_occupancy_days_modifiers,0.2878
comgol,US,0.11973668160233342,0.06307499999999999,0.1272,nonbreeding,0.0312,0.0362,0.0072,70.0,3.1199999999999997,0.04993407466982465,rare,4.993407466982465,rare,peak_abundance_with_occupancy_days_modifiers,0.0312
whbnut,US,0.11955923505763925,0.127,0.127,resident,0.2891,0.8613,0.9008,365.0,28.910000000000004,0.049860073712940885,uncommon,4.986007371294089,,peak_abundance_with_occupancy_days_modifiers,0.2891
amwpel,US,0.11938175702008048,0.09805,0.1268,postbreeding_migration,0.0333,0.6266,0.654,119.0,3.3300000000000005,0.04978605962251247,rare,4.9786059622512475,rare,peak_abundance_with_occupancy_days_modifiers,0.0333
swaspa,US,0.11520192968868352,0.0748,0.1221,postbreeding_migration,0.4305,0.9797,0.9978,112.0,43.05,0.0480429362347596,uncommon,4.80429362347596,,peak_abundance_with_occupancy_days_modifiers,0.4305
mouchi,US,0.11502367656878194,0.11215,0.1219,nonbreeding,0.0941,0.6963,0.8387,210.0,9.41,0.04796859890988814,uncommon,4.796859890988814,,peak_abundance_with_occupancy_days_modifiers,0.0941
rinphe1,US,0.11395349007584525,0.1207,0.1207,resident,0.1778,0.14,0.2381,365.0,17.78,0.047522296477468876,uncommon,4.752229647746888,,peak_abundance_with_occupancy_days_modifiers,0.1778
fiespa,US,0.11279282747512216,0.101775,0.1194,prebreeding_migration,0.3692,0.9745,0.9921,119.0,36.919999999999995,0.047038262577452604,uncommon,4.70382625774526,,peak_abundance_with_occupancy_days_modifiers,0.3692
chiswi,US,0.1127034899130848,0.0995,0.1193,postbreeding_migration,0.2017,0.9748,0.9816,126.0,20.169999999999998,0.047001005920312165,uncommon,4.700100592031217,,peak_abundance_with_occupancy_days_modifiers,0.2017
yebcuc,US,0.11216729687074777,0.0453,0.1187,breeding,0.3934,0.8459,0.907,112.0,39.34,0.04677739605360133,uncommon,4.6777396053601334,,peak_abundance_with_occupancy_days_modifiers,0.3934
moublu,US,0.11136246785346073,0.08845,0.1178,nonbreeding,0.1485,0.861,0.9438,133.0,14.85,0.04644175628383444,uncommon,4.6441756283834446,,peak_abundance_with_occupancy_days_modifiers,0.1485
nrwswa,US,0.11028835389412302,0.067925,0.1166,breeding,0.4013,0.719,0.6753,140.0,40.129999999999995,0.04599381597070973,uncommon,4.599381597070973,,peak_abundance_with_occupancy_days_modifiers,0.4013
wiltur,US,0.1086750166256561,0.1148,0.1148,resident,0.3259,0.8885,0.8683,365.0,32.59,0.04532100207146709,uncommon,4.5321002071467085,,peak_abundance_with_occupancy_days_modifiers,0.3259
whiibi,US,0.10768780541691743,0.109875,0.1137,breeding,0.0373,0.6122,0.8241,105.0,3.73,0.04490930302024595,rare,4.490930302024595,rare,peak_abundance_with_occupancy_days_modifiers,0.0373
ancmur,US,0.10693217837022172,0.05179874578397607,0.1128587760239156,prebreeding_migration,0.0200562872604923,0.0366632843864254,0.0268665284003253,105.0,2.0056287260492303,0.04459418206593766,rare,4.459418206593766,rare,peak_abundance_with_occupancy_days_modifiers,0.0200562872604923
rhiauk,US,0.10687095103800578,0.053180808871321025,0.1127906407358188,breeding,0.0179031508271095,0.0682284152175563,0.0638795703885788,105.0,1.7903150827109497,0.04456864828516308,rare,4.456864828516308,rare,peak_abundance_with_occupancy_days_modifiers,0.0179031508271095
yebcha,US,0.10651984337767273,0.038900000000000004,0.1124,breeding,0.3218,0.8127,0.813,91.0,32.18,0.044422225017927044,uncommon,4.442222501792704,,peak_abundance_with_occupancy_days_modifiers,0.3218
pinjay,US,0.10625011984265922,0.1121,0.1121,resident,0.0445,0.9941,0.9898,365.0,4.45,0.04430974156709697,rare,4.430974156709698,rare,peak_abundance_with_occupancy_days_modifiers,0.0445
wlswar,US,0.10562048186368382,0.065025,0.1114,postbreeding_migration,0.6944,0.5583,0.5694,112.0,69.44,0.04404716213499328,uncommon,4.404716213499328,,peak_abundance_with_occupancy_days_modifiers,0.6944
pecsan,US,0.10517049760553963,0.055625,0.1109,prebreeding_migration,0.124,0.2776,0.4893,147.0,12.4,0.04385950412371617,uncommon,4.385950412371617,,peak_abundance_with_occupancy_days_modifiers,0.124
swathr,US,0.10499044719093728,0.05255,0.1107,breeding,0.163,0.4272,0.4144,91.0,16.3,0.04378441726873762,uncommon,4.3784417268737625,,peak_abundance_with_occupancy_days_modifiers,0.163
grcfly,US,0.10426992117579677,0.0535,0.1099,breeding,0.3956,0.9017,0.9411,133.0,39.56,0.043483934581560225,uncommon,4.348393458156022,,peak_abundance_with_occupancy_days_modifiers,0.3956
larbun,US,0.1031881577961689,0.0953,0.1087,nonbreeding,0.0567,0.8981,0.9771,119.0,5.67,0.0430328042123988,uncommon,4.30328042123988,,peak_abundance_with_occupancy_days_modifiers,0.0567
bknsti,US,0.10264683696014272,0.061,0.1081,postbreeding_migration,0.0417,0.1104,0.1787,140.0,4.17,0.04280705588962306,rare,4.280705588962306,rare,peak_abundance_with_occupancy_days_modifiers,0.0417
graspa,US,0.10165365372649983,0.0403,0.107,breeding,0.2385,0.907,0.9561,126.0,23.849999999999998,0.04239286631057446,uncommon,4.239286631057446,,peak_abundance_with_occupancy_days_modifiers,0.2385
linspa,US,0.10102111405872814,0.06265,0.1063,postbreeding_migration,0.724,0.498,0.4457,119.0,72.39999999999999,0.04212907678025297,uncommon,4.212907678025297,,peak_abundance_with_occupancy_days_modifiers,0.724
wessan,US,0.10029772131536394,0.0707,0.1055,postbreeding_migration,0.0674,0.9011,0.6539,147.0,6.74,0.04182739857454879,uncommon,4.182739857454879,,peak_abundance_with_occupancy_days_modifiers,0.0674
pinwar,US,0.09957380489609238,0.0824,0.1047,prebreeding_migration,0.1968,0.9846,0.9914,119.0,19.68,0.04152550197902874,uncommon,4.152550197902874,,peak_abundance_with_occupancy_days_modifiers,0.1968
spotow,US,0.09957380489609238,0.085225,0.1047,breeding,0.1903,0.8398,0.8448,98.0,19.03,0.04152550197902874,uncommon,4.152550197902874,,peak_abundance_with_occupancy_days_modifiers,0.1903
wewpew,US,0.09767102717344615,0.05960000000000001,0.1026,breeding,0.2021,0.542,0.7732,98.0,20.21,0.040731982035004805,uncommon,4.07319820350048,,peak_abundance_with_occupancy_days_modifiers,0.2021
santer1,US,0.09748962127725708,0.034575,0.1024,breeding,0.0039,0.0922,0.7287,133.0,0.38999999999999996,0.04065632990029862,very_rare,4.065632990029862,very_rare,peak_abundance_with_occupancy_days_modifiers,0.0039
orcwar,US,0.09703596251159427,0.074975,0.1019,postbreeding_migration,0.775,0.583,0.5595,140.0,77.5,0.04046713950036371,uncommon,4.046713950036371,,peak_abundance_with_occupancy_days_modifiers,0.775
bkbmag1,US,0.09630968013740838,0.1011,0.1011,resident,0.1846,0.6421,0.5922,365.0,18.459999999999997,0.04016425622500764,uncommon,4.016425622500764,,peak_abundance_with_occupancy_days_modifiers,0.1846
redpha1,US,0.09612053241428425,0.051400852991846976,0.1008917491377771,breeding,0.0294260084606257,0.0469554346227386,0.1398862160938073,182.0,2.94260084606257,0.0400853754977007,rare,4.00853754977007,rare,peak_abundance_with_occupancy_days_modifiers,0.0294260084606257
redcro,US,0.09449166309271763,0.07442499999999999,0.0991,nonbreeding,0.1804,,,,18.04,0.039406084229210214,uncommon,3.9406084229210214,,peak_abundance_with_occupancy_days_modifiers,0.1804
amgplo,US,0.09412766272469822,0.03005,0.0987,prebreeding_migration,0.1088,0.348,0.5142,119.0,10.879999999999999,0.03925428428525579,uncommon,3.925428428525579,,peak_abundance_with_occupancy_days_modifiers,0.1088
baleag,US,0.09403664192638297,0.074225,0.0986,nonbreeding,0.3514,0.7882,0.7933,154.0,35.14,0.03921632566406504,uncommon,3.921632566406504,,peak_abundance_with_occupancy_days_modifiers,0.3514
grbher3,US,0.09303486596718936,0.07627500000000001,0.0975,postbreeding_migration,0.4432,0.7634,0.7969,175.0,44.32,0.03879855264013118,uncommon,3.8798552640131176,,peak_abundance_with_occupancy_days_modifiers,0.4432
commer,US,0.09130215840678604,0.05695,0.0956,nonbreeding,0.0255,0.0825,0.1173,49.0,2.55,0.038075957462577296,rare,3.8075957462577295,rare,peak_abundance_with_occupancy_days_modifiers,0.0255
vesspa,US,0.0904803531283746,0.07525,0.0947,breeding,0.2593,0.7792,0.7094,133.0,25.929999999999996,0.03773323804203635,uncommon,3.773323804203635,,peak_abundance_with_occupancy_days_modifiers,0.2593
rocpig,US,0.0900235026475885,0.0942,0.0942,resident,0.1078,0.0597,0.018,365.0,10.780000000000001,0.03754271659351082,uncommon,3.754271659351082,,peak_abundance_with_occupancy_days_modifiers,0.1078
lesyel,US,0.08920064545830204,0.052725,0.0933,prebreeding_migration,0.1745,0.2649,0.3281,154.0,17.45,0.03719955849206202,uncommon,3.7199558492062015,,peak_abundance_with_occupancy_days_modifiers,0.1745
astfly,US,0.08736964613690709,0.035975,0.0913,breeding,0.187,0.6175,0.6356,105.0,18.7,0.03643597246636451,uncommon,3.6435972466364506,,peak_abundance_with_occupancy_days_modifiers,0.187
eucdov,US,0.0872780081070606,0.0912,0.0912,resident,0.1307,0.0798,0.0319,365.0,13.07,0.03639775643963222,uncommon,3.6397756439632225,,peak_abundance_with_occupancy_days_modifiers,0.1307
brespa,US,0.0865446014001858,0.07535,0.0904,postbreeding_migration,0.2535,0.96,0.9932,119.0,25.35,0.03609190208677767,uncommon,3.609190208677767,,peak_abundance_with_occupancy_days_modifiers,0.2535
ovenbi1,US,0.08636116564804346,0.03675,0.0902,breeding,0.1265,0.468,0.5186,112.0,12.65,0.03601540343638905,uncommon,3.6015403436389053,,peak_abundance_with_occupancy_days_modifiers,0.1265
brnthr,US,0.08443305597482932,0.062725,0.0881,prebreeding_migration,0.4397,0.9968,0.9997,112.0,43.97,0.03521131924844035,uncommon,3.521131924844035,,peak_abundance_with_occupancy_days_modifiers,0.4397
bulori,US,0.08415730800672332,0.039075,0.0878,breeding,0.2111,0.9078,0.9539,119.0,21.11,0.035096323413870735,uncommon,3.5096323413870736,,peak_abundance_with_occupancy_days_modifiers,0.2111
balori,US,0.08314558108666886,0.04165,0.0867,breeding,0.2457,0.7666,0.8104,112.0,24.57,0.0346744005169321,uncommon,3.4674400516932105,,peak_abundance_with_occupancy_days_modifiers,0.2457
paibun,US,0.08176430180263962,0.0339,0.0852,breeding,0.1048,0.8523,0.8877,133.0,10.48,0.034098362313888596,uncommon,3.4098362313888595,,peak_abundance_with_occupancy_days_modifiers,0.1048
wesblu,US,0.08038111194681247,0.06185,0.0837,postbreeding_migration,0.1081,0.8106,0.8932,147.0,10.81,0.03352152734051921,uncommon,3.3521527340519213,,peak_abundance_with_occupancy_days_modifiers,0.1081
westan,US,0.08010424424166145,0.044324999999999996,0.0834,breeding,0.1817,0.6183,0.7731,119.0,18.17,0.033406064539331946,uncommon,3.3406064539331948,,peak_abundance_with_occupancy_days_modifiers,0.1817
bktspa,US,0.07945792133471552,0.061175,0.0827,breeding,0.1049,0.5942,0.6246,126.0,10.489999999999998,0.033136526951816056,uncommon,3.3136526951816054,,peak_abundance_with_occupancy_days_modifiers,0.1049
lesgol,US,0.07834896641097641,0.0604,0.0815,postbreeding_migration,0.1499,0.4569,0.4329,105.0,14.99,0.0326740568279874,uncommon,3.26740568279874,,peak_abundance_with_occupancy_days_modifiers,0.1499
razorb,US,0.07831745977336661,0.04990763265361873,0.0814659261082047,nonbreeding,0.0233861414187357,0.0053184872249939,0.0084256806003389,98.0,2.33861414187357,0.03266091753955928,rare,3.2660917539559278,rare,peak_abundance_with_occupancy_days_modifiers,0.0233861414187357
foxspa,US,0.07807153542015548,0.054775,0.0812,breeding,0.2039,0.9863,0.983,126.0,20.39,0.03255835911843017,uncommon,3.255835911843017,,peak_abundance_with_occupancy_days_modifiers,0.2039
pilwoo,US,0.07770150766385205,0.0808,0.0808,resident,0.2813,0.5674,0.7482,365.0,28.13,0.032404045558325614,uncommon,3.2404045558325616,,peak_abundance_with_occupancy_days_modifiers,0.2813
buffle,US,0.07631268284916357,0.0587,0.0793,prebreeding_migration,0.127,0.6977,0.7682,105.0,12.7,0.031824860624586726,uncommon,3.182486062458673,,peak_abundance_with_occupancy_days_modifiers,0.127
wilsni1,US,0.07584931228343784,0.053799999999999994,0.0788,breeding,0.2559,0.7337,0.9007,168.0,25.590000000000003,0.03163162008944654,uncommon,3.163162008944654,,peak_abundance_with_occupancy_days_modifiers,0.2559
rthhum,US,0.07501470380544568,0.03835,0.0779,postbreeding_migration,0.3467,0.7219,0.8558,105.0,34.67,0.031283561319966555,uncommon,3.1283561319966555,,peak_abundance_with_occupancy_days_modifiers,0.3467
boboli,US,0.07315752061772643,0.0456,0.0759,breeding,0.1468,0.7232,0.794,112.0,14.680000000000001,0.03050905577387909,uncommon,3.050905577387909,,peak_abundance_with_occupancy_days_modifiers,0.1468
fiscro,US,0.07064483956933203,0.057825,0.0732,nonbreeding,0.0828,0.9999,1.0,147.0,8.28,0.02946118638738073,uncommon,2.946118638738073,,peak_abundance_with_occupancy_days_modifiers,0.0828
herthr,US,0.07064483956933203,0.051699999999999996,0.0732,breeding,0.1898,0.7678,0.8357,105.0,18.98,0.02946118638738073,uncommon,2.946118638738073,,peak_abundance_with_occupancy_days_modifiers,0.1898
sumtan,US,0.06952606264861023,0.037425,0.072,breeding,0.2062,0.8501,0.8921,91.0,20.62,0.02899462017266192,uncommon,2.8994620172661922,,peak_abundance_with_occupancy_days_modifiers,0.2062
canvas,US,0.06952606264861023,0.040525,0.072,prebreeding_migration,0.1187,0.7783,0.9108,126.0,11.87,0.02899462017266192,uncommon,2.8994620172661922,,peak_abundance_with_occupancy_days_modifiers,0.1187
bushti,US,0.06943277471533675,0.0719,0.0719,resident,0.0708,0.6031,0.6363,365.0,7.08,0.028955716082757856,uncommon,2.8955716082757856,,peak_abundance_with_occupancy_days_modifiers,0.0708
amekes,US,0.06775210205081847,0.060875,0.0701,postbreeding_migration,0.6042,0.2839,0.2993,105.0,60.419999999999995,0.028254821142272433,uncommon,2.8254821142272433,,peak_abundance_with_occupancy_days_modifiers,0.6042
norhar2,US,0.06765864847381481,0.050850000000000006,0.07,nonbreeding,0.3203,0.8244,0.8781,161.0,32.029999999999994,0.028215847973567444,uncommon,2.8215847973567443,,peak_abundance_with_occupancy_days_modifiers,0.3203
rusbla,US,0.06728474680559636,0.046225,0.0696,postbreeding_migration,0.2728,0.9884,0.9991,119.0,27.279999999999998,0.028059918866712726,uncommon,2.8059918866712725,,peak_abundance_with_occupancy_days_modifiers,0.2728
stejay,US,0.06672363204290818,0.069,0.069,resident,0.0898,0.6531,0.767,365.0,8.98,0.027825915835365443,uncommon,2.7825915835365445,,peak_abundance_with_occupancy_days_modifiers,0.0898
norpar,US,0.06606859996970468,0.0406,0.0683,breeding,0.192,0.6745,0.7866,126.0,19.2,0.02755274624341784,uncommon,2.755274624341784,,peak_abundance_with_occupancy_days_modifiers,0.192
rehwoo,US,0.06597498892353289,0.04815,0.0682,postbreeding_migration,0.331,0.9993,1.0,168.0,33.1,0.02751370740496909,uncommon,2.751370740496909,,peak_abundance_with_occupancy_days_modifiers,0.331
amered,US,0.06550680220211963,0.042425000000000004,0.0677,prebreeding_migration,0.4255,0.493,0.4151,133.0,42.55,0.027318458376905067,uncommon,2.7318458376905066,,peak_abundance_with_occupancy_days_modifiers,0.4255
towsol,US,0.06513209493778221,0.041749999999999995,0.0673,nonbreeding,0.2275,0.9109,0.9756,105.0,22.75,0.027162193310374335,uncommon,2.7162193310374336,,peak_abundance_with_occupancy_days_modifiers,0.2275
gresca,US,0.06513209493778221,0.049025,0.0673,prebreeding_migration,0.0722,0.3485,0.4354,49.0,7.22,0.027162193310374335,uncommon,2.7162193310374336,,peak_abundance_with_occupancy_days_modifiers,0.0722
blkgui,US,0.06488053446737636,0.0325146267839247,0.0670315432779012,prebreeding_migration,0.0249792291168211,0.0044490698873716,0.0064290264851931,56.0,2.4979229116821102,0.027057284445813193,rare,2.7057284445813194,rare,peak_abundance_with_occupancy_days_modifiers,0.0249792291168211
evegro,US,0.06438225892926822,0.04095,0.0665,nonbreeding,0.0868,0.4116,0.4574,161.0,8.68,0.026849487406567753,uncommon,2.6849487406567754,,peak_abundance_with_occupancy_days_modifiers,0.0868
bewwre,US,0.06428848988236187,0.0561,0.0664,breeding,0.1827,0.6495,0.6108,126.0,18.27,0.026810382676694836,uncommon,2.6810382676694835,,peak_abundance_with_occupancy_days_modifiers,0.1827
harspa,US,0.06400712997429238,0.036750000000000005,0.0661,nonbreeding,0.0993,0.9939,0.9999,119.0,9.93,0.026693046481381728,uncommon,2.669304648138173,,peak_abundance_with_occupancy_days_modifiers,0.0993
blksco2,US,0.06381951271295404,0.02825,0.0659,nonbreeding,0.0123,0.4649,0.6972,112.0,1.23,0.026614804006213338,rare,2.661480400621334,rare,peak_abundance_with_occupancy_days_modifiers,0.0123
semsan,US,0.06288089803920102,0.035875000000000004,0.0649,prebreeding_migration,0.0817,0.3509,0.1965,119.0,8.17,0.02622337128419219,uncommon,2.6223371284192187,,peak_abundance_with_occupancy_days_modifiers,0.0817
purfin,US,0.06288089803920102,0.0421,0.0649,nonbreeding,0.2003,0.8171,0.7954,126.0,20.03,0.02622337128419219,uncommon,2.6223371284192187,,peak_abundance_with_occupancy_days_modifiers,0.2003
haiwoo,US,0.06137727967490342,0.0633,0.0633,resident,0.3768,0.5653,0.6227,365.0,37.68,0.025596313721939726,uncommon,2.5596313721939725,,peak_abundance_with_occupancy_days_modifiers,0.3768
sctfly,US,0.06062462181643484,0.031475,0.0625,breeding,0.1111,0.9223,0.9055,119.0,11.110000000000001,0.025282431015298357,uncommon,2.528243101529836,,peak_abundance_with_occupancy_days_modifiers,0.1111
royter1,US,0.05949457178563976,0.024800000000000003,0.0613,breeding,0.006,0.2754,0.8156,126.0,0.6,0.0248111635485268,very_rare,2.4811163548526802,very_rare,peak_abundance_with_occupancy_days_modifiers,0.006
woothr,US,0.05921185963184608,0.023774999999999998,0.061,breeding,0.2214,0.8694,0.9532,91.0,22.14,0.02469326342294554,uncommon,2.469326342294554,,peak_abundance_with_occupancy_days_modifiers,0.2214
norbob,US,0.05902334044946101,0.0608,0.0608,resident,0.1995,0.8802,0.8478,365.0,19.950000000000003,0.02461464481748616,uncommon,2.461464481748616,,peak_abundance_with_occupancy_days_modifiers,0.1995
harduc,US,0.058551886949615474,0.03195,0.0603,nonbreeding,0.0134,0.5788,0.6943,126.0,1.34,0.024418033437000268,rare,2.441803343700027,rare,peak_abundance_with_occupancy_days_modifiers,0.0134
lazbun,US,0.05845756957156866,0.032,0.0602,breeding,0.174,0.9592,0.9771,105.0,17.4,0.024378700035280542,uncommon,2.437870003528054,,peak_abundance_with_occupancy_days_modifiers,0.174
libher,US,0.058268908123975775,0.032025000000000005,0.06,breeding,0.0592,0.4672,0.7354,133.0,5.92,0.02430002210062133,uncommon,2.430002210062133,,peak_abundance_with_occupancy_days_modifiers,0.0592
acafly,US,0.058080211076524654,0.028300000000000002,0.0598,breeding,0.1657,0.9997,0.9999,84.0,16.57,0.024221329319668104,uncommon,2.4221329319668103,,peak_abundance_with_occupancy_days_modifiers,0.1657
calqua,US,0.05723063345427171,0.0589,0.0589,resident,0.0443,0.3928,0.4635,365.0,4.43,0.023867027932159383,rare,2.3867027932159384,rare,peak_abundance_with_occupancy_days_modifiers,0.0443
clcspa,US,0.05704174036719702,0.039575,0.0587,breeding,0.0948,0.5948,0.4789,119.0,9.48,0.02378825339633313,uncommon,2.378825339633313,,peak_abundance_with_occupancy_days_modifiers,0.0948
reshaw,US,0.056663847117541744,0.050749999999999997,0.0583,prebreeding_migration,0.2613,0.9691,0.9961,126.0,26.13,0.023630659670726327,uncommon,2.363065967072633,,peak_abundance_with_occupancy_days_modifiers,0.2613
wesfly,US,0.05619127964974249,0.0256,0.0578,breeding,0.11,0.5887,0.6048,98.0,11.0,0.023433583729520726,uncommon,2.3433583729520726,,peak_abundance_with_occupancy_days_modifiers,0.11
bkhgro,US,0.05609673935187014,0.030275000000000003,0.0577,breeding,0.164,0.717,0.7393,112.0,16.400000000000002,0.02339415736301306,uncommon,2.339415736301306,,peak_abundance_with_occupancy_days_modifiers,0.164
comter,US,0.05401458830623825,0.0223,0.0555,breeding,0.0069,0.008,0.0288,91.0,0.69,0.02252583293314671,very_rare,2.2525832933146708,very_rare,peak_abundance_with_occupancy_days_modifiers,0.0069
chclon,US,0.05344597570562602,0.038825,0.0549,nonbreeding,0.0443,0.7961,0.7489,105.0,4.43,0.02228870306051937,rare,2.2288703060519373,rare,peak_abundance_with_occupancy_days_modifiers,0.0443
grhowl,US,0.05059805276309138,0.0519,0.0519,resident,0.4585,0.511,0.6573,365.0,45.85,0.021101026945202214,uncommon,2.1101026945202213,,peak_abundance_with_occupancy_days_modifiers,0.4585
greyel,US,0.050407902543845695,0.033225,0.0517,prebreeding_migration,0.1998,0.2675,0.3916,182.0,19.98,0.02102172814454035,uncommon,2.102172814454035,,peak_abundance_with_occupancy_days_modifiers,0.1998
brwhaw,US,0.050407902543845695,0.019424999999999998,0.0517,postbreeding_migration,0.3253,0.5053,0.4155,112.0,32.53,0.02102172814454035,uncommon,2.102172814454035,,peak_abundance_with_occupancy_days_modifiers,0.3253
truswa,US,0.04964693988941377,0.0382,0.0509,nonbreeding,0.0399,0.8436,0.8787,119.0,3.9899999999999998,0.020704382068978008,rare,2.070438206897801,rare,peak_abundance_with_occupancy_days_modifiers,0.0399
snoegr,US,0.049456608712592526,0.03245,0.0507,postbreeding_migration,0.0519,0.0669,0.1281,119.0,5.19,0.020625007803145662,uncommon,2.0625007803145663,,peak_abundance_with_occupancy_days_modifiers,0.0519
whrsan,US,0.04907583764659263,0.0168,0.0503,prebreeding_migration,0.077,0.4501,0.3959,70.0,7.7,0.020466213934906583,uncommon,2.0466213934906583,,peak_abundance_with_occupancy_days_modifiers,0.077
swahaw,US,0.04859966983606234,0.023775,0.0498,postbreeding_migration,0.2899,0.7585,0.7465,119.0,28.99,0.020267636534161915,rare,2.0267636534161912,,peak_abundance_with_occupancy_days_modifiers,0.2899
aldfly,US,0.0479326537553028,0.0338,0.0491,breeding,0.1403,0.3393,0.2079,84.0,14.030000000000001,0.019989469222884273,rare,1.9989469222884273,,peak_abundance_with_occupancy_days_modifiers,0.1403
stisan,US,0.04736057135983759,0.017175,0.0485,postbreeding_migration,0.1014,0.4137,0.4533,133.0,10.14,0.01975089233341173,rare,1.9750892333411731,,peak_abundance_with_occupancy_days_modifiers,0.1014
belvir,US,0.04716980447638992,0.022400000000000003,0.0483,breeding,0.1534,0.722,0.6476,77.0,15.340000000000002,0.01967133636380301,rare,1.967133636380301,,peak_abundance_with_occupancy_days_modifiers,0.1534
grpchi,US,0.046501833651419786,0.0476,0.0476,resident,0.0297,1.0,1.0,365.0,2.97,0.019392770893264116,rare,1.9392770893264115,rare,peak_abundance_with_occupancy_days_modifiers,0.0297
arcter,US,0.0453557017207972,0.0464,0.0464,breeding,0.0371,0.0852,0.0592,42.0,3.71,0.018914796753348857,rare,1.8914796753348857,rare,peak_abundance_with_occupancy_days_modifiers,0.0371
norwat,US,0.04487775877808546,0.021625000000000002,0.0459,prebreeding_migration,0.3816,0.3568,0.2262,147.0,38.16,0.018715479064985458,rare,1.8715479064985459,,peak_abundance_with_occupancy_days_modifiers,0.3816
woosto,US,0.04439958729668442,0.018725000000000002,0.0454,breeding,0.0289,0.0656,0.1703,161.0,2.8899999999999997,0.01851606606858593,rare,1.851606606858593,rare,peak_abundance_with_occupancy_days_modifiers,0.0289
bongul,US,0.044208254664320365,0.034075,0.0452,prebreeding_migration,0.0408,0.7246,0.8271,154.0,4.08,0.018436274163353576,rare,1.8436274163353576,rare,peak_abundance_with_occupancy_days_modifiers,0.0408
wilfly,US,0.04411257461832096,0.02125,0.0451,breeding,0.2643,0.871,0.8871,98.0,26.43,0.018396372484958862,rare,1.8396372484958863,,peak_abundance_with_occupancy_days_modifiers,0.2643
gryjay,US,0.04401688541677432,0.045,0.045,resident,0.1115,0.1621,0.161,365.0,11.15,0.018356466988404402,rare,1.8356466988404403,,peak_abundance_with_occupancy_days_modifiers,0.1115
whwsco2,US,0.04401688541677432,0.033299999999999996,0.045,postbreeding_migration,0.0506,0.7545,0.8057,161.0,5.06,0.018356466988404402,rare,1.8356466988404403,,peak_abundance_with_occupancy_days_modifiers,0.0506
hoowar,US,0.04401688541677432,0.025224999999999997,0.045,breeding,0.0979,0.9983,0.9994,98.0,9.790000000000001,0.018356466988404402,rare,1.8356466988404403,,peak_abundance_with_occupancy_days_modifiers,0.0979
botgra,US,0.04392118705792815,0.0449,0.0449,resident,0.0116,0.9999,1.0,365.0,1.16,0.018316557672959404,rare,1.8316557672959404,rare,peak_abundance_with_occupancy_days_modifiers,0.0116
gamqua,US,0.04392118705792815,0.0449,0.0449,resident,0.0311,0.6147,0.6991,365.0,3.11,0.018316557672959404,rare,1.8316557672959404,rare,peak_abundance_with_occupancy_days_modifiers,0.0311
blkter,US,0.04353830201448342,0.0259,0.0445,postbreeding_migration,0.0651,0.1464,0.2742,98.0,6.510000000000001,0.018156882207651097,rare,1.8156882207651097,,peak_abundance_with_occupancy_days_modifiers,0.0651
ftspet,US,0.0427113706862167,0.03858941270744573,0.0436366272518111,postbreeding_migration,0.0257216615464781,0.0173629897789538,0.0057674730896108,105.0,2.57216615464781,0.017812025058280428,rare,1.7812025058280427,rare,peak_abundance_with_occupancy_days_modifiers,0.0257216615464781
brncre,US,0.0424846116061553,0.0345,0.0434,nonbreeding,0.3794,0.7267,0.7549,119.0,37.940000000000005,0.017717459176845276,rare,1.7717459176845276,,peak_abundance_with_occupancy_days_modifiers,0.3794
palwar,US,0.04200529414503013,0.02935,0.0429,postbreeding_migration,0.2819,0.7291,0.6498,154.0,28.189999999999998,0.01751756826978078,rare,1.7517568269780779,,peak_abundance_with_occupancy_days_modifiers,0.2819
leafly,US,0.04190940307720961,0.024625,0.0428,breeding,0.1404,0.442,0.346,112.0,14.04,0.01747757858845137,rare,1.7477578588451372,,peak_abundance_with_occupancy_days_modifiers,0.1404
varthr,US,0.04162167469081946,0.02835,0.0425,prebreeding_migration,0.1215,0.7682,0.7972,112.0,12.15,0.017357586531394457,rare,1.7357586531394458,,peak_abundance_with_occupancy_days_modifiers,0.1215
bawwar,US,0.04094998632895411,0.026525,0.0418,breeding,0.1369,0.4367,0.5013,126.0,13.69,0.017077470727553952,rare,1.7077470727553952,,peak_abundance_with_occupancy_days_modifiers,0.1369
casspa,US,0.04085399400826605,0.018425,0.0417,breeding,0.0962,0.726,0.8214,112.0,9.62,0.01703743882049905,rare,1.703743882049905,,peak_abundance_with_occupancy_days_modifiers,0.0962
casfin,US,0.04056596174666165,0.0325,0.0414,prebreeding_migration,0.1017,0.9297,0.9776,98.0,10.17,0.016917320037634843,rare,1.6917320037634842,,peak_abundance_with_occupancy_days_modifiers,0.1017
goleag,US,0.04027784649857016,0.026125,0.0411,prebreeding_migration,0.3929,0.2463,0.3396,119.0,39.290000000000006,0.016797166646717387,rare,1.6797166646717387,,peak_abundance_with_occupancy_days_modifiers,0.3929
robgro,US,0.03998964821615847,0.02475,0.0408,breeding,0.1608,0.5661,0.6931,126.0,16.08,0.016676978627798888,rare,1.6676978627798889,,peak_abundance_with_occupancy_days_modifiers,0.1608
marwre,US,0.039797469874066085,0.024274999999999998,0.0406,breeding,0.0638,0.861,0.813,126.0,6.38,0.016596834034216166,rare,1.6596834034216166,,peak_abundance_with_occupancy_days_modifiers,0.0638
greshe,US,0.03935880315974824,0.03087852133868035,0.040143623522984,nonbreeding,0.0190256335529503,0.0027590018328712,0.0005796537243447352,77.0,1.90256335529503,0.01641389580530597,rare,1.641389580530597,rare,peak_abundance_with_occupancy_days_modifiers,0.0190256335529503
rocwre,US,0.038643623592204426,0.0266,0.0394,breeding,0.1673,0.7769,0.8786,112.0,16.73,0.016115642759955476,rare,1.6115642759955477,,peak_abundance_with_occupancy_days_modifiers,0.1673
bbwduc,US,0.03854740961223893,0.030050000000000004,0.0393,breeding,0.0404,0.095,0.0714,161.0,4.04,0.016075518413801934,rare,1.6075518413801935,rare,peak_abundance_with_occupancy_days_modifiers,0.0404
lesnig,US,0.03816246109434891,0.01575,0.0389,breeding,0.0603,0.2902,0.4496,140.0,6.03,0.015914982412811064,rare,1.5914982412811065,,peak_abundance_with_occupancy_days_modifiers,0.0603
yebsap,US,0.03816246109434891,0.02725,0.0389,nonbreeding,0.2489,0.7339,0.914,112.0,24.89,0.015914982412811064,rare,1.5914982412811065,,peak_abundance_with_occupancy_days_modifiers,0.2489
saypho,US,0.03796993125162867,0.0284,0.0387,breeding,0.2713,0.6869,0.7482,126.0,27.13,0.01583469123208091,rare,1.583469123208091,,peak_abundance_with_occupancy_days_modifiers,0.2713
baisan,US,0.03787365242808152,0.014400000000000001,0.0386,postbreeding_migration,0.1123,0.288,0.1207,119.0,11.23,0.015794539844053535,rare,1.5794539844053535,,peak_abundance_with_occupancy_days_modifiers,0.1123
logshr,US,0.03739211921706267,0.034324999999999994,0.0381,postbreeding_migration,0.3229,0.7308,0.6683,133.0,32.29,0.015593724897512167,rare,1.5593724897512167,,peak_abundance_with_occupancy_days_modifiers,0.3229
gocspa,US,0.03681397312271631,0.0347,0.0375,nonbreeding,0.0278,0.9529,0.984,119.0,2.78,0.015352619249194347,rare,1.5352619249194348,rare,peak_abundance_with_occupancy_days_modifiers,0.0278
veery,US,0.036717582935162765,0.014475000000000002,0.0374,breeding,0.0937,0.5848,0.541,77.0,9.370000000000001,0.015312421418769066,rare,1.5312421418769067,,peak_abundance_with_occupancy_days_modifiers,0.0937
sander,US,0.036524774682372266,0.032766666666666666,0.0372,postbreeding_migration,0.0156,0.1116,0.2447,77.0,1.5599999999999998,0.015232014132021432,rare,1.5232014132021432,rare,peak_abundance_with_occupancy_days_modifiers,0.0156
macwar,US,0.036331929247390274,0.019549999999999998,0.037,breeding,0.0861,0.5814,0.6079,112.0,8.61,0.015151591339095652,rare,1.5151591339095651,,peak_abundance_with_occupancy_days_modifiers,0.0861
cavswa,US,0.03623549258209542,0.0194,0.0369,postbreeding_migration,0.0612,0.5487,0.5207,133.0,6.12,0.015111374125946762,rare,1.5111374125946762,,peak_abundance_with_occupancy_days_modifiers,0.0612
shtgro,US,0.035946126773469124,0.0366,0.0366,resident,0.0739,0.5057,0.6129,365.0,7.39,0.01499069921077894,rare,1.4990699210778942,,peak_abundance_with_occupancy_days_modifiers,0.0739
rebmer,US,0.03556017539855087,0.0291,0.0362,nonbreeding,0.014,0.3134,0.263,42.0,1.4000000000000001,0.014829744985923321,rare,1.482974498592332,rare,peak_abundance_with_occupancy_days_modifiers,0.014
clanut,US,0.03556017539855087,0.0362,0.0362,resident,0.0684,0.7467,0.8007,365.0,6.84,0.014829744985923321,rare,1.482974498592332,,peak_abundance_with_occupancy_days_modifiers,0.0684
gycthr,US,0.03546366427556904,0.0141,0.0361,breeding,0.1074,0.7026,0.8027,84.0,10.74,0.014789496721507176,rare,1.4789496721507176,,peak_abundance_with_occupancy_days_modifiers,0.1074
chswar,US,0.03478782548566393,0.017575,0.0354,breeding,0.0674,0.5707,0.558,91.0,6.74,0.014507650054735808,rare,1.4507650054735808,,peak_abundance_with_occupancy_days_modifiers,0.0674
yetvir,US,0.03449804040756744,0.0187,0.0351,breeding,0.228,0.9462,0.9734,91.0,22.8,0.014386800290618094,rare,1.4386800290618094,,peak_abundance_with_occupancy_days_modifiers,0.228
chbchi,US,0.03449804040756744,0.0351,0.0351,resident,0.0328,0.6368,0.6558,365.0,3.2800000000000002,0.014386800290618094,rare,1.4386800290618094,rare,peak_abundance_with_occupancy_days_modifiers,0.0328
scatan,US,0.03391821820346067,0.018266666666666667,0.0345,breeding,0.1494,0.7655,0.9017,84.0,14.940000000000001,0.014144995650238594,rare,1.4144995650238594,,peak_abundance_with_occupancy_days_modifiers,0.1494
belkin1,US,0.03382154847551067,0.023375,0.0344,postbreeding_migration,0.47,0.8089,0.8056,154.0,47.0,0.014104681242413281,rare,1.4104681242413282,,peak_abundance_with_occupancy_days_modifiers,0.47
naswar,US,0.033724869401620894,0.020624999999999998,0.0343,breeding,0.0781,0.6038,0.3597,154.0,7.8100000000000005,0.01406436293702835,rare,1.406436293702835,,peak_abundance_with_occupancy_days_modifiers,0.0781
batpig1,US,0.0329511001396859,0.022675,0.0335,postbreeding_migration,0.0354,0.2851,0.4523,112.0,3.54,0.01374167609131306,rare,1.374167609131306,rare,peak_abundance_with_occupancy_days_modifiers,0.0354
sposan,US,0.03275756423817219,0.022225,0.0333,postbreeding_migration,0.348,0.298,0.2716,154.0,34.8,0.01366096535147836,rare,1.366096535147836,,peak_abundance_with_occupancy_days_modifiers,0.348
rolhaw,US,0.032660782239548374,0.01505,0.0332,nonbreeding,0.2833,,,,28.33,0.013620604123145367,rare,1.3620604123145368,,peak_abundance_with_occupancy_days_modifiers,0.2833
sedwre,US,0.03169244673248972,0.019274999999999997,0.0322,breeding,0.08,0.9873,0.995,147.0,8.0,0.013216776850935733,rare,1.3216776850935732,,peak_abundance_with_occupancy_days_modifiers,0.08
sedwre1,US,0.03169244673248972,0.019274999999999997,0.0322,breeding,0.08,0.9873,0.995,147.0,8.0,0.013216776850935733,rare,1.3216776850935732,,peak_abundance_with_occupancy_days_modifiers,0.08
margod,US,0.03149866705937099,0.017925,0.032,postbreeding_migration,0.0505,0.5671,0.4175,140.0,5.050000000000001,0.013135964450445627,rare,1.3135964450445627,,peak_abundance_with_occupancy_days_modifiers,0.0505
leater1,US,0.030820142339886263,0.016366666666666665,0.0313,breeding,0.012,0.554,0.6759,70.0,1.2,0.012852997664038477,rare,1.2852997664038477,rare,peak_abundance_with_occupancy_days_modifiers,0.012
empgoo,US,0.03072317264284058,0.015050000000000001,0.0312,postbreeding_migration,0.0038,0.2113,0.2675,7.0,0.38,0.012812558159383744,very_rare,1.2812558159383745,very_rare,peak_abundance_with_occupancy_days_modifiers,0.0038
uplsan,US,0.03072317264284058,0.0247,0.0312,postbreeding_migration,0.2189,0.7379,0.8159,105.0,21.89,0.012812558159383744,rare,1.2812558159383745,,peak_abundance_with_occupancy_days_modifiers,0.2189
wesgre,US,0.030529205034822874,0.020325000000000003,0.031,postbreeding_migration,0.0112,0.732,0.8174,140.0,1.1199999999999999,0.01273166738395329,rare,1.273166738395329,rare,peak_abundance_with_occupancy_days_modifiers,0.0112
grnher,US,0.030529205034822874,0.012999999999999998,0.031,breeding,0.2406,0.7913,0.614,119.0,24.060000000000002,0.01273166738395329,rare,1.273166738395329,,peak_abundance_with_occupancy_days_modifiers,0.2406
whtswi,US,0.030335199796072947,0.02085,0.0308,breeding,0.0811,0.5863,0.5947,112.0,8.110000000000001,0.012650760915288583,rare,1.2650760915288584,,peak_abundance_with_occupancy_days_modifiers,0.0811
pibgre,US,0.029752958149347798,0.0223,0.0302,postbreeding_migration,0.1525,0.3561,0.5699,168.0,15.25,0.01240794728896803,rare,1.240794728896803,,peak_abundance_with_occupancy_days_modifiers,0.1525
blkski,US,0.0295588022415444,0.021475,0.03,breeding,0.0036,0.0412,0.4523,91.0,0.36,0.012326977986427646,very_rare,1.2326977986427645,very_rare,peak_abundance_with_occupancy_days_modifiers,0.0036
willet1,US,0.029364608629903935,0.020749999999999998,0.0298,breeding,0.0513,0.5526,0.5089,147.0,5.13,0.012245992960165918,rare,1.224599296016592,,peak_abundance_with_occupancy_days_modifiers,0.0513
saggro,US,0.028976108236517098,0.0294,0.0294,resident,0.0548,0.9997,0.9997,365.0,5.48,0.012083975712042562,rare,1.2083975712042563,,peak_abundance_with_occupancy_days_modifiers,0.0548
prawar,US,0.028684633859908954,0.01435,0.0291,breeding,0.1045,0.9987,0.9986,133.0,10.45,0.0119624214557267,rare,1.19624214557267,,peak_abundance_with_occupancy_days_modifiers,0.1045
dusfly,US,0.028295869154847303,0.0188,0.0287,breeding,0.0914,0.6637,0.7761,105.0,9.139999999999999,0.011800293981073517,rare,1.1800293981073517,,peak_abundance_with_occupancy_days_modifiers,0.0914
vauswi,US,0.02810143011087481,0.010775,0.0285,postbreeding_migration,0.0576,0.3949,0.4338,84.0,5.76,0.011719206601579431,rare,1.171920660157943,,peak_abundance_with_occupancy_days_modifiers,0.0576
bkbplo,US,0.028004196409597365,0.01645,0.0284,prebreeding_migration,0.0551,0.2855,0.1662,140.0,5.510000000000001,0.011678656998608672,rare,1.1678656998608672,,peak_abundance_with_occupancy_days_modifiers,0.0551
wesgul,US,0.027906953253007873,0.0283,0.0283,resident,0.0018,0.4333,0.5019,365.0,0.18,0.01163810345246652,very_rare,1.163810345246652,very_rare,peak_abundance_with_occupancy_days_modifiers,0.0018
gnttow,US,0.02780970063926723,0.01915,0.0282,breeding,0.066,1.0,1.0,133.0,6.6000000000000005,0.011597545962386005,rare,1.1597545962386004,,peak_abundance_with_occupancy_days_modifiers,0.066
cintea,US,0.027712438566535786,0.013774999999999999,0.0281,prebreeding_migration,0.0339,0.3498,0.535,154.0,3.39,0.011556984527599937,rare,1.1556984527599936,rare,peak_abundance_with_occupancy_days_modifiers,0.0339
prowar,US,0.027712438566535786,0.010350000000000002,0.0281,breeding,0.0913,0.9997,1.0,98.0,9.13,0.011556984527599937,rare,1.1556984527599936,,peak_abundance_with_occupancy_days_modifiers,0.0913
yetwar,US,0.027615167032973367,0.012975,0.028,breeding,0.1214,0.9998,1.0,119.0,12.139999999999999,0.0115164191473409,rare,1.15164191473409,,peak_abundance_with_occupancy_days_modifiers,0.1214
cowscj1,US,0.02742059557599217,0.0278,0.0278,resident,0.02,0.7427,0.8414,365.0,2.0,0.011435276547333144,rare,1.1435276547333144,rare,peak_abundance_with_occupancy_days_modifiers,0.02
miskit,US,0.027225986253591457,0.017033333333333334,0.0276,breeding,0.1071,0.9999,1.0,70.0,10.71,0.01135411815621893,rare,1.135411815621893,,peak_abundance_with_occupancy_days_modifiers,0.1071
bkchum,US,0.027225986253591457,0.0131,0.0276,breeding,0.094,0.7366,0.7445,119.0,9.4,0.01135411815621893,rare,1.135411815621893,,peak_abundance_with_occupancy_days_modifiers,0.094
piggui,US,0.02703133905103043,0.01185,0.0274,breeding,0.0128,0.3586,0.5394,84.0,1.28,0.011272943967850873,rare,1.1272943967850872,rare,peak_abundance_with_occupancy_days_modifiers,0.0128
bohwax,US,0.026836653953559674,0.014175,0.0272,postbreeding_migration,0.0924,0.0197,0.0158,35.0,9.24,0.011191753976077901,rare,1.11917539760779,,peak_abundance_with_occupancy_days_modifiers,0.0924
brthum,US,0.026544555222112288,0.012575000000000001,0.0269,breeding,0.0606,0.8082,0.9219,105.0,6.0600000000000005,0.011069939343570421,rare,1.106993934357042,,peak_abundance_with_occupancy_days_modifiers,0.0606
verdin,US,0.026447170014848292,0.0268,0.0268,resident,0.0531,0.3921,0.4191,365.0,5.3100000000000005,0.011029326557695776,rare,1.1029326557695776,,peak_abundance_with_occupancy_days_modifiers,0.0531
magwar,US,0.026252371144065742,0.012325,0.0266,postbreeding_migration,0.2988,0.4827,0.397,105.0,29.880000000000003,0.010948089118766595,rare,1.0948089118766595,,peak_abundance_with_occupancy_days_modifiers,0.2988
lobcur,US,0.02586265952572737,0.0208,0.0262,prebreeding_migration,0.1021,0.7398,0.8,154.0,10.209999999999999,0.010785566750605149,rare,1.078556675060515,,peak_abundance_with_occupancy_days_modifiers,0.1021
btnwar,US,0.02566774674857779,0.016975,0.026,breeding,0.0591,0.5515,0.4714,126.0,5.91,0.010704281809031328,rare,1.0704281809031329,,peak_abundance_with_occupancy_days_modifiers,0.0591
redava,US,0.025447615103025505,0.0257741697887633,0.0257741697887633,resident,0.059347181008902,0.0006873155907722973,0.0005274606713369728,0.0,5.9347181008902,0.010612479782458467,very_rare,1.0612479782458468,very_rare,peak_abundance_with_occupancy_days_modifiers,0.059347181008902
brdowl,US,0.025082780367463153,0.0254,0.0254,resident,0.2186,0.6443,0.8401,365.0,21.86,0.01046033188021233,rare,1.046033188021233,,peak_abundance_with_occupancy_days_modifiers,0.2186
scaqua,US,0.024887715507778994,0.0252,0.0252,resident,0.0334,0.4358,0.4809,365.0,3.34,0.010378983515295329,rare,1.0378983515295328,rare,peak_abundance_with_occupancy_days_modifiers,0.0334
acowoo,US,0.024497471600387438,0.0248,0.0248,resident,0.0166,0.2632,0.4419,365.0,1.66,0.010216239165357105,rare,1.0216239165357104,rare,peak_abundance_with_occupancy_days_modifiers,0.0166
borchi2,US,0.024497471600387438,0.0248,0.0248,resident,0.065,0.1163,0.1554,365.0,6.5,0.010216239165357105,rare,1.0216239165357104,,peak_abundance_with_occupancy_days_modifiers,0.065
blkpho,US,0.024399886823535173,0.019125,0.0247,postbreeding_migration,0.0567,0.2532,0.4173,112.0,5.67,0.010175543152499808,rare,1.0175543152499809,,peak_abundance_with_occupancy_days_modifiers,0.0567
bkpwar,US,0.024399886823535173,0.014175,0.0247,prebreeding_migration,0.3136,0.3393,0.2128,119.0,31.36,0.010175543152499808,rare,1.0175543152499809,,peak_abundance_with_occupancy_days_modifiers,0.3136
pelcor,US,0.024107075343233128,0.0244,0.0244,resident,0.0101,0.2912,0.198,365.0,1.01,0.010053431280632984,rare,1.0053431280632983,rare,peak_abundance_with_occupancy_days_modifiers,0.0101
lucwar,US,0.023911820046312877,0.009349999999999999,0.0242,breeding,0.031,0.6293,0.6389,112.0,3.1,0.00997200349722009,rare,0.997200349722009,rare,peak_abundance_with_occupancy_days_modifiers,0.031
layalb,US,0.023822812961483673,0.0147200333012756,0.0241088430005875,nonbreeding,0.0131385093561073,0.0085701512857766,0.0032528528700551,154.0,1.31385093561073,0.009934884659780098,rare,0.9934884659780099,rare,peak_abundance_with_occupancy_days_modifiers,0.0131385093561073
hoomer,US,0.02332582530349669,0.01695,0.0236,nonbreeding,0.0423,0.913,0.9533,119.0,4.2299999999999995,0.009727624708261448,rare,0.9727624708261449,rare,peak_abundance_with_occupancy_days_modifiers,0.0423
labwoo,US,0.02332582530349669,0.0236,0.0236,resident,0.0845,0.3463,0.4228,365.0,8.450000000000001,0.009727624708261448,rare,0.9727624708261449,,peak_abundance_with_occupancy_days_modifiers,0.0845
marmur,US,0.023228126119207167,0.0235,0.0235,resident,0.0087,0.7118,0.7641,365.0,0.8699999999999999,0.009686880983796994,very_rare,0.9686880983796994,very_rare,peak_abundance_with_occupancy_days_modifiers,0.0087
bkvshe,US,0.02264173048082465,0.0181,0.0229,nonbreeding,0.0006,0.008,0.009,0.0,0.06,0.009442335008401522,very_rare,0.9442335008401522,very_rare,peak_abundance_with_occupancy_days_modifiers,0.0006
wooscj2,US,0.02264173048082465,0.0229,0.0229,resident,0.052,0.79,0.8626,365.0,5.2,0.009442335008401522,rare,0.9442335008401522,,peak_abundance_with_occupancy_days_modifiers,0.052
semplo,US,0.022543964434894502,0.016025,0.0228,prebreeding_migration,0.1009,0.2742,0.2478,161.0,10.09,0.009401563400467184,rare,0.9401563400467183,,peak_abundance_with_occupancy_days_modifiers,0.1009
mcclon,US,0.022446188829830054,0.013725000000000001,0.0227,nonbreeding,0.0306,0.8384,0.9505,119.0,3.06,0.009360787806064207,rare,0.9360787806064207,rare,peak_abundance_with_occupancy_days_modifiers,0.0306
rocsan,US,0.022446188829830054,0.012133333333333335,0.0227,postbreeding_migration,0.008,0.9311,0.995,91.0,0.8,0.009360787806064207,very_rare,0.9360787806064207,very_rare,peak_abundance_with_occupancy_days_modifiers,0.008
pacloo,US,0.022250608934819758,0.01505,0.0225,prebreeding_migration,0.0314,0.5104,0.3631,154.0,3.1399999999999997,0.00927922465473357,rare,0.927922465473357,rare,peak_abundance_with_occupancy_days_modifiers,0.0314
sagthr,US,0.022152804641133304,0.016149999999999998,0.0224,postbreeding_migration,0.1766,0.9998,1.0,105.0,17.66,0.009238437096245954,rare,0.9238437096245954,,peak_abundance_with_occupancy_days_modifiers,0.1766
tenwar,US,0.022152804641133304,0.010775,0.0224,postbreeding_migration,0.2805,0.3815,0.2075,140.0,28.050000000000004,0.009238437096245954,rare,0.9238437096245954,,peak_abundance_with_occupancy_days_modifiers,0.2805
winwre3,US,0.022152804641133304,0.013075,0.0224,nonbreeding,0.2407,0.9813,0.996,105.0,24.07,0.009238437096245954,rare,0.9238437096245954,,peak_abundance_with_occupancy_days_modifiers,0.2407
coohaw,US,0.02185933435289352,0.0129,0.0221,postbreeding_migration,0.5672,0.7992,0.7253,112.0,56.720000000000006,0.009116050480129367,rare,0.9116050480129367,,peak_abundance_with_occupancy_days_modifiers,0.5672
pacwre1,US,0.02176149178151269,0.0203,0.022,prebreeding_migration,0.048,0.7923,0.7651,112.0,4.8,0.009075246958603327,rare,0.9075246958603327,rare,peak_abundance_with_occupancy_days_modifiers,0.048
shshaw,US,0.02176149178151269,0.010325,0.022,postbreeding_migration,0.7829,0.5704,0.5645,126.0,78.29,0.009075246958603327,rare,0.9075246958603327,,peak_abundance_with_occupancy_days_modifiers,0.7829
sheowl,US,0.021565777914560547,0.008675,0.0218,nonbreeding,0.167,,,,16.7,0.008993627936633396,rare,0.8993627936633396,,peak_abundance_with_occupancy_days_modifiers,0.167
caskin,US,0.021272135275539696,0.009825,0.0215,breeding,0.0722,0.4986,0.3585,133.0,7.22,0.008871169444658418,rare,0.8871169444658418,,peak_abundance_with_occupancy_days_modifiers,0.0722
gubter2,US,0.021225944164563592,0.01135228429229785,0.0214528168698669,breeding,0.0225197545620641,0.0480802798512812,0.0632144601544864,140.0,2.25197545620641,0.008851906255185477,rare,0.8851906255185477,rare,peak_abundance_with_occupancy_days_modifiers,0.0225197545620641
buhvir,US,0.020782539182528505,0.0178,0.021,breeding,0.0732,0.7111,0.658,133.0,7.32,0.008666992015157925,rare,0.8666992015157925,,peak_abundance_with_occupancy_days_modifiers,0.0732
blctit4,US,0.019900661706336167,0.0201,0.0201,resident,0.0277,0.7106,0.817,365.0,2.77,0.008299220542318296,rare,0.8299220542318295,rare,peak_abundance_with_occupancy_days_modifiers,0.0277
towwar,US,0.019802627296179712,0.0133,0.02,prebreeding_migration,0.1393,0.5942,0.442,112.0,13.930000000000001,0.008258337017808889,rare,0.8258337017808889,,peak_abundance_with_occupancy_days_modifiers,0.1393
shbdow,US,0.019802627296179712,0.012425,0.02,prebreeding_migration,0.0561,0.547,0.5395,147.0,5.609999999999999,0.008258337017808889,rare,0.8258337017808889,,peak_abundance_with_occupancy_days_modifiers,0.0561
compoo,US,0.019704583274335403,0.009275,0.0199,breeding,0.1667,0.783,0.697,84.0,16.669999999999998,0.00821744948491431,rare,0.821744948491431,,peak_abundance_with_occupancy_days_modifiers,0.1667
bargol,US,0.019704583274335403,0.012125,0.0199,prebreeding_migration,0.0199,0.5931,0.4603,112.0,1.9900000000000002,0.00821744948491431,rare,0.821744948491431,rare,peak_abundance_with_occupancy_days_modifiers,0.0199
cacwre,US,0.01960652963891831,0.0198,0.0198,resident,0.0462,0.3828,0.3184,365.0,4.62,0.008176557942848484,rare,0.8176557942848485,rare,peak_abundance_with_occupancy_days_modifiers,0.0462
kenwar,US,0.01960652963891831,0.008575000000000001,0.0198,breeding,0.1069,1.0,1.0,84.0,10.69,0.008176557942848484,rare,0.8176557942848485,,peak_abundance_with_occupancy_days_modifiers,0.1069
bnhnut,US,0.019312311032372815,0.0195,0.0195,resident,0.046,1.0,1.0,365.0,4.6,0.00805385925375932,rare,0.8053859253759321,rare,peak_abundance_with_occupancy_days_modifiers,0.046
elfowl,US,0.019124758504493723,0.0193088081276472,0.0193088081276472,breeding,0.0766796748230879,0.67512103834168,0.6044298414912604,35.0,7.667967482308791,0.00797564377454018,rare,0.797564377454018,,peak_abundance_with_occupancy_days_modifiers,0.0766796748230879
chirav,US,0.01911611719223005,0.0193,0.0193,resident,0.0514,0.6517,0.6308,365.0,5.140000000000001,0.007972040067421885,rare,0.7972040067421885,,peak_abundance_with_occupancy_days_modifiers,0.0514
forter,US,0.019018005835761846,0.018099999999999998,0.0192,postbreeding_migration,0.0175,0.7763,0.7983,147.0,1.7500000000000002,0.007931124453808077,rare,0.7931124453808077,rare,peak_abundance_with_occupancy_days_modifiers,0.0175
pygnut,US,0.01882175424058776,0.019,0.019,resident,0.0203,0.7025,0.863,365.0,2.03,0.007849281181751724,rare,0.7849281181751724,rare,peak_abundance_with_occupancy_days_modifiers,0.0203
wispet,US,0.01793997029066072,0.0181018581967331,0.0181018581967331,nonbreeding,0.0157192829913729,0.0024162663526975,0.0008593635392317859,119.0,1.5719282991372903,0.007481548712394193,rare,0.7481548712394194,rare,peak_abundance_with_occupancy_days_modifiers,0.0157192829913729
bracor,US,0.017938145131012995,0.0181,0.0181,resident,0.0013,0.0375,0.0742,365.0,0.13,0.007480787561701551,very_rare,0.7480787561701551,very_rare,peak_abundance_with_occupancy_days_modifiers,0.0013
bcrfin,US,0.017938145131012995,0.00935,0.0181,nonbreeding,0.007,1.0,1.0,91.0,0.7000000000000001,0.007480787561701551,very_rare,0.7480787561701551,very_rare,peak_abundance_with_occupancy_days_modifiers,0.007
kineid,US,0.017741681476157102,0.00795,0.0179,postbreeding_migration,0.0085,0.0333,0.0151,42.0,0.8500000000000001,0.0073988558538890595,very_rare,0.7398855853889059,very_rare,peak_abundance_with_occupancy_days_modifiers,0.0085
louwat,US,0.017446913603720648,0.008775000000000002,0.0176,breeding,0.1173,0.9998,0.9999,105.0,11.73,0.007275928103131861,rare,0.7275928103131861,,peak_abundance_with_occupancy_days_modifiers,0.1173
comgal1,US,0.017446913603720648,0.01505,0.0176,postbreeding_migration,0.0263,0.0708,0.104,126.0,2.63,0.007275928103131861,rare,0.7275928103131861,rare,peak_abundance_with_occupancy_days_modifiers,0.0263
olsfly,US,0.017250353406527592,0.009600000000000001,0.0174,breeding,0.1342,0.4484,0.4379,91.0,13.420000000000002,0.00719395613403763,rare,0.7193956134037629,,peak_abundance_with_occupancy_days_modifiers,0.1342
annhum,US,0.017250353406527592,0.016425000000000002,0.0174,nonbreeding,0.0315,0.8923,0.9257,140.0,3.15,0.00719395613403763,rare,0.7193956134037629,rare,peak_abundance_with_occupancy_days_modifiers,0.0315
sagspa1,US,0.017053754565827518,0.012175,0.0172,nonbreeding,0.0483,1.0,1.0,133.0,4.83,0.007111968049349252,rare,0.7111968049349252,rare,peak_abundance_with_occupancy_days_modifiers,0.0483
amewoo,US,0.01646372603066508,0.006,0.0166,prebreeding_migration,0.2624,1.0,1.0,126.0,26.240000000000002,0.006865907038321851,rare,0.6865907038321851,,peak_abundance_with_occupancy_days_modifiers,0.2624
casauk,US,0.01642578693070589,0.010118625760606776,0.0165614318426067,postbreeding_migration,0.0184642182319477,0.0462358135970514,0.0201688571433567,126.0,1.8464218231947702,0.006850085204737371,rare,0.6850085204737371,rare,peak_abundance_with_occupancy_days_modifiers,0.0184642182319477
bcnher,US,0.01626697246387197,0.00875,0.0164,breeding,0.062,0.0564,0.0319,112.0,6.2,0.006783854427840878,rare,0.6783854427840877,,peak_abundance_with_occupancy_days_modifiers,0.062
gbbgul,US,0.016168581161583706,0.0163,0.0163,resident,0.0041,0.0719,0.1241,365.0,0.41000000000000003,0.006742822067752263,very_rare,0.6742822067752263,very_rare,peak_abundance_with_occupancy_days_modifiers,0.0041
osprey,US,0.016070180177494467,0.011324999999999998,0.0162,breeding,0.0701,0.121,0.2346,147.0,7.01,0.006701785670039033,rare,0.6701785670039033,,peak_abundance_with_occupancy_days_modifiers,0.0701
pyrrhu,US,0.015774919115362215,0.0159,0.0159,resident,0.0412,0.4042,0.4578,365.0,4.12,0.00657865224320357,rare,0.657865224320357,rare,peak_abundance_with_occupancy_days_modifiers,0.0412
gryfly,US,0.01567647938500758,0.009625000000000002,0.0158,breeding,0.0781,0.9987,0.9995,126.0,7.8100000000000005,0.006537599687042624,rare,0.6537599687042625,,peak_abundance_with_occupancy_days_modifiers,0.0781
comloo,US,0.015085637418040853,0.013224999999999999,0.0152,postbreeding_migration,0.0722,0.5396,0.6407,119.0,7.22,0.006291199448604711,rare,0.6291199448604711,,peak_abundance_with_occupancy_days_modifiers,0.0722
ambduc,US,0.015085637418040853,0.006875000000000001,0.0152,nonbreeding,0.0083,0.7485,0.5652,147.0,0.83,0.006291199448604711,very_rare,0.6291199448604711,very_rare,peak_abundance_with_occupancy_days_modifiers,0.0083
wilpta,US,0.014987129808248345,0.0151,0.0151,breeding,0.0823,,,,8.23,0.0062501185845193685,rare,0.6250118584519369,,peak_abundance_with_occupancy_days_modifiers,0.0823
gofwoo,US,0.01479008547263543,0.0149,0.0149,resident,0.027,0.2085,0.1826,365.0,2.7,0.0061679447140221225,rare,0.6167944714022122,rare,peak_abundance_with_occupancy_days_modifiers,0.027
hamfly,US,0.014691548742989757,0.007825,0.0148,breeding,0.0729,0.6127,0.4813,105.0,7.290000000000001,0.006126851706014866,rare,0.6126851706014866,,peak_abundance_with_occupancy_days_modifiers,0.0729
bkbwar,US,0.01459300230290015,0.007350000000000001,0.0147,breeding,0.044,0.493,0.3036,105.0,4.3999999999999995,0.006085754648437957,rare,0.6085754648437957,rare,peak_abundance_with_occupancy_days_modifiers,0.044
btywar,US,0.014494446150452563,0.009425,0.0146,breeding,0.0715,0.91,0.9012,119.0,7.1499999999999995,0.006044653540493171,rare,0.6044653540493171,,peak_abundance_with_occupancy_days_modifiers,0.0715
bncfly,US,0.014395880283732383,0.00425,0.0145,breeding,0.032,0.0315,0.0796,70.0,3.2,0.006003548381382055,rare,0.6003548381382056,rare,peak_abundance_with_occupancy_days_modifiers,0.032
merlin,US,0.014297304700824425,0.00705,0.0144,postbreeding_migration,0.4494,,,,44.940000000000005,0.005962439170305915,rare,0.5962439170305915,,peak_abundance_with_occupancy_days_modifiers,0.4494
rufgro,US,0.014297304700824425,0.0144,0.0144,resident,0.0979,0.2317,0.1858,365.0,9.790000000000001,0.005962439170305915,rare,0.5962439170305915,,peak_abundance_with_occupancy_days_modifiers,0.0979
chwwid,US,0.014198719399812949,0.0070999999999999995,0.0143,breeding,0.098,0.9998,0.9999,91.0,9.8,0.005921325906465824,rare,0.5921325906465824,,peak_abundance_with_occupancy_days_modifiers,0.098
burowl,US,0.014100124378781637,0.0066749999999999995,0.0142,breeding,0.0997,0.1112,0.0987,112.0,9.969999999999999,0.005880208589062617,rare,0.5880208589062617,,peak_abundance_with_occupancy_days_modifiers,0.0997
caster1,US,0.014001519635813609,0.010525,0.0141,breeding,0.0166,0.1163,0.2103,126.0,1.66,0.005839087217296892,rare,0.5839087217296892,rare,peak_abundance_with_occupancy_days_modifiers,0.0166
solsan,US,0.013902905168991422,0.006675,0.014,postbreeding_migration,0.2869,0.1972,0.1464,154.0,28.689999999999998,0.005797961790369012,rare,0.5797961790369013,,peak_abundance_with_occupancy_days_modifiers,0.2869
plsvir,US,0.013902905168991422,0.0063750000000000005,0.014,breeding,0.06,0.5955,0.7494,84.0,6.0,0.005797961790369012,rare,0.5797961790369013,,peak_abundance_with_occupancy_days_modifiers,0.06
phaino,US,0.013804280976397056,0.0139,0.0139,resident,0.0285,0.3956,0.4556,365.0,2.85,0.005756832307479104,rare,0.5756832307479104,rare,peak_abundance_with_occupancy_days_modifiers,0.0285
anhing,US,0.013607003406216902,0.011774999999999999,0.0137,breeding,0.0411,0.071,0.2029,105.0,4.109999999999999,0.005674561170612519,rare,0.5674561170612519,rare,peak_abundance_with_occupancy_days_modifiers,0.0411
lotjae,US,0.013508350024792243,0.0136,0.0136,breeding,0.0537,0.0728,0.0484,56.0,5.37,0.0056334195150349094,rare,0.563341951503491,,peak_abundance_with_occupancy_days_modifiers,0.0537
rufhum,US,0.013311014059672338,0.006075,0.0134,postbreeding_migration,0.1506,0.5258,0.4618,126.0,15.06,0.005551124025586953,rare,0.5551124025586953,,peak_abundance_with_occupancy_days_modifiers,0.1506
gloibi,US,0.012817503710614431,0.0104,0.0129,postbreeding_migration,0.0164,,,,1.6400000000000001,0.00534531422452665,rare,0.534531422452665,rare,peak_abundance_with_occupancy_days_modifiers,0.0164
bkfalb,US,0.012763488277184012,0.007012243291838,0.0128452892451042,nonbreeding,0.0182274096802975,0.0100681184231004,0.0043661405041674,182.0,1.82274096802975,0.005322788039149426,rare,0.5322788039149426,rare,peak_abundance_with_occupancy_days_modifiers,0.0182274096802975
rosspo1,US,0.012718772407774689,0.0075250000000000004,0.0128,postbreeding_migration,0.0258,0.0713,0.1176,189.0,2.58,0.0053041400731949654,rare,0.5304140073194965,rare,peak_abundance_with_occupancy_days_modifiers,0.0258
rensap,US,0.012521280553671745,0.01,0.0126,postbreeding_migration,0.1775,0.7641,0.7691,98.0,17.75,0.005221779572991616,rare,0.5221779572991616,,peak_abundance_with_occupancy_days_modifiers,0.1775
caltow,US,0.012422519998557154,0.0125,0.0125,resident,0.0134,0.7191,0.7614,365.0,1.34,0.005180593222513795,rare,0.5180593222513795,rare,peak_abundance_with_occupancy_days_modifiers,0.0134
casvir,US,0.011928570865273802,0.00675,0.012,breeding,0.0471,0.6044,0.7031,126.0,4.71,0.004974600434218729,rare,0.4974600434218729,rare,peak_abundance_with_occupancy_days_modifiers,0.0471
cubthr,US,0.0118297517535772,0.0119,0.0119,resident,0.0399,0.3125,0.2662,365.0,3.9899999999999998,0.004933389663749479,rare,0.4933389663749479,rare,peak_abundance_with_occupancy_days_modifiers,0.0399
blktur,US,0.0118297517535772,0.0063750000000000005,0.0119,prebreeding_migration,0.0081,0.9545,0.9989,77.0,0.8099999999999999,0.004933389663749479,very_rare,0.4933389663749479,very_rare,peak_abundance_with_occupancy_days_modifiers,0.0081
verfly,US,0.011434377625663104,0.0075250000000000004,0.0115,breeding,0.0377,0.0635,0.0794,112.0,3.7699999999999996,0.004768505845678206,rare,0.47685058456782065,rare,peak_abundance_with_occupancy_days_modifiers,0.0377
lilmea2,US,0.011434377625663104,0.0095,0.0115,breeding,0.0301,0.5075,0.5365,98.0,3.01,0.004768505845678206,rare,0.47685058456782065,rare,peak_abundance_with_occupancy_days_modifiers,0.0301
asspet,US,0.011286417733472746,0.006769248833200049,0.011350349640448,nonbreeding,0.0082399285570739,0.0306909315237507,0.005327188361323,91.0,0.82399285570739,0.0047068017780031194,very_rare,0.47068017780031196,very_rare,peak_abundance_with_occupancy_days_modifiers,0.0082399285570739
oaktit,US,0.011236631925987681,0.0113,0.0113,resident,0.0102,0.8884,0.9623,365.0,1.02,0.0046860394836487134,rare,0.46860394836487135,rare,peak_abundance_with_occupancy_days_modifiers,0.0102
triher,US,0.011137744410455924,0.008075,0.0112,breeding,0.0156,0.4665,0.5907,196.0,1.5599999999999998,0.004644800186564507,rare,0.4644800186564507,rare,peak_abundance_with_occupancy_days_modifiers,0.0156
horgre,US,0.011137744410455924,0.008425,0.0112,nonbreeding,0.0119,,,,1.1900000000000002,0.004644800186564507,rare,0.4644800186564507,rare,peak_abundance_with_occupancy_days_modifiers,0.0119
norshr4,US,0.010841023177874857,0.00825,0.0109,nonbreeding,0.2538,,,,25.380000000000003,0.004521057821354797,rare,0.4521057821354797,,peak_abundance_with_occupancy_days_modifiers,0.2538
doveki,US,0.010602989885187944,0.005334587592014226,0.010659400780871,nonbreeding,0.0317956081018873,0.0091405858950386,0.001313454952745,63.0,3.17956081018873,0.0044217902280669855,rare,0.4421790228066986,rare,peak_abundance_with_occupancy_days_modifiers,0.0317956081018873
juntit1,US,0.010544213875671154,0.0106,0.0106,resident,0.0341,0.9975,0.9988,365.0,3.4099999999999997,0.004397278728259838,rare,0.4397278728259838,rare,peak_abundance_with_occupancy_days_modifiers,0.0341
cantow,US,0.010544213875671154,0.0106,0.0106,resident,0.0283,0.3012,0.2059,365.0,2.83,0.004397278728259838,rare,0.4397278728259838,rare,peak_abundance_with_occupancy_days_modifiers,0.0283
btbwar,US,0.010445257861538649,0.006,0.0105,breeding,0.0347,0.5482,0.4194,91.0,3.47,0.004356010865040352,rare,0.43560108650403523,rare,peak_abundance_with_occupancy_days_modifiers,0.0347
neocor,US,0.010445257861538649,0.0105,0.0105,resident,0.0055,0.0142,0.0164,365.0,0.5499999999999999,0.004356010865040352,very_rare,0.43560108650403523,very_rare,peak_abundance_with_occupancy_days_modifiers,0.0055
heegul,US,0.0103462920541443,0.005075,0.0104,nonbreeding,0.0015,0.333,0.4713,70.0,0.15,0.004314738917713461,very_rare,0.4314738917713461,very_rare,peak_abundance_with_occupancy_days_modifiers,0.0015
rudtur,US,0.0103462920541443,0.00655,0.0104,prebreeding_migration,0.0198,0.0489,0.0741,119.0,1.9800000000000002,0.004314738917713461,rare,0.4314738917713461,rare,peak_abundance_with_occupancy_days_modifiers,0.0198
hudgod,US,0.009950330853168083,0.002775,0.01,prebreeding_migration,0.0427,0.6354,0.5563,70.0,4.2700000000000005,0.0041496102711591504,very_rare,0.41496102711591504,rare,peak_abundance_with_occupancy_days_modifiers,0.0427
y00678,US,0.009950330853168083,0.01,0.01,resident,0.03,0.0257,0.0147,365.0,3.0,0.0041496102711591504,very_rare,0.41496102711591504,rare,peak_abundance_with_occupancy_days_modifiers,0.03
prafal,US,0.009851316050374183,0.006325000000000001,0.0099,nonbreeding,0.2524,0.9088,0.9316,133.0,25.240000000000002,0.0041083178911636145,very_rare,0.4108317891163614,,peak_abundance_with_occupancy_days_modifiers,0.2524
redkno,US,0.009851316050374183,0.0037500000000000003,0.0099,prebreeding_migration,0.01,,,,1.0,0.0041083178911636145,very_rare,0.4108317891163614,rare,peak_abundance_with_occupancy_days_modifiers,0.01
bktgna,US,0.009653257028138304,0.0097,0.0097,resident,0.0263,0.4015,0.4898,365.0,2.63,0.0040257208634774475,very_rare,0.4025720863477448,rare,peak_abundance_with_occupancy_days_modifiers,0.0263
ferhaw,US,0.009356094924024954,0.006075,0.0094,nonbreeding,0.133,0.9135,0.9604,133.0,13.3,0.00390179464055841,very_rare,0.390179464055841,,peak_abundance_with_occupancy_days_modifiers,0.133
gilwoo,US,0.009257021262676763,0.0093,0.0093,resident,0.0108,0.2576,0.2418,365.0,1.08,0.003860477714639222,very_rare,0.3860477714639222,rare,peak_abundance_with_occupancy_days_modifiers,0.0108
herwar,US,0.009257021262676763,0.004699999999999999,0.0093,breeding,0.0173,0.9997,1.0,105.0,1.73,0.003860477714639222,very_rare,0.3860477714639222,rare,peak_abundance_with_occupancy_days_modifiers,0.0173
sora,US,0.009157937784765629,0.006125,0.0092,postbreeding_migration,0.2163,0.5816,0.5207,126.0,21.63,0.0038191566948953147,very_rare,0.3819156694895315,,peak_abundance_with_occupancy_days_modifiers,0.2163
wrenti,US,0.008959741371471904,0.009,0.009,resident,0.0136,0.9056,0.8603,365.0,1.3599999999999999,0.003736502370687642,very_rare,0.3736502370687642,rare,peak_abundance_with_occupancy_days_modifiers,0.0136
scoori,US,0.008959741371471904,0.0036,0.009,breeding,0.0526,0.4308,0.3832,126.0,5.26,0.003736502370687642,very_rare,0.3736502370687642,,peak_abundance_with_occupancy_days_modifiers,0.0526
cogdov,US,0.00876150566857275,0.0088,0.0088,resident,0.0261,0.1068,0.0768,365.0,2.6100000000000003,0.0036538316614419504,very_rare,0.365383166144195,rare,peak_abundance_with_occupancy_days_modifiers,0.0261
belspa2,US,0.008563230660487873,0.005575,0.0086,nonbreeding,0.0169,0.9112,0.9791,147.0,1.69,0.003571144560660661,very_rare,0.3571144560660661,rare,peak_abundance_with_occupancy_days_modifiers,0.0169
pifshe,US,0.008005483977306034,0.004994404873447254,0.0080376135445119,prebreeding_migration,0.004521328892235,0.013339445848335,0.0047061050660576,112.0,0.45213288922350003,0.003338546127564436,very_rare,0.33385461275644357,very_rare,peak_abundance_with_occupancy_days_modifiers,0.004521328892235
parjae,US,0.007968169649176874,0.00595,0.008,breeding,0.0227,0.0959,0.0925,28.0,2.27,0.003322984844070332,very_rare,0.3322984844070332,rare,peak_abundance_with_occupancy_days_modifiers,0.0227
chukar,US,0.00786895837869518,0.0079,0.0079,resident,0.0206,0.0469,0.0212,365.0,2.06,0.0032816105306851177,very_rare,0.3281610530685118,rare,peak_abundance_with_occupancy_days_modifiers,0.0206
mouwar,US,0.007769737264360664,0.003533333333333333,0.0078,breeding,0.0423,0.2738,0.2663,70.0,4.2299999999999995,0.0032402321120944214,very_rare,0.32402321120944216,rare,peak_abundance_with_occupancy_days_modifiers,0.0423
bubsan,US,0.007769737264360664,0.0028250000000000003,0.0078,postbreeding_migration,0.0402,0.8504,0.9501,77.0,4.02,0.0032402321120944214,very_rare,0.32402321120944216,rare,peak_abundance_with_occupancy_days_modifiers,0.0402
rucspa,US,0.007670506304219701,0.0077,0.0077,resident,0.0255,0.3922,0.3906,365.0,2.55,0.0031988495874835155,very_rare,0.31988495874835154,rare,peak_abundance_with_occupancy_days_modifiers,0.0255
babwar,US,0.007472014838700995,0.00275,0.0075,postbreeding_migration,0.2056,0.4698,0.3895,126.0,20.560000000000002,0.0031160722169409553,very_rare,0.31160722169409555,,peak_abundance_with_occupancy_days_modifiers,0.2056
hooori,US,0.007472014838700995,0.0032249999999999996,0.0075,breeding,0.0312,0.3368,0.2261,91.0,3.1199999999999997,0.0031160722169409553,very_rare,0.31160722169409555,rare,peak_abundance_with_occupancy_days_modifiers,0.0312
rebsap,US,0.007372754329413085,0.004525,0.0074,breeding,0.0334,0.7805,0.8149,105.0,3.34,0.003074677369378634,very_rare,0.3074677369378634,rare,peak_abundance_with_occupancy_days_modifiers,0.0334
lecspa,US,0.007273483966498386,0.00285,0.0073,postbreeding_migration,0.113,1.0,1.0,105.0,11.3,0.0030332784125347693,very_rare,0.30332784125347695,,peak_abundance_with_occupancy_days_modifiers,0.113
bkrfin,US,0.007273483966498386,0.0035,0.0073,nonbreeding,0.0199,1.0,1.0,77.0,1.9900000000000002,0.0030332784125347693,very_rare,0.30332784125347695,rare,peak_abundance_with_occupancy_days_modifiers,0.0199
bkbcuc,US,0.007174203748000358,0.0032333333333333333,0.0072,breeding,0.1128,0.7223,0.7293,91.0,11.28,0.0029918753455934195,very_rare,0.29918753455934194,,peak_abundance_with_occupancy_days_modifiers,0.1128
tribla,US,0.00707491367196188,0.0071,0.0071,resident,0.0018,0.9905,0.987,365.0,0.18,0.002950468167738402,very_rare,0.2950468167738402,very_rare,peak_abundance_with_occupancy_days_modifiers,0.0018
woewar1,US,0.00707491367196188,0.0041,0.0071,breeding,0.054,1.0,1.0,91.0,5.4,0.002950468167738402,very_rare,0.2950468167738402,,peak_abundance_with_occupancy_days_modifiers,0.054
lewwoo,US,0.00707491367196188,0.004125,0.0071,postbreeding_migration,0.0689,0.9903,0.9928,147.0,6.890000000000001,0.002950468167738402,very_rare,0.2950468167738402,,peak_abundance_with_occupancy_days_modifiers,0.0689
easowl1,US,0.006975613736425242,0.007,0.007,resident,0.248,0.9737,0.9828,365.0,24.8,0.0029090568781531974,very_rare,0.2909056878153197,,peak_abundance_with_occupancy_days_modifiers,0.248
fuwduc,US,0.006975613736425242,0.0032749999999999997,0.007,breeding,0.0086,,,,0.86,0.0029090568781531974,very_rare,0.2909056878153197,very_rare,peak_abundance_with_occupancy_days_modifiers,0.0086
lawgol,US,0.006776984279023751,0.005375,0.0068,postbreeding_migration,0.0418,0.8672,0.8869,119.0,4.18,0.0028262219605257625,very_rare,0.28262219605257627,rare,peak_abundance_with_occupancy_days_modifiers,0.0418
smilon,US,0.006677654753240569,0.004525,0.0067,prebreeding_migration,0.0223,0.9999,0.9999,91.0,2.23,0.00278479833084937,very_rare,0.27847983308493696,rare,peak_abundance_with_occupancy_days_modifiers,0.0223
easwpw1,US,0.006677654753240569,0.0057,0.0067,breeding,0.0677,0.7553,0.8799,105.0,6.77,0.00278479833084937,very_rare,0.27847983308493696,,peak_abundance_with_occupancy_days_modifiers,0.0677
virwar,US,0.006677654753240569,0.003775,0.0067,breeding,0.0444,0.9701,0.9957,84.0,4.44,0.00278479833084937,very_rare,0.27847983308493696,rare,peak_abundance_with_occupancy_days_modifiers,0.0444
sprgro,US,0.006578315360122567,0.0066,0.0066,resident,0.0703,0.1467,0.1399,365.0,7.03,0.002743370586174741,very_rare,0.2743370586174741,,peak_abundance_with_occupancy_days_modifiers,0.0703
arcwar1,US,0.006578315360122567,0.0043,0.0066,breeding,0.0404,0.0349,0.0245,42.0,4.04,0.002743370586174741,very_rare,0.2743370586174741,rare,peak_abundance_with_occupancy_days_modifiers,0.0404
buwwar,US,0.006478966097709122,0.0034,0.0065,breeding,0.059,0.9657,0.9863,91.0,5.8999999999999995,0.002701938725684232,very_rare,0.2701938725684232,,peak_abundance_with_occupancy_days_modifiers,0.059
sabgul,US,0.006478966097709122,0.0048,0.0065,breeding,0.0074,0.1418,0.0974,14.0,0.74,0.002701938725684232,very_rare,0.2701938725684232,rare,peak_abundance_with_occupancy_days_modifiers,0.0074
retloo,US,0.006379606964039027,0.005675,0.0064,nonbreeding,0.0085,0.1168,0.4654,70.0,0.8500000000000001,0.002660502748559955,very_rare,0.26605027485599547,very_rare,peak_abundance_with_occupancy_days_modifiers,0.0085
canwre,US,0.006280237957150483,0.0063,0.0063,resident,0.0365,0.3577,0.2903,365.0,3.65,0.002619062653983778,very_rare,0.2619062653983778,rare,peak_abundance_with_occupancy_days_modifiers,0.0365
warwhe1,US,0.006180859075081115,0.0059,0.0062,nonbreeding,0.002,0.0464,0.0919,252.0,0.2,0.0025776184411373257,very_rare,0.2577618441137326,very_rare,peak_abundance_with_occupancy_days_modifiers,0.002
greroa,US,0.00608147031586796,0.0061,0.0061,resident,0.0683,0.4195,0.3441,365.0,6.83,0.002536170109201979,very_rare,0.2536170109201979,,peak_abundance_with_occupancy_days_modifiers,0.0683
commyn,US,0.00608147031586796,0.0061,0.0061,resident,0.0011,0.0018,0.0038,365.0,0.11,0.002536170109201979,very_rare,0.2536170109201979,very_rare,peak_abundance_with_occupancy_days_modifiers,0.0011
brocow,US,0.00608147031586796,0.0061,0.0061,resident,0.027,0.1249,0.0655,365.0,2.7,0.002536170109201979,very_rare,0.2536170109201979,rare,peak_abundance_with_occupancy_days_modifiers,0.027
rengre,US,0.005882663158155495,0.0041,0.0059,postbreeding_migration,0.0279,0.4297,0.4398,98.0,2.79,0.002453261084788902,very_rare,0.2453261084788902,rare,peak_abundance_with_occupancy_days_modifiers,0.0279
grnjay,US,0.005783244755727333,0.0058,0.0058,resident,0.0074,0.1232,0.2154,365.0,0.74,0.002411800390672712,very_rare,0.2411800390672712,very_rare,peak_abundance_with_occupancy_days_modifiers,0.0074
norgos,US,0.005783244755727333,0.0037749999999999997,0.0058,prebreeding_migration,0.2604,,,,26.040000000000003,0.002411800390672712,very_rare,0.2411800390672712,,peak_abundance_with_occupancy_days_modifiers,0.2604
canwar,US,0.005783244755727333,0.003533333333333333,0.0058,breeding,0.0394,0.4063,0.2741,77.0,3.94,0.002411800390672712,very_rare,0.2411800390672712,rare,peak_abundance_with_occupancy_days_modifiers,0.0394
gryvir,US,0.005683816468297671,0.0021999999999999997,0.0057,breeding,0.0332,0.92,0.9482,91.0,3.32,0.002370335574190707,very_rare,0.2370335574190707,rare,peak_abundance_with_occupancy_days_modifiers,0.0332
grypar,US,0.005683816468297671,0.0057,0.0057,resident,0.0435,0.1924,0.1136,365.0,4.35,0.002370335574190707,very_rare,0.2370335574190707,rare,peak_abundance_with_occupancy_days_modifiers,0.0435
swtkit,US,0.005584378293900615,0.0029000000000000002,0.0056,postbreeding_migration,0.0342,0.0413,0.0516,98.0,3.42,0.0023288666345230463,very_rare,0.23288666345230463,rare,peak_abundance_with_occupancy_days_modifiers,0.0342
camwar,US,0.005584378293900615,0.002525,0.0056,postbreeding_migration,0.1282,0.3653,0.2468,119.0,12.82,0.0023288666345230463,very_rare,0.23288666345230463,,peak_abundance_with_occupancy_days_modifiers,0.1282
mouqua,US,0.005584378293900615,0.0056,0.0056,resident,0.0203,0.974,0.9823,365.0,2.03,0.0023288666345230463,very_rare,0.23288666345230463,rare,peak_abundance_with_occupancy_days_modifiers,0.0203
nutwoo,US,0.005584378293900615,0.0056,0.0056,resident,0.0132,0.9482,0.9752,365.0,1.32,0.0023288666345230463,very_rare,0.23288666345230463,rare,peak_abundance_with_occupancy_days_modifiers,0.0132
bkwpet,US,0.00551609581014243,0.0055313374785832,0.0055313374785832,nonbreeding,0.1021619330224671,0.0029763007422227,0.0013662673556301,0.0,10.21619330224671,0.0023003906270289854,very_rare,0.23003906270289853,very_rare,peak_abundance_with_occupancy_days_modifiers,0.1021619330224671
baispa,US,0.005484930230569685,0.002133333333333333,0.0055,breeding,0.0272,0.4963,0.5269,70.0,2.7199999999999998,0.0022873935708496436,very_rare,0.22873935708496435,rare,peak_abundance_with_occupancy_days_modifiers,0.0272
rocpta1,US,0.005484930230569685,0.0055,0.0055,resident,0.0328,,,,3.2800000000000002,0.0022873935708496436,very_rare,0.22873935708496435,rare,peak_abundance_with_occupancy_days_modifiers,0.0328
hutvir,US,0.005385472276337817,0.0054,0.0054,resident,0.0263,0.4799,0.4404,365.0,2.63,0.0022459163823501686,very_rare,0.22459163823501685,rare,peak_abundance_with_occupancy_days_modifiers,0.0263
norwhe,US,0.005385472276337817,0.0024000000000000002,0.0054,breeding,0.0282,0.0158,0.0095,35.0,2.82,0.0022459163823501686,very_rare,0.22459163823501685,rare,peak_abundance_with_occupancy_days_modifiers,0.0282
steeid,US,0.005286004429237355,0.00215,0.0053,prebreeding_migration,0.0034,,,,0.33999999999999997,0.0022044350682040464,very_rare,0.22044350682040464,very_rare,peak_abundance_with_occupancy_days_modifiers,0.0034
eleter1,US,0.005286004429237355,0.0026,0.0053,breeding,0.0003,0.0929,0.1984,0.0,0.03,0.0022044350682040464,very_rare,0.22044350682040464,very_rare,peak_abundance_with_occupancy_days_modifiers,0.0003
coshum,US,0.004987541511039074,0.00255,0.005,breeding,0.0284,0.5667,0.4686,126.0,2.8400000000000003,0.0020799663636762796,very_rare,0.20799663636762797,rare,peak_abundance_with_occupancy_days_modifiers,0.0284
swawar,US,0.004888034072775962,0.0017749999999999999,0.0049,breeding,0.055,1.0,1.0,77.0,5.5,0.002038468538732918,very_rare,0.2038468538732918,,peak_abundance_with_occupancy_days_modifiers,0.055
henspa,US,0.004888034072775962,0.0018,0.0049,breeding,0.0433,1.0,1.0,126.0,4.33,0.002038468538732918,very_rare,0.2038468538732918,rare,peak_abundance_with_occupancy_days_modifiers,0.0433
magfri,US,0.004788516731797177,0.0022749999999999997,0.0048,breeding,0.0114,0.2631,0.0341,126.0,1.1400000000000001,0.001996966584036358,very_rare,0.19969665840363582,rare,peak_abundance_with_occupancy_days_modifiers,0.0114
crithr,US,0.004788516731797177,0.0048,0.0048,resident,0.0275,0.5855,0.646,365.0,2.75,0.001996966584036358,very_rare,0.19969665840363582,rare,peak_abundance_with_occupancy_days_modifiers,0.0275
motduc,US,0.004489905272852052,0.0045,0.0045,resident,0.0077,0.9629,0.9669,365.0,0.77,0.0018724359332058032,very_rare,0.18724359332058033,very_rare,peak_abundance_with_occupancy_days_modifiers,0.0077
eaywag,US,0.004489905272852052,0.0026666666666666666,0.0045,breeding,0.0261,0.0348,0.0178,42.0,2.6100000000000003,0.0018724359332058032,very_rare,0.18724359332058033,rare,peak_abundance_with_occupancy_days_modifiers,0.0261
virrai,US,0.004390348301292895,0.002775,0.0044,breeding,0.0944,0.9527,0.9565,112.0,9.44,0.0018309174512735364,very_rare,0.18309174512735363,,peak_abundance_with_occupancy_days_modifiers,0.0944
blkoys,US,0.004390348301292895,0.0044,0.0044,resident,0.0033,0.734,0.7028,365.0,0.33,0.0018309174512735364,very_rare,0.18309174512735363,very_rare,peak_abundance_with_occupancy_days_modifiers,0.0033
manshe,US,0.004267354049476563,0.0016524708514531654,0.0042764721702379,postbreeding_migration,0.0070509324311947,0.0031333372119116,0.000216357118329689,0.0,0.70509324311947,0.0017796248643071797,very_rare,0.17796248643071796,very_rare,peak_abundance_with_occupancy_days_modifiers,0.0070509324311947
sprpip,US,0.004091617903253565,0.001825,0.0041,breeding,0.0317,0.8167,0.8168,91.0,3.17,0.0017063371989880915,very_rare,0.17063371989880916,rare,peak_abundance_with_occupancy_days_modifiers,0.0317
phivir,US,0.004091617903253565,0.00135,0.0041,postbreeding_migration,0.2375,0.4196,0.2263,112.0,23.75,0.0017063371989880915,very_rare,0.17063371989880916,,peak_abundance_with_occupancy_days_modifiers,0.2375
mexjay4,US,0.003992021269537453,0.004,0.004,resident,0.0023,0.1,0.1222,365.0,0.22999999999999998,0.0016648021766516613,very_rare,0.16648021766516613,very_rare,peak_abundance_with_occupancy_days_modifiers,0.0023
gowwar,US,0.003992021269537453,0.00215,0.004,breeding,0.02,0.8129,0.918,98.0,2.0,0.0016648021766516613,very_rare,0.16648021766516613,rare,peak_abundance_with_occupancy_days_modifiers,0.02
ycnher,US,0.003992021269537453,0.002325,0.004,postbreeding_migration,0.0421,0.4417,0.413,147.0,4.21,0.0016648021766516613,very_rare,0.16648021766516613,rare,peak_abundance_with_occupancy_days_modifiers,0.0421
ameoys,US,0.003992021269537453,0.0031750000000000003,0.004,postbreeding_migration,0.0028,0.2019,0.2675,98.0,0.27999999999999997,0.0016648021766516613,very_rare,0.16648021766516613,very_rare,peak_abundance_with_occupancy_days_modifiers,0.0028
attwoo1,US,0.0038924147153438387,0.0039,0.0039,resident,0.0505,0.186,0.2476,365.0,5.050000000000001,0.001623263017154774,very_rare,0.1623263017154774,,peak_abundance_with_occupancy_days_modifiers,0.0505
olispa,US,0.0038924147153438387,0.0039,0.0039,resident,0.0093,0.2319,0.274,365.0,0.9299999999999999,0.001623263017154774,very_rare,0.1623263017154774,very_rare,peak_abundance_with_occupancy_days_modifiers,0.0093
surfbi,US,0.003792798238696237,0.00195,0.0038,prebreeding_migration,0.0101,0.7828,0.8,63.0,1.01,0.0015817197196731716,very_rare,0.15817197196731717,rare,peak_abundance_with_occupancy_days_modifiers,0.0101
grawar,US,0.003792798238696237,0.0015500000000000002,0.0038,breeding,0.0145,0.3088,0.4475,112.0,1.4500000000000002,0.0015817197196731716,very_rare,0.15817197196731717,rare,peak_abundance_with_occupancy_days_modifiers,0.0145
batgod,US,0.003792798238696237,0.001825,0.0038,prebreeding_migration,0.0179,0.2478,0.0149,56.0,1.79,0.0015817197196731716,very_rare,0.15817197196731717,rare,peak_abundance_with_occupancy_days_modifiers,0.0179
cerwar,US,0.003792798238696237,0.002,0.0038,breeding,0.0267,0.9909,0.9951,77.0,2.67,0.0015817197196731716,very_rare,0.15817197196731717,rare,peak_abundance_with_occupancy_days_modifiers,0.0267
perfal,US,0.0035935355101301704,0.0025,0.0036,breeding,0.1603,,,,16.03,0.0014986207074575537,very_rare,0.14986207074575536,,peak_abundance_with_occupancy_days_modifiers,0.1603
yebfly,US,0.00349388925425578,0.00215,0.0035,breeding,0.0244,0.2565,0.0552,84.0,2.44,0.0014570649910737887,very_rare,0.14570649910737887,rare,peak_abundance_with_occupancy_days_modifiers,0.0244
wilsap,US,0.003294566949430031,0.0022,0.0033,breeding,0.0433,0.9744,0.9813,112.0,4.33,0.0013739411336281234,very_rare,0.13739411336281235,rare,peak_abundance_with_occupancy_days_modifiers,0.0433
bkcspa,US,0.003194890896519197,0.00185,0.0032,breeding,0.0146,0.4238,0.4408,119.0,1.46,0.0013323729909149931,very_rare,0.1332372990914993,rare,peak_abundance_with_occupancy_days_modifiers,0.0146
lobthr,US,0.003095204907302419,0.0031,0.0031,resident,0.0086,0.5964,0.6574,365.0,0.86,0.001290800704440433,very_rare,0.1290800704440433,very_rare,peak_abundance_with_occupancy_days_modifiers,0.0086
amebit,US,0.003095204907302419,0.00185,0.0031,prebreeding_migration,0.114,0.8084,0.9668,119.0,11.4,0.001290800704440433,very_rare,0.1290800704440433,,peak_abundance_with_occupancy_days_modifiers,0.114
nstspa,US,0.003095204907302419,0.00115,0.0031,breeding,0.0168,0.9968,0.9997,63.0,1.68,0.001290800704440433,very_rare,0.1290800704440433,rare,peak_abundance_with_occupancy_days_modifiers,0.0168
pagplo,US,0.002995508979798479,0.0021999999999999997,0.003,prebreeding_migration,0.0166,0.0897,0.0881,112.0,1.66,0.001249224273378119,very_rare,0.12492242733781189,rare,peak_abundance_with_occupancy_days_modifiers,0.0166
snoplo5,US,0.002995508979798479,0.0019249999999999998,0.003,breeding,0.006,0.6333,0.584,105.0,0.6,0.001249224273378119,very_rare,0.12492242733781189,very_rare,peak_abundance_with_occupancy_days_modifiers,0.006
mouplo,US,0.002995508979798479,0.0011749999999999998,0.003,nonbreeding,0.0031,0.981,0.9788,63.0,0.31,0.001249224273378119,very_rare,0.12492242733781189,very_rare,peak_abundance_with_occupancy_days_modifiers,0.0031
gilfli,US,0.002995508979798479,0.003,0.003,resident,0.0068,0.3068,0.3711,365.0,0.6799999999999999,0.001249224273378119,very_rare,0.12492242733781189,very_rare,peak_abundance_with_occupancy_days_modifiers,0.0068
britit,US,0.002995508979798479,0.003,0.003,resident,0.0042,0.1546,0.2251,365.0,0.42,0.001249224273378119,very_rare,0.12492242733781189,very_rare,peak_abundance_with_occupancy_days_modifiers,0.0042
wilplo,US,0.002796087302001274,0.0012749999999999999,0.0028,breeding,0.0026,0.1545,0.3804,98.0,0.26,0.001166058974184524,very_rare,0.1166058974184524,very_rare,peak_abundance_with_occupancy_days_modifiers,0.0026
abetow,US,0.002796087302001274,0.0028,0.0028,resident,0.0038,0.8626,0.8858,365.0,0.38,0.001166058974184524,very_rare,0.1166058974184524,very_rare,peak_abundance_with_occupancy_days_modifiers,0.0038
mutswa,US,0.002796087302001274,0.0021999999999999997,0.0028,nonbreeding,0.0023,,,,0.22999999999999998,0.001166058974184524,very_rare,0.1166058974184524,very_rare,peak_abundance_with_occupancy_days_modifiers,0.0023
xanmur2,US,0.0027798663957010624,0.0015639173493865806,0.0027837338070887,breeding,0.0051039977413896,0.0314078374455732,0.0131926220150668,98.0,0.51039977413896,0.0011592943308390846,very_rare,0.11592943308390846,very_rare,peak_abundance_with_occupancy_days_modifiers,0.0051039977413896
pomjae,US,0.0026963615477426086,0.0027,0.0027,breeding,0.0083,0.1151,0.156,35.0,0.83,0.0011244701043994507,very_rare,0.11244701043994507,very_rare,peak_abundance_with_occupancy_days_modifiers,0.0083
aleter1,US,0.0026963615477426086,0.0011666666666666668,0.0027,breeding,0.0034,0.0948,0.2469,42.0,0.33999999999999997,0.0011244701043994507,very_rare,0.11244701043994507,very_rare,peak_abundance_with_occupancy_days_modifiers,0.0034
amedip,US,0.0026963615477426086,0.0027,0.0027,resident,0.0204,0.498,0.6,365.0,2.04,0.0011244701043994507,very_rare,0.11244701043994507,rare,peak_abundance_with_occupancy_days_modifiers,0.0204
coukin,US,0.0026963615477426086,0.0027,0.0027,resident,0.009,0.1975,0.2612,365.0,0.8999999999999999,0.0011244701043994507,very_rare,0.11244701043994507,very_rare,peak_abundance_with_occupancy_days_modifiers,0.009
roster,US,0.0026963615477426086,0.0012333333333333335,0.0027,breeding,0.001,,,,0.1,0.0011244701043994507,very_rare,0.11244701043994507,very_rare,peak_abundance_with_occupancy_days_modifiers,0.001
spodov,US,0.002496880198587199,0.0025,0.0025,resident,0.0011,0.0016,0.0026,365.0,0.11,0.0010412799203166443,very_rare,0.10412799203166442,very_rare,peak_abundance_with_occupancy_days_modifiers,0.0011
bkcvir1,US,0.0023971245997214934,0.0015999999999999999,0.0024,breeding,0.0087,0.7855,0.8634,28.0,0.8699999999999999,0.000999678604363726,very_rare,0.09996786043637261,rare,peak_abundance_with_occupancy_days_modifiers,0.0087
calhum,US,0.0023971245997214934,0.001225,0.0024,breeding,0.019,0.8854,0.865,112.0,1.9,0.000999678604363726,very_rare,0.09996786043637261,rare,peak_abundance_with_occupancy_days_modifiers,0.019
leabit,US,0.0023971245997214934,0.0012,0.0024,breeding,0.0352,0.6583,0.7662,49.0,3.52,0.000999678604363726,very_rare,0.09996786043637261,rare,peak_abundance_with_occupancy_days_modifiers,0.0352
clagre,US,0.0022973590486834897,0.001625,0.0023,breeding,0.0054,0.8858,0.8919,175.0,0.54,0.0009580731380325941,very_rare,0.09580731380325941,very_rare,peak_abundance_with_occupancy_days_modifiers,0.0054
dusgro,US,0.0022973590486834897,0.0023,0.0023,resident,0.034,0.4621,0.6814,365.0,3.4000000000000004,0.0009580731380325941,very_rare,0.09580731380325941,rare,peak_abundance_with_occupancy_days_modifiers,0.034
nopowl,US,0.0022973590486834897,0.0023,0.0023,resident,0.0515,0.4889,0.5389,365.0,5.1499999999999995,0.0009580731380325941,very_rare,0.09580731380325941,,peak_abundance_with_occupancy_days_modifiers,0.0515
bacspa,US,0.0021975835434872217,0.0022,0.0022,resident,0.0104,1.0,1.0,365.0,1.04,0.0009164635204950369,very_rare,0.0916463520495037,rare,peak_abundance_with_occupancy_days_modifiers,0.0104
calthr,US,0.0021975835434872217,0.0022,0.0022,resident,0.0072,0.7658,0.7185,365.0,0.72,0.0009164635204950369,very_rare,0.0916463520495037,very_rare,peak_abundance_with_occupancy_days_modifiers,0.0072
wesowl1,US,0.0021975835434872217,0.0022,0.0022,resident,0.0667,0.5224,0.3989,365.0,6.67,0.0009164635204950369,very_rare,0.0916463520495037,,peak_abundance_with_occupancy_days_modifiers,0.0667
eutspa,US,0.002097798082146129,0.0021,0.0021,resident,0.003,0.0021,0.0004,365.0,0.3,0.0008748497509225938,very_rare,0.08748497509225937,very_rare,peak_abundance_with_occupancy_days_modifiers,0.003
soogro1,US,0.002097798082146129,0.0021,0.0021,resident,0.0192,0.517,0.4537,365.0,1.92,0.0008748497509225938,very_rare,0.08748497509225937,rare,peak_abundance_with_occupancy_days_modifiers,0.0192
wantat1,US,0.001998002662673056,0.0013,0.002,breeding,0.0182,0.5841,0.6078,91.0,1.82,0.000833231828486557,very_rare,0.0833231828486557,rare,peak_abundance_with_occupancy_days_modifiers,0.0182
comwax,US,0.001998002662673056,0.002,0.002,resident,0.0003,0.0004,0.0075,0.0,0.03,0.000833231828486557,very_rare,0.0833231828486557,very_rare,peak_abundance_with_occupancy_days_modifiers,0.0003
whhwoo,US,0.001998002662673056,0.002,0.002,resident,0.0081,0.9999,1.0,365.0,0.8099999999999999,0.000833231828486557,very_rare,0.0833231828486557,very_rare,peak_abundance_with_occupancy_days_modifiers,0.0081
seaspa,US,0.001998002662673056,0.0010999999999999998,0.002,breeding,0.0043,1.0,1.0,105.0,0.43,0.000833231828486557,very_rare,0.0833231828486557,very_rare,peak_abundance_with_occupancy_days_modifiers,0.0043
grekis,US,0.0018981972830802527,0.0019,0.0019,resident,0.0051,0.0038,0.0017,365.0,0.51,0.0007916097523579702,very_rare,0.07916097523579702,very_rare,peak_abundance_with_occupancy_days_modifiers,0.0051
speeid,US,0.0018981972830802527,0.0014333333333333333,0.0019,postbreeding_migration,0.0031,,,,0.31,0.0007916097523579702,very_rare,0.07916097523579702,very_rare,peak_abundance_with_occupancy_days_modifiers,0.0031
yebloo,US,0.0018981972830802527,0.0009750000000000001,0.0019,breeding,0.0143,,,,1.43,0.0007916097523579702,very_rare,0.07916097523579702,rare,peak_abundance_with_occupancy_days_modifiers,0.0143
heptan,US,0.0018981972830802527,0.000825,0.0019,breeding,0.0126,0.0339,0.0555,119.0,1.26,0.0007916097523579702,very_rare,0.07916097523579702,rare,peak_abundance_with_occupancy_days_modifiers,0.0126
brtcur,US,0.0018981972830802527,0.00065,0.0019,prebreeding_migration,0.0067,0.9745,0.9809,35.0,0.67,0.0007916097523579702,very_rare,0.07916097523579702,very_rare,peak_abundance_with_occupancy_days_modifiers,0.0067
snoowl1,US,0.0018981972830802527,0.0008000000000000001,0.0019,nonbreeding,0.0482,,,,4.82,0.0007916097523579702,very_rare,0.07916097523579702,rare,peak_abundance_with_occupancy_days_modifiers,0.0482
purgal2,US,0.0017983819413793735,0.0009,0.0018,breeding,0.0118,0.0194,0.0395,112.0,1.18,0.0007499835217076287,very_rare,0.07499835217076287,rare,peak_abundance_with_occupancy_days_modifiers,0.0118
whtpta1,US,0.0017983819413793735,0.0018,0.0018,resident,0.0114,0.215,0.3215,365.0,1.1400000000000001,0.0007499835217076287,very_rare,0.07499835217076287,rare,peak_abundance_with_occupancy_days_modifiers,0.0114
lcspet,US,0.0017843200943776084,0.0012297088514883145,0.0017859129407189,breeding,0.0086734906679647,0.0103200432272733,0.001232573177544,49.0,0.86734906679647,0.0007441192760246507,very_rare,0.07441192760246507,very_rare,peak_abundance_with_occupancy_days_modifiers,0.0086734906679647
hrshaw,US,0.0016985566355814774,0.0017,0.0017,resident,0.01,0.0682,0.1483,365.0,1.0,0.00070835313570608,very_rare,0.070835313570608,rare,peak_abundance_with_occupancy_days_modifiers,0.01
audshe,US,0.0016385587264889571,0.001070381519169071,0.0016399018973603,breeding,0.004566871582418,0.0040080883945981,0.0008544964046801665,0.0,0.4566871582418,0.0006833320641967557,very_rare,0.06833320641967557,very_rare,peak_abundance_with_occupancy_days_modifiers,0.004566871582418
apapan,US,0.0015987213636970278,0.0016,0.0016,resident,0.0004,1.0,1.0,0.0,0.04,0.0006667185935236227,very_rare,0.06667185935236226,very_rare,peak_abundance_with_occupancy_days_modifiers,0.0004
pursan,US,0.0015987213636970278,0.000575,0.0016,nonbreeding,0.0009,0.0447,0.0389,0.0,0.09,0.0006667185935236227,very_rare,0.06667185935236226,very_rare,peak_abundance_with_occupancy_days_modifiers,0.0009
allhum,US,0.0015987213636970278,0.00125,0.0016,breeding,0.0034,0.9998,0.9999,84.0,0.33999999999999997,0.0006667185935236227,very_rare,0.06667185935236226,very_rare,peak_abundance_with_occupancy_days_modifiers,0.0034
clarai11,US,0.0015987213636970278,0.001325,0.0016,breeding,0.0043,0.7133,0.9255,119.0,0.43,0.0006667185935236227,very_rare,0.06667185935236226,very_rare,peak_abundance_with_occupancy_days_modifiers,0.0043
yefcan,US,0.0014988761237358919,0.0015,0.0015,resident,0.001,0.0014,0.0064,365.0,0.1,0.0006250798943303071,very_rare,0.06250798943303071,very_rare,peak_abundance_with_occupancy_days_modifiers,0.001
refcor,US,0.0014988761237358919,0.0015,0.0015,resident,0.0018,0.3796,0.2453,365.0,0.18,0.0006250798943303071,very_rare,0.06250798943303071,very_rare,peak_abundance_with_occupancy_days_modifiers,0.0018
nutman,US,0.0014988761237358919,0.0015,0.0015,resident,0.0013,0.0028,0.0025,365.0,0.13,0.0006250798943303071,very_rare,0.06250798943303071,very_rare,peak_abundance_with_occupancy_days_modifiers,0.0013
benthr,US,0.0014988761237358919,0.0008749999999999999,0.0015,breeding,0.0079,0.6786,0.7068,42.0,0.79,0.0006250798943303071,very_rare,0.06250798943303071,very_rare,peak_abundance_with_occupancy_days_modifiers,0.0079
flaowl,US,0.001399020913707341,0.0009,0.0014,breeding,0.0254,0.9241,0.9412,42.0,2.54,0.0005834370372959348,very_rare,0.05834370372959348,rare,peak_abundance_with_occupancy_days_modifiers,0.0254
paired,US,0.001399020913707341,0.001,0.0014,breeding,0.0032,0.0922,0.1437,91.0,0.32,0.0005834370372959348,very_rare,0.05834370372959348,very_rare,peak_abundance_with_occupancy_days_modifiers,0.0032
blueth,US,0.001399020913707341,0.001,0.0014,breeding,0.0138,,,,1.38,0.0005834370372959348,very_rare,0.05834370372959348,rare,peak_abundance_with_occupancy_days_modifiers,0.0138
rosgul,US,0.001399020913707341,0.0014,0.0014,postbreeding_migration,0.0006,,,,0.06,0.0005834370372959348,very_rare,0.05834370372959348,very_rare,peak_abundance_with_occupancy_days_modifiers,0.0006
grgowl,US,0.0013265320263590587,0.0007995150813230184,0.0013274122591435,nonbreeding,0.1260073041768321,0.2214594952796183,0.1241859667664275,231.0,12.60073041768321,0.0005532068232533977,very_rare,0.05532068232533977,,peak_abundance_with_occupancy_days_modifiers,0.1260073041768321
y00478,US,0.00129915573162005,0.0009249999999999998,0.0013,nonbreeding,0.0045,0.2353,0.0213,70.0,0.44999999999999996,0.0005417900215900586,very_rare,0.05417900215900586,very_rare,peak_abundance_with_occupancy_days_modifiers,0.0045
yebmag,US,0.00129915573162005,0.0013,0.0013,resident,0.0017,1.0,1.0,365.0,0.16999999999999998,0.0005417900215900586,very_rare,0.05417900215900586,very_rare,peak_abundance_with_occupancy_days_modifiers,0.0017
brbhum,US,0.00129915573162005,0.00075,0.0013,breeding,0.0031,0.0688,0.1012,63.0,0.31,0.0005417900215900586,very_rare,0.05417900215900586,very_rare,peak_abundance_with_occupancy_days_modifiers,0.0031
recwoo,US,0.00129915573162005,0.0013,0.0013,resident,0.0034,1.0,1.0,365.0,0.33999999999999997,0.0005417900215900586,very_rare,0.05417900215900586,very_rare,peak_abundance_with_occupancy_days_modifiers,0.0034
limpki,US,0.00129915573162005,0.0013,0.0013,resident,0.0033,0.0144,0.0158,365.0,0.33,0.0005417900215900586,very_rare,0.05417900215900586,very_rare,peak_abundance_with_occupancy_days_modifiers,0.0033
gchwar,US,0.0011992805754820971,0.0006666666666666666,0.0012,breeding,0.0035,1.0,1.0,56.0,0.35000000000000003,0.0005001388463819827,very_rare,0.050013884638198274,very_rare,peak_abundance_with_occupancy_days_modifiers,0.0035
hawama,US,0.0011992805754820971,0.0012,0.0012,resident,0.0004,1.0,1.0,0.0,0.04,0.0005001388463819827,very_rare,0.050013884638198274,very_rare,peak_abundance_with_occupancy_days_modifiers,0.0004
refwar,US,0.0011992805754820971,0.00047499999999999994,0.0012,breeding,0.003,0.4125,0.6268,84.0,0.3,0.0005001388463819827,very_rare,0.050013884638198274,very_rare,peak_abundance_with_occupancy_days_modifiers,0.003
lepchi,US,0.0011992805754820971,0.0012,0.0012,resident,0.0024,1.0,1.0,365.0,0.24,0.0005001388463819827,very_rare,0.050013884638198274,very_rare,peak_abundance_with_occupancy_days_modifiers,0.0024
zothaw,US,0.0011992805754820971,0.0006249999999999999,0.0012,breeding,0.0213,0.0474,0.147,112.0,2.13,0.0005001388463819827,very_rare,0.050013884638198274,rare,peak_abundance_with_occupancy_days_modifiers,0.0213
loeowl,US,0.0011992805754820971,0.000575,0.0012,nonbreeding,0.0667,0.0258,0.0069,77.0,6.67,0.0005001388463819827,very_rare,0.050013884638198274,,peak_abundance_with_occupancy_days_modifiers,0.0667
ducfly,US,0.0011992805754820971,0.00045,0.0012,breeding,0.003,0.0037,0.0137,77.0,0.3,0.0005001388463819827,very_rare,0.050013884638198274,very_rare,peak_abundance_with_occupancy_days_modifiers,0.003
pipplo,US,0.0011992805754820971,0.0009,0.0012,postbreeding_migration,0.0095,0.8361,0.8283,126.0,0.95,0.0005001388463819827,very_rare,0.050013884638198274,very_rare,peak_abundance_with_occupancy_days_modifiers,0.0095
orcwax,US,0.0011185319533908726,0.0011191577435566,0.0011191577435566,resident,0.0284018651971174,0.0003145259343063295,2.0896810301221295e-05,0.0,2.84018651971174,0.0004664640554070007,very_rare,0.04664640554070007,very_rare,peak_abundance_with_occupancy_days_modifiers,0.0284018651971174
lecthr,US,0.0010993954433009636,0.0011,0.0011,resident,0.0073,0.7124,0.6494,365.0,0.73,0.0004584835108407622,very_rare,0.04584835108407622,very_rare,peak_abundance_with_occupancy_days_modifiers,0.0073
revbul,US,0.0010993954433009636,0.0011,0.0011,resident,0.0002,0.0004,0.0009,0.0,0.02,0.0004584835108407622,very_rare,0.04584835108407622,very_rare,peak_abundance_with_occupancy_days_modifiers,0.0002
motpet,US,0.001037625673848148,0.0010381641936122,0.0010381641936122,nonbreeding,0.002050859764198,0.00397597406049,0.0030533327087976,7.0,0.2050859764198,0.00043272351616806086,very_rare,0.043272351616806086,very_rare,peak_abundance_with_occupancy_days_modifiers,0.002050859764198
ruwspa,US,0.0009995003330835331,0.001,0.001,resident,0.0019,0.2634,0.2957,365.0,0.19,0.00041682401413511066,very_rare,0.04168240141351107,very_rare,peak_abundance_with_occupancy_days_modifiers,0.0019
lbbgul,US,0.0009995003330835331,0.00047500000000000005,0.001,nonbreeding,0.0045,0.0256,0.0037,105.0,0.44999999999999996,0.00041682401413511066,very_rare,0.04168240141351107,very_rare,peak_abundance_with_occupancy_days_modifiers,0.0045
bkbwoo,US,0.0009995003330835331,0.001,0.001,resident,0.0236,0.0892,0.0569,365.0,2.36,0.00041682401413511066,very_rare,0.04168240141351107,rare,peak_abundance_with_occupancy_days_modifiers,0.0236
blkswi,US,0.0009995003330835331,0.0006333333333333333,0.001,breeding,0.008,0.174,0.116,70.0,0.8,0.00041682401413511066,very_rare,0.04168240141351107,very_rare,peak_abundance_with_occupancy_days_modifiers,0.008
audori,US,0.000899595242836093,0.0009,0.0009,resident,0.0041,0.3143,0.3073,365.0,0.41000000000000003,0.0003751603554337701,very_rare,0.03751603554337701,very_rare,peak_abundance_with_occupancy_days_modifiers,0.0041
redegr,US,0.000899595242836093,0.0009,0.0009,resident,0.0012,0.2514,0.2218,365.0,0.12,0.0003751603554337701,very_rare,0.03751603554337701,very_rare,peak_abundance_with_occupancy_days_modifiers,0.0012
nswowl,US,0.000899595242836093,0.0006,0.0009,nonbreeding,0.0707,0.7254,0.9046,91.0,7.07,0.0003751603554337701,very_rare,0.03751603554337701,,peak_abundance_with_occupancy_days_modifiers,0.0707
brnowl,US,0.000899595242836093,0.0009,0.0009,resident,0.0599,,,,5.99,0.0003751603554337701,very_rare,0.03751603554337701,,peak_abundance_with_occupancy_days_modifiers,0.0599
bulshe,US,0.0008047428560079652,0.0008050667484176539,0.0008050667484176539,nonbreeding,0.0049668427091575,0.0157466788822721,0.002160119558996,70.0,0.49668427091575,0.0003356038377225683,very_rare,0.033560383772256834,very_rare,peak_abundance_with_occupancy_days_modifiers,0.0049668427091575
grbani,US,0.0007996801705643322,0.000325,0.0008,breeding,0.0039,0.0212,0.0062,105.0,0.38999999999999996,0.0003334925339049559,very_rare,0.03334925339049559,very_rare,peak_abundance_with_occupancy_days_modifiers,0.0039
reccar,US,0.0007996801705643322,0.0008,0.0008,resident,0.0006,0.0027,0.0029,0.0,0.06,0.0003334925339049559,very_rare,0.03334925339049559,very_rare,peak_abundance_with_occupancy_days_modifiers,0.0006
borowl,US,0.0007898242424572742,0.00044663242588814504,0.0007901362357588118,nonbreeding,0.2538917144778714,0.17952864317557,0.176287626591909,238.0,25.38917144778714,0.00032938229263677194,very_rare,0.03293822926367719,,peak_abundance_with_occupancy_days_modifiers,0.2538917144778714
comblh1,US,0.0006997551142733419,0.000325,0.0007,breeding,0.0084,0.0824,0.0962,56.0,0.84,0.0002918205487167264,very_rare,0.02918205487167264,very_rare,peak_abundance_with_occupancy_days_modifiers,0.0084
grecor,US,0.0006997551142733419,0.000275,0.0007,nonbreeding,0.0012,0.0012,0.0003,0.0,0.12,0.0002918205487167264,very_rare,0.02918205487167264,very_rare,peak_abundance_with_occupancy_days_modifiers,0.0012
nohowl,US,0.0006997551142733419,0.0007,0.0007,nonbreeding,0.0561,,,,5.609999999999999,0.0002918205487167264,very_rare,0.02918205487167264,,peak_abundance_with_occupancy_days_modifiers,0.0561
reblei,US,0.0006997551142733419,0.0007,0.0007,resident,0.0004,0.0042,0.0117,0.0,0.04,0.0002918205487167264,very_rare,0.02918205487167264,very_rare,peak_abundance_with_occupancy_days_modifiers,0.0004
musduc,US,0.0006997551142733419,0.0007,0.0007,resident,0.0005,0.0008,0.0062,0.0,0.05,0.0002918205487167264,very_rare,0.02918205487167264,very_rare,peak_abundance_with_occupancy_days_modifiers,0.0005
whthaw,US,0.0006997551142733419,0.0007,0.0007,resident,0.0054,0.0095,0.0232,365.0,0.54,0.0002918205487167264,very_rare,0.02918205487167264,very_rare,peak_abundance_with_occupancy_days_modifiers,0.0054
kinrai4,US,0.0006997551142733419,0.00065,0.0007,breeding,0.0121,0.9065,0.9777,154.0,1.21,0.0002918205487167264,very_rare,0.02918205487167264,rare,peak_abundance_with_occupancy_days_modifiers,0.0121
souwpw1,US,0.0005998200719676155,0.0006,0.0006,breeding,0.0028,0.1074,0.2436,42.0,0.27999999999999997,0.0002501443990368907,very_rare,0.02501443990368907,very_rare,peak_abundance_with_occupancy_days_modifiers,0.0028
saffin,US,0.0005998200719676155,0.0006,0.0006,resident,0.0003,0.0004,0.0008,0.0,0.03,0.0002501443990368907,very_rare,0.02501443990368907,very_rare,peak_abundance_with_occupancy_days_modifiers,0.0003
norgan,US,0.0005998200719676155,0.0006,0.0006,breeding,0.0008,0.0006,0.0,0.0,0.08,0.0002501443990368907,very_rare,0.02501443990368907,very_rare,peak_abundance_with_occupancy_days_modifiers,0.0008
jabwar,US,0.0005998200719676155,0.00046666666666666666,0.0006,breeding,0.0007,0.0296,0.0483,0.0,0.06999999999999999,0.0002501443990368907,very_rare,0.02501443990368907,very_rare,peak_abundance_with_occupancy_days_modifiers,0.0007
gryhaw2,US,0.000499875041651048,0.00017500000000000003,0.0005,breeding,0.0027,0.0238,0.0326,154.0,0.27,0.00020846408403300828,very_rare,0.020846408403300827,very_rare,peak_abundance_with_occupancy_days_modifiers,0.0027
whiwag,US,0.000499875041651048,0.00025,0.0005,breeding,0.0006,0.0002,0.0003,0.0,0.06,0.00020846408403300828,very_rare,0.020846408403300827,very_rare,peak_abundance_with_occupancy_days_modifiers,0.0006
chemun,US,0.000499875041651048,0.0005,0.0005,resident,0.0002,0.0036,0.0054,0.0,0.02,0.00020846408403300828,very_rare,0.020846408403300827,very_rare,peak_abundance_with_occupancy_days_modifiers,0.0002
incdov,US,0.000499875041651048,0.0005,0.0005,resident,0.0022,0.023,0.0053,365.0,0.22,0.00020846408403300828,very_rare,0.020846408403300827,very_rare,peak_abundance_with_occupancy_days_modifiers,0.0022
conwar,US,0.0003999200213269354,0.00023333333333333333,0.0004,breeding,0.002,0.551,0.6322,70.0,0.2,0.00016677960287238907,very_rare,0.016677960287238905,very_rare,peak_abundance_with_occupancy_days_modifiers,0.002
recpar,US,0.0003999200213269354,0.0004,0.0004,resident,0.0001,0.2531,0.7831,0.0,0.01,0.00016677960287238907,very_rare,0.016677960287238905,very_rare,peak_abundance_with_occupancy_days_modifiers,0.0001
rorpar,US,0.0003999200213269354,0.0004,0.0004,resident,0.0001,0.0001,0.0004,0.0,0.01,0.00016677960287238907,very_rare,0.016677960287238905,very_rare,peak_abundance_with_occupancy_days_modifiers,0.0001
bicthr,US,0.0003999200213269354,0.0004,0.0004,breeding,0.0006,0.1929,0.3122,0.0,0.06,0.00016677960287238907,very_rare,0.016677960287238905,very_rare,peak_abundance_with_occupancy_days_modifiers,0.0006
botspa,US,0.0003999200213269354,0.0004,0.0004,resident,0.0015,0.0592,0.2626,365.0,0.15,0.00016677960287238907,very_rare,0.016677960287238905,very_rare,peak_abundance_with_occupancy_days_modifiers,0.0015
monqua,US,0.0003999200213269354,0.0004,0.0004,resident,0.0038,0.1119,0.1558,365.0,0.38,0.00016677960287238907,very_rare,0.016677960287238905,very_rare,peak_abundance_with_occupancy_days_modifiers,0.0038
whrsha,US,0.0003999200213269354,0.0004,0.0004,resident,0.0004,0.0018,0.0087,0.0,0.04,0.00016677960287238907,very_rare,0.016677960287238905,very_rare,peak_abundance_with_occupancy_days_modifiers,0.0004
whtkit,US,0.0003999200213269354,0.0004,0.0004,resident,0.005,0.0255,0.0336,365.0,0.5,0.00016677960287238907,very_rare,0.016677960287238905,very_rare,peak_abundance_with_occupancy_days_modifiers,0.005
eurwig,US,0.0003999200213269354,0.0002,0.0004,prebreeding_migration,0.0068,0.004,0.0002,28.0,0.6799999999999999,0.00016677960287238907,very_rare,0.016677960287238905,rare,peak_abundance_with_occupancy_days_modifiers,0.0068
grykin,US,0.0003999200213269354,0.00017500000000000003,0.0004,breeding,0.0008,0.029,0.0067,0.0,0.08,0.00016677960287238907,very_rare,0.016677960287238905,very_rare,peak_abundance_with_occupancy_days_modifiers,0.0008
mckbun,US,0.0003999200213269354,0.00025,0.0004,breeding,0.0001,1.0,1.0,35.0,0.01,0.00016677960287238907,very_rare,0.016677960287238905,very_rare,peak_abundance_with_occupancy_days_modifiers,0.0001
compau,US,0.00029995500899797546,0.0003,0.0003,resident,0.0023,0.0017,0.0009,365.0,0.22999999999999998,0.00012509095472209328,very_rare,0.012509095472209329,very_rare,peak_abundance_with_occupancy_days_modifiers,0.0023
nobtyr,US,0.00029995500899797546,0.00015,0.0003,breeding,0.0027,0.0174,0.0191,182.0,0.27,0.00012509095472209328,very_rare,0.012509095472209329,very_rare,peak_abundance_with_occupancy_days_modifiers,0.0027
flsjay,US,0.00029995500899797546,0.0003,0.0003,resident,0.0002,1.0,1.0,0.0,0.02,0.00012509095472209328,very_rare,0.012509095472209329,very_rare,peak_abundance_with_occupancy_days_modifiers,0.0002
mexduc,US,0.00029995500899797546,0.0003,0.0003,resident,0.0008,0.0585,0.0097,0.0,0.08,0.00012509095472209328,very_rare,0.012509095472209329,very_rare,peak_abundance_with_occupancy_days_modifiers,0.0008
egygoo,US,0.00029995500899797546,0.0003,0.0003,resident,0.0004,,,,0.04,0.00012509095472209328,very_rare,0.012509095472209329,very_rare,peak_abundance_with_occupancy_days_modifiers,0.0004
monpar,US,0.00029995500899797546,0.0003,0.0003,resident,0.0003,0.0012,0.0002,0.0,0.03,0.00012509095472209328,very_rare,0.012509095472209329,very_rare,peak_abundance_with_occupancy_days_modifiers,0.0003
whcpig2,US,0.00029995500899797546,0.0003,0.0003,resident,0.0002,0.0364,0.033,0.0,0.02,0.00012509095472209328,very_rare,0.012509095472209329,very_rare,peak_abundance_with_occupancy_days_modifiers,0.0002
javspa,US,0.00029995500899797546,0.0003,0.0003,resident,0.0001,0.186,0.4668,0.0,0.01,0.00012509095472209328,very_rare,0.012509095472209329,very_rare,peak_abundance_with_occupancy_days_modifiers,0.0001
skylar,US,0.00029995500899797546,0.00025,0.0003,nonbreeding,0.0003,0.0005,0.0002,0.0,0.03,0.00012509095472209328,very_rare,0.012509095472209329,very_rare,peak_abundance_with_occupancy_days_modifiers,0.0003
shtsan,US,0.00029995500899797546,9.999999999999999e-05,0.0003,postbreeding_migration,0.0023,0.0025,0.0002,0.0,0.22999999999999998,0.00012509095472209328,very_rare,0.012509095472209329,very_rare,peak_abundance_with_occupancy_days_modifiers,0.0023
yeejun,US,0.00029995500899797546,0.0003,0.0003,resident,0.0002,0.0143,0.0135,0.0,0.02,0.00012509095472209328,very_rare,0.012509095472209329,very_rare,peak_abundance_with_occupancy_days_modifiers,0.0002
whwsco1,US,0.00023899268648937144,0.00023902124751671604,0.00023902124751671604,breeding,0.0014110833436858,0.0495223240397738,0.0049377473269698,14.0,0.14110833436858,9.966769157957574e-05,very_rare,0.009966769157957574,rare,peak_abundance_with_occupancy_days_modifiers,0.0014110833436858
varbun,US,0.00019998000266626675,0.0002,0.0002,prebreeding_migration,0.0044,0.0439,0.0129,28.0,0.44,8.339813874893117e-05,very_rare,0.008339813874893118,rare,peak_abundance_with_occupancy_days_modifiers,0.0044
luchum,US,0.00019998000266626675,0.0001,0.0002,postbreeding_migration,0.0008,0.0696,0.1377,0.0,0.08,8.339813874893117e-05,very_rare,0.008339813874893118,very_rare,peak_abundance_with_occupancy_days_modifiers,0.0008
snakit,US,0.00019998000266626675,0.0002,0.0002,resident,0.0006,0.0026,0.0021,0.0,0.06,8.339813874893117e-05,very_rare,0.008339813874893118,very_rare,peak_abundance_with_occupancy_days_modifiers,0.0006
iiwi,US,0.00019998000266626675,0.0002,0.0002,resident,0.0001,1.0,1.0,0.0,0.01,8.339813874893117e-05,very_rare,0.008339813874893118,very_rare,peak_abundance_with_occupancy_days_modifiers,0.0001
melthr,US,0.00019998000266626675,0.0002,0.0002,resident,0.0003,0.0021,0.0045,0.0,0.03,8.339813874893117e-05,very_rare,0.008339813874893118,very_rare,peak_abundance_with_occupancy_days_modifiers,0.0003
corplo,US,0.00019998000266626675,0.00016666666666666666,0.0002,breeding,0.0006,0.0017,0.0015,0.0,0.06,8.339813874893117e-05,very_rare,0.008339813874893118,very_rare,peak_abundance_with_occupancy_days_modifiers,0.0006
whocra,US,0.00019998000266626675,0.00013333333333333334,0.0002,prebreeding_migration,0.0042,1.0,1.0,28.0,0.42,8.339813874893117e-05,very_rare,0.008339813874893118,rare,peak_abundance_with_occupancy_days_modifiers,0.0042
kirwar,US,0.00019998000266626675,0.00013333333333333334,0.0002,breeding,0.001,0.9991,0.9999,0.0,0.1,8.339813874893117e-05,very_rare,0.008339813874893118,very_rare,peak_abundance_with_occupancy_days_modifiers,0.001
bkhpar,US,0.00019998000266626675,0.0002,0.0002,resident,0.0001,0.005,0.0048,0.0,0.01,8.339813874893117e-05,very_rare,0.008339813874893118,very_rare,peak_abundance_with_occupancy_days_modifiers,0.0001
whtdov,US,0.00019998000266626675,0.0002,0.0002,resident,0.0012,0.001,0.0003,365.0,0.12,8.339813874893117e-05,very_rare,0.008339813874893118,very_rare,peak_abundance_with_occupancy_days_modifiers,0.0012
temsti,US,0.00019998000266626675,0.0002,0.0002,breeding,0.0005,0.0021,0.0012,0.0,0.05,8.339813874893117e-05,very_rare,0.008339813874893118,very_rare,peak_abundance_with_occupancy_days_modifiers,0.0005
ariwoo,US,0.00019998000266626675,0.0002,0.0002,resident,0.0005,0.0605,0.1146,0.0,0.05,8.339813874893117e-05,very_rare,0.008339813874893118,very_rare,peak_abundance_with_occupancy_days_modifiers,0.0005
rewbul,US,0.00019998000266626675,0.0002,0.0002,resident,0.0002,0.0007,0.0008,0.0,0.02,8.339813874893117e-05,very_rare,0.008339813874893118,very_rare,peak_abundance_with_occupancy_days_modifiers,0.0002
swiwhe1,US,0.00019998000266626675,0.00015000000000000001,0.0002,nonbreeding,0.0002,0.0009,0.0008,0.0,0.02,8.339813874893117e-05,very_rare,0.008339813874893118,very_rare,peak_abundance_with_occupancy_days_modifiers,0.0002
yebcar,US,0.00019998000266626675,0.0002,0.0002,resident,0.0001,0.0028,0.0058,0.0,0.01,8.339813874893117e-05,very_rare,0.008339813874893118,very_rare,peak_abundance_with_occupancy_days_modifiers,0.0001
peflov,US,0.00019998000266626675,0.0002,0.0002,resident,0.0001,0.0107,0.011,0.0,0.01,8.339813874893117e-05,very_rare,0.008339813874893118,very_rare,peak_abundance_with_occupancy_days_modifiers,0.0001
oliwar,US,0.00019998000266626675,0.0002,0.0002,resident,0.002,0.1151,0.0504,365.0,0.2,8.339813874893117e-05,very_rare,0.008339813874893118,very_rare,peak_abundance_with_occupancy_days_modifiers,0.002
burpar,US,0.00014708499731780927,0.00014709581484638614,0.00014709581484638614,resident,0.0004983381232143921,0.00023871023844708437,1.11895105400818e-05,0.0,0.049833812321439214,6.133920817408003e-05,very_rare,0.006133920817408003,very_rare,peak_abundance_with_occupancy_days_modifiers,0.0004983381232143921
yehpar,US,0.00013560227885168512,0.00013561147325628938,0.00013561147325628938,resident,0.0006959531181694128,0.0026524616459234,0.0032941363850633,0.0,0.06959531181694127,5.655054263207826e-05,very_rare,0.005655054263207826,very_rare,peak_abundance_with_occupancy_days_modifiers,0.0006959531181694128
sopsku1,US,0.00011771159775046134,0.00011771852603242754,0.00011771852603242754,nonbreeding,0.0068411166221092,0.0112705625612905,0.0013455967113726,21.0,0.68411166221092,4.908954910822116e-05,very_rare,0.004908954910822117,rare,peak_abundance_with_occupancy_days_modifiers,0.0068411166221092
arcloo,US,9.999500033330834e-05,5e-05,0.0001,postbreeding_migration,0.0006,0.0016,0.0006,0.0,0.06,4.170115411946329e-05,very_rare,0.004170115411946329,very_rare,peak_abundance_with_occupancy_days_modifiers,0.0006
olbpip,US,9.999500033330834e-05,3.3333333333333335e-05,0.0001,prebreeding_migration,0.0008,0.0003,0.0002,0.0,0.08,4.170115411946329e-05,very_rare,0.004170115411946329,very_rare,peak_abundance_with_occupancy_days_modifiers,0.0008
blkfra,US,9.999500033330834e-05,0.0001,0.0001,resident,0.0002,0.0021,0.005,0.0,0.02,4.170115411946329e-05,very_rare,0.004170115411946329,very_rare,peak_abundance_with_occupancy_days_modifiers,0.0002
mewgul,US,9.999500033330834e-05,3.3333333333333335e-05,0.0001,breeding,0.0005,0.0004,0.0001,0.0,0.05,4.170115411946329e-05,very_rare,0.004170115411946329,very_rare,peak_abundance_with_occupancy_days_modifiers,0.0005
woosan,US,9.999500033330834e-05,3.3333333333333335e-05,0.0001,prebreeding_migration,0.0004,0.0003,0.0001,0.0,0.04,4.170115411946329e-05,very_rare,0.004170115411946329,very_rare,peak_abundance_with_occupancy_days_modifiers,0.0004
purswa3,US,9.999500033330834e-05,0.0001,0.0001,resident,0.0001,0.0011,0.0008,0.0,0.01,4.170115411946329e-05,very_rare,0.004170115411946329,very_rare,peak_abundance_with_occupancy_days_modifiers,0.0001
mitpar,US,9.999500033330834e-05,0.0001,0.0001,resident,0.0,0.0016,0.0014,0.0,0.0,4.170115411946329e-05,very_rare,0.004170115411946329,very_rare,peak_abundance_with_occupancy_days_modifiers,0.0
yelrai,US,9.999500033330834e-05,0.0001,0.0001,breeding,0.0025,0.0599,0.0242,42.0,0.25,4.170115411946329e-05,very_rare,0.004170115411946329,very_rare,peak_abundance_with_occupancy_days_modifiers,0.0025
yecpar,US,9.999500033330834e-05,0.0001,0.0001,resident,0.0,0.0001,0.0002,0.0,0.0,4.170115411946329e-05,very_rare,0.004170115411946329,very_rare,peak_abundance_with_occupancy_days_modifiers,0.0
rensti,US,9.999500033330834e-05,3.3333333333333335e-05,0.0001,postbreeding_migration,0.0006,0.0043,0.0001,0.0,0.06,4.170115411946329e-05,very_rare,0.004170115411946329,very_rare,peak_abundance_with_occupancy_days_modifiers,0.0006
brambl,US,9.999500033330834e-05,2.5e-05,0.0001,postbreeding_migration,0.0007,0.0001,0.0,0.0,0.06999999999999999,4.170115411946329e-05,very_rare,0.004170115411946329,very_rare,peak_abundance_with_occupancy_days_modifiers,0.0007
whsowl1,US,9.999500033330834e-05,0.0001,0.0001,resident,0.0002,0.0321,0.1523,0.0,0.02,4.170115411946329e-05,very_rare,0.004170115411946329,very_rare,peak_abundance_with_occupancy_days_modifiers,0.0002
retpip,US,9.999500033330834e-05,2.5e-05,0.0001,postbreeding_migration,0.0007,,,,0.06999999999999999,4.170115411946329e-05,very_rare,0.004170115411946329,very_rare,peak_abundance_with_occupancy_days_modifiers,0.0007
bkwvir,US,9.999500033330834e-05,3.3333333333333335e-05,0.0001,breeding,0.0003,0.012,0.0017,0.0,0.03,4.170115411946329e-05,very_rare,0.004170115411946329,very_rare,peak_abundance_with_occupancy_days_modifiers,0.0003
redjun,US,9.999500033330834e-05,0.0001,0.0001,resident,0.0001,0.0005,0.0028,0.0,0.01,4.170115411946329e-05,very_rare,0.004170115411946329,very_rare,peak_abundance_with_occupancy_days_modifiers,0.0001
sstspa,US,9.999500033330834e-05,2.5e-05,0.0001,breeding,0.0005,1.0,1.0,0.0,0.05,4.170115411946329e-05,very_rare,0.004170115411946329,very_rare,peak_abundance_with_occupancy_days_modifiers,0.0005
spoowl,US,9.999500033330834e-05,0.0001,0.0001,resident,0.0065,0.5462,0.806,365.0,0.65,4.170115411946329e-05,very_rare,0.004170115411946329,very_rare,peak_abundance_with_occupancy_days_modifiers,0.0065
leagre,US,9.999500033330834e-05,0.0001,0.0001,resident,0.0008,0.0056,0.0054,0.0,0.08,4.170115411946329e-05,very_rare,0.004170115411946329,very_rare,peak_abundance_with_occupancy_days_modifiers,0.0008
grnpar,US,9.999500033330834e-05,0.0001,0.0001,resident,0.0,0.0151,0.0613,0.0,0.0,4.170115411946329e-05,very_rare,0.004170115411946329,very_rare,peak_abundance_with_occupancy_days_modifiers,0.0
subfly,US,9.999500033330834e-05,3.3333333333333335e-05,0.0001,breeding,0.0002,0.0023,0.0027,0.0,0.02,4.170115411946329e-05,very_rare,0.004170115411946329,very_rare,peak_abundance_with_occupancy_days_modifiers,0.0002
trokin,US,9.999500033330834e-05,0.0001,0.0001,breeding,0.0004,0.0007,0.0002,0.0,0.04,4.170115411946329e-05,very_rare,0.004170115411946329,very_rare,peak_abundance_with_occupancy_days_modifiers,0.0004
gryfra,US,9.999500033330834e-05,0.0001,0.0001,resident,0.0001,0.0005,0.0004,0.0,0.01,4.170115411946329e-05,very_rare,0.004170115411946329,very_rare,peak_abundance_with_occupancy_days_modifiers,0.0001
ercfra,US,9.999500033330834e-05,0.0001,0.0001,resident,0.0001,0.0244,0.0405,0.0,0.01,4.170115411946329e-05,very_rare,0.004170115411946329,very_rare,peak_abundance_with_occupancy_days_modifiers,0.0001
maghum1,US,9.999500033330834e-05,5e-05,0.0001,breeding,0.0006,0.0338,0.0366,0.0,0.06,4.170115411946329e-05,very_rare,0.004170115411946329,very_rare,peak_abundance_with_occupancy_days_modifiers,0.0006
grepew,US,9.999500033330834e-05,2.5e-05,0.0001,breeding,0.002,0.0322,0.0083,21.0,0.2,4.170115411946329e-05,very_rare,0.004170115411946329,rare,peak_abundance_with_occupancy_days_modifiers,0.002
issjay,US,9.999500033330834e-05,0.0001,0.0001,resident,0.0,1.0,1.0,0.0,0.0,4.170115411946329e-05,very_rare,0.004170115411946329,very_rare,peak_abundance_with_occupancy_days_modifiers,0.0
ivogul,US,9.999500033330834e-05,3.3333333333333335e-05,0.0001,postbreeding_migration,0.0013,,,,0.13,4.170115411946329e-05,very_rare,0.004170115411946329,very_rare,peak_abundance_with_occupancy_days_modifiers,0.0013
shthaw,US,9.999500033330834e-05,0.0001,0.0001,resident,0.0026,0.005,0.0051,365.0,0.26,4.170115411946329e-05,very_rare,0.004170115411946329,very_rare,peak_abundance_with_occupancy_days_modifiers,0.0026
kalphe,US,9.999500033330834e-05,0.0001,0.0001,resident,0.0001,0.0026,0.0091,0.0,0.01,4.170115411946329e-05,very_rare,0.004170115411946329,very_rare,peak_abundance_with_occupancy_days_modifiers,0.0001
cramur,US,9.16968828283591e-05,9.170108711602504e-05,9.170108711602504e-05,nonbreeding,0.0035035916699369,0.0152355873224865,0.0028015302086007,7.0,0.35035916699369,3.824057033204101e-05,very_rare,0.0038240570332041006,very_rare,peak_abundance_with_occupancy_days_modifiers,0.0035035916699369
labter1,US,7.767251753153389e-05,7.767553411962523e-05,7.767553411962523e-05,resident,0.0351791427185192,0.0047450944434256,8.148854760473354e-06,0.0,3.51791427185192,3.239195573412205e-05,very_rare,0.0032391955734122047,very_rare,peak_abundance_with_occupancy_days_modifiers,0.0351791427185192
lsspet,US,2.58665734410965e-05,2.5866907983791777e-05,2.5866907983791777e-05,breeding,0.0023573548890316,0.0010564881944713,6.997400204122514e-06,0.0,0.23573548890315998,1.0787198980088447e-05,very_rare,0.0010787198980088447,very_rare,peak_abundance_with_occupancy_days_modifiers,0.0023573548890316
coopet,US,2.0473122779971247e-05,2.047333235577965e-05,2.047333235577965e-05,nonbreeding,0.0024222362162527,0.0019829677236592,5.6309861591903426e-05,0.0,0.24222362162527,8.537955352897926e-06,very_rare,0.0008537955352897926,very_rare,peak_abundance_with_occupancy_days_modifiers,0.0024222362162527
yefgul,US,7.89114598992982e-06,7.891177125104236e-06,7.891177125104236e-06,resident,0.00041123456822239504,0.0260303687635574,7.667656261998494e-05,0.0,0.0411234568222395,3.290863483245875e-06,very_rare,0.0003290863483245875,very_rare,peak_abundance_with_occupancy_days_modifiers,0.00041123456822239504
tamcro,US,2.2606769636747018e-06,2.260679519006794e-06,2.260679519006794e-06,resident,0.0002468957248342655,0.0020712961953559,3.6837490850925545e-05,0.0,0.02468957248342655,9.42775520361637e-07,very_rare,9.427755203616371e-05,very_rare,peak_abundance_with_occupancy_days_modifiers,0.0002468957248342655
falduc,US,2.540843071427795e-07,2.540843394221998e-07,2.540843394221998e-07,nonbreeding,0.00012976265444210994,0.00014840465001236705,2.0509556124641124e-08,0.0,0.012976265444210995,1.0596138619941083e-07,very_rare,1.0596138619941082e-05,very_rare,peak_abundance_with_occupancy_days_modifiers,0.00012976265444210994
bahmoc,US,1.2627679989339254e-07,1.2627680786630798e-07,1.2627680786630798e-07,resident,0.0049284789315799,0.0438729198184568,3.6987125170840886e-06,0.0,0.49284789315799,5.2661515854625016e-08,very_rare,5.266151585462502e-06,very_rare,peak_abundance_with_occupancy_days_modifiers,0.0049284789315799
kwqdov,US,2.922198127259631e-08,2.922198169955841e-08,2.922198169955841e-08,resident,0.00028324591560804517,0.0008046346958480849,1.4337069985943988e-05,0.0,0.028324591560804517,1.218651274215886e-08,very_rare,1.218651274215886e-06,very_rare,peak_abundance_with_occupancy_days_modifiers,0.00028324591560804517
earque,US,2.8086069162471126e-08,2.8086069556884772e-08,2.8086069556884772e-08,resident,0.0007763384244948006,0.0026606074521409,1.600115258950403e-05,0.0,0.07763384244948006,1.1712800552354477e-08,very_rare,1.1712800552354477e-06,very_rare,peak_abundance_with_occupancy_days_modifiers,0.0007763384244948006
bargoo,US,0.0,0.0,0.0,nonbreeding,0.0001,0.002,0.0,0.0,0.01,0.0,very_rare,0.0,very_rare,peak_abundance_with_occupancy_days_modifiers,0.0001
grnkin,US,0.0,0.0,0.0,resident,0.0001,0.0002,0.0002,0.0,0.01,0.0,very_rare,0.0,very_rare,peak_abundance_with_occupancy_days_modifiers,0.0001
rinkin1,US,0.0,0.0,0.0,resident,0.0001,0.0001,0.0001,0.0,0.01,0.0,very_rare,0.0,very_rare,peak_abundance_with_occupancy_days_modifiers,0.0001
yegvir,US,0.0,0.0,0.0,breeding,0.0002,0.0022,0.0001,0.0,0.02,0.0,very_rare,0.0,very_rare,peak_abundance_with_occupancy_days_modifiers,0.0002
pitwhy,US,0.0,0.0,0.0,resident,0.0001,0.0001,0.0002,0.0,0.01,0.0,very_rare,0.0,very_rare,peak_abundance_with_occupancy_days_modifiers,0.0001
pifgoo,US,0.0,0.0,0.0,breeding,0.0,0.0073,0.0,0.0,0.0,0.0,very_rare,0.0,very_rare,peak_abundance_with_occupancy_days_modifiers,0.0
slbgul,US,0.0,0.0,0.0,nonbreeding,0.0001,0.0057,0.0,0.0,0.01,0.0,very_rare,0.0,very_rare,peak_abundance_with_occupancy_days_modifiers,0.0001
grnvie1,US,0.0,0.0,0.0,breeding,0.0007,0.0511,0.0011,0.0,0.06999999999999999,0.0,very_rare,0.0,very_rare,peak_abundance_with_occupancy_days_modifiers,0.0007
placha,US,0.0,0.0,0.0,resident,0.0001,0.0016,0.0005,0.0,0.01,0.0,very_rare,0.0,very_rare,peak_abundance_with_occupancy_days_modifiers,0.0001
stbori,US,0.0,0.0,0.0,resident,0.0001,0.0014,0.0,0.0,0.01,0.0,very_rare,0.0,very_rare,peak_abundance_with_occupancy_days_modifiers,0.0001
gusgro,US,0.0,0.0,0.0,resident,0.0002,1.0,1.0,0.0,0.02,0.0,very_rare,0.0,very_rare,peak_abundance_with_occupancy_days_modifiers,0.0002
gyttat1,US,0.0,0.0,0.0,nonbreeding,0.0,0.0003,0.0,0.0,0.0,0.0,very_rare,0.0,very_rare,peak_abundance_with_occupancy_days_modifiers,0.0
himsno,US,0.0,0.0,0.0,resident,0.0001,0.003,0.0041,0.0,0.01,0.0,very_rare,0.0,very_rare,peak_abundance_with_occupancy_days_modifiers,0.0001
aplfal,US,0.0,0.0,0.0,resident,0.0004,0.0006,0.0001,0.0,0.04,0.0,very_rare,0.0,very_rare,peak_abundance_with_occupancy_days_modifiers,0.0004
comcra,US,0.0,0.0,0.0,nonbreeding,0.0006,0.0009,0.0,0.0,0.06,0.0,very_rare,0.0,very_rare,peak_abundance_with_occupancy_days_modifiers,0.0006
litgul,US,0.0,0.0,0.0,breeding,0.0,0.0046,0.0003,0.0,0.0,0.0,very_rare,0.0,very_rare,peak_abundance_with_occupancy_days_modifiers,0.0
grefla2,US,0.0,0.0,0.0,resident,0.0001,0.0085,0.0,0.0,0.01,0.0,very_rare,0.0,very_rare,peak_abundance_with_occupancy_days_modifiers,0.0001
ruff,US,0.0,0.0,0.0,breeding,0.0,0.0006,0.0,0.0,0.0,0.0,very_rare,0.0,very_rare,peak_abundance_with_occupancy_days_modifiers,0.0
comsan,US,0.0,0.0,0.0,breeding,0.0001,0.0001,0.0,0.0,0.01,0.0,very_rare,0.0,very_rare,peak_abundance_with_occupancy_days_modifiers,0.0001
comsni,US,0.0,0.0,0.0,breeding,0.0001,0.0001,0.0001,0.0,0.01,0.0,very_rare,0.0,very_rare,peak_abundance_with_occupancy_days_modifiers,0.0001
rugdov,US,0.0,0.0,0.0,resident,0.0002,0.0002,0.0,0.0,0.02,0.0,very_rare,0.0,very_rare,peak_abundance_with_occupancy_days_modifiers,0.0002
whehum,US,0.0,0.0,0.0,breeding,0.0001,0.0033,0.0003,0.0,0.01,0.0,very_rare,0.0,very_rare,peak_abundance_with_occupancy_days_modifiers,0.0001
vichum,US,0.0,0.0,0.0,breeding,0.0002,0.0033,0.0011,0.0,0.02,0.0,very_rare,0.0,very_rare,peak_abundance_with_occupancy_days_modifiers,0.0002
calgna,US,0.0,0.0,0.0,resident,0.0002,0.0195,0.0274,0.0,0.02,0.0,very_rare,0.0,very_rare,peak_abundance_with_occupancy_days_modifiers,0.0002
masduc,US,0.0,0.0,0.0,resident,0.0004,0.0075,0.0,0.0,0.04,0.0,very_rare,0.0,very_rare,peak_abundance_with_occupancy_days_modifiers,0.0004
calcon,US,0.0,0.0,0.0,resident,0.0002,0.6759,0.6804,0.0,0.02,0.0,very_rare,0.0,very_rare,peak_abundance_with_occupancy_days_modifiers,0.0002
cursan,US,0.0,0.0,0.0,nonbreeding,0.0,0.0001,0.0,0.0,0.0,0.0,very_rare,0.0,very_rare,peak_abundance_with_occupancy_days_modifiers,0.0
marsan,US,0.0,0.0,0.0,prebreeding_migration,0.0001,0.0,0.0,0.0,0.01,0.0,very_rare,0.0,very_rare,peak_abundance_with_occupancy_days_modifiers,0.0001
eurgol,US,0.0,0.0,0.0,breeding,0.0,0.0001,0.0,0.0,0.0,0.0,very_rare,0.0,very_rare,peak_abundance_with_occupancy_days_modifiers,0.0
tufduc,US,0.0,0.0,0.0,breeding,0.0001,0.0017,0.0001,0.0,0.01,0.0,very_rare,0.0,very_rare,peak_abundance_with_occupancy_days_modifiers,0.0001
eyethr,US,0.0,0.0,0.0,breeding,0.0,,,,0.0,0.0,very_rare,0.0,very_rare,peak_abundance_with_occupancy_days_modifiers,0.0
bkhgul,US,0.0,0.0,0.0,breeding,0.0001,0.0004,0.0,0.0,0.01,0.0,very_rare,0.0,very_rare,peak_abundance_with_occupancy_days_modifiers,0.0001
bucnig,US,0.0,0.0,0.0,breeding,0.0001,0.0028,0.0018,0.0,0.01,0.0,very_rare,0.0,very_rare,peak_abundance_with_occupancy_days_modifiers,0.0001
bubhum,US,0.0,0.0,0.0,resident,0.0001,0.0034,0.005,0.0,0.01,0.0,very_rare,0.0,very_rare,peak_abundance_with_occupancy_days_modifiers,0.0001
bubfly,US,0.0,0.0,0.0,breeding,0.0001,0.0067,0.0171,0.0,0.01,0.0,very_rare,0.0,very_rare,peak_abundance_with_occupancy_days_modifiers,0.0001
tropar,US,0.0,0.0,0.0,breeding,0.001,0.0018,0.0003,0.0,0.1,0.0,very_rare,0.0,very_rare,peak_abundance_with_occupancy_days_modifiers,0.001
rubrob,US,0.0,0.0,0.0,breeding,0.0,0.0151,0.0001,0.0,0.0,0.0,very_rare,0.0,very_rare,peak_abundance_with_occupancy_days_modifiers,0.0
fepowl,US,0.0,0.0,0.0,resident,0.0006,0.0007,0.0006,0.0,0.06,0.0,very_rare,0.0,very_rare,peak_abundance_with_occupancy_days_modifiers,0.0006
fotfly,US,0.0,0.0,0.0,breeding,0.0001,0.0001,0.0,0.0,0.01,0.0,very_rare,0.0,very_rare,peak_abundance_with_occupancy_days_modifiers,0.0001
gargan,US,0.0,0.0,0.0,nonbreeding,0.0,0.0001,0.0,0.0,0.0,0.0,very_rare,0.0,very_rare,peak_abundance_with_occupancy_days_modifiers,0.0
thbkin,US,0.0,0.0,0.0,breeding,0.0002,0.0063,0.0059,0.0,0.02,0.0,very_rare,0.0,very_rare,peak_abundance_with_occupancy_days_modifiers,0.0002
blkrai,US,0.0,0.0,0.0,breeding,0.0006,,,,0.06,0.0,very_rare,0.0,very_rare,peak_abundance_with_occupancy_days_modifiers,0.0006
compea,US,0.0,0.0,0.0,resident,0.0004,0.0015,0.0002,0.0,0.04,0.0,very_rare,0.0,very_rare,peak_abundance_with_occupancy_days_modifiers,0.0004
bktgod,US,0.0,0.0,0.0,breeding,0.0,0.0001,0.0,0.0,0.0,0.0,very_rare,0.0,very_rare,peak_abundance_with_occupancy_days_modifiers,0.0
comgre,US,0.0,0.0,0.0,breeding,0.0,0.0001,0.0,0.0,0.0,0.0,very_rare,0.0,very_rare,peak_abundance_with_occupancy_days_modifiers,0.0
