species_code,country_code,abundance,abundance_mean_avg,abundance_mean_max,peak_season,range_occupied_percent,range_total_percent,total_pop_percent,range_days_occupation,occupancy,score,frequency,frequency_pct,rarity_cap,commonness_basis,debug_range_occupied_max
pagplo,NU,0.1312635250633896,0.1402682309800928,0.1402682309800928,postbreeding_migration,0.3636363636363636,9.886698435924308e-05,1.999494671759239e-05,21.0,36.36363636363636,0.05474114176396187,rare,5.474114176396188,rare,peak_abundance_with_occupancy_days_modifiers,0.3636363636363636
wantat1,NU,0.11854037874331251,0.0686122527515346,0.1258523336865685,postbreeding_migration,0.3818181818181818,0.0015453296703296,0.0016066825120005,42.0,38.18181818181818,0.04943517762765949,uncommon,4.943517762765949,,peak_abundance_with_occupancy_days_modifiers,0.3818181818181818
pacreh1,NU,0.08168378112807258,0.0851126224818554,0.0851126224818554,resident,0.2909090909090909,0.0003097593557005401,0.00019409961506577583,365.0,29.09090909090909,0.03406478258441485,uncommon,3.406478258441485,,peak_abundance_with_occupancy_days_modifiers,0.2909090909090909
bubrai1,NU,0.009920319522867368,0.0099696890112351,0.0099696890112351,resident,0.2545454545454545,0.0002023296817643148,0.00010706720279935902,365.0,25.454545454545453,0.004137094574314004,very_rare,0.4137094574314004,,peak_abundance_with_occupancy_days_modifiers,0.2545454545454545
