species_code,country_code,abundance,abundance_mean_avg,abundance_mean_max,peak_season,range_occupied_percent,range_total_percent,total_pop_percent,range_days_occupation,occupancy,score,frequency,frequency_pct,rarity_cap,commonness_basis,debug_range_occupied_max
wvspet1,EC,1.3960811749407094,3.0393394451967612,3.0393394451967612,breeding,0.6130239520958084,0.0038475089845676,0.0026580379715489,364.0,61.30239520958084,0.5822110710078956,common,58.22110710078956,,peak_abundance_with_occupancy_days_modifiers,0.6130239520958084
categr1,EC,0.8643212849625547,1.1554568117111261,1.3733946805369452,nonbreeding,0.3323028602684312,0.0089681397660476,0.0120214840493453,140.0,33.23028602684312,0.3604499724268116,common,36.04499724268116,,peak_abundance_with_occupancy_days_modifiers,0.3323028602684312
blkvul,EC,0.8480547167562925,1.3351,1.3351,resident,0.8008,0.0123,0.0192,365.0,80.08,0.3536662865874885,common,35.36662865874885,,peak_abundance_with_occupancy_days_modifiers,0.8008
magfri,EC,0.7277901240034849,0.7986,1.0705,breeding,0.1033,0.0858,0.2118,140.0,10.33,0.3035120558681221,common,30.351205586812206,,peak_abundance_with_occupancy_days_modifiers,0.1033
pacpar2,EC,0.6994807748813205,1.0127073878835269,1.0127073878835269,resident,0.4788595173681001,0.4672811853373083,0.4257712160030795,365.0,47.885951736810014,0.29170614030404196,common,29.170614030404195,,peak_abundance_with_occupancy_days_modifiers,0.4788595173681001
neocor,EC,0.6078615862775849,0.8365,0.8365,resident,0.1119,0.008,0.036,365.0,11.19,0.2534979709802771,fairly_common,25.34979709802771,,peak_abundance_with_occupancy_days_modifiers,0.1119
whcswi,EC,0.6007577312665978,0.8235,0.8235,resident,0.6566,0.0529,0.069,365.0,65.66,0.250535433336714,common,25.053543333671403,,peak_abundance_with_occupancy_days_modifiers,0.6566
scrbla1,EC,0.541277231221819,0.7182,0.7182,resident,0.2926,0.4169,0.6445,365.0,29.26,0.2257301381599299,fairly_common,22.57301381599299,,peak_abundance_with_occupancy_days_modifiers,0.2926
bbwduc,EC,0.5205184957368906,0.4779999999999999,0.6829,breeding,0.0743,0.006,0.0344,161.0,7.430000000000001,0.21707307305770684,fairly_common,21.707307305770684,,peak_abundance_with_occupancy_days_modifiers,0.0743
bugtan,EC,0.47430685706557046,0.6069,0.6069,resident,0.7131,0.0297,0.0621,365.0,71.31,0.19780132287097302,common,19.780132287097302,,peak_abundance_with_occupancy_days_modifiers,0.7131
yercac1,EC,0.4524123052153312,0.5721,0.5721,resident,0.5133,0.0187,0.0347,365.0,51.33,0.18867058555370558,common,18.86705855537056,,peak_abundance_with_occupancy_days_modifiers,0.5133
bawswa1,EC,0.4449421986503644,0.46335000000000004,0.5604,prebreeding_migration,0.6885,0.0618,0.0645,133.0,68.85,0.18555530914872354,fairly_common,18.555530914872353,,peak_abundance_with_occupancy_days_modifiers,0.6885
trokin,EC,0.4255944794033301,0.4918,0.5305,breeding,0.7582,0.0151,0.0234,119.0,75.82,0.1774866835225279,fairly_common,17.74866835225279,,peak_abundance_with_occupancy_days_modifiers,0.7582
flrtan1,EC,0.4020900316145761,0.4949459190122319,0.4949459190122319,resident,0.3043409780525833,0.2564087679169815,0.3848599888154685,365.0,30.434097805258332,0.16768456745207747,fairly_common,16.768456745207747,,peak_abundance_with_occupancy_days_modifiers,0.3043409780525833
ftpswi1,EC,0.39600389906488725,0.4858751110635674,0.4858751110635674,resident,0.5806131488415817,0.0189455291017387,0.0245816518846059,365.0,58.061314884158165,0.16514645304035575,common,16.514645304035575,,peak_abundance_with_occupancy_days_modifiers,0.5806131488415817
faswre1,EC,0.37827530921735164,0.4597647742568352,0.4597647742568352,resident,0.4072887699767709,0.361275011682377,0.3335702316380507,365.0,40.72887699767709,0.15775305681965837,fairly_common,15.775305681965838,,peak_abundance_with_occupancy_days_modifiers,0.4072887699767709
buwtea,EC,0.3656148635082036,0.1881,0.4414,nonbreeding,0.0523,0.0181,0.0489,119.0,5.2299999999999995,0.15247324086907554,fairly_common,15.247324086907554,,peak_abundance_with_occupancy_days_modifiers,0.0523
turvul,EC,0.3469174944827516,0.37870000000000004,0.4147,nonbreeding,0.801,0.0105,0.0079,126.0,80.10000000000001,0.14467583235104967,fairly_common,14.467583235104966,,peak_abundance_with_occupancy_days_modifiers,0.801
blhpar1,EC,0.3403219597759603,0.4054,0.4054,resident,0.4323,0.0177,0.0251,365.0,43.230000000000004,0.14192528073955488,fairly_common,14.192528073955488,,peak_abundance_with_occupancy_days_modifiers,0.4323
fuwduc,EC,0.32656619050174723,0.228875,0.3862,nonbreeding,0.0481,,,,4.81,0.13618867938324966,rare,13.618867938324966,rare,peak_abundance_with_occupancy_days_modifiers,0.0481
chtsee1,EC,0.3227695403301225,0.3809470616266769,0.3809470616266769,resident,0.4032646859294386,0.4376862081638596,0.4714646701971843,365.0,40.32646859294386,0.13460535328277576,fairly_common,13.460535328277576,,peak_abundance_with_occupancy_days_modifiers,0.4032646859294386
whttou1,EC,0.3216371397287794,0.3793841614252447,0.3793841614252447,resident,0.6867385800764482,0.0144101832403499,0.011231980895549,365.0,68.67385800764481,0.1341331055519473,common,13.41331055519473,,peak_abundance_with_occupancy_days_modifiers,0.6867385800764482
rebmac2,EC,0.31613771248553457,0.3718191592446743,0.3718191592446743,resident,0.4003954721917029,0.0107251312693464,0.0139642443588176,365.0,40.03954721917029,0.13183966625723326,fairly_common,13.183966625723325,,peak_abundance_with_occupancy_days_modifiers,0.4003954721917029
smbani,EC,0.3047604039865321,0.3563,0.3563,resident,0.5857,0.0143,0.0112,365.0,58.57,0.1270949600859229,common,12.70949600859229,,peak_abundance_with_occupancy_days_modifiers,0.5857
houwre,EC,0.3028415842096035,0.32125,0.3537,nonbreeding,0.8242,0.0125,0.0153,126.0,82.42,0.12629475008563817,fairly_common,12.629475008563817,,peak_abundance_with_occupancy_days_modifiers,0.8242
grhgul,EC,0.29607800445056465,0.28080421956338253,0.3445750355783883,breeding,0.1473892914038342,0.0155960437843338,0.0163856077789099,224.0,14.73892914038342,0.1234741182441376,fairly_common,12.347411824413761,,peak_abundance_with_occupancy_days_modifiers,0.1473892914038342
gybmar,EC,0.29012907609483274,0.24434999999999998,0.3366,breeding,0.4588,0.011,0.0312,112.0,45.879999999999995,0.1209932224255352,fairly_common,12.09932224255352,,peak_abundance_with_occupancy_days_modifiers,0.4588
brnpel,EC,0.28156339144360376,0.2408,0.3252,breeding,0.0622,0.0619,0.0342,161.0,6.22,0.11742105447124722,fairly_common,11.742105447124722,,peak_abundance_with_occupancy_days_modifiers,0.0622
greegr,EC,0.27649472681120435,0.26885000000000003,0.3185,nonbreeding,0.2822,0.0023,0.0055,133.0,28.22,0.11530725713827021,fairly_common,11.530725713827021,,peak_abundance_with_occupancy_days_modifiers,0.2822
ecgdov1,EC,0.2722384309579276,0.3129,0.3129,resident,0.1695,0.8908,0.9551,365.0,16.950000000000003,0.1135322438999691,fairly_common,11.35322438999691,,peak_abundance_with_occupancy_days_modifiers,0.1695
srwswa1,EC,0.26788744512360135,0.2702,0.3072,breeding,0.7178,0.0153,0.0232,224.0,71.78,0.111717741872427,common,11.1717741872427,,peak_abundance_with_occupancy_days_modifiers,0.7178
bknsti,EC,0.26344060807874664,0.232375,0.3014,postbreeding_migration,0.0816,0.005,0.0139,140.0,8.16,0.10986326678533737,fairly_common,10.986326678533736,,peak_abundance_with_occupancy_days_modifiers,0.0816
crgdov1,EC,0.2598267313220417,0.2967053887713666,0.2967053887713666,resident,0.3422477103110125,0.1653783468876274,0.1154246601441048,365.0,34.22477103110125,0.10835616311917619,fairly_common,10.835616311917619,,peak_abundance_with_occupancy_days_modifiers,0.3422477103110125
snoegr,EC,0.24881129806278754,0.25545,0.2825,postbreeding_migration,0.2059,0.0113,0.0198,119.0,20.59,0.10376237064449521,fairly_common,10.376237064449521,,peak_abundance_with_occupancy_days_modifiers,0.2059
gilbar1,EC,0.24778810652298539,0.2811884279593377,0.2811884279593377,resident,0.7351670137230253,0.0361130575868709,0.0399620405320934,365.0,73.51670137230253,0.1033356666297665,common,10.333566662976649,,peak_abundance_with_occupancy_days_modifiers,0.7351670137230253
varsee3,EC,0.23507212217948356,0.265,0.265,resident,0.2972,0.1553,0.211,365.0,29.720000000000002,0.09803268926968267,fairly_common,9.803268926968267,,peak_abundance_with_occupancy_days_modifiers,0.2972
permea1,EC,0.2339919776511607,0.2636343548515152,0.2636343548515152,resident,0.3699073033026086,0.363295374546112,0.3090258025980531,365.0,36.99073033026086,0.09758223401395233,fairly_common,9.758223401395233,,peak_abundance_with_occupancy_days_modifiers,0.3699073033026086
redpha1,EC,0.22539313434394245,0.2528151440501079,0.2528151440501079,postbreeding_migration,0.6946107784431138,0.0015777563556548,0.0002980096570386858,49.0,69.46107784431138,0.09399623782606072,fairly_common,9.399623782606072,,peak_abundance_with_occupancy_days_modifiers,0.6946107784431138
wilpha,EC,0.22170251351780557,0.10049999999999999,0.2482,postbreeding_migration,0.0405,0.0049,0.0098,84.0,4.05,0.09245712939709673,rare,9.245712939709673,rare,peak_abundance_with_occupancy_days_modifiers,0.0405
rucspa1,EC,0.21623977499741528,0.2414,0.2414,resident,0.2592,0.0093,0.0043,365.0,25.919999999999998,0.09017899048821307,fairly_common,9.017899048821306,,peak_abundance_with_occupancy_days_modifiers,0.2592
ecuthr1,EC,0.2147887435790634,0.239599995844374,0.239599995844374,resident,0.4458549082209927,0.9844651499127436,0.9906626737992386,365.0,44.585490822099274,0.08957386338578603,fairly_common,8.957386338578603,,peak_abundance_with_occupancy_days_modifiers,0.4458549082209927
ruhcha1,EC,0.2118737043490356,0.2359917748348992,0.2359917748348992,resident,0.3780019177468077,0.922658547024927,0.9345237143938928,365.0,37.80019177468077,0.08835819760459206,fairly_common,8.835819760459206,,peak_abundance_with_occupancy_days_modifiers,0.3780019177468077
gubter2,EC,0.209824416623086,0.1527433478886174,0.233461465612691,prebreeding_migration,0.1375640294996389,0.0149883622062473,0.0128299042800898,140.0,13.756402949963888,0.08750357824352294,fairly_common,8.750357824352294,,peak_abundance_with_occupancy_days_modifiers,0.1375640294996389
whepar2,EC,0.20693286526622776,0.2299,0.2299,resident,0.2629,0.0092,0.0103,365.0,26.290000000000003,0.08629770766624632,fairly_common,8.629770766624633,,peak_abundance_with_occupancy_days_modifiers,0.2629
guacor1,EC,0.19985692616539083,0.2212280198844933,0.2212280198844933,resident,0.1277838972608073,0.1636550945360757,0.0006624482983826027,365.0,12.77838972608073,0.08334681186145199,fairly_common,8.334681186145199,,peak_abundance_with_occupancy_days_modifiers,0.1277838972608073
sibtan2,EC,0.18971085522580916,0.2089,0.2089,resident,0.3348,0.0104,0.015,365.0,33.48,0.0791155716339582,fairly_common,7.91155716339582,,peak_abundance_with_occupancy_days_modifiers,0.3348
brwpar1,EC,0.18714324707316815,0.2058,0.2058,resident,0.1775,0.2514,0.3833,365.0,17.75,0.07804479586582189,fairly_common,7.804479586582189,,peak_abundance_with_occupancy_days_modifiers,0.1775
grbani,EC,0.1859815176254417,0.187225,0.2044,nonbreeding,0.2354,0.0416,0.0474,133.0,23.54,0.07756031705604854,fairly_common,7.756031705604855,,peak_abundance_with_occupancy_days_modifiers,0.2354
shicow,EC,0.17873178794339725,0.1957,0.1957,resident,0.2867,0.0083,0.0063,365.0,28.67,0.07453694494956623,uncommon,7.453694494956623,,peak_abundance_with_occupancy_days_modifiers,0.2867
lotmoc1,EC,0.17789510784104107,0.1947,0.1947,resident,0.0998,0.186,0.1208,365.0,9.98,0.07418802224562357,uncommon,7.418802224562357,,peak_abundance_with_occupancy_days_modifiers,0.0998
roahaw,EC,0.17571645774181885,0.1921,0.1921,resident,0.6365,0.0118,0.0175,365.0,63.65,0.07327945458466821,fairly_common,7.327945458466821,,peak_abundance_with_occupancy_days_modifiers,0.6365
trsowl,EC,0.17478496609247174,0.1909900858229609,0.1909900858229609,resident,0.6651469619957552,0.0060216074935094,0.0040662703442946,365.0,66.51469619957552,0.07289099239454931,fairly_common,7.289099239454931,,peak_abundance_with_occupancy_days_modifiers,0.6651469619957552
batpig1,EC,0.17412136022861466,0.1623,0.1902,prebreeding_migration,0.2601,0.0865,0.0861,112.0,26.009999999999998,0.07261424725418178,uncommon,7.261424725418178,,peak_abundance_with_occupancy_days_modifiers,0.2601
sobtyr1,EC,0.1731967184613961,0.16147499999999998,0.1891,prebreeding_migration,0.3952,0.0085,0.0206,161.0,39.519999999999996,0.07222864168678793,uncommon,7.222864168678793,,peak_abundance_with_occupancy_days_modifiers,0.3952
sooshe,EC,0.17270590846918582,0.09664008354826904,0.1885165210386281,nonbreeding,0.1082547508693092,0.0005432986376786661,5.434909230529426e-05,84.0,10.82547508693092,0.07202395802200158,uncommon,7.202395802200158,,peak_abundance_with_occupancy_days_modifiers,0.1082547508693092
creoro1,EC,0.17008027037160076,0.1854,0.1854,resident,0.3168,0.0165,0.0352,365.0,31.680000000000003,0.07092898188715105,uncommon,7.092898188715105,,peak_abundance_with_occupancy_days_modifiers,0.3168
grethr1,EC,0.1697427745870945,0.185,0.185,resident,0.2089,0.1643,0.2154,365.0,20.89,0.07078823521304282,uncommon,7.078823521304282,,peak_abundance_with_occupancy_days_modifiers,0.2089
partan1,EC,0.16822263241445298,0.1832,0.1832,resident,0.3129,0.0191,0.0312,365.0,31.290000000000003,0.07015428668748128,uncommon,7.015428668748128,,peak_abundance_with_occupancy_days_modifiers,0.3129
gnbtro1,EC,0.16654965427437013,0.181222187144791,0.181222187144791,resident,0.6839613591410267,0.0137659548394102,0.0092047624961749,365.0,68.39613591410267,0.06945660061292203,fairly_common,6.945660061292203,,peak_abundance_with_occupancy_days_modifiers,0.6839613591410267
andgul1,EC,0.1601157133829737,0.10628325967853343,0.1736466697613651,postbreeding_migration,0.1369575798319296,0.0562118228930513,0.0508588603614198,154.0,13.69575798319296,0.06677343885670077,uncommon,6.677343885670077,,peak_abundance_with_occupancy_days_modifiers,0.1369575798319296
grrswi1,EC,0.1582849789657133,0.1715,0.1715,resident,0.3781,0.0248,0.0546,365.0,37.81,0.06600996330460793,uncommon,6.600996330460792,,peak_abundance_with_occupancy_days_modifiers,0.3781
grfdov1,EC,0.1580276530457401,0.1711985814678152,0.1711985814678152,resident,0.6826310305244278,0.0131119695723094,0.0158073567875741,365.0,68.26310305244277,0.06590265006082607,fairly_common,6.590265006082607,,peak_abundance_with_occupancy_days_modifiers,0.6826310305244278
paltan1,EC,0.15315017949367477,0.1655,0.1655,resident,0.5343,0.0162,0.019,365.0,53.43,0.06386858560129975,fairly_common,6.386858560129975,,peak_abundance_with_occupancy_days_modifiers,0.5343
watjac1,EC,0.15117482779711788,0.1632,0.1632,resident,0.0768,0.0043,0.0117,365.0,7.68,0.06304479995938068,uncommon,6.304479995938069,,peak_abundance_with_occupancy_days_modifiers,0.0768
whcpin,EC,0.15065887628511312,0.110425,0.1626,breeding,0.0696,0.0152,0.0416,105.0,6.959999999999999,0.06282963146647043,uncommon,6.282963146647043,,peak_abundance_with_occupancy_days_modifiers,0.0696
blbgra1,EC,0.15057285847937432,0.1625,0.1625,resident,0.4488,0.0113,0.0056,365.0,44.879999999999995,0.06279375925523811,uncommon,6.279375925523811,,peak_abundance_with_occupancy_days_modifiers,0.4488
chfmac1,EC,0.15005659620667913,0.1619,0.1619,resident,0.2608,0.0131,0.0197,365.0,26.08,0.06257846116505386,uncommon,6.2578461165053865,,peak_abundance_with_occupancy_days_modifiers,0.2608
whtdov,EC,0.1455711233192188,0.1567,0.1567,resident,0.3611,0.0084,0.0077,365.0,36.11,0.06070787368012771,uncommon,6.070787368012771,,peak_abundance_with_occupancy_days_modifiers,0.3611
swtkit,EC,0.14141275295032366,0.125,0.1519,breeding,0.52,0.021,0.0421,98.0,52.0,0.05897369854075959,uncommon,5.897369854075959,,peak_abundance_with_occupancy_days_modifiers,0.52
plupig2,EC,0.1403284753969005,0.1506516975616668,0.1506516975616668,resident,0.4508845798137668,0.0195650694143873,0.0188217152426077,365.0,45.08845798137668,0.05852151967968791,uncommon,5.8521519679687914,,peak_abundance_with_occupancy_days_modifiers,0.4508845798137668
soulap1,EC,0.13897902728145098,0.104375,0.1491,nonbreeding,0.3331,0.0069,0.0022,175.0,33.31,0.05795875610499907,uncommon,5.795875610499907,,peak_abundance_with_occupancy_days_modifiers,0.3331
chbtou1,EC,0.13625000848435598,0.1459683595966069,0.1459683595966069,resident,0.6375976846570673,0.0163156400161532,0.0094182759984483,365.0,63.759768465706735,0.05682066686980479,fairly_common,5.682066686980479,,peak_abundance_with_occupancy_days_modifiers,0.6375976846570673
pepowl1,EC,0.13536198128757532,0.1449511602438262,0.1449511602438262,resident,0.4671862256698805,0.2755265715909306,0.3594169833717088,365.0,46.71862256698805,0.05645033076428164,uncommon,5.645033076428164,,peak_abundance_with_occupancy_days_modifiers,0.4671862256698805
saffin,EC,0.1344434765494907,0.1439,0.1439,resident,0.2064,0.0071,0.005,365.0,20.64,0.05606728453682365,uncommon,5.606728453682365,,peak_abundance_with_occupancy_days_modifiers,0.2064
plsfin1,EC,0.13115706798604845,0.1401468478180007,0.1401468478180007,resident,0.1340016980357806,0.0169966052291274,0.0267971322889577,365.0,13.400169803578061,0.054696745714414276,uncommon,5.469674571441428,,peak_abundance_with_occupancy_days_modifiers,0.1340016980357806
thbeup1,EC,0.1310282624064041,0.14,0.14,resident,0.4668,0.133,0.1791,365.0,46.68,0.05464302961550641,uncommon,5.464302961550641,,peak_abundance_with_occupancy_days_modifiers,0.4668
fragul,EC,0.12997507642174544,0.07353333333333334,0.1388,postbreeding_migration,0.0238,0.0662,0.0053,63.0,2.3800000000000003,0.054203816945709686,rare,5.420381694570969,rare,peak_abundance_with_occupancy_days_modifiers,0.0238
tacpyt2,EC,0.12948264972723214,0.1382393625280456,0.1382393625280456,resident,0.3694232945324253,0.3114371333561108,0.207786563446035,365.0,36.94232945324253,0.05399845906369564,uncommon,5.399845906369563,,peak_abundance_with_occupancy_days_modifiers,0.3694232945324253
trogna2,EC,0.1291844583808259,0.1379,0.1379,resident,0.248,0.1339,0.2168,365.0,24.8,0.05387410361340181,uncommon,5.387410361340181,,peak_abundance_with_occupancy_days_modifiers,0.248
pavpig2,EC,0.1278653709978958,0.1364,0.1364,resident,0.3292,0.0108,0.014,365.0,32.92,0.05332400144760099,uncommon,5.332400144760099,,peak_abundance_with_occupancy_days_modifiers,0.3292
shtswi1,EC,0.12733724846119512,0.1358,0.1358,resident,0.2829,0.0192,0.0399,365.0,28.29,0.053103757243155594,uncommon,5.310375724315559,,peak_abundance_with_occupancy_days_modifiers,0.2829
whiibi,EC,0.1270730825634761,0.08777499999999999,0.1355,postbreeding_migration,0.0563,0.0248,0.0277,105.0,5.63,0.052993591507097114,uncommon,5.299359150709711,,peak_abundance_with_occupancy_days_modifiers,0.0563
barswa,EC,0.1238976366562374,0.07416666666666666,0.1319,nonbreeding,0.1202,0.0008,0.0004,126.0,12.02,0.05166932770656302,uncommon,5.1669327706563015,,peak_abundance_with_occupancy_days_modifiers,0.1202
rempar,EC,0.12159797174748753,0.1293,0.1293,resident,0.1028,0.6111,0.4566,365.0,10.280000000000001,0.05071029295019266,uncommon,5.071029295019266,,peak_abundance_with_occupancy_days_modifiers,0.1028
perwaa1,EC,0.1204982644331124,0.128058783142594,0.128058783142594,resident,0.6705945796842512,0.0457218172714853,0.0304596202743957,365.0,67.05945796842512,0.0502516793790121,fairly_common,5.02516793790121,,peak_abundance_with_occupancy_days_modifiers,0.6705945796842512
azaspi1,EC,0.11920424747847654,0.1266,0.1266,resident,0.2266,0.1561,0.1917,365.0,22.66,0.049712032393876775,uncommon,4.971203239387678,,peak_abundance_with_occupancy_days_modifiers,0.2266
greani1,EC,0.1188491338383811,0.1262,0.1262,resident,0.1782,0.0079,0.0151,365.0,17.82,0.04956393850332041,uncommon,4.956393850332041,,peak_abundance_with_occupancy_days_modifiers,0.1782
turtan1,EC,0.11825281734632218,0.1255286285614684,0.1255286285614684,resident,0.498329157522939,0.0319608160634797,0.0438327353022812,365.0,49.8329157522939,0.04931525521059129,uncommon,4.931525521059129,,peak_abundance_with_occupancy_days_modifiers,0.498329157522939
socfly1,EC,0.11787192059488914,0.1251,0.1251,resident,0.5785,0.0229,0.0213,365.0,57.85,0.049156408927455486,fairly_common,4.915640892745548,,peak_abundance_with_occupancy_days_modifiers,0.5785
incter1,EC,0.11765620371629751,0.1248573231155876,0.1248573231155876,resident,0.1616761029039685,0.2350210300686366,0.0086791054795619,365.0,16.16761029039685,0.04906644800170585,uncommon,4.906644800170585,,peak_abundance_with_occupancy_days_modifiers,0.1616761029039685
meapar,EC,0.11742741687596428,0.1246,0.1246,resident,0.2206,0.0121,0.0147,365.0,22.06,0.048971036478555295,uncommon,4.89710364785553,,peak_abundance_with_occupancy_days_modifiers,0.2206
squcuc1,EC,0.11439954030849617,0.1212,0.1212,resident,0.6166,0.0125,0.0166,365.0,61.660000000000004,0.047708313872686606,fairly_common,4.770831387268661,,peak_abundance_with_occupancy_days_modifiers,0.6166
bobfly1,EC,0.11100455804291134,0.1174,0.1174,resident,0.553,0.0142,0.0206,365.0,55.300000000000004,0.04629249629962685,fairly_common,4.629249629962684,,peak_abundance_with_occupancy_days_modifiers,0.553
eardov1,EC,0.11082555508888464,0.1172,0.1172,resident,0.1065,0.0039,0.0011,365.0,10.65,0.0462178462696371,uncommon,4.621784626963709,,peak_abundance_with_occupancy_days_modifiers,0.1065
butsal1,EC,0.10876471479138874,0.1149,0.1149,resident,0.4729,0.017,0.0292,365.0,47.29,0.04535840911202894,uncommon,4.535840911202894,,peak_abundance_with_occupancy_days_modifiers,0.4729
supwre1,EC,0.10134883210887471,0.1066626138931908,0.1066626138931908,resident,0.3372820051515952,0.3535450149699875,0.1615893257231088,365.0,33.728200515159514,0.042265745822418446,uncommon,4.226574582241844,,peak_abundance_with_occupancy_days_modifiers,0.3372820051515952
thlwre1,EC,0.09512834509157728,0.0998,0.0998,resident,0.3016,0.0201,0.0327,365.0,30.159999999999997,0.03967160124577148,uncommon,3.967160124577148,,peak_abundance_with_occupancy_days_modifiers,0.3016
goltan1,EC,0.08856017697948022,0.0926,0.0926,resident,0.1356,0.1724,0.2549,365.0,13.56,0.036932462390707126,uncommon,3.6932462390707124,,peak_abundance_with_occupancy_days_modifiers,0.1356
rudpig,EC,0.08828556486736039,0.0923,0.0923,resident,0.4403,0.0212,0.0239,365.0,44.03,0.036817940244875745,uncommon,3.6817940244875746,,peak_abundance_with_occupancy_days_modifiers,0.4403
masflo1,EC,0.08749183483651933,0.0914333526748159,0.0914333526748159,resident,0.1710952463661695,0.143809616350507,0.1936162026415261,365.0,17.10952463661695,0.03648692911196884,uncommon,3.6486929111968838,,peak_abundance_with_occupancy_days_modifiers,0.1710952463661695
banana,EC,0.08700304362157402,0.0909,0.0909,resident,0.3238,0.0099,0.0125,365.0,32.379999999999995,0.036283087342693025,uncommon,3.6283087342693023,,peak_abundance_with_occupancy_days_modifiers,0.3238
bkcdon,EC,0.08649461314200724,0.0903454941656193,0.0903454941656193,resident,0.4841786939878766,0.0213237961879625,0.0188371238852834,365.0,48.41786939878766,0.03607105536392628,uncommon,3.6071055363926283,,peak_abundance_with_occupancy_days_modifiers,0.4841786939878766
comgal1,EC,0.08645288773019902,0.061125000000000006,0.0903,postbreeding_migration,0.0841,0.0063,0.0148,126.0,8.41,0.0360536545156568,uncommon,3.60536545156568,,peak_abundance_with_occupancy_days_modifiers,0.0841
tropar,EC,0.0853516670995037,0.06970000000000001,0.0891,postbreeding_migration,0.3363,0.02,0.0291,203.0,33.629999999999995,0.035594409842552174,uncommon,3.5594409842552173,,peak_abundance_with_occupancy_days_modifiers,0.3363
blttit1,EC,0.08487949568129909,0.0885858794944892,0.0885858794944892,resident,0.6435859740653307,0.0138398721101959,0.0220100323953616,365.0,64.35859740653306,0.035397499066856124,fairly_common,3.5397499066856124,,peak_abundance_with_occupancy_days_modifiers,0.6435859740653307
slaspi1,EC,0.08442385910222666,0.088089992928938,0.088089992928938,resident,0.2578372142431181,0.2040749856364587,0.3211846263047534,365.0,25.78372142431181,0.035207483854665225,uncommon,3.5207483854665225,,peak_abundance_with_occupancy_days_modifiers,0.2578372142431181
rosspo1,EC,0.08351360022781763,0.048225,0.0871,postbreeding_migration,0.0796,0.0061,0.0223,189.0,7.960000000000001,0.03482787641945525,uncommon,3.482787641945525,,peak_abundance_with_occupancy_days_modifiers,0.0796
cotfly1,EC,0.08240913624071772,0.0859,0.0859,resident,0.3992,0.0192,0.0124,365.0,39.92,0.034367279161673064,uncommon,3.4367279161673063,,peak_abundance_with_occupancy_days_modifiers,0.3992
brbswa1,EC,0.07816402096935436,0.0813,0.0813,resident,0.1028,0.0996,0.1115,365.0,10.280000000000001,0.032596928588184755,uncommon,3.2596928588184757,,peak_abundance_with_occupancy_days_modifiers,0.1028
sutfin1,EC,0.07751644242782835,0.0806,0.0806,resident,0.0095,0.1021,0.0414,365.0,0.95,0.03232686736037716,very_rare,3.2326867360377163,very_rare,peak_abundance_with_occupancy_days_modifiers,0.0095
baifly1,EC,0.07683769706299598,0.0798667966161099,0.0798667966161099,resident,0.2887761859238332,0.3503159874139771,0.1773351814866278,365.0,28.87761859238332,0.032043808557713015,uncommon,3.2043808557713014,,peak_abundance_with_occupancy_days_modifiers,0.2887761859238332
baywre1,EC,0.07675382408082432,0.0797762287656805,0.0797762287656805,resident,0.1822259697985718,0.120242092663323,0.1360274512292626,365.0,18.22259697985718,0.03200883080738206,uncommon,3.200883080738206,,peak_abundance_with_occupancy_days_modifiers,0.1822259697985718
greant1,EC,0.07594200357515736,0.0789,0.0789,resident,0.4713,0.0123,0.012,365.0,47.13,0.03167027536049652,uncommon,3.167027536049652,,peak_abundance_with_occupancy_days_modifiers,0.4713
sltred,EC,0.07557118684707402,0.0785,0.0785,resident,0.1841,0.081,0.0894,365.0,18.41,0.031515632773603836,uncommon,3.1515632773603834,,peak_abundance_with_occupancy_days_modifiers,0.1841
chivir1,EC,0.07455073126429633,0.069375,0.0774,breeding,0.58,0.0179,0.028,182.0,57.99999999999999,0.031090069741575785,fairly_common,3.1090069741575785,,peak_abundance_with_occupancy_days_modifiers,0.58
plukit1,EC,0.0710174872352803,0.059300000000000005,0.0736,breeding,0.4871,0.0194,0.0277,133.0,48.71,0.02961659253466978,uncommon,2.961659253466978,,peak_abundance_with_occupancy_days_modifiers,0.4871
verfly,EC,0.06980587424396292,0.056150000000000005,0.0723,breeding,0.172,0.01,0.0138,112.0,17.2,0.029111310671420067,uncommon,2.9111310671420068,,peak_abundance_with_occupancy_days_modifiers,0.172
tyrmet1,EC,0.06832103647816884,0.0707089899519556,0.0707089899519556,resident,0.1833584256158612,0.1228037614923335,0.1505216872886785,365.0,18.33584256158612,0.028492085227073884,uncommon,2.8492085227073884,,peak_abundance_with_occupancy_days_modifiers,0.1833584256158612
gbwwre1,EC,0.06803241039182696,0.0704,0.0704,resident,0.1456,0.1132,0.113,365.0,14.56,0.028371718800059346,uncommon,2.8371718800059345,,peak_abundance_with_occupancy_days_modifiers,0.1456
laufal1,EC,0.06803241039182696,0.0704,0.0704,resident,0.5256,0.0129,0.02,365.0,52.559999999999995,0.028371718800059346,fairly_common,2.8371718800059345,,peak_abundance_with_occupancy_days_modifiers,0.5256
littin1,EC,0.06765864847381481,0.07,0.07,resident,0.4339,0.0218,0.0276,365.0,43.39,0.028215847973567444,uncommon,2.8215847973567443,,peak_abundance_with_occupancy_days_modifiers,0.4339
linwoo1,EC,0.0673782353299481,0.0697,0.0697,resident,0.5059,0.0123,0.0159,365.0,50.59,0.028098906609593934,fairly_common,2.809890660959393,,peak_abundance_with_occupancy_days_modifiers,0.5059
scrpih1,EC,0.06636765115141373,0.0686195241520761,0.0686195241520761,resident,0.5875077144519912,0.0122416232998606,0.0015370244998492,365.0,58.75077144519912,0.027677460272884227,fairly_common,2.7677460272884225,,peak_abundance_with_occupancy_days_modifiers,0.5875077144519912
whbman1,EC,0.06569410319536247,0.0679,0.0679,resident,0.3457,0.0239,0.04,365.0,34.57,0.027396568958033257,uncommon,2.739656895803326,,peak_abundance_with_occupancy_days_modifiers,0.3457
sthwoo1,EC,0.06475724721527852,0.0669,0.0669,resident,0.2085,0.0826,0.151,365.0,20.849999999999998,0.027005869668238702,uncommon,2.7005869668238702,,peak_abundance_with_occupancy_days_modifiers,0.2085
scptyr1,EC,0.06466351332572215,0.0668,0.0668,resident,0.2325,0.2571,0.2945,365.0,23.25,0.026966779600119516,uncommon,2.6966779600119515,,peak_abundance_with_occupancy_days_modifiers,0.2325
rinkin1,EC,0.06400712997429238,0.0661,0.0661,resident,0.4101,0.0161,0.0199,365.0,41.010000000000005,0.026693046481381728,uncommon,2.669304648138173,,peak_abundance_with_occupancy_days_modifiers,0.4101
grcfly1,EC,0.06372569088054483,0.0658,0.0658,resident,0.2742,0.0435,0.0817,365.0,27.42,0.026575677263075925,uncommon,2.6575677263075925,,peak_abundance_with_occupancy_days_modifiers,0.2742
strfly1,EC,0.06363186024477342,0.05589999999999999,0.0657,postbreeding_migration,0.608,0.0151,0.0259,112.0,60.8,0.026536546848651327,uncommon,2.6536546848651326,,peak_abundance_with_occupancy_days_modifiers,0.608
yectyr1,EC,0.06353802080398764,0.0656,0.0656,resident,0.3364,0.0152,0.0169,365.0,33.64,0.026497412762250518,uncommon,2.649741276225052,,peak_abundance_with_occupancy_days_modifiers,0.3364
grekis,EC,0.0631625749576401,0.0652,0.0652,resident,0.2326,0.0049,0.0016,365.0,23.26,0.02634083968309784,uncommon,2.634083968309784,,peak_abundance_with_occupancy_days_modifiers,0.2326
rubpep1,EC,0.06203539091945264,0.064,0.064,resident,0.2556,0.0054,0.0068,365.0,25.56,0.02587076742807733,uncommon,2.587076742807733,,peak_abundance_with_occupancy_days_modifiers,0.2556
renpha,EC,0.060906934903521386,0.0628,0.0628,postbreeding_migration,0.0186,,,,1.8599999999999999,0.025400164717136405,rare,2.5400164717136406,rare,peak_abundance_with_occupancy_days_modifiers,0.0186
orwpar,EC,0.06081283939651242,0.0627,0.0627,resident,0.1178,0.0045,0.0052,365.0,11.78,0.025360923842826184,uncommon,2.5360923842826186,,peak_abundance_with_occupancy_days_modifiers,0.1178
toubar1,EC,0.06032570063085772,0.062182443704841,0.062182443704841,resident,0.1389261785394012,0.2700071675552626,0.369341030045399,365.0,13.89261785394012,0.02515777119842978,uncommon,2.5157771198429777,,peak_abundance_with_occupancy_days_modifiers,0.1389261785394012
putfru1,EC,0.059871397037390334,0.0617,0.0617,resident,0.2296,0.0125,0.0169,365.0,22.96,0.02496831188441346,uncommon,2.496831188441346,,peak_abundance_with_occupancy_days_modifiers,0.2296
gohman1,EC,0.05957605292700596,0.0613864794585066,0.0613864794585066,resident,0.5084613683430004,0.0287431356859771,0.0104856364034916,365.0,50.84613683430004,0.02484514382376677,fairly_common,2.484514382376677,,peak_abundance_with_occupancy_days_modifiers,0.5084613683430004
pirfly1,EC,0.05940034328144753,0.044524999999999995,0.0612,nonbreeding,0.4416,0.0186,0.0158,112.0,44.16,0.024771867210083197,uncommon,2.47718672100832,,peak_abundance_with_occupancy_days_modifiers,0.4416
webwoo1,EC,0.058929067529287484,0.0607,0.0607,resident,0.365,0.0176,0.0174,365.0,36.5,0.024575329956139653,uncommon,2.4575329956139655,,peak_abundance_with_occupancy_days_modifiers,0.365
spvear1,EC,0.058740495022600085,0.052199999999999996,0.0605,breeding,0.1114,0.1012,0.1301,119.0,11.14,0.02449668911271895,uncommon,2.4496689112718952,,peak_abundance_with_occupancy_days_modifiers,0.1114
sposan,EC,0.058268908123975775,0.0488,0.06,nonbreeding,0.4335,0.0364,0.0434,140.0,43.35,0.02430002210062133,uncommon,2.430002210062133,,peak_abundance_with_occupancy_days_modifiers,0.4335
cocher1,EC,0.05723063345427171,0.0589,0.0589,resident,0.1171,0.0074,0.0142,365.0,11.709999999999999,0.023867027932159383,uncommon,2.3867027932159384,,peak_abundance_with_occupancy_days_modifiers,0.1171
mastit1,EC,0.05713619137080915,0.0588,0.0588,resident,0.3541,0.021,0.0279,365.0,35.410000000000004,0.02382764252424191,uncommon,2.3827642524241908,,peak_abundance_with_occupancy_days_modifiers,0.3541
compau,EC,0.05704174036719702,0.0587,0.0587,resident,0.5212,0.0107,0.0046,365.0,52.12,0.02378825339633313,fairly_common,2.378825339633313,,peak_abundance_with_occupancy_days_modifiers,0.5212
rumfly1,EC,0.056663847117541744,0.0583,0.0583,resident,0.1672,0.0059,0.008,365.0,16.72,0.023630659670726327,uncommon,2.363065967072633,,peak_abundance_with_occupancy_days_modifiers,0.1672
snakit,EC,0.056474846927978946,0.0581,0.0581,resident,0.037,0.0044,0.016,365.0,3.6999999999999997,0.023551840469693323,rare,2.3551840469693324,rare,peak_abundance_with_occupancy_days_modifiers,0.037
ducfly,EC,0.056285811010591824,0.0509,0.0579,postbreeding_migration,0.6362,0.0242,0.0227,133.0,63.62,0.023473006369000307,uncommon,2.3473006369000307,,peak_abundance_with_occupancy_days_modifiers,0.6362
spetea3,EC,0.055416472713785435,0.0569807266534662,0.0569807266534662,resident,0.1054870583200789,0.3330946821445516,0.4382480204742451,365.0,10.54870583200789,0.02311046414012639,uncommon,2.311046414012639,,peak_abundance_with_occupancy_days_modifiers,0.1054870583200789
swathr,EC,0.0550562057480784,0.03306666666666667,0.0566,nonbreeding,0.3012,0.0545,0.0671,91.0,30.12,0.022960221145866468,uncommon,2.2960221145866466,,peak_abundance_with_occupancy_days_modifiers,0.3012
brcmar1,EC,0.05496155807397434,0.029025,0.0565,postbreeding_migration,0.3114,0.0065,0.0025,126.0,31.14,0.022920749999992107,uncommon,2.292074999999211,,peak_abundance_with_occupancy_days_modifiers,0.3114
yebsee1,EC,0.05373032242096779,0.0552,0.0552,resident,0.2141,0.0196,0.0229,365.0,21.41,0.02240728485121196,uncommon,2.2407284851211964,,peak_abundance_with_occupancy_days_modifiers,0.2141
wepdov1,EC,0.053066720936692235,0.0545,0.0545,resident,0.0263,0.0946,0.0718,365.0,2.63,0.02213054153727188,rare,2.213054153727188,rare,peak_abundance_with_occupancy_days_modifiers,0.0263
easkin,EC,0.05297188476610572,0.0265,0.0544,prebreeding_migration,0.2597,0.0252,0.0088,112.0,25.97,0.022090991782258672,uncommon,2.209099178225867,,peak_abundance_with_occupancy_days_modifiers,0.2597
blgdov1,EC,0.05278218543896945,0.0542,0.0542,resident,0.2223,0.0102,0.0342,365.0,22.23,0.022011881018211474,uncommon,2.2011881018211477,,peak_abundance_with_occupancy_days_modifiers,0.2223
goowoo1,EC,0.05278218543896945,0.0542,0.0542,resident,0.3393,0.1181,0.116,365.0,33.93,0.022011881018211474,uncommon,2.2011881018211477,,peak_abundance_with_occupancy_days_modifiers,0.3393
purgal2,EC,0.052687322279006465,0.0413,0.0541,breeding,0.2994,0.0137,0.0326,112.0,29.94,0.021972320007754047,uncommon,2.1972320007754047,,peak_abundance_with_occupancy_days_modifiers,0.2994
whfant2,EC,0.052687322279006465,0.0541,0.0541,resident,0.2535,0.0127,0.0138,365.0,25.35,0.021972320007754047,uncommon,2.1972320007754047,,peak_abundance_with_occupancy_days_modifiers,0.2535
blcwoo1,EC,0.05164323315183845,0.053,0.053,resident,0.1581,0.2121,0.2305,365.0,15.809999999999999,0.02153690102219108,uncommon,2.153690102219108,,peak_abundance_with_occupancy_days_modifiers,0.1581
rtlhum,EC,0.05135829227514207,0.0527,0.0527,resident,0.1373,0.0543,0.0627,365.0,13.73,0.02141807144696788,uncommon,2.141807144696788,,peak_abundance_with_occupancy_days_modifiers,0.1373
whfnun1,EC,0.05127130079708012,0.0526084280540914,0.0526084280540914,resident,0.4719592601464542,0.0223782095002368,0.0107546580893171,365.0,47.195926014645416,0.021381793182838227,uncommon,2.1381793182838225,,peak_abundance_with_occupancy_days_modifiers,0.4719592601464542
chcant2,EC,0.05107327018400062,0.0524,0.0524,resident,0.1439,0.2075,0.2155,365.0,14.39,0.02129920800269043,uncommon,2.1299208002690433,,peak_abundance_with_occupancy_days_modifiers,0.1439
eawpew,EC,0.05078816683210506,0.035866666666666665,0.0521,nonbreeding,0.3936,0.0328,0.0814,91.0,39.36,0.021180310670046373,uncommon,2.118031067004637,,peak_abundance_with_occupancy_days_modifiers,0.3936
bahtan1,EC,0.050693114315518116,0.052,0.052,resident,0.2166,0.0507,0.0818,365.0,21.66,0.021140670691743236,uncommon,2.1140670691743235,,peak_abundance_with_occupancy_days_modifiers,0.2166
cincon1,EC,0.05065352518298882,0.0519583530569678,0.0519583530569678,resident,0.1876764103176544,0.08196382273632,0.0375943469346401,365.0,18.76764103176544,0.021124160741130125,uncommon,2.1124160741130127,,peak_abundance_with_occupancy_days_modifiers,0.1876764103176544
bkbwar,EC,0.05021771616061742,0.0341,0.0515,nonbreeding,0.1892,0.1227,0.0939,91.0,18.92,0.020942414262326344,uncommon,2.0942414262326343,,peak_abundance_with_occupancy_days_modifiers,0.1892
laugul,EC,0.049551778829247745,0.02515,0.0508,nonbreeding,0.0229,0.0244,0.0071,98.0,2.29,0.02066469682448651,rare,2.066469682448651,rare,peak_abundance_with_occupancy_days_modifiers,0.0229
libher,EC,0.049456608712592526,0.04035,0.0507,nonbreeding,0.2238,0.029,0.0208,133.0,22.38,0.020625007803145662,uncommon,2.0625007803145663,,peak_abundance_with_occupancy_days_modifiers,0.2238
swatan1,EC,0.048705476895363656,0.0218342862389698,0.0499110821273875,breeding,0.2160928247924838,0.009908799040339,0.010293791983851,203.0,21.609282479248378,0.02031176150513192,rare,2.031176150513192,,peak_abundance_with_occupancy_days_modifiers,0.2160928247924838
crcwoo1,EC,0.048409139207687545,0.0496,0.0496,resident,0.2851,0.008,0.0135,365.0,28.51,0.020188179090571214,rare,2.0188179090571214,,peak_abundance_with_occupancy_days_modifiers,0.2851
giacow,EC,0.048409139207687545,0.0496,0.0496,resident,0.3564,0.0218,0.0306,365.0,35.64,0.020188179090571214,rare,2.0188179090571214,,peak_abundance_with_occupancy_days_modifiers,0.3564
crbfin1,EC,0.048409139207687545,0.0496,0.0496,resident,0.1402,0.879,0.9113,365.0,14.02,0.020188179090571214,rare,2.0188179090571214,,peak_abundance_with_occupancy_days_modifiers,0.1402
grnkin,EC,0.047646653467353035,0.0488,0.0488,resident,0.3543,0.0145,0.0269,365.0,35.43,0.019870197838852573,rare,1.9870197838852572,,peak_abundance_with_occupancy_days_modifiers,0.3543
scbwre1,EC,0.046979001193994605,0.0481,0.0481,resident,0.3086,0.0251,0.0376,365.0,30.86,0.019591765214654108,rare,1.9591765214654107,,peak_abundance_with_occupancy_days_modifiers,0.3086
hoosis1,EC,0.04669272799198229,0.0478,0.0478,resident,0.0769,0.0086,0.0111,365.0,7.6899999999999995,0.019472380016618246,rare,1.9472380016618245,,peak_abundance_with_occupancy_days_modifiers,0.0769
blttro1,EC,0.046076759898340355,0.0471547873670801,0.0471547873670801,resident,0.5369232252899545,0.0117342275884558,0.0060744561215244,365.0,53.69232252899545,0.019215501369485702,uncommon,1.9215501369485701,,peak_abundance_with_occupancy_days_modifiers,0.5369232252899545
linant1,EC,0.04555169556953963,0.0466051080626268,0.0466051080626268,resident,0.214186976617137,0.3419635125544177,0.4961593316655444,365.0,21.4186976617137,0.01899653253679438,rare,1.899653253679438,,peak_abundance_with_occupancy_days_modifiers,0.214186976617137
grnjay,EC,0.044782142771893185,0.0458,0.0458,resident,0.0866,0.0399,0.0469,365.0,8.66,0.018675604093264665,rare,1.8675604093264666,,peak_abundance_with_occupancy_days_modifiers,0.0866
ywcpar,EC,0.04459088332787514,0.0456,0.0456,resident,0.1679,0.012,0.0072,365.0,16.79,0.018595842709943355,rare,1.8595842709943355,,peak_abundance_with_occupancy_days_modifiers,0.1679
gobwar4,EC,0.0441399588391625,0.045128619641063,0.045128619641063,resident,0.09976256236782,0.1773913932050302,0.3278934126189358,365.0,9.976256236782,0.01840779259206372,rare,1.840779259206372,,peak_abundance_with_occupancy_days_modifiers,0.09976256236782
chewoo2,EC,0.044132092867736686,0.0451203987215374,0.0451203987215374,resident,0.6344361923769779,0.0196634908044079,0.0301146609471452,365.0,63.44361923769779,0.018404512227189147,uncommon,1.8404512227189147,,peak_abundance_with_occupancy_days_modifiers,0.6344361923769779
strsal1,EC,0.04392118705792815,0.0449,0.0449,resident,0.1619,0.1434,0.137,365.0,16.189999999999998,0.018316557672959404,rare,1.8316557672959404,,peak_abundance_with_occupancy_days_modifiers,0.1619
whwbec1,EC,0.04334680450336586,0.041550000000000004,0.0443,nonbreeding,0.4204,0.0097,0.0149,287.0,42.04,0.018077021542637954,rare,1.8077021542637954,,peak_abundance_with_occupancy_days_modifiers,0.4204
blatap1,EC,0.04241866412463995,0.043331192666647,0.043331192666647,resident,0.1871304366071012,0.2878878308877306,0.334917125037674,365.0,18.71304366071012,0.01768995694092052,rare,1.768995694092052,,peak_abundance_with_occupancy_days_modifiers,0.1871304366071012
sumtan,EC,0.04210117601863539,0.023166666666666665,0.043,nonbreeding,0.3926,0.0387,0.0369,98.0,39.26,0.017557554116824615,rare,1.7557554116824616,,peak_abundance_with_occupancy_days_modifiers,0.3926
retcar2,EC,0.04210117601863539,0.043,0.043,resident,0.224,0.0135,0.0111,365.0,22.400000000000002,0.017557554116824615,rare,1.7557554116824616,,peak_abundance_with_occupancy_days_modifiers,0.224
ytbtan1,EC,0.04200529414503013,0.0429,0.0429,resident,0.0826,0.2349,0.3146,365.0,8.260000000000002,0.01751756826978078,rare,1.7517568269780779,,peak_abundance_with_occupancy_days_modifiers,0.0826
yetori1,EC,0.04075799247216774,0.0416,0.0416,resident,0.1791,0.1902,0.3164,365.0,17.91,0.016997403070319574,rare,1.6997403070319574,,peak_abundance_with_occupancy_days_modifiers,0.1791
grehon1,EC,0.04037389413827326,0.0412,0.0412,resident,0.304,0.0193,0.023,365.0,30.4,0.01683722162359342,rare,1.683722162359342,,peak_abundance_with_occupancy_days_modifiers,0.304
burwar1,EC,0.039893563661676665,0.0407,0.0407,resident,0.211,0.0457,0.0805,365.0,21.099999999999998,0.016636908256264415,rare,1.6636908256264415,,peak_abundance_with_occupancy_days_modifiers,0.211
andlap1,EC,0.03938858834547027,0.0401746048553783,0.0401746048553783,resident,0.0956215623381257,0.0274347742745754,0.0176678757858709,365.0,9.562156233812571,0.016426317192536698,rare,1.6426317192536697,,peak_abundance_with_occupancy_days_modifiers,0.0956215623381257
brratt1,EC,0.03912455468405003,0.0399,0.0399,resident,0.2934,0.0133,0.0113,365.0,29.34,0.016316206603298102,rare,1.6316206603298102,,peak_abundance_with_occupancy_days_modifiers,0.2934
baymac,EC,0.038643623592204426,0.0394,0.0394,resident,0.089,0.0043,0.0036,365.0,8.9,0.016115642759955476,rare,1.6115642759955477,,peak_abundance_with_occupancy_days_modifiers,0.089
spered1,EC,0.03816246109434891,0.0389,0.0389,resident,0.089,0.2394,0.2073,365.0,8.9,0.015914982412811064,rare,1.5914982412811065,,peak_abundance_with_occupancy_days_modifiers,0.089
yegvir,EC,0.03816246109434891,0.0223,0.0389,nonbreeding,0.2451,0.0498,0.2119,105.0,24.51,0.015914982412811064,rare,1.5914982412811065,,peak_abundance_with_occupancy_days_modifiers,0.2451
bludac1,EC,0.03739211921706267,0.0381,0.0381,resident,0.2422,0.0079,0.0077,365.0,24.22,0.015593724897512167,rare,1.5593724897512167,,peak_abundance_with_occupancy_days_modifiers,0.2422
plbwoo1,EC,0.036524774682372266,0.0372,0.0372,resident,0.393,0.0192,0.0221,365.0,39.300000000000004,0.015232014132021432,rare,1.5232014132021432,,peak_abundance_with_occupancy_days_modifiers,0.393
lebfly2,EC,0.0361415473121691,0.0368025927251614,0.0368025927251614,resident,0.1977673525717167,0.1358533342374113,0.1967321598202455,365.0,19.77673525717167,0.015072195905366417,rare,1.5072195905366417,,peak_abundance_with_occupancy_days_modifiers,0.1977673525717167
refspi1,EC,0.03608716904886178,0.036746214733659,0.036746214733659,resident,0.1095757196250723,0.3117251841418418,0.3637116091403315,365.0,10.957571962507231,0.015049518408177876,rare,1.5049518408177875,,peak_abundance_with_occupancy_days_modifiers,0.1095757196250723
sungre1,EC,0.03577512238944943,0.0364227520110487,0.0364227520110487,resident,0.5811450618276562,0.0148779110203422,0.045834335018778,365.0,58.11450618276562,0.0149193848435672,uncommon,1.49193848435672,,peak_abundance_with_occupancy_days_modifiers,0.5811450618276562
absfin1,EC,0.035763585871354246,0.036410795370185,0.036410795370185,resident,0.1871372617616344,0.0210085528217388,0.0017815195005097,365.0,18.71372617616344,0.014914573741837288,rare,1.491457374183729,,peak_abundance_with_occupancy_days_modifiers,0.1871372617616344
ycnher,EC,0.035656677208034684,0.0234,0.0363,nonbreeding,0.05,0.0242,0.1125,147.0,5.0,0.01486998936630912,rare,1.486998936630912,,peak_abundance_with_occupancy_days_modifiers,0.05
scatan,EC,0.03546366427556904,0.024733333333333333,0.0361,nonbreeding,0.2904,0.06,0.1789,77.0,29.04,0.014789496721507176,rare,1.4789496721507176,,peak_abundance_with_occupancy_days_modifiers,0.2904
thswar1,EC,0.0344014267173324,0.035,0.035,resident,0.0847,0.1284,0.1409,365.0,8.469999999999999,0.014346509252335056,rare,1.4346509252335056,,peak_abundance_with_occupancy_days_modifiers,0.0847
rucwar1,EC,0.03420817132973701,0.0348,0.0348,resident,0.0889,0.187,0.2314,365.0,8.89,0.014265915495890543,rare,1.4265915495890542,,peak_abundance_with_occupancy_days_modifiers,0.0889
andsol1,EC,0.03401487858727765,0.0346,0.0346,resident,0.1152,0.1325,0.1433,365.0,11.52,0.014185306161257773,rare,1.4185306161257774,,peak_abundance_with_occupancy_days_modifiers,0.1152
chifla1,EC,0.03382154847551067,0.01975,0.0344,breeding,0.0066,0.0014,0.0019,119.0,0.66,0.014104681242413281,very_rare,1.4104681242413282,very_rare,peak_abundance_with_occupancy_days_modifiers,0.0066
bucmot3,EC,0.033724869401620894,0.0343,0.0343,resident,0.1442,0.227,0.3193,365.0,14.42,0.01406436293702835,rare,1.406436293702835,,peak_abundance_with_occupancy_days_modifiers,0.1442
slcgro1,EC,0.03343477608623739,0.034,0.034,resident,0.2788,0.0204,0.0165,365.0,27.88,0.013943384627977793,rare,1.3943384627977793,,peak_abundance_with_occupancy_days_modifiers,0.2788
gagwar2,EC,0.03343477608623739,0.034,0.034,resident,0.0697,0.6695,0.66,365.0,6.97,0.013943384627977793,rare,1.3943384627977793,,peak_abundance_with_occupancy_days_modifiers,0.0697
pnbfin1,EC,0.03250611076803475,0.0330402057937532,0.0330402057937532,resident,0.145663925891167,0.3311547958053679,0.2631619218459072,365.0,14.5663925891167,0.013556101109494938,rare,1.3556101109494938,,peak_abundance_with_occupancy_days_modifiers,0.145663925891167
sntkin1,EC,0.032467190137501496,0.0298,0.033,breeding,0.2126,0.7627,0.8248,42.0,21.26,0.01353986994586792,rare,1.353986994586792,,peak_abundance_with_occupancy_days_modifiers,0.2126
bcnher,EC,0.0322735605502957,0.027425,0.0328,breeding,0.1137,0.0029,0.0024,112.0,11.37,0.013459120136065003,rare,1.3459120136065004,,peak_abundance_with_occupancy_days_modifiers,0.1137
whtswa1,EC,0.032261964888222444,0.0327880240696453,0.0327880240696453,resident,0.1990192754089696,0.0520430068689967,0.1439516360048188,365.0,19.90192754089696,0.013454284369380431,rare,1.3454284369380431,,peak_abundance_with_occupancy_days_modifiers,0.1990192754089696
pibgre,EC,0.03207989346341168,0.019175,0.0326,postbreeding_migration,0.0626,0.0046,0.017,168.0,6.260000000000001,0.013378354687681606,rare,1.3378354687681606,,peak_abundance_with_occupancy_days_modifiers,0.0626
mouant,EC,0.0316731964288844,0.0321801300278707,0.0321801300278707,resident,0.5177909038106477,0.0750019113693,0.1105539056745949,365.0,51.779090381064776,0.013208748850787598,uncommon,1.3208748850787597,,peak_abundance_with_occupancy_days_modifiers,0.5177909038106477
whcela1,EC,0.03159556158975056,0.024075,0.0321,postbreeding_migration,0.2132,0.0357,0.0209,105.0,21.32,0.013176372608165746,rare,1.3176372608165745,,peak_abundance_with_occupancy_days_modifiers,0.2132
ocbfly1,EC,0.03149866705937099,0.032,0.032,resident,0.3832,0.0202,0.0205,365.0,38.32,0.013135964450445627,rare,1.3135964450445627,,peak_abundance_with_occupancy_days_modifiers,0.3832
pabtin1,EC,0.031207927124193163,0.0317,0.0317,resident,0.0833,0.7979,0.7237,365.0,8.33,0.0130147164799959,rare,1.30147164799959,,peak_abundance_with_occupancy_days_modifiers,0.0833
oncbec1,EC,0.030835015335692096,0.03131533863464,0.03131533863464,resident,0.3756060082998984,0.3617713500899651,0.6512461445352237,365.0,37.56060082998984,0.012859200185047019,rare,1.285920018504702,,peak_abundance_with_occupancy_days_modifiers,0.3756060082998984
goftyr1,EC,0.03072317264284058,0.0312,0.0312,resident,0.1249,0.1381,0.092,365.0,12.49,0.012812558159383744,rare,1.2812558159383745,,peak_abundance_with_occupancy_days_modifiers,0.1249
amakin1,EC,0.030529205034822874,0.031,0.031,resident,0.2265,0.0099,0.013,365.0,22.650000000000002,0.01273166738395329,rare,1.273166738395329,,peak_abundance_with_occupancy_days_modifiers,0.2265
blkpho,EC,0.030335199796072947,0.026225,0.0308,breeding,0.2687,0.03,0.019,112.0,26.87,0.012650760915288583,rare,1.2650760915288584,,peak_abundance_with_occupancy_days_modifiers,0.2687
purhon1,EC,0.02981576683837234,0.0302647075435098,0.0302647075435098,resident,0.2801792739339362,0.0156321262874953,0.0087783616591372,365.0,28.01792739339362,0.012434140546754176,rare,1.2434140546754175,,peak_abundance_with_occupancy_days_modifiers,0.2801792739339362
scbant3,EC,0.02946171014961901,0.0299,0.0299,resident,0.2076,0.0133,0.0238,365.0,20.76,0.01228648743914362,rare,1.2286487439143619,,peak_abundance_with_occupancy_days_modifiers,0.2076
bkmtou1,EC,0.029170377299779858,0.0296,0.0296,resident,0.0963,0.1036,0.0916,365.0,9.629999999999999,0.01216499220407477,rare,1.216499220407477,,peak_abundance_with_occupancy_days_modifiers,0.0963
rufmot1,EC,0.029073247485707086,0.0295,0.0295,resident,0.2316,0.0383,0.0514,365.0,23.16,0.012124485925433415,rare,1.2124485925433415,,peak_abundance_with_occupancy_days_modifiers,0.2316
chbant1,EC,0.028430494512324416,0.0288384984277277,0.0288384984277277,resident,0.1417917066229036,0.1021132800601581,0.0467195814389186,365.0,14.17917066229036,0.011856437115848552,rare,1.1856437115848553,,peak_abundance_with_occupancy_days_modifiers,0.1417917066229036
bwgdov1,EC,0.028144138855384377,0.02617052626569385,0.0285439268817524,breeding,0.0951209263875045,0.0114334876665496,0.0039485546956323,112.0,9.512092638750449,0.011737017531437015,rare,1.1737017531437015,,peak_abundance_with_occupancy_days_modifiers,0.0951209263875045
whwswa1,EC,0.027615167032973367,0.028,0.028,resident,0.0605,0.0049,0.007,365.0,6.05,0.0115164191473409,rare,1.15164191473409,,peak_abundance_with_occupancy_days_modifiers,0.0605
slccoo1,EC,0.027556924288620617,0.0279401282023712,0.0279401282023712,resident,0.0165106304263917,0.02460024600246,0.0046703754902853,365.0,1.6510630426391701,0.011492130036380369,rare,1.1492130036380368,rare,peak_abundance_with_occupancy_days_modifiers,0.0165106304263917
blctit1,EC,0.02742059557599217,0.0278,0.0278,resident,0.317,0.0156,0.033,365.0,31.7,0.011435276547333144,rare,1.1435276547333144,,peak_abundance_with_occupancy_days_modifiers,0.317
reevir1,EC,0.027225986253591457,0.022099999999999998,0.0276,nonbreeding,0.4643,0.0373,0.0527,126.0,46.43,0.01135411815621893,rare,1.135411815621893,,peak_abundance_with_occupancy_days_modifiers,0.4643
andduc1,EC,0.026795968975581945,0.0271582092407551,0.0271582092407551,resident,0.0363452985756918,0.0157098753370588,0.0171795920945641,365.0,3.63452985756918,0.011174787022416883,rare,1.1174787022416883,rare,peak_abundance_with_occupancy_days_modifiers,0.0363452985756918
olcyel1,EC,0.026682701639221214,0.0270418723550823,0.0270418723550823,resident,0.1586329395093833,0.2392359870137437,0.3791699642896186,365.0,15.863293950938328,0.011127550874264066,rare,1.1127550874264065,,peak_abundance_with_occupancy_days_modifiers,0.1586329395093833
rebhaw2,EC,0.02634977532278202,0.0188,0.0267,nonbreeding,0.1755,0.015,0.0102,196.0,17.549999999999997,0.010988709816351354,rare,1.0988709816351354,,peak_abundance_with_occupancy_days_modifiers,0.1755
wbwwre1,EC,0.026252371144065742,0.0266,0.0266,resident,0.2168,0.0379,0.0466,365.0,21.68,0.010948089118766595,rare,1.0948089118766595,,peak_abundance_with_occupancy_days_modifiers,0.2168
anhing,EC,0.026252371144065742,0.022675,0.0266,breeding,0.2257,0.0108,0.0109,105.0,22.57,0.010948089118766595,rare,1.0948089118766595,,peak_abundance_with_occupancy_days_modifiers,0.2257
limpki,EC,0.025960101669531634,0.0263,0.0263,resident,0.0438,0.0052,0.009,365.0,4.38,0.010826203280861342,rare,1.0826203280861342,rare,peak_abundance_with_occupancy_days_modifiers,0.0438
gretin1,EC,0.02586265952572737,0.0262,0.0262,resident,0.2121,0.0145,0.0149,365.0,21.21,0.010785566750605149,rare,1.078556675060515,,peak_abundance_with_occupancy_days_modifiers,0.2121
grtgra,EC,0.02566774674857779,0.015024999999999998,0.026,postbreeding_migration,0.0339,0.0075,0.0023,126.0,3.39,0.010704281809031328,rare,1.0704281809031329,rare,peak_abundance_with_occupancy_days_modifiers,0.0339
lstswi1,EC,0.02557027611153001,0.0259,0.0259,resident,0.2966,0.0203,0.0419,365.0,29.659999999999997,0.010663633396169651,rare,1.0663633396169652,,peak_abundance_with_occupancy_days_modifiers,0.2966
slcfly1,EC,0.025082780367463153,0.0254,0.0254,resident,0.1192,0.0996,0.1095,365.0,11.92,0.01046033188021233,rare,1.046033188021233,,peak_abundance_with_occupancy_days_modifiers,0.1192
guawoo2,EC,0.025039010030467868,0.0253551188786831,0.0253551188786831,resident,0.1841460435028588,0.6304113771319776,0.7411690096240834,365.0,18.414604350285877,0.010442078231901719,rare,1.044207823190172,,peak_abundance_with_occupancy_days_modifiers,0.1841460435028588
canwar,EC,0.024887715507778994,0.015066666666666667,0.0252,nonbreeding,0.1741,0.11,0.1774,112.0,17.41,0.010378983515295329,rare,1.0378983515295328,,peak_abundance_with_occupancy_days_modifiers,0.1741
leasan,EC,0.024497471600387438,0.0178,0.0248,postbreeding_migration,0.0233,0.0044,0.0041,147.0,2.33,0.010216239165357105,rare,1.0216239165357104,rare,peak_abundance_with_occupancy_days_modifiers,0.0233
whctan1,EC,0.024158458177699852,0.0244526379279591,0.0244526379279591,resident,0.1247195517378798,0.1554822959160688,0.1681392931917373,365.0,12.471955173787979,0.010074859586968783,rare,1.0074859586968783,,peak_abundance_with_occupancy_days_modifiers,0.1247195517378798
flicor1,EC,0.024107075343233128,0.0244,0.0244,resident,0.0113,1.0,1.0,365.0,1.13,0.010053431280632984,rare,1.0053431280632983,rare,peak_abundance_with_occupancy_days_modifiers,0.0113
andgua1,EC,0.02381878988705412,0.0241047229427758,0.0241047229427758,resident,0.1083106856014072,0.0835007830175566,0.0824903657246123,365.0,10.83106856014072,0.00993320690742982,rare,0.993320690742982,,peak_abundance_with_occupancy_days_modifiers,0.1083106856014072
strcuc1,EC,0.023716526617316044,0.024,0.024,resident,0.2278,0.0076,0.0069,365.0,22.78,0.009890559811496108,rare,0.9890559811496108,,peak_abundance_with_occupancy_days_modifiers,0.2278
bkbsht1,EC,0.02367514046245757,0.02116193532546075,0.0239576214543735,nonbreeding,0.146424080246714,0.0152126774868403,0.0170544438648324,259.0,14.642408024671399,0.009873300444363626,rare,0.9873300444363625,,peak_abundance_with_occupancy_days_modifiers,0.146424080246714
pucfai1,EC,0.023386949150654392,0.0236625682821382,0.0236625682821382,resident,0.2095606720778338,0.1558911325305583,0.1645077929684596,365.0,20.95606720778338,0.009753115332414691,rare,0.9753115332414691,,peak_abundance_with_occupancy_days_modifiers,0.2095606720778338
amekes,EC,0.023032699110572687,0.019225,0.0233,breeding,0.1404,0.0021,0.0028,105.0,14.04,0.009605381591037278,rare,0.9605381591037278,,peak_abundance_with_occupancy_days_modifiers,0.1404
oliwoo1,EC,0.02273948696948943,0.023,0.023,resident,0.2872,0.0096,0.0071,365.0,28.720000000000002,0.009483102630646627,rare,0.9483102630646627,,peak_abundance_with_occupancy_days_modifiers,0.2872
blcwar2,EC,0.02264173048082465,0.0229,0.0229,resident,0.0804,0.2811,0.2711,365.0,8.04,0.009442335008401522,rare,0.9442335008401522,,peak_abundance_with_occupancy_days_modifiers,0.0804
sohtyr1,EC,0.022580826840279088,0.0228377035631451,0.0228377035631451,resident,0.1607952404514395,0.0628196903517252,0.145189942102602,365.0,16.079524045143952,0.009416936217538384,rare,0.9416936217538384,,peak_abundance_with_occupancy_days_modifiers,0.1607952404514395
batfal1,EC,0.022543964434894502,0.0228,0.0228,resident,0.3126,0.0154,0.0184,365.0,31.259999999999998,0.009401563400467184,rare,0.9401563400467183,,peak_abundance_with_occupancy_days_modifiers,0.3126
brcfly1,EC,0.022054990780831327,0.018375,0.0223,nonbreeding,0.3779,0.0115,0.0119,133.0,37.79,0.009197645548169788,rare,0.9197645548169788,,peak_abundance_with_occupancy_days_modifiers,0.3779
crrtou1,EC,0.021616077629303065,0.0218513975411539,0.0218513975411539,resident,0.1433251809454568,0.1948768225396356,0.1970155883872919,365.0,14.33251809454568,0.009014604546960384,rare,0.9014604546960384,,peak_abundance_with_occupancy_days_modifiers,0.1433251809454568
atbtan1,EC,0.021474369289084923,0.0217066029352027,0.0217066029352027,resident,0.1242899537835881,0.3037529572968364,0.363253229623746,365.0,12.428995378358811,0.00895550757895446,rare,0.895550757895446,,peak_abundance_with_occupancy_days_modifiers,0.1242899537835881
wessan,EC,0.021370025736192483,0.013166666666666667,0.0216,nonbreeding,0.0149,0.0131,0.0019,105.0,1.49,0.008911992937562067,rare,0.8911992937562067,rare,peak_abundance_with_occupancy_days_modifiers,0.0149
spbwoo1,EC,0.021259069282997606,0.0214866531758132,0.0214866531758132,resident,0.2853292742296405,0.0323364154103313,0.0161275027614384,365.0,28.53292742296405,0.008865720502542192,rare,0.8865720502542193,,peak_abundance_with_occupancy_days_modifiers,0.2853292742296405
woosto,EC,0.021174235231406484,0.012074999999999999,0.0214,postbreeding_migration,0.0373,0.003,0.003,140.0,3.73,0.00883034195513301,rare,0.883034195513301,rare,peak_abundance_with_occupancy_days_modifiers,0.0373
kinvul1,EC,0.021174235231406484,0.0214,0.0214,resident,0.217,0.0093,0.0107,365.0,21.7,0.00883034195513301,rare,0.883034195513301,,peak_abundance_with_occupancy_days_modifiers,0.217
yebela1,EC,0.021076325601916215,0.0213,0.0213,resident,0.1285,0.006,0.0036,365.0,12.85,0.008789510468203225,rare,0.8789510468203224,,peak_abundance_with_occupancy_days_modifiers,0.1285
silant1,EC,0.02107624428157354,0.0212999169475374,0.0212999169475374,resident,0.3254193801678868,0.0111617651641493,0.0103462012528496,365.0,32.54193801678868,0.008789476554986212,rare,0.8789476554986212,,peak_abundance_with_occupancy_days_modifiers,0.3254193801678868
fepowl,EC,0.02097840638519171,0.0212,0.0212,resident,0.1863,0.0062,0.0071,365.0,18.63,0.00874867498308622,rare,0.874867498308622,,peak_abundance_with_occupancy_days_modifiers,0.1863
scamac1,EC,0.020880477579355235,0.0211,0.0211,resident,0.0963,0.0057,0.005,365.0,9.629999999999999,0.008707835498998829,rare,0.8707835498998829,,peak_abundance_with_occupancy_days_modifiers,0.0963
stftyr1,EC,0.020782626202132257,0.0210000888470193,0.0210000888470193,resident,0.1828719690175114,0.1248739421552336,0.0667463339924716,365.0,18.28719690175114,0.00866702830515138,rare,0.866702830515138,,peak_abundance_with_occupancy_days_modifiers,0.1828719690175114
blkflo1,EC,0.020782539182528505,0.021,0.021,resident,0.0891,0.3566,0.3027,365.0,8.91,0.008666992015157925,rare,0.8666992015157925,,peak_abundance_with_occupancy_days_modifiers,0.0891
mawqua1,EC,0.020679882080591044,0.0208951924786321,0.0208951924786321,resident,0.5395033440260611,0.0169856536934358,0.0106366652229472,365.0,53.95033440260612,0.008624180678440273,uncommon,0.8624180678440273,,peak_abundance_with_occupancy_days_modifiers,0.5395033440260611
epaori1,EC,0.020629742619591284,0.0208440066271702,0.0208440066271702,resident,0.6711291263035035,0.0232250175612758,0.0129735958951136,365.0,67.11291263035035,0.008603270899114862,uncommon,0.8603270899114862,,peak_abundance_with_occupancy_days_modifiers,0.6711291263035035
hobkit,EC,0.020292703267762432,0.0205,0.0205,resident,0.1467,0.0076,0.1052,365.0,14.67,0.00846271457221757,rare,0.846271457221757,,peak_abundance_with_occupancy_days_modifiers,0.1467
chcswi1,EC,0.020073857894628983,0.0202766927324897,0.0202766927324897,resident,0.2157905338751774,0.0553501418958856,0.1304582771574924,365.0,21.579053387517742,0.00837144896290764,rare,0.837144896290764,,peak_abundance_with_occupancy_days_modifiers,0.2157905338751774
speowl1,EC,0.019704583274335403,0.0199,0.0199,resident,0.2972,0.0129,0.0267,365.0,29.720000000000002,0.00821744948491431,rare,0.821744948491431,,peak_abundance_with_occupancy_days_modifiers,0.2972
brcvir1,EC,0.019410393519823325,0.0196,0.0196,resident,0.0983,0.1128,0.1326,365.0,9.83,0.00809476282805764,rare,0.809476282805764,,peak_abundance_with_occupancy_days_modifiers,0.0983
orbspa1,EC,0.019312311032372815,0.0195,0.0195,resident,0.0939,0.1341,0.1596,365.0,9.39,0.00805385925375932,rare,0.8053859253759321,,peak_abundance_with_occupancy_days_modifiers,0.0939
dbwqua1,EC,0.019188716559268112,0.0193740032210829,0.0193740032210829,resident,0.1208223434450636,0.7133936130119343,0.7045072928227311,365.0,12.08223434450636,0.00800231635507364,rare,0.800231635507364,,peak_abundance_with_occupancy_days_modifiers,0.1208223434450636
whcman2,EC,0.01911611719223005,0.0193,0.0193,resident,0.185,0.0153,0.0148,365.0,18.5,0.007972040067421885,rare,0.7972040067421885,,peak_abundance_with_occupancy_days_modifiers,0.185
bkfibi2,EC,0.018994418966636322,0.0191759605464961,0.0191759605464961,resident,0.0675065450649401,0.008909952606635,0.0094738539396092,365.0,6.750654506494009,0.00792128796537039,rare,0.792128796537039,,peak_abundance_with_occupancy_days_modifiers,0.0675065450649401
grhkit1,EC,0.018919884852510872,0.0191,0.0191,resident,0.2479,0.0104,0.0374,365.0,24.79,0.00789020482551394,rare,0.789020482551394,,peak_abundance_with_occupancy_days_modifiers,0.2479
olsfly,EC,0.018723613998102594,0.010866666666666669,0.0189,nonbreeding,0.3045,0.0324,0.0934,98.0,30.45,0.007808353521733183,rare,0.7808353521733183,,peak_abundance_with_occupancy_days_modifiers,0.3045
blheag1,EC,0.018527304613883622,0.0187,0.0187,resident,0.2812,0.0147,0.0287,365.0,28.12,0.007726486149773333,rare,0.7726486149773333,,peak_abundance_with_occupancy_days_modifiers,0.2812
wesant1,EC,0.018527304613883622,0.0187,0.0187,resident,0.0678,0.0972,0.0982,365.0,6.78,0.007726486149773333,rare,0.7726486149773333,,peak_abundance_with_occupancy_days_modifiers,0.0678
scrcac1,EC,0.018232768261059712,0.0184,0.0184,resident,0.0634,0.1075,0.1225,365.0,6.34,0.0076036549501938165,rare,0.7603654950193817,,peak_abundance_with_occupancy_days_modifiers,0.0634
duftan1,EC,0.018232768261059712,0.0184,0.0184,resident,0.0431,0.2003,0.1892,365.0,4.31,0.0076036549501938165,rare,0.7603654950193817,rare,peak_abundance_with_occupancy_days_modifiers,0.0431
grasal3,EC,0.018232768261059712,0.0184,0.0184,resident,0.1402,0.01,0.005,365.0,14.02,0.0076036549501938165,rare,0.7603654950193817,,peak_abundance_with_occupancy_days_modifiers,0.1402
fasant1,EC,0.01813457019548269,0.0183,0.0183,resident,0.2229,0.0124,0.0079,365.0,22.29,0.007562703176073003,rare,0.7562703176073003,,peak_abundance_with_occupancy_days_modifiers,0.2229
capher1,EC,0.018121257605634974,0.0182864438799918,0.0182864438799918,resident,0.3230540543934831,0.011769059302298,0.0106729436876292,365.0,32.30540543934831,0.007557151394892805,rare,0.7557151394892805,,peak_abundance_with_occupancy_days_modifiers,0.3230540543934831
ruqdov,EC,0.017741681476157102,0.0179,0.0179,resident,0.2568,0.0138,0.0181,365.0,25.679999999999996,0.0073988558538890595,rare,0.7398855853889059,,peak_abundance_with_occupancy_days_modifiers,0.2568
wewpew,EC,0.017545179215748816,0.013766666666666668,0.0177,nonbreeding,0.1853,0.1154,0.2304,119.0,18.529999999999998,0.007316908046310731,rare,0.731690804631073,,peak_abundance_with_occupancy_days_modifiers,0.1853
semplo,EC,0.017348638334613004,0.009174999999999999,0.0175,nonbreeding,0.0289,0.0268,0.0076,161.0,2.8899999999999997,0.007234944132638043,rare,0.7234944132638043,rare,peak_abundance_with_occupancy_days_modifiers,0.0289
dotkit1,EC,0.017250353406527592,0.0174,0.0174,resident,0.2738,0.0165,0.0227,365.0,27.38,0.00719395613403763,rare,0.7193956134037629,,peak_abundance_with_occupancy_days_modifiers,0.2738
lobsta1,EC,0.01715205881756557,0.0173,0.0173,resident,0.2598,0.0277,0.0677,365.0,25.979999999999997,0.007152964106538737,rare,0.7152964106538737,,peak_abundance_with_occupancy_days_modifiers,0.2598
whcswi1,EC,0.017135034556390115,0.0172826813665251,0.0172826813665251,resident,0.2022904618156725,0.1144929503174293,0.0709993597578128,365.0,20.229046181567252,0.007145864438188428,rare,0.7145864438188428,,peak_abundance_with_occupancy_days_modifiers,0.2022904618156725
plaant1,EC,0.01706880022052489,0.0172153045550914,0.0172153045550914,resident,0.1190132541381499,0.0324809101290173,0.0267998551851824,365.0,11.90132541381499,0.007118242574708175,rare,0.7118242574708175,,peak_abundance_with_occupancy_days_modifiers,0.1190132541381499
barswi,EC,0.017033990319212308,0.0171798960070138,0.0171798960070138,resident,0.1428242155446743,0.0059116255319468,0.0006406703672504564,365.0,14.282421554467431,0.007103725718318549,rare,0.7103725718318549,,peak_abundance_with_occupancy_days_modifiers,0.1428242155446743
sctdac1,EC,0.017023261018105848,0.0171689824361777,0.0171689824361777,resident,0.1997443720429812,0.0667599732292815,0.0301095998116971,365.0,19.97443720429812,0.007099251252219787,rare,0.7099251252219787,,peak_abundance_with_occupancy_days_modifiers,0.1997443720429812
banswa,EC,0.016758783814954704,0.011133333333333334,0.0169,nonbreeding,0.0802,,,,8.02,0.0069889556917124805,rare,0.6988955691712481,,peak_abundance_with_occupancy_days_modifiers,0.0802
rugdov,EC,0.01666044089310724,0.0168,0.0168,resident,0.0365,0.0011,0.0006,365.0,3.65,0.006947943507834789,rare,0.6947943507834788,rare,peak_abundance_with_occupancy_days_modifiers,0.0365
strxen1,EC,0.016613524455318055,0.0167522964851042,0.0167522964851042,resident,0.1426142012477342,0.0250792961583116,0.0372483994767883,365.0,14.26142012477342,0.006928377833586456,rare,0.6928377833586457,,peak_abundance_with_occupancy_days_modifiers,0.1426142012477342
vepcor1,EC,0.01602672549440782,0.0161558423104835,0.0161558423104835,resident,0.0697906601493351,0.2708690545906327,0.3453159019809811,365.0,6.97906601493351,0.00668366365963283,rare,0.668366365963283,,peak_abundance_with_occupancy_days_modifiers,0.0697906601493351
bkpwar,EC,0.015971769509698662,0.008166666666666668,0.0161,nonbreeding,0.3365,0.0231,0.0317,112.0,33.650000000000006,0.006660745233906497,rare,0.6660745233906497,,peak_abundance_with_occupancy_days_modifiers,0.3365
leskis1,EC,0.015971769509698662,0.0161,0.0161,resident,0.0894,0.0068,0.0102,365.0,8.94,0.006660745233906497,rare,0.6660745233906497,,peak_abundance_with_occupancy_days_modifiers,0.0894
whstan1,EC,0.01587334915629015,0.016,0.016,resident,0.1444,0.0101,0.0189,365.0,14.44,0.006619700758559729,rare,0.6619700758559729,,peak_abundance_with_occupancy_days_modifiers,0.1444
compot1,EC,0.01587334915629015,0.014950000000000001,0.016,nonbreeding,0.3233,0.0084,0.0129,105.0,32.33,0.006619700758559729,rare,0.6619700758559729,,peak_abundance_with_occupancy_days_modifiers,0.3233
fotfly,EC,0.015578029963318415,0.0059,0.0157,postbreeding_migration,0.1808,0.0124,0.0009,91.0,18.08,0.006496543089281262,rare,0.6496543089281261,,peak_abundance_with_occupancy_days_modifiers,0.1808
perpel1,EC,0.015381102038302324,0.0155,0.0155,resident,0.0073,0.0453,0.0047,365.0,0.73,0.006414417765773596,very_rare,0.6414417765773596,very_rare,peak_abundance_with_occupancy_days_modifiers,0.0073
yehcar1,EC,0.015184135325039965,0.0153,0.0153,resident,0.0918,0.0031,0.0028,365.0,9.180000000000001,0.00633227626631083,rare,0.633227626631083,,peak_abundance_with_occupancy_days_modifiers,0.0918
heptan,EC,0.015085637418040853,0.014125,0.0152,breeding,0.2012,0.0151,0.0158,140.0,20.119999999999997,0.006291199448604711,rare,0.6291199448604711,,peak_abundance_with_occupancy_days_modifiers,0.2012
gloibi,EC,0.014987129808248345,0.007625,0.0151,postbreeding_migration,0.0314,,,,3.1399999999999997,0.0062501185845193685,rare,0.6250118584519369,rare,peak_abundance_with_occupancy_days_modifiers,0.0314
whnjac1,EC,0.014395880283732383,0.0145,0.0145,resident,0.187,0.0111,0.0122,365.0,18.7,0.006003548381382055,rare,0.6003548381382056,,peak_abundance_with_occupancy_days_modifiers,0.187
cinbec1,EC,0.014395880283732383,0.0145,0.0145,resident,0.0635,0.0721,0.0873,365.0,6.35,0.006003548381382055,rare,0.6003548381382056,,peak_abundance_with_occupancy_days_modifiers,0.0635
sulfly1,EC,0.014319451139950248,0.0144224655966148,0.0144224655966148,resident,0.5294220026166262,0.022146221155689,0.0141268230541139,365.0,52.94220026166262,0.005971674952776082,uncommon,0.5971674952776082,,peak_abundance_with_occupancy_days_modifiers,0.5294220026166262
goppar1,EC,0.014271958950362958,0.014374289596558,0.014374289596558,resident,0.0476524490380989,0.0613264905773742,0.0398345205361953,365.0,4.76524490380989,0.005951869171378522,rare,0.5951869171378522,rare,peak_abundance_with_occupancy_days_modifiers,0.0476524490380989
grttra1,EC,0.014251439761685648,0.0143534756726635,0.0143534756726635,resident,0.1444266233059482,0.1100537354769412,0.1359018874061918,365.0,14.44266233059482,0.005943312005054372,rare,0.5943312005054372,,peak_abundance_with_occupancy_days_modifiers,0.1444266233059482
rehbar1,EC,0.014198719399812949,0.0143,0.0143,resident,0.0698,0.2098,0.2113,365.0,6.98,0.005921325906465824,rare,0.5921325906465824,,peak_abundance_with_occupancy_days_modifiers,0.0698
gohque1,EC,0.014100124378781637,0.0142,0.0142,resident,0.0738,0.1631,0.1985,365.0,7.380000000000001,0.005880208589062617,rare,0.5880208589062617,,peak_abundance_with_occupancy_days_modifiers,0.0738
grcbri1,EC,0.014037737613079412,0.014136729315872,0.014136729315872,resident,0.0711386362324529,0.1676604535186963,0.3130403420666026,365.0,7.113863623245289,0.005854191286968625,rare,0.5854191286968625,,peak_abundance_with_occupancy_days_modifiers,0.0711386362324529
gobfly1,EC,0.014020379163930372,0.0141191256278128,0.0141191256278128,resident,0.1189881701786887,0.1933595808865022,0.1405977336791531,365.0,11.89881701786887,0.005846952251408563,rare,0.5846952251408564,,peak_abundance_with_occupancy_days_modifiers,0.1189881701786887
colinc1,EC,0.014001519635813609,0.0141,0.0141,resident,0.047,0.1543,0.202,365.0,4.7,0.005839087217296892,rare,0.5839087217296892,rare,peak_abundance_with_occupancy_days_modifiers,0.047
whnrob1,EC,0.013973317906220261,0.0140714010292915,0.0140714010292915,resident,0.4836974830644305,0.0138306346737695,0.0051557838224774,365.0,48.36974830644305,0.005827326182562276,rare,0.5827326182562276,,peak_abundance_with_occupancy_days_modifiers,0.4836974830644305
tbsfin1,EC,0.013902905168991422,0.014,0.014,resident,0.0673,0.0566,0.0713,365.0,6.7299999999999995,0.005797961790369012,rare,0.5797961790369013,,peak_abundance_with_occupancy_days_modifiers,0.0673
tactan1,EC,0.013508350024792243,0.0136,0.0136,resident,0.0119,0.0503,0.0492,365.0,1.1900000000000002,0.0056334195150349094,rare,0.563341951503491,rare,peak_abundance_with_occupancy_days_modifiers,0.0119
croslf1,EC,0.013409686909917675,0.007933333333333332,0.0135,breeding,0.1854,0.0116,0.0243,105.0,18.54,0.005592273800293407,rare,0.5592273800293407,,peak_abundance_with_occupancy_days_modifiers,0.1854
savhaw1,EC,0.013212331472134811,0.0133,0.0133,resident,0.0752,0.004,0.0046,365.0,7.5200000000000005,0.005509970190114249,rare,0.550997019011425,,peak_abundance_with_occupancy_days_modifiers,0.0752
osprey,EC,0.013212331472134811,0.008324999999999999,0.0133,nonbreeding,0.1601,0.0068,0.0075,147.0,16.009999999999998,0.005509970190114249,rare,0.550997019011425,,peak_abundance_with_occupancy_days_modifiers,0.1601
tuttyr1,EC,0.013212331472134811,0.0133,0.0133,resident,0.0605,0.0154,0.0097,365.0,6.05,0.005509970190114249,rare,0.550997019011425,,peak_abundance_with_occupancy_days_modifiers,0.0605
bawnig1,EC,0.0127706767066812,0.008347374218363275,0.0128525700382262,nonbreeding,0.3236304971645626,0.0413852491802232,0.031979627123749,98.0,32.36304971645626,0.005325785847093204,rare,0.5325785847093204,,peak_abundance_with_occupancy_days_modifiers,0.3236304971645626
olsfly1,EC,0.012718772407774689,0.0128,0.0128,resident,0.1334,0.1222,0.1212,365.0,13.34,0.0053041400731949654,rare,0.5304140073194965,,peak_abundance_with_occupancy_days_modifiers,0.1334
lesgre1,EC,0.012521280553671745,0.0126,0.0126,resident,0.046,0.0288,0.0186,365.0,4.6,0.005221779572991616,rare,0.5221779572991616,rare,peak_abundance_with_occupancy_days_modifiers,0.046
ameoys,EC,0.012422519998557154,0.01065,0.0125,postbreeding_migration,0.0238,0.0472,0.023,98.0,2.3800000000000003,0.005180593222513795,rare,0.5180593222513795,rare,peak_abundance_with_occupancy_days_modifiers,0.0238
barbec1,EC,0.01238186742168662,0.0124588401025522,0.0124588401025522,resident,0.1237356163354894,0.1121671588657876,0.1207914644985426,365.0,12.37356163354894,0.005163639781163966,rare,0.5163639781163967,,peak_abundance_with_occupancy_days_modifiers,0.1237356163354894
whveup1,EC,0.012352082146481055,0.0124286841864688,0.0124286841864688,resident,0.4219400397938478,0.0253844369825468,0.0437078392497275,365.0,42.19400397938478,0.00515121835661569,rare,0.515121835661569,,peak_abundance_with_occupancy_days_modifiers,0.4219400397938478
lottyr1,EC,0.012323749688831936,0.0124,0.0124,resident,0.0847,0.0124,0.0196,365.0,8.469999999999999,0.00513940280404738,rare,0.513940280404738,,peak_abundance_with_occupancy_days_modifiers,0.0847
sander,EC,0.01222496962256897,0.007533333333333334,0.0123,postbreeding_migration,0.01,0.0043,0.0017,77.0,1.0,0.005098208316788695,rare,0.5098208316788695,rare,peak_abundance_with_occupancy_days_modifiers,0.01
bawsee1,EC,0.01222496962256897,0.00975,0.0123,nonbreeding,0.1179,0.2059,0.1412,84.0,11.790000000000001,0.005098208316788695,rare,0.5098208316788695,,peak_abundance_with_occupancy_days_modifiers,0.1179
varfly,EC,0.012107733391262473,0.008189722740862866,0.0121813287194712,prebreeding_migration,0.523361967144086,0.0089593636958734,0.0016967285031775,98.0,52.3361967144086,0.0050493170108853866,rare,0.5049317010885387,,peak_abundance_with_occupancy_days_modifiers,0.523361967144086
lesyel,EC,0.012027380212718455,0.010599999999999998,0.0121,nonbreeding,0.0428,0.0028,0.0018,112.0,4.279999999999999,0.005015807132678637,rare,0.5015807132678637,rare,peak_abundance_with_occupancy_days_modifiers,0.0428
grepot1,EC,0.011692635518262965,0.0117612615933469,0.0117612615933469,resident,0.6466119944796215,0.0125007408125383,0.0122649259266707,365.0,64.66119944796215,0.004876207752233284,uncommon,0.4876207752233284,,peak_abundance_with_occupancy_days_modifiers,0.6466119944796215
weseme1,EC,0.011547472069446788,0.0116144014988522,0.0116144014988522,resident,0.0752983999216652,0.1361281070276458,0.1309896105055877,365.0,7.5298399921665204,0.004815669892026075,rare,0.48156698920260754,,peak_abundance_with_occupancy_days_modifiers,0.0752983999216652
smbwoo1,EC,0.011236631925987681,0.0113,0.0113,resident,0.1188,0.0783,0.0979,365.0,11.88,0.0046860394836487134,rare,0.46860394836487135,,peak_abundance_with_occupancy_days_modifiers,0.1188
grflan1,EC,0.011199708477339384,0.0112626600057469,0.0112626600057469,resident,0.1552782704767048,0.1058773303914142,0.1599731741343492,365.0,15.527827047670481,0.004670641209559218,rare,0.46706412095592176,,peak_abundance_with_occupancy_days_modifiers,0.1552782704767048
pucwoo1,EC,0.011164639750378643,0.0112271969334636,0.0112271969334636,resident,0.1254940461070986,0.0719390782618325,0.0223453393483078,365.0,12.54940461070986,0.0046560164144906204,rare,0.465601641449062,,peak_abundance_with_occupancy_days_modifiers,0.1254940461070986
whltan1,EC,0.011137744410455924,0.0112,0.0112,resident,0.0681,0.0062,0.0072,365.0,6.81,0.004644800186564507,rare,0.4644800186564507,,peak_abundance_with_occupancy_days_modifiers,0.0681
leagre,EC,0.011038847115216341,0.0111,0.0111,resident,0.019,0.0037,0.0169,365.0,1.9,0.004603556811025358,rare,0.4603556811025358,rare,peak_abundance_with_occupancy_days_modifiers,0.019
gretho1,EC,0.010893541158388066,0.0109530918206262,0.0109530918206262,resident,0.0502096901791284,0.0712417790763428,0.2489473827761155,365.0,5.02096901791284,0.00454295952036103,rare,0.454295952036103,,peak_abundance_with_occupancy_days_modifiers,0.0502096901791284
hrshaw,EC,0.010841023177874857,0.0109,0.0109,resident,0.0638,0.0121,0.0264,365.0,6.38,0.004521057821354797,rare,0.4521057821354797,,peak_abundance_with_occupancy_days_modifiers,0.0638
andeme1,EC,0.010744486578629838,0.0108024158621194,0.0108024158621194,resident,0.0514083742583379,0.1080303228085982,0.1203815099263084,365.0,5.14083742583379,0.004480798932511714,rare,0.44807989325117137,,peak_abundance_with_occupancy_days_modifiers,0.0514083742583379
masyel4,EC,0.010612559699652347,0.0106690726501021,0.0106690726501021,resident,0.4411074513513871,0.3834885888741741,0.1803784789505928,365.0,44.110745135138714,0.004425781150678639,rare,0.4425781150678639,,peak_abundance_with_occupancy_days_modifiers,0.4411074513513871
petkne1,EC,0.0105471855390442,0.010603003167467,0.010603003167467,resident,0.0871535573405926,0.047752985372822,0.0198627994847316,365.0,8.71535573405926,0.004398518008142871,rare,0.43985180081428704,,peak_abundance_with_occupancy_days_modifiers,0.0871535573405926
rebscy1,EC,0.010544454223389847,0.0106002428954337,0.0106002428954337,resident,0.3152293462816194,0.0318977539004874,0.0083977974810673,365.0,31.52293462816194,0.004397378961043764,rare,0.4397378961043764,,peak_abundance_with_occupancy_days_modifiers,0.3152293462816194
y00678,EC,0.010544213875671154,0.0106,0.0106,resident,0.0537,0.0013,0.0004,365.0,5.37,0.004397278728259838,rare,0.4397278728259838,,peak_abundance_with_occupancy_days_modifiers,0.0537
andfli1,EC,0.010253191227444136,0.0103059353035206,0.0103059353035206,resident,0.0432854742438255,0.0017589964628137,0.0007695913562983488,365.0,4.32854742438255,0.004275912857311148,rare,0.4275912857311148,rare,peak_abundance_with_occupancy_days_modifiers,0.0432854742438255
stfgle1,EC,0.010184030497417638,0.0102360642236802,0.0102360642236802,resident,0.0823347471025904,0.1415577332874041,0.2075096631226209,365.0,8.23347471025904,0.00424707059267557,rare,0.424707059267557,,peak_abundance_with_occupancy_days_modifiers,0.0823347471025904
fuveup1,EC,0.010092055854749246,0.0101431523954941,0.0101431523954941,resident,0.2424050098093032,0.1049008963614323,0.0302744074625844,365.0,24.24050098093032,0.004208714187493108,rare,0.42087141874931083,,peak_abundance_with_occupancy_days_modifiers,0.2424050098093032
bcbeag1,EC,0.01004933585300144,0.0101,0.0101,resident,0.0701,0.0123,0.0143,365.0,7.01,0.004190898563002608,rare,0.41908985630026085,,peak_abundance_with_occupancy_days_modifiers,0.0701
tafgna1,EC,0.009950330853168083,0.01,0.01,resident,0.0925,0.1826,0.2475,365.0,9.25,0.0041496102711591504,very_rare,0.41496102711591504,,peak_abundance_with_occupancy_days_modifiers,0.0925
rocpig,EC,0.009851316050374183,0.0099,0.0099,resident,0.0077,0.0001,0.0001,365.0,0.77,0.0041083178911636145,very_rare,0.4108317891163614,very_rare,peak_abundance_with_occupancy_days_modifiers,0.0077
willet1,EC,0.009653257028138304,0.0041,0.0097,nonbreeding,0.0143,0.0226,0.0056,147.0,1.43,0.0040257208634774475,very_rare,0.4025720863477448,rare,peak_abundance_with_occupancy_days_modifiers,0.0143
yeofly1,EC,0.009455158770755135,0.0095,0.0095,resident,0.108,0.0037,0.0031,365.0,10.8,0.003943107473463978,very_rare,0.39431074734639776,,peak_abundance_with_occupancy_days_modifiers,0.108
peakit1,EC,0.009333858358609008,0.0093775546604237,0.0093775546604237,resident,0.3565483828434613,0.0155015136805659,0.0173224899871551,365.0,35.65483828434613,0.0038925212725059387,very_rare,0.3892521272505939,,peak_abundance_with_occupancy_days_modifiers,0.3565483828434613
bucman1,EC,0.009282274710250634,0.0093254886264728,0.0093254886264728,resident,0.1914663566719395,0.1045225811554682,0.0313098710714079,365.0,19.14663566719395,0.0038710092202726525,very_rare,0.38710092202726526,,peak_abundance_with_occupancy_days_modifiers,0.1914663566719395
whnpuf2,EC,0.009232958775427711,0.0092757140238112,0.0092757140238112,resident,0.4472069608390745,0.0338239654767727,0.0195183716728038,365.0,44.720696083907455,0.0038504428780380623,very_rare,0.38504428780380623,,peak_abundance_with_occupancy_days_modifiers,0.4472069608390745
tortyr1,EC,0.009063676346314057,0.0091048758396552,0.0091048758396552,resident,0.098057675744368,0.0790071395881526,0.0822322533921887,365.0,9.8057675744368,0.003779846621798745,very_rare,0.37798466217987453,,peak_abundance_with_occupancy_days_modifiers,0.098057675744368
coltro1,EC,0.009058844488346039,0.0091,0.0091,resident,0.1014,0.0078,0.0098,365.0,10.14,0.0037778315805153456,very_rare,0.37778315805153456,,peak_abundance_with_occupancy_days_modifiers,0.1014
olipic1,EC,0.009037804143607603,0.0090787684114852,0.0090787684114852,resident,0.1606581405007277,0.1060735960136615,0.0457369362103613,365.0,16.065814050072767,0.0037690570752326623,very_rare,0.37690570752326624,,peak_abundance_with_occupancy_days_modifiers,0.1606581405007277
bafibi1,EC,0.008959741371471904,0.009,0.009,resident,0.0102,0.001,0.0009,365.0,1.02,0.003736502370687642,very_rare,0.3736502370687642,rare,peak_abundance_with_occupancy_days_modifiers,0.0102
blswoo1,EC,0.00855143119393046,0.0085880991282423,0.0085880991282423,resident,0.1471316794166154,0.0842744829545487,0.0642240928317209,365.0,14.71316794166154,0.003566223800904726,very_rare,0.3566223800904726,,peak_abundance_with_occupancy_days_modifiers,0.1471316794166154
whttro1,EC,0.008473847904930715,0.0085098525816174,0.0085098525816174,resident,0.1584331500672646,0.0860574438191512,0.0255072331483005,365.0,15.84331500672646,0.0035338690563585977,very_rare,0.3533869056358598,,peak_abundance_with_occupancy_days_modifiers,0.1584331500672646
whttro,EC,0.008473847904930715,0.0085098525816174,0.0085098525816174,resident,0.1584331500672646,0.0860574438191512,0.0255072331483005,365.0,15.84331500672646,0.0035338690563585977,very_rare,0.3533869056358598,,peak_abundance_with_occupancy_days_modifiers,0.1584331500672646
yeltyr1,EC,0.008364916331627708,0.0084,0.0084,resident,0.0471,0.0062,0.012,365.0,4.71,0.003488441061842421,very_rare,0.3488441061842421,rare,peak_abundance_with_occupancy_days_modifiers,0.0471
lesela1,EC,0.008357509256205408,0.0083925307328069,0.0083925307328069,resident,0.1363688810484151,0.0009574215009759292,0.0008895096721451546,365.0,13.63688810484151,0.0034853520714656526,very_rare,0.3485352071465653,,peak_abundance_with_occupancy_days_modifiers,0.1363688810484151
bufpar1,EC,0.00833676287573215,0.0083716104547087,0.0083716104547087,resident,0.1287609733792475,0.0908851186496093,0.0945997492391396,365.0,12.87609733792475,0.00347670015880345,very_rare,0.347670015880345,,peak_abundance_with_occupancy_days_modifiers,0.1287609733792475
gorsun1,EC,0.008284795322518237,0.008319209210977,0.008319209210977,resident,0.0890158671321507,0.8377264192238776,0.8536060467157919,365.0,8.901586713215071,0.0034550280058101702,very_rare,0.345502800581017,,peak_abundance_with_occupancy_days_modifiers,0.0890158671321507
oilbir1,EC,0.008281321218719363,0.0083157062114667,0.0083157062114667,resident,0.1691814359083416,0.1101744860051829,0.0443582284818053,365.0,16.91814359083416,0.0034535791919948953,very_rare,0.34535791919948955,,peak_abundance_with_occupancy_days_modifiers,0.1691814359083416
eulfly1,EC,0.00804371455747593,0.004070429206362698,0.0080761521439826,breeding,0.5088486356444514,0.0155433462866514,0.0033994072931093,182.0,50.88486356444514,0.0033544895178381673,rare,0.33544895178381673,,peak_abundance_with_occupancy_days_modifiers,0.5088486356444514
lesnig,EC,0.007968169649176874,0.004025,0.008,breeding,0.0627,0.0084,0.0026,140.0,6.2700000000000005,0.003322984844070332,very_rare,0.3322984844070332,,peak_abundance_with_occupancy_days_modifiers,0.0627
gryhaw3,EC,0.00786895837869518,0.0079,0.0079,resident,0.0704,0.0036,0.0087,365.0,7.04,0.0032816105306851177,very_rare,0.3281610530685118,,peak_abundance_with_occupancy_days_modifiers,0.0704
lbsfin1,EC,0.007680928019907182,0.0077105020176227,0.0077105020176227,resident,0.4943080693923002,0.1504608804852026,0.1215386946195509,365.0,49.430806939230024,0.003203195780499388,very_rare,0.3203195780499388,,peak_abundance_with_occupancy_days_modifiers,0.4943080693923002
lifgle1,EC,0.007672744303683027,0.0077022552345828,0.0077022552345828,resident,0.1401291750940339,0.1837649201636198,0.2346840510423096,365.0,14.012917509403389,0.003199782905751738,very_rare,0.3199782905751738,,peak_abundance_with_occupancy_days_modifiers,0.1401291750940339
brwhaw,EC,0.007670506304219701,0.0051,0.0077,nonbreeding,0.1316,0.038,0.035,70.0,13.16,0.0031988495874835155,very_rare,0.31988495874835154,,peak_abundance_with_occupancy_days_modifiers,0.1316
bffgle,EC,0.007668987733387502,0.0076984697373343,0.0076984697373343,resident,0.0938674021530257,0.0387061734829699,0.0270917346787056,365.0,9.38674021530257,0.0031982162942578193,very_rare,0.3198216294257819,,peak_abundance_with_occupancy_days_modifiers,0.0938674021530257
fabtan1,EC,0.007550651726199762,0.0075792297793058,0.0075792297793058,resident,0.1531628208373894,0.041222757242798,0.0273631037489411,365.0,15.31628208373894,0.0031488663461887033,very_rare,0.31488663461887034,,peak_abundance_with_occupancy_days_modifiers,0.1531628208373894
royter1,EC,0.007472014838700995,0.0049499999999999995,0.0075,prebreeding_migration,0.0041,0.007,0.0071,91.0,0.41000000000000003,0.0031160722169409553,very_rare,0.31160722169409555,very_rare,peak_abundance_with_occupancy_days_modifiers,0.0041
sltgna1,EC,0.007461977494672932,0.0074898874266435,0.0074898874266435,resident,0.1781923760168594,0.095985632169652,0.112557726522438,365.0,17.819237601685938,0.003111886319357393,very_rare,0.3111886319357393,,peak_abundance_with_occupancy_days_modifiers,0.1781923760168594
y01204,EC,0.007449941672605991,0.0049231260304967005,0.0074777615305969,postbreeding_migration,0.0617610584296853,0.00044214372662122834,0.00028977256459928463,154.0,6.17610584296853,0.00310686699169806,very_rare,0.31068669916980596,,peak_abundance_with_occupancy_days_modifiers,0.0617610584296853
whihaw1,EC,0.007273483966498386,0.0073,0.0073,resident,0.157,0.0239,0.0221,365.0,15.7,0.0030332784125347693,very_rare,0.30332784125347695,,peak_abundance_with_occupancy_days_modifiers,0.157
rudtur,EC,0.007174203748000358,0.0057,0.0072,nonbreeding,0.0205,0.008,0.0031,119.0,2.0500000000000003,0.0029918753455934195,very_rare,0.29918753455934194,rare,peak_abundance_with_occupancy_days_modifiers,0.0205
giacon1,EC,0.00717138014995702,0.0071971560760658,0.0071971560760658,resident,0.0834883878704126,0.0294685142957375,0.0343895813093036,365.0,8.34883878704126,0.002990697813748924,very_rare,0.29906978137489243,,peak_abundance_with_occupancy_days_modifiers,0.0834883878704126
whtcra1,EC,0.00707491367196188,0.0071,0.0071,resident,0.0377,0.0557,0.0724,365.0,3.7699999999999996,0.002950468167738402,very_rare,0.2950468167738402,rare,peak_abundance_with_occupancy_days_modifiers,0.0377
greibi1,EC,0.00707491367196188,0.0071,0.0071,resident,0.0502,0.0022,0.002,365.0,5.0200000000000005,0.002950468167738402,very_rare,0.2950468167738402,,peak_abundance_with_occupancy_days_modifiers,0.0502
yebter2,EC,0.0069301262735385226,0.0069541951666538,0.0069541951666538,resident,0.1198677929351655,0.0147595361734298,0.0021662087989472,365.0,11.98677929351655,0.002890087132725793,very_rare,0.2890087132725793,,peak_abundance_with_occupancy_days_modifiers,0.1198677929351655
scaibi,EC,0.006928394670706916,0.0069524515234278,0.0069524515234278,resident,0.0369846589083286,0.0086688776105329,0.0003824157487648822,365.0,3.6984658908328605,0.0028893649982559195,very_rare,0.28893649982559194,rare,peak_abundance_with_occupancy_days_modifiers,0.0369846589083286
bkbplo,EC,0.006776984279023751,0.003125,0.0068,nonbreeding,0.0079,0.0032,0.0017,140.0,0.79,0.0028262219605257625,very_rare,0.28262219605257627,very_rare,peak_abundance_with_occupancy_days_modifiers,0.0079
grefla2,EC,0.006776984279023751,0.0068,0.0068,resident,0.0143,0.0483,0.0021,365.0,1.43,0.0028262219605257625,very_rare,0.28262219605257627,rare,peak_abundance_with_occupancy_days_modifiers,0.0143
spobar1,EC,0.006677654753240569,0.0067,0.0067,resident,0.059,0.1271,0.164,365.0,5.8999999999999995,0.00278479833084937,very_rare,0.27847983308493696,,peak_abundance_with_occupancy_days_modifiers,0.059
barhaw1,EC,0.006677654753240569,0.0067,0.0067,resident,0.0576,0.2056,0.3191,365.0,5.76,0.00278479833084937,very_rare,0.27847983308493696,,peak_abundance_with_occupancy_days_modifiers,0.0576
yebant2,EC,0.006642536964023313,0.0066646475423487,0.0066646475423487,resident,0.1566730676767201,0.1555619918692444,0.1379216771108161,365.0,15.66730676767201,0.002770153075230567,very_rare,0.2770153075230567,,peak_abundance_with_occupancy_days_modifiers,0.1566730676767201
bltman1,EC,0.006478966097709122,0.0065,0.0065,resident,0.0803,0.005,0.0072,365.0,8.03,0.002701938725684232,very_rare,0.2701938725684232,,peak_abundance_with_occupancy_days_modifiers,0.0803
vibhum1,EC,0.006478966097709122,0.0065,0.0065,resident,0.0418,0.2952,0.6567,365.0,4.18,0.002701938725684232,very_rare,0.2701938725684232,rare,peak_abundance_with_occupancy_days_modifiers,0.0418
crahaw,EC,0.006478966097709122,0.0065,0.0065,resident,0.1724,0.0056,0.0053,365.0,17.24,0.002701938725684232,very_rare,0.2701938725684232,,peak_abundance_with_occupancy_days_modifiers,0.1724
gohtan1,EC,0.006478966097709122,0.0065,0.0065,resident,0.0205,0.0213,0.0169,365.0,2.0500000000000003,0.002701938725684232,very_rare,0.2701938725684232,rare,peak_abundance_with_occupancy_days_modifiers,0.0205
acafly,EC,0.006379606964039027,0.0028,0.0064,nonbreeding,0.1595,0.0896,0.0663,91.0,15.950000000000001,0.002660502748559955,very_rare,0.26605027485599547,,peak_abundance_with_occupancy_days_modifiers,0.1595
blchum1,EC,0.006286459255826188,0.0063062605123316,0.0063062605123316,resident,0.1753366337749597,0.1143049446709458,0.0475328413585238,365.0,17.53366337749597,0.0026216571370482953,very_rare,0.26216571370482955,,peak_abundance_with_occupancy_days_modifiers,0.1753366337749597
moucar1,EC,0.006279405810835553,0.0062991626115117,0.0062991626115117,resident,0.0491835531451935,0.0028067624819185,0.0008846238028624229,365.0,4.91835531451935,0.0026187156220160357,very_rare,0.26187156220160357,rare,peak_abundance_with_occupancy_days_modifiers,0.0491835531451935
trimun,EC,0.00608147031586796,0.0061,0.0061,resident,0.0388,0.0077,0.0028,365.0,3.88,0.002536170109201979,very_rare,0.2536170109201979,rare,peak_abundance_with_occupancy_days_modifiers,0.0388
rubant1,EC,0.005982071677547464,0.006,0.006,resident,0.04,0.187,0.4354,365.0,4.0,0.002494717657358874,very_rare,0.2494717657358874,rare,peak_abundance_with_occupancy_days_modifiers,0.04
olifla2,EC,0.005822577358745243,0.0058395615101389,0.0058395615101389,resident,0.5350876669144576,0.1345926197608359,0.1797880429291216,365.0,53.508766691445764,0.0024282033601702334,rare,0.24282033601702332,,peak_abundance_with_occupancy_days_modifiers,0.5350876669144576
scapig2,EC,0.005783244755727333,0.0058,0.0058,resident,0.0941,0.0056,0.0026,365.0,9.41,0.002411800390672712,very_rare,0.2411800390672712,,peak_abundance_with_occupancy_days_modifiers,0.0941
grejac2,EC,0.005683816468297671,0.0057,0.0057,resident,0.1437,0.0121,0.0064,365.0,14.37,0.002370335574190707,very_rare,0.2370335574190707,,peak_abundance_with_occupancy_days_modifiers,0.1437
ccbfin,EC,0.005683816468297671,0.0057,0.0057,resident,0.0391,0.0726,0.0552,365.0,3.91,0.002370335574190707,very_rare,0.2370335574190707,rare,peak_abundance_with_occupancy_days_modifiers,0.0391
spfswi1,EC,0.005505742504737509,0.0055209269594438,0.0055209269594438,resident,0.2328356103194239,0.4433466805219921,0.4323175153579991,365.0,23.28356103194239,0.0022960729633168192,very_rare,0.22960729633168192,,peak_abundance_with_occupancy_days_modifiers,0.2328356103194239
broher,EC,0.005501165138452672,0.005516324332388,0.005516324332388,resident,0.2501138432735493,0.1096110767538623,0.0643707053202915,365.0,25.01138432735493,0.002294164053308576,very_rare,0.22941640533085758,,peak_abundance_with_occupancy_days_modifiers,0.2501138432735493
batsee1,EC,0.005484930230569685,0.0055,0.0055,resident,0.0254,0.0158,0.0082,365.0,2.54,0.0022873935708496436,very_rare,0.22873935708496435,rare,peak_abundance_with_occupancy_days_modifiers,0.0254
semsan,EC,0.005484930230569685,0.0035,0.0055,nonbreeding,0.0111,0.0197,0.0004,112.0,1.11,0.0022873935708496436,very_rare,0.22873935708496435,rare,peak_abundance_with_occupancy_days_modifiers,0.0111
triher,EC,0.005484930230569685,0.00315,0.0055,postbreeding_migration,0.0318,0.0173,0.0082,196.0,3.18,0.0022873935708496436,very_rare,0.22873935708496435,rare,peak_abundance_with_occupancy_days_modifiers,0.0318
baceag2,EC,0.005378338269017264,0.0053928274946243,0.0053928274946243,resident,0.1638856980652914,0.075288615848664,0.11265057477249,365.0,16.38856980652914,0.0022429412702167774,very_rare,0.22429412702167772,,peak_abundance_with_occupancy_days_modifiers,0.1638856980652914
creowl1,EC,0.005372792082934956,0.0053872514143802,0.0053872514143802,resident,0.3425419201821266,0.0170911537132285,0.0070713818449519,365.0,34.254192018212656,0.002240628330971636,very_rare,0.2240628330971636,,peak_abundance_with_occupancy_days_modifiers,0.3425419201821266
bbfgle1,EC,0.0053383401593162716,0.0053526144862451,0.0053526144862451,resident,0.2229219998076158,0.0070680324717529,0.0008266853904829451,365.0,22.29219998076158,0.0022262607628757243,very_rare,0.22262607628757242,,peak_abundance_with_occupancy_days_modifiers,0.2229219998076158
orheag1,EC,0.005286004429237355,0.0053,0.0053,resident,0.2209,0.0193,0.0189,365.0,22.09,0.0022044350682040464,very_rare,0.22044350682040464,,peak_abundance_with_occupancy_days_modifiers,0.2209
stbwoo2,EC,0.005286004429237355,0.0053,0.0053,resident,0.0688,0.0032,0.0017,365.0,6.88,0.0022044350682040464,very_rare,0.22044350682040464,,peak_abundance_with_occupancy_days_modifiers,0.0688
greyel,EC,0.005286004429237355,0.00305,0.0053,postbreeding_migration,0.0413,0.0019,0.0014,161.0,4.130000000000001,0.0022044350682040464,very_rare,0.22044350682040464,rare,peak_abundance_with_occupancy_days_modifiers,0.0413
shthaw,EC,0.005286004429237355,0.0053,0.0053,resident,0.1537,0.0083,0.0106,365.0,15.370000000000001,0.0022044350682040464,very_rare,0.22044350682040464,,peak_abundance_with_occupancy_days_modifiers,0.1537
shtnig1,EC,0.005193193015097458,0.00500397032396025,0.0052067010150375,breeding,0.4030072960959856,0.0186413205237874,0.0015522276016122,161.0,40.30072960959856,0.002165729702213742,very_rare,0.2165729702213742,,peak_abundance_with_occupancy_days_modifiers,0.4030072960959856
lanmon1,EC,0.005169219968628109,0.0051826034369301,0.0051826034369301,resident,0.3715092544882645,0.2631614689193474,0.142452183053766,365.0,37.15092544882645,0.0021557321653149063,very_rare,0.21557321653149064,,peak_abundance_with_occupancy_days_modifiers,0.3715092544882645
brbmot1,EC,0.005087039048557106,0.0051,0.0051,resident,0.1014,0.0208,0.0164,365.0,10.14,0.002121460059688336,very_rare,0.21214600596883357,,peak_abundance_with_occupancy_days_modifiers,0.1014
perboo1,EC,0.004987541511039074,0.00475,0.005,breeding,0.0029,0.0382,0.0002,154.0,0.29,0.0020799663636762796,very_rare,0.20799663636762797,very_rare,peak_abundance_with_occupancy_days_modifiers,0.0029
ruther1,EC,0.004987541511039074,0.005,0.005,resident,0.0534,0.0025,0.0022,365.0,5.34,0.0020799663636762796,very_rare,0.20799663636762797,,peak_abundance_with_occupancy_days_modifiers,0.0534
gartro1,EC,0.004888034072775962,0.0049,0.0049,resident,0.044,0.0275,0.0137,365.0,4.3999999999999995,0.002038468538732918,very_rare,0.2038468538732918,rare,peak_abundance_with_occupancy_days_modifiers,0.044
rubher,EC,0.004888034072775962,0.0049,0.0049,resident,0.1138,0.0062,0.0063,365.0,11.379999999999999,0.002038468538732918,very_rare,0.2038468538732918,,peak_abundance_with_occupancy_days_modifiers,0.1138
smbela1,EC,0.004888034072775962,0.0035,0.0049,nonbreeding,0.3649,0.0127,0.0136,70.0,36.49,0.002038468538732918,very_rare,0.2038468538732918,,peak_abundance_with_occupancy_days_modifiers,0.3649
strwoo,EC,0.004788516731797177,0.0048,0.0048,resident,0.1329,0.0178,0.0397,365.0,13.29,0.001996966584036358,very_rare,0.19969665840363582,,peak_abundance_with_occupancy_days_modifiers,0.1329
stther2,EC,0.004788516731797177,0.0048,0.0048,resident,0.0519,0.0391,0.0219,365.0,5.19,0.001996966584036358,very_rare,0.19969665840363582,,peak_abundance_with_occupancy_days_modifiers,0.0519
stisan,EC,0.004788516731797177,0.0021333333333333334,0.0048,postbreeding_migration,0.0168,0.0027,0.0013,98.0,1.68,0.001996966584036358,very_rare,0.19969665840363582,rare,peak_abundance_with_occupancy_days_modifiers,0.0168
forela1,EC,0.004688989486131542,0.0047,0.0047,resident,0.1412,0.0052,0.0009,365.0,14.12,0.0019554604987645544,very_rare,0.19554604987645544,,peak_abundance_with_occupancy_days_modifiers,0.1412
zelant1,EC,0.004688989486131542,0.0047,0.0047,resident,0.0167,0.1128,0.2022,365.0,1.67,0.0019554604987645544,very_rare,0.19554604987645544,rare,peak_abundance_with_occupancy_days_modifiers,0.0167
lesgol,EC,0.004688989486131542,0.0031750000000000003,0.0047,breeding,0.0625,0.0069,0.0007,105.0,6.25,0.0019554604987645544,very_rare,0.19554604987645544,,peak_abundance_with_occupancy_days_modifiers,0.0625
blbwoo1,EC,0.004688989486131542,0.0047,0.0047,resident,0.1418,0.0089,0.0058,365.0,14.180000000000001,0.0019554604987645544,very_rare,0.19554604987645544,,peak_abundance_with_occupancy_days_modifiers,0.1418
killde,EC,0.004688989486131542,0.0028250000000000003,0.0047,postbreeding_migration,0.0391,0.0017,0.0004,161.0,3.91,0.0019554604987645544,very_rare,0.19554604987645544,rare,peak_abundance_with_occupancy_days_modifiers,0.0391
lobher,EC,0.004688989486131542,0.0047,0.0047,resident,0.0293,0.0437,0.0367,365.0,2.93,0.0019554604987645544,very_rare,0.19554604987645544,rare,peak_abundance_with_occupancy_days_modifiers,0.0293
rerwoo1,EC,0.004688989486131542,0.0047,0.0047,resident,0.0413,0.052,0.0717,365.0,4.130000000000001,0.0019554604987645544,very_rare,0.19554604987645544,rare,peak_abundance_with_occupancy_days_modifiers,0.0413
blctan1,EC,0.0045894523338072864,0.0046,0.0046,resident,0.0234,0.0572,0.0338,365.0,2.34,0.0019139502820952148,very_rare,0.19139502820952148,rare,peak_abundance_with_occupancy_days_modifiers,0.0234
cowfin1,EC,0.0045894523338072864,0.0046,0.0046,resident,0.0139,0.0529,0.0348,365.0,1.39,0.0019139502820952148,very_rare,0.19139502820952148,rare,peak_abundance_with_occupancy_days_modifiers,0.0139
wantat1,EC,0.0045894523338072864,0.0028499999999999997,0.0046,nonbreeding,0.0214,0.0883,0.0615,189.0,2.1399999999999997,0.0019139502820952148,very_rare,0.19139502820952148,rare,peak_abundance_with_occupancy_days_modifiers,0.0214
rubsee2,EC,0.0045595666019553295,0.0045699772424098,0.0045699772424098,resident,0.0614358879136594,0.0091514909559929,0.0028463690337408,365.0,6.14358879136594,0.0019014869638715166,very_rare,0.19014869638715168,,peak_abundance_with_occupancy_days_modifiers,0.0614358879136594
yebsis1,EC,0.004553923021507495,0.0045643078869255,0.0045643078869255,resident,0.0761033202261049,0.0556287204340725,0.0359342321319639,365.0,7.61033202261049,0.0018991334080212096,very_rare,0.18991334080212097,,peak_abundance_with_occupancy_days_modifiers,0.0761033202261049
rutfly2,EC,0.004489905272852052,0.0045,0.0045,resident,0.1883,0.0109,0.0043,365.0,18.83,0.0018724359332058032,very_rare,0.18724359332058033,,peak_abundance_with_occupancy_days_modifiers,0.1883
sittan1,EC,0.004489905272852052,0.0045,0.0045,resident,0.0184,0.1008,0.035,365.0,1.8399999999999999,0.0018724359332058032,very_rare,0.18724359332058033,rare,peak_abundance_with_occupancy_days_modifiers,0.0184
sobcac1,EC,0.004489905272852052,0.0045,0.0045,resident,0.0773,0.0098,0.0035,365.0,7.7299999999999995,0.0018724359332058032,very_rare,0.18724359332058033,,peak_abundance_with_occupancy_days_modifiers,0.0773
strwoo5,EC,0.004396198553141209,0.0044058760101445,0.0044058760101445,resident,0.0965625728440233,0.1672148106623774,0.2940784951358472,365.0,9.65625728440233,0.001833357195792255,very_rare,0.1833357195792255,,peak_abundance_with_occupancy_days_modifiers,0.0965625728440233
mobtan1,EC,0.004390348301292895,0.0044,0.0044,resident,0.0071,0.3655,0.3985,365.0,0.7100000000000001,0.0018309174512735364,very_rare,0.18309174512735363,very_rare,peak_abundance_with_occupancy_days_modifiers,0.0071
cerwar,EC,0.004390348301292895,0.002166666666666667,0.0044,nonbreeding,0.1581,0.1675,0.1157,133.0,15.809999999999999,0.0018309174512735364,very_rare,0.18309174512735363,,peak_abundance_with_occupancy_days_modifiers,0.1581
blbman1,EC,0.004320986454846604,0.0043303353774907,0.0043303353774907,resident,0.3439553519511676,0.0187233793648696,0.0018232932193163,365.0,34.395535195116764,0.0018019913145764187,very_rare,0.18019913145764188,,peak_abundance_with_occupancy_days_modifiers,0.3439553519511676
baisan,EC,0.004191204618468071,0.0014666666666666667,0.0042,postbreeding_migration,0.0126,0.0009,0.0004,105.0,1.26,0.0017478680849880779,very_rare,0.1747868084988078,rare,peak_abundance_with_occupancy_days_modifiers,0.0126
slaant1,EC,0.004191204618468071,0.0042,0.0042,resident,0.0323,0.1265,0.2076,365.0,3.2300000000000004,0.0017478680849880779,very_rare,0.1747868084988078,rare,peak_abundance_with_occupancy_days_modifiers,0.0323
eleter1,EC,0.004191204618468071,0.0021,0.0042,nonbreeding,0.0037,0.0337,0.0068,126.0,0.37,0.0017478680849880779,very_rare,0.1747868084988078,very_rare,peak_abundance_with_occupancy_days_modifiers,0.0037
versco2,EC,0.004121406552425432,0.0041299112281388,0.0041299112281388,resident,0.2027972086737124,0.1410050046913794,0.1028974182788752,365.0,20.27972086737124,0.0017187600305895244,very_rare,0.17187600305895243,,peak_abundance_with_occupancy_days_modifiers,0.2027972086737124
brctyr,EC,0.004091617903253565,0.0041,0.0041,resident,0.0366,0.1214,0.1146,365.0,3.66,0.0017063371989880915,very_rare,0.17063371989880916,rare,peak_abundance_with_occupancy_days_modifiers,0.0366
lavgul1,EC,0.004091617903253565,0.0041,0.0041,resident,0.0129,0.9974,0.9995,365.0,1.29,0.0017063371989880915,very_rare,0.17063371989880916,rare,peak_abundance_with_occupancy_days_modifiers,0.0129
cobtan1,EC,0.004091617903253565,0.0041,0.0041,resident,0.0108,0.0112,0.0052,365.0,1.08,0.0017063371989880915,very_rare,0.17063371989880916,rare,peak_abundance_with_occupancy_days_modifiers,0.0108
litcuc2,EC,0.004086155975929041,0.0040945156937509,0.0040945156937509,resident,0.1190634728926789,0.0121888377049126,0.0127841131895492,365.0,11.90634728926789,0.0017040593983741444,very_rare,0.17040593983741445,,peak_abundance_with_occupancy_days_modifiers,0.1190634728926789
tinhaw1,EC,0.004065440807973414,0.0040737159226511,0.0040737159226511,resident,0.4100466228365584,0.0243225087390833,0.0522847567033726,365.0,41.00466228365584,0.001695420502342896,very_rare,0.1695420502342896,,peak_abundance_with_occupancy_days_modifiers,0.4100466228365584
torduc1,EC,0.003932890758826708,0.0039406347224133,0.0039406347224133,resident,0.0844455989580801,0.0316530484695824,0.0219662804134485,365.0,8.444559895808009,0.0016401428383638413,very_rare,0.16401428383638414,,peak_abundance_with_occupancy_days_modifiers,0.0844455989580801
burowl,EC,0.0038924147153438387,0.0027,0.0039,postbreeding_migration,0.0503,0.0016,0.0008,112.0,5.029999999999999,0.001623263017154774,very_rare,0.1623263017154774,,peak_abundance_with_occupancy_days_modifiers,0.0503
chithr1,EC,0.0038924147153438387,0.0039,0.0039,resident,0.0141,0.0061,0.0023,365.0,1.41,0.001623263017154774,very_rare,0.1623263017154774,rare,peak_abundance_with_occupancy_days_modifiers,0.0141
brnowl,EC,0.003792798238696237,0.0038,0.0038,resident,0.1119,,,,11.19,0.0015817197196731716,very_rare,0.15817197196731717,,peak_abundance_with_occupancy_days_modifiers,0.1119
solsan,EC,0.003792798238696237,0.0030333333333333336,0.0038,nonbreeding,0.1966,0.0076,0.0021,112.0,19.66,0.0015817197196731716,very_rare,0.15817197196731717,,peak_abundance_with_occupancy_days_modifiers,0.1966
yemfly2,EC,0.0037591457055064026,0.0037662201555759,0.0037662201555759,resident,0.1684519701674275,0.0509018016963083,0.0325675424302783,365.0,16.84519701674275,0.001567685523279532,very_rare,0.1567685523279532,,peak_abundance_with_occupancy_days_modifiers,0.1684519701674275
zothaw,EC,0.0036931718376175702,0.002925,0.0037,nonbreeding,0.5973,0.0431,0.0187,126.0,59.730000000000004,0.0015401722833823486,very_rare,0.15401722833823486,,peak_abundance_with_occupancy_days_modifiers,0.5973
piepuf1,EC,0.0036449656424841796,0.0036516166081436,0.0036516166081436,resident,0.1806415162146373,0.0093336236970725,0.0042445924998558,365.0,18.06415162146373,0.0015200687385443518,very_rare,0.15200687385443518,,peak_abundance_with_occupancy_days_modifiers,0.1806415162146373
grbher3,EC,0.0035935355101301704,0.00215,0.0036,breeding,0.0215,0.0018,0.0011,175.0,2.15,0.0014986207074575537,very_rare,0.14986207074575536,rare,peak_abundance_with_occupancy_days_modifiers,0.0215
spowoo1,EC,0.0035935355101301704,0.0036,0.0036,resident,0.0182,0.0782,0.1326,365.0,1.82,0.0014986207074575537,very_rare,0.14986207074575536,rare,peak_abundance_with_occupancy_days_modifiers,0.0182
chhoro1,EC,0.0035935355101301704,0.0036,0.0036,resident,0.0122,0.0212,0.0102,365.0,1.22,0.0014986207074575537,very_rare,0.14986207074575536,rare,peak_abundance_with_occupancy_days_modifiers,0.0122
pavthr1,EC,0.0035208689092566725,0.0035270744490214,0.0035270744490214,resident,0.1193430999628786,0.1079162640188286,0.0829053901003271,365.0,11.93430999628786,0.0014683163811186086,very_rare,0.14683163811186087,,peak_abundance_with_occupancy_days_modifiers,0.1193430999628786
gycwor1,EC,0.003394233068015547,0.0034,0.0034,resident,0.0614,0.0034,0.0015,365.0,6.140000000000001,0.0014155051334058092,very_rare,0.1415505133405809,,peak_abundance_with_occupancy_days_modifiers,0.0614
scaant1,EC,0.003324642540728508,0.0033301752945174,0.0033301752945174,resident,0.1730345591096566,0.0897407662646348,0.0915493596339619,365.0,17.30345591096566,0.0013864836293907923,very_rare,0.13864836293907923,,peak_abundance_with_occupancy_days_modifiers,0.1730345591096566
gryela1,EC,0.0033047714576840033,0.0033102382353692,0.0033102382353692,resident,0.1735340027744333,0.1242083081694571,0.1885083976708581,365.0,17.353400277443328,0.0013781967441085247,very_rare,0.13781967441085247,,peak_abundance_with_occupancy_days_modifiers,0.1735340027744333
lobgna5,EC,0.003294566949430031,0.0033,0.0033,resident,0.1295,0.0079,0.0015,365.0,12.950000000000001,0.0013739411336281234,very_rare,0.13739411336281235,,peak_abundance_with_occupancy_days_modifiers,0.1295
comblh1,EC,0.003294566949430031,0.00165,0.0033,postbreeding_migration,0.176,0.0278,0.0172,63.0,17.599999999999998,0.0013739411336281234,very_rare,0.13739411336281235,,peak_abundance_with_occupancy_days_modifiers,0.176
sptfly1,EC,0.003268224213086741,0.0032735706807386,0.0032735706807386,resident,0.085664687510377,0.0083697136842791,0.0007160648205414269,365.0,8.5664687510377,0.0013629553592941577,very_rare,0.13629553592941576,,peak_abundance_with_occupancy_days_modifiers,0.085664687510377
greela,EC,0.003194890896519197,0.002175,0.0032,postbreeding_migration,0.1352,0.0062,0.0021,154.0,13.52,0.0013323729909149931,very_rare,0.1332372990914993,,peak_abundance_with_occupancy_days_modifiers,0.1352
higmot1,EC,0.003194890896519197,0.0032,0.0032,resident,0.0604,0.1004,0.0235,365.0,6.04,0.0013323729909149931,very_rare,0.1332372990914993,,peak_abundance_with_occupancy_days_modifiers,0.0604
silgre1,EC,0.003194890896519197,0.0009249999999999999,0.0032,breeding,0.0539,0.0302,0.0035,105.0,5.390000000000001,0.0013323729909149931,very_rare,0.1332372990914993,,peak_abundance_with_occupancy_days_modifiers,0.0539
blfant1,EC,0.003194890896519197,0.0032,0.0032,resident,0.1637,0.0134,0.0021,365.0,16.37,0.0013323729909149931,very_rare,0.1332372990914993,,peak_abundance_with_occupancy_days_modifiers,0.1637
pecsan,EC,0.003194890896519197,0.0011,0.0032,postbreeding_migration,0.0336,0.0015,0.0003,119.0,3.36,0.0013323729909149931,very_rare,0.1332372990914993,rare,peak_abundance_with_occupancy_days_modifiers,0.0336
labter1,EC,0.0031348537070683205,0.0031397724995059,0.0031397724995059,resident,0.035995482194537,0.0041531846368497,0.0002817631179795314,365.0,3.5995482194537,0.0013073355382238745,very_rare,0.13073355382238744,rare,peak_abundance_with_occupancy_days_modifiers,0.035995482194537
tromoc,EC,0.003095204907302419,0.0031,0.0031,resident,0.0104,0.0022,0.0013,365.0,1.04,0.001290800704440433,very_rare,0.1290800704440433,rare,peak_abundance_with_occupancy_days_modifiers,0.0104
scrtan1,EC,0.003095204907302419,0.0031,0.0031,resident,0.0062,0.0147,0.014,365.0,0.62,0.001290800704440433,very_rare,0.1290800704440433,very_rare,peak_abundance_with_occupancy_days_modifiers,0.0062
phecuc1,EC,0.003059317205908824,0.0030640016926842,0.0030640016926842,resident,0.4497159213347186,0.0165866157024671,0.0061712482289517,365.0,44.97159213347186,0.0012758343705054878,very_rare,0.12758343705054878,,peak_abundance_with_occupancy_days_modifiers,0.4497159213347186
baffal1,EC,0.002895803112025565,0.0029,0.0029,resident,0.0954,0.0061,0.0038,365.0,9.54,0.0012076436969017555,very_rare,0.12076436969017555,,peak_abundance_with_occupancy_days_modifiers,0.0954
btfgle1,EC,0.002796087302001274,0.0028,0.0028,resident,0.1657,0.0118,0.0028,365.0,16.57,0.001166058974184524,very_rare,0.1166058974184524,,peak_abundance_with_occupancy_days_modifiers,0.1657
greher1,EC,0.002796087302001274,0.0028,0.0028,resident,0.0165,0.04,0.0459,365.0,1.6500000000000001,0.001166058974184524,very_rare,0.1166058974184524,rare,peak_abundance_with_occupancy_days_modifiers,0.0165
stbwoo1,EC,0.002796087302001274,0.0028,0.0028,resident,0.0635,0.0065,0.0091,365.0,6.35,0.001166058974184524,very_rare,0.1166058974184524,,peak_abundance_with_occupancy_days_modifiers,0.0635
crowoo1,EC,0.002796087302001274,0.0028,0.0028,resident,0.0118,0.0188,0.0222,365.0,1.18,0.001166058974184524,very_rare,0.1166058974184524,rare,peak_abundance_with_occupancy_days_modifiers,0.0118
shshaw,EC,0.002796087302001274,0.002575,0.0028,postbreeding_migration,0.2157,0.008,0.0066,126.0,21.57,0.001166058974184524,very_rare,0.1166058974184524,,peak_abundance_with_occupancy_days_modifiers,0.2157
grhtan1,EC,0.0027732351246095486,0.0027770840983517,0.0027770840983517,resident,0.0797735056613026,0.0031408190797907,0.0011158606960947,365.0,7.97735056613026,0.001156528875997615,very_rare,0.11565288759976149,,peak_abundance_with_occupancy_days_modifiers,0.0797735056613026
bltfly1,EC,0.00270462720070238,0.0027082880044756,0.0027082880044756,resident,0.3263771354913364,0.1079127159935918,0.0872712348933665,365.0,32.63771354913364,0.001127917149419951,very_rare,0.1127917149419951,,peak_abundance_with_occupancy_days_modifiers,0.3263771354913364
pacant,EC,0.0026963615477426086,0.0027,0.0027,resident,0.0098,0.0471,0.0624,365.0,0.98,0.0011244701043994507,very_rare,0.11244701043994507,very_rare,peak_abundance_with_occupancy_days_modifiers,0.0098
masduc,EC,0.0026963615477426086,0.0027,0.0027,resident,0.0213,0.0108,0.0201,365.0,2.13,0.0011244701043994507,very_rare,0.11244701043994507,rare,peak_abundance_with_occupancy_days_modifiers,0.0213
giahum1,EC,0.002596625847265978,0.0016749999999999998,0.0026,nonbreeding,0.0399,0.035,0.0121,161.0,3.9899999999999998,0.001082877086719314,very_rare,0.1082877086719314,rare,peak_abundance_with_occupancy_days_modifiers,0.0399
baytan3,EC,0.002596625847265978,0.0024000000000000002,0.0026,nonbreeding,0.0257,0.0024,0.0013,301.0,2.5700000000000003,0.001082877086719314,very_rare,0.1082877086719314,rare,peak_abundance_with_occupancy_days_modifiers,0.0257
olitan1,EC,0.0023971245997214934,0.0024,0.0024,resident,0.015,0.0876,0.0631,365.0,1.5,0.000999678604363726,very_rare,0.09996786043637261,rare,peak_abundance_with_occupancy_days_modifiers,0.015
colplo1,EC,0.0023971245997214934,0.0024,0.0024,resident,0.0095,0.0071,0.0057,365.0,0.95,0.000999678604363726,very_rare,0.09996786043637261,very_rare,peak_abundance_with_occupancy_days_modifiers,0.0095
emetan1,EC,0.0023971245997214934,0.0024,0.0024,resident,0.01,0.1174,0.1462,365.0,1.0,0.000999678604363726,very_rare,0.09996786043637261,rare,peak_abundance_with_occupancy_days_modifiers,0.01
coffal1,EC,0.0023971245997214934,0.0024,0.0024,resident,0.1022,0.0044,0.0033,365.0,10.22,0.000999678604363726,very_rare,0.09996786043637261,,peak_abundance_with_occupancy_days_modifiers,0.1022
gybfly1,EC,0.0023971245997214934,0.0024,0.0024,resident,0.0319,0.5314,0.5141,365.0,3.19,0.000999678604363726,very_rare,0.09996786043637261,rare,peak_abundance_with_occupancy_days_modifiers,0.0319
musduc,EC,0.0022973590486834897,0.0023,0.0023,resident,0.0235,0.0011,0.0006,365.0,2.35,0.0009580731380325941,very_rare,0.09580731380325941,rare,peak_abundance_with_occupancy_days_modifiers,0.0235
citwar1,EC,0.0021975835434872217,0.0022,0.0022,resident,0.0107,0.0513,0.0367,365.0,1.0699999999999998,0.0009164635204950369,very_rare,0.0916463520495037,rare,peak_abundance_with_occupancy_days_modifiers,0.0107
cogdov,EC,0.0021975835434872217,0.0022,0.0022,resident,0.003,0.0003,0.0005,365.0,0.3,0.0009164635204950369,very_rare,0.0916463520495037,very_rare,peak_abundance_with_occupancy_days_modifiers,0.003
sbnthr1,EC,0.0021975835434872217,0.0022,0.0022,resident,0.029,0.0955,0.1019,365.0,2.9000000000000004,0.0009164635204950369,very_rare,0.0916463520495037,rare,peak_abundance_with_occupancy_days_modifiers,0.029
bkbcuc,EC,0.0021975835434872217,0.0022,0.0022,prebreeding_migration,0.1137,0.0235,0.0463,42.0,11.37,0.0009164635204950369,very_rare,0.0916463520495037,,peak_abundance_with_occupancy_days_modifiers,0.1137
sunbit1,EC,0.0021857839322781897,0.0021881744994146,0.0021881744994146,resident,0.0904529757571857,0.0049789255599414,0.0024940902649348,365.0,9.04529757571857,0.0009115427004146465,very_rare,0.09115427004146465,,peak_abundance_with_occupancy_days_modifiers,0.0904529757571857
rusant1,EC,0.002097798082146129,0.0021,0.0021,resident,0.0285,0.1176,0.1547,365.0,2.85,0.0008748497509225938,very_rare,0.08748497509225937,rare,peak_abundance_with_occupancy_days_modifiers,0.0285
whtkit,EC,0.002097798082146129,0.0021,0.0021,resident,0.0298,0.0042,0.0053,365.0,2.98,0.0008748497509225938,very_rare,0.08748497509225937,rare,peak_abundance_with_occupancy_days_modifiers,0.0298
whwtan1,EC,0.002097798082146129,0.0021,0.0021,resident,0.0228,0.0383,0.0308,365.0,2.2800000000000002,0.0008748497509225938,very_rare,0.08748497509225937,rare,peak_abundance_with_occupancy_days_modifiers,0.0228
yefgra1,EC,0.002097798082146129,0.0021,0.0021,resident,0.0088,0.0039,0.0012,365.0,0.88,0.0008748497509225938,very_rare,0.08748497509225937,very_rare,peak_abundance_with_occupancy_days_modifiers,0.0088
whtnig1,EC,0.002041547097458778,0.0020436324736241,0.0020436324736241,resident,0.0679252025327902,0.0030148156890125,0.0018458339407677,365.0,6.7925202532790205,0.0008513912682584868,very_rare,0.08513912682584868,,peak_abundance_with_occupancy_days_modifiers,0.0679252025327902
spemou1,EC,0.0020188672770835186,0.0020209065617422,0.0020209065617422,resident,0.2710497962913549,0.0815894025450475,0.0231294178979719,365.0,27.10497962913549,0.0008419330485303183,very_rare,0.08419330485303184,,peak_abundance_with_occupancy_days_modifiers,0.2710497962913549
santer1,EC,0.001998002662673056,0.0012666666666666668,0.002,prebreeding_migration,0.0029,0.0038,0.0013,84.0,0.29,0.000833231828486557,very_rare,0.0833231828486557,very_rare,peak_abundance_with_occupancy_days_modifiers,0.0029
blsspa1,EC,0.001998002662673056,0.002,0.002,resident,0.0166,0.0089,0.0036,365.0,1.66,0.000833231828486557,very_rare,0.0833231828486557,rare,peak_abundance_with_occupancy_days_modifiers,0.0166
wilplo,EC,0.001998002662673056,0.00155,0.002,breeding,0.0172,0.0268,0.0096,119.0,1.72,0.000833231828486557,very_rare,0.0833231828486557,rare,peak_abundance_with_occupancy_days_modifiers,0.0172
slftyr1,EC,0.001998002662673056,0.002,0.002,resident,0.0599,0.0042,0.0018,365.0,5.99,0.000833231828486557,very_rare,0.0833231828486557,,peak_abundance_with_occupancy_days_modifiers,0.0599
plurai1,EC,0.0019552551136038107,0.0019571678713234,0.0019571678713234,resident,0.0251144813727123,0.0004257697118071263,0.00012465709874342115,0.0,2.51144813727123,0.0008154047158707232,very_rare,0.08154047158707232,very_rare,peak_abundance_with_occupancy_days_modifiers,0.0251144813727123
dusant1,EC,0.0018981972830802527,0.0019,0.0019,resident,0.0285,0.0046,0.0015,365.0,2.85,0.0007916097523579702,very_rare,0.07916097523579702,rare,peak_abundance_with_occupancy_days_modifiers,0.0285
surfly1,EC,0.0018981972830802527,0.0019,0.0019,resident,0.0222,0.0727,0.0896,365.0,2.22,0.0007916097523579702,very_rare,0.07916097523579702,rare,peak_abundance_with_occupancy_days_modifiers,0.0222
rufgle1,EC,0.0018981972830802527,0.0019,0.0019,resident,0.0597,,,,5.970000000000001,0.0007916097523579702,very_rare,0.07916097523579702,,peak_abundance_with_occupancy_days_modifiers,0.0597
lesvio1,EC,0.0018981972830802527,0.0019,0.0019,resident,0.0133,0.0382,0.0318,365.0,1.3299999999999998,0.0007916097523579702,very_rare,0.07916097523579702,rare,peak_abundance_with_occupancy_days_modifiers,0.0133
spcant1,EC,0.0018981972830802527,0.0019,0.0019,resident,0.0086,0.0773,0.1321,365.0,0.86,0.0007916097523579702,very_rare,0.07916097523579702,very_rare,peak_abundance_with_occupancy_days_modifiers,0.0086
tattin1,EC,0.0018537329804697682,0.0018554522056152,0.0018554522056152,resident,0.0269591325645875,7.837439098369562e-05,2.409175721515263e-05,365.0,2.69591325645875,0.0007730666979072679,very_rare,0.07730666979072678,rare,peak_abundance_with_occupancy_days_modifiers,0.0269591325645875
grygul,EC,0.0017983819413793735,0.0018,0.0018,nonbreeding,0.0029,0.0448,0.0015,56.0,0.29,0.0007499835217076287,very_rare,0.07499835217076287,very_rare,peak_abundance_with_occupancy_days_modifiers,0.0029
rurant1,EC,0.0017983819413793735,0.0018,0.0018,resident,0.0365,0.134,0.2987,365.0,3.65,0.0007499835217076287,very_rare,0.07499835217076287,rare,peak_abundance_with_occupancy_days_modifiers,0.0365
babwre1,EC,0.0017617891798261242,0.001763342042188,0.001763342042188,resident,0.1964609718220044,0.0542457140768359,0.0037192898140666,365.0,19.64609718220044,0.0007347231548482865,very_rare,0.07347231548482865,,peak_abundance_with_occupancy_days_modifiers,0.1964609718220044
manrai1,EC,0.0017284091829535128,0.0017299037430518,0.0017299037430518,resident,0.0441277671747436,0.0225455232086831,0.0159429599500037,365.0,4.41277671747436,0.0007208026149267391,very_rare,0.07208026149267391,rare,peak_abundance_with_occupancy_days_modifiers,0.0441277671747436
father1,EC,0.0016985566355814774,0.0017,0.0017,resident,0.0408,0.0591,0.0958,365.0,4.08,0.00070835313570608,very_rare,0.070835313570608,rare,peak_abundance_with_occupancy_days_modifiers,0.0408
kelgul,EC,0.0016985566355814774,0.0017,0.0017,resident,0.0013,0.0007,0.0001,365.0,0.13,0.00070835313570608,very_rare,0.070835313570608,very_rare,peak_abundance_with_occupancy_days_modifiers,0.0013
whwpuf1,EC,0.00163376564127614,0.0016351009634636,0.0016351009634636,resident,0.0654609557308471,0.0583491553147356,0.0168080180730489,365.0,6.546095573084711,0.0006813331924081737,very_rare,0.06813331924081736,,peak_abundance_with_occupancy_days_modifiers,0.0654609557308471
roltyr1,EC,0.001611249287297844,0.0016125480468789,0.0016125480468789,resident,0.1914087564434951,0.2617284178093604,0.1885823546860454,365.0,19.14087564434951,0.0006719431434624477,very_rare,0.06719431434624477,,peak_abundance_with_occupancy_days_modifiers,0.1914087564434951
boptyr1,EC,0.0015987213636970278,0.0016,0.0016,resident,0.0365,0.1283,0.4624,365.0,3.65,0.0006667185935236227,very_rare,0.06667185935236226,rare,peak_abundance_with_occupancy_days_modifiers,0.0365
blkski,EC,0.0015987213636970278,0.0007333333333333333,0.0016,nonbreeding,0.0057,0.0013,0.0005,119.0,0.5700000000000001,0.0006667185935236227,very_rare,0.06667185935236226,very_rare,peak_abundance_with_occupancy_days_modifiers,0.0057
bicant2,EC,0.0015987213636970278,0.0016,0.0016,resident,0.0101,0.0345,0.0328,365.0,1.01,0.0006667185935236227,very_rare,0.06667185935236226,rare,peak_abundance_with_occupancy_days_modifiers,0.0101
pbgdov1,EC,0.0015987213636970278,0.0016,0.0016,resident,0.0177,0.0014,0.0005,365.0,1.77,0.0006667185935236227,very_rare,0.06667185935236226,rare,peak_abundance_with_occupancy_days_modifiers,0.0177
subfly,EC,0.0015987213636970278,0.0010666666666666665,0.0016,postbreeding_migration,0.2032,0.0198,0.0058,84.0,20.32,0.0006667185935236227,very_rare,0.06667185935236226,,peak_abundance_with_occupancy_days_modifiers,0.2032
amered,EC,0.0015987213636970278,0.0007666666666666667,0.0016,nonbreeding,0.1293,0.0234,0.0012,119.0,12.93,0.0006667185935236227,very_rare,0.06667185935236226,,peak_abundance_with_occupancy_days_modifiers,0.1293
grbhaw1,EC,0.0014988761237358919,0.0015,0.0015,resident,0.095,0.0054,0.0012,365.0,9.5,0.0006250798943303071,very_rare,0.06250798943303071,,peak_abundance_with_occupancy_days_modifiers,0.095
sonwre1,EC,0.0014814021955611581,0.0014825000138302,0.0014825000138302,resident,0.0881655704098664,0.1264250915281858,0.0325378902440481,365.0,8.816557040986641,0.0006177927002759577,very_rare,0.06177927002759577,,peak_abundance_with_occupancy_days_modifiers,0.0881655704098664
goreup1,EC,0.001399020913707341,0.0014,0.0014,resident,0.0082,0.0041,0.0169,365.0,0.8200000000000001,0.0005834370372959348,very_rare,0.05834370372959348,very_rare,peak_abundance_with_occupancy_days_modifiers,0.0082
chtant1,EC,0.001399020913707341,0.0014,0.0014,resident,0.0055,0.028,0.0469,365.0,0.5499999999999999,0.0005834370372959348,very_rare,0.05834370372959348,very_rare,peak_abundance_with_occupancy_days_modifiers,0.0055
shbdow,EC,0.001399020913707341,0.0005666666666666666,0.0014,postbreeding_migration,0.0063,0.0049,0.0007,70.0,0.63,0.0005834370372959348,very_rare,0.05834370372959348,very_rare,peak_abundance_with_occupancy_days_modifiers,0.0063
andtin1,EC,0.001399020913707341,0.0014,0.0014,resident,0.0276,0.0233,0.0085,365.0,2.76,0.0005834370372959348,very_rare,0.05834370372959348,rare,peak_abundance_with_occupancy_days_modifiers,0.0276
milmac,EC,0.0013628523706088061,0.0013637814759307,0.0013637814759307,resident,0.1079543656439051,0.0213633646487746,0.0035597956017214,365.0,10.79543656439051,0.0005683535832731674,very_rare,0.05683535832731673,,peak_abundance_with_occupancy_days_modifiers,0.1079543656439051
whtspa1,EC,0.0013294000741251816,0.0013302841181097,0.0013302841181097,resident,0.0844746054055612,0.0126092734618278,0.0036032450878474,365.0,8.44746054055612,0.0005544028920720194,very_rare,0.05544028920720194,,peak_abundance_with_occupancy_days_modifiers,0.0844746054055612
whthaw1,EC,0.00129915573162005,0.0007666666666666667,0.0013,nonbreeding,0.1722,0.1177,0.1175,133.0,17.22,0.0005417900215900586,very_rare,0.05417900215900586,,peak_abundance_with_occupancy_days_modifiers,0.1722
whtsic1,EC,0.00129915573162005,0.0013,0.0013,resident,0.0325,0.1483,0.1896,365.0,3.25,0.0005417900215900586,very_rare,0.05417900215900586,rare,peak_abundance_with_occupancy_days_modifiers,0.0325
soater1,EC,0.00129915573162005,0.0007333333333333333,0.0013,nonbreeding,0.0037,0.016,0.0068,28.0,0.37,0.0005417900215900586,very_rare,0.05417900215900586,rare,peak_abundance_with_occupancy_days_modifiers,0.0037
yebpin1,EC,0.00129915573162005,0.0013,0.0013,resident,0.0005,0.0001,0.0001,0.0,0.05,0.0005417900215900586,very_rare,0.05417900215900586,very_rare,peak_abundance_with_occupancy_days_modifiers,0.0005
pinbit1,EC,0.001214130757534118,0.0012148681126673,0.0012148681126673,resident,0.1469037133925401,0.0291584131188258,0.0158124025554436,365.0,14.69037133925401,0.0005063318533162081,very_rare,0.05063318533162081,,peak_abundance_with_occupancy_days_modifiers,0.1469037133925401
bcptyr1,EC,0.0011992805754820971,0.0012,0.0012,resident,0.0064,0.0459,0.0668,365.0,0.64,0.0005001388463819827,very_rare,0.050013884638198274,very_rare,peak_abundance_with_occupancy_days_modifiers,0.0064
houspa,EC,0.0011992805754820971,0.0012,0.0012,resident,0.0031,0.0,0.0,365.0,0.31,0.0005001388463819827,very_rare,0.050013884638198274,very_rare,peak_abundance_with_occupancy_days_modifiers,0.0031
rebbla1,EC,0.0011992805754820971,0.0012,0.0012,resident,0.0089,0.0019,0.0006,365.0,0.89,0.0005001388463819827,very_rare,0.050013884638198274,very_rare,peak_abundance_with_occupancy_days_modifiers,0.0089
gagtan1,EC,0.0011992805754820971,0.0012,0.0012,resident,0.0062,0.0618,0.1045,365.0,0.62,0.0005001388463819827,very_rare,0.050013884638198274,very_rare,peak_abundance_with_occupancy_days_modifiers,0.0062
thlsch2,EC,0.0011992805754820971,0.0012,0.0012,resident,0.0121,0.0361,0.0159,365.0,1.21,0.0005001388463819827,very_rare,0.050013884638198274,rare,peak_abundance_with_occupancy_days_modifiers,0.0121
tobhum1,EC,0.0011992805754820971,0.0012,0.0012,resident,0.0087,0.0751,0.1764,365.0,0.8699999999999999,0.0005001388463819827,very_rare,0.050013884638198274,very_rare,peak_abundance_with_occupancy_days_modifiers,0.0087
blteme1,EC,0.0011992805754820971,0.0012,0.0012,resident,0.0628,0.0061,0.0028,365.0,6.279999999999999,0.0005001388463819827,very_rare,0.050013884638198274,,peak_abundance_with_occupancy_days_modifiers,0.0628
siryst3,EC,0.001197407255663112,0.001198124433954,0.001198124433954,resident,0.1576210224314036,0.288934846542426,0.0755026412626765,365.0,15.76210224314036,0.0004993576113379572,very_rare,0.04993576113379572,,peak_abundance_with_occupancy_days_modifiers,0.1576210224314036
shtstr1,EC,0.0011589153548915532,0.0011595871567869,0.0011595871567869,resident,0.2248026023419578,0.0299627956512414,0.0018123100844503,365.0,22.480260234195782,0.0004833052419086946,very_rare,0.04833052419086946,,peak_abundance_with_occupancy_days_modifiers,0.2248026023419578
soleag1,EC,0.0011588050989805062,0.0011594767730306,0.0011594767730306,resident,0.2390271023737513,0.0843774924780043,0.0446268310429477,365.0,23.90271023737513,0.00048325926162241805,very_rare,0.04832592616224181,,peak_abundance_with_occupancy_days_modifiers,0.2390271023737513
whrfly,EC,0.0011472057722934528,0.0011478640645436,0.0011478640645436,resident,0.1365404198663222,0.0551570623847128,0.0082262087291231,365.0,13.65404198663222,0.0004784219666752805,very_rare,0.04784219666752805,,peak_abundance_with_occupancy_days_modifiers,0.1365404198663222
yecchl1,EC,0.0010993954433009636,0.0011,0.0011,resident,0.0042,0.0841,0.1522,365.0,0.42,0.0004584835108407622,very_rare,0.04584835108407622,very_rare,peak_abundance_with_occupancy_days_modifiers,0.0042
bhtfly1,EC,0.0010993954433009636,0.0011,0.0011,resident,0.0143,0.0337,0.0218,365.0,1.43,0.0004584835108407622,very_rare,0.04584835108407622,rare,peak_abundance_with_occupancy_days_modifiers,0.0143
oceant1,EC,0.0009995003330835331,0.001,0.001,resident,0.0155,0.0681,0.0373,365.0,1.55,0.00041682401413511066,very_rare,0.04168240141351107,rare,peak_abundance_with_occupancy_days_modifiers,0.0155
perfal,EC,0.0009995003330835331,0.000475,0.001,nonbreeding,0.045,,,,4.5,0.00041682401413511066,very_rare,0.04168240141351107,rare,peak_abundance_with_occupancy_days_modifiers,0.045
brbscy1,EC,0.0009995003330835331,0.001,0.001,resident,0.0585,0.3347,0.1622,365.0,5.8500000000000005,0.00041682401413511066,very_rare,0.04168240141351107,,peak_abundance_with_occupancy_days_modifiers,0.0585
grytin1,EC,0.0009087154267280321,0.0009091284336838754,0.0009091284336838754,resident,0.2368584230073184,0.0141054611399487,0.0006125928918085958,365.0,23.685842300731842,0.00037896376753253044,very_rare,0.037896376753253046,,peak_abundance_with_occupancy_days_modifiers,0.2368584230073184
secfly1,EC,0.000899595242836093,0.0009,0.0009,resident,0.1896,0.0144,0.0009,365.0,18.96,0.0003751603554337701,very_rare,0.03751603554337701,,peak_abundance_with_occupancy_days_modifiers,0.1896
motowl,EC,0.000899595242836093,0.0009,0.0009,resident,0.0539,0.0093,0.0071,365.0,5.390000000000001,0.0003751603554337701,very_rare,0.03751603554337701,,peak_abundance_with_occupancy_days_modifiers,0.0539
barpuf1,EC,0.000899595242836093,0.0009,0.0009,resident,0.0116,0.1739,0.1293,365.0,1.16,0.0003751603554337701,very_rare,0.03751603554337701,rare,peak_abundance_with_occupancy_days_modifiers,0.0116
barpar1,EC,0.000899595242836093,0.0009,0.0009,resident,0.0111,0.0613,0.0122,365.0,1.11,0.0003751603554337701,very_rare,0.03751603554337701,rare,peak_abundance_with_occupancy_days_modifiers,0.0111
fusfly1,EC,0.0008924885396097475,0.0008383238590424632,0.0008928869260160337,breeding,0.0243236426298804,0.00045238506509119207,0.00017660732043587506,147.0,2.43236426298804,0.000372196629992205,very_rare,0.0372196629992205,rare,peak_abundance_with_occupancy_days_modifiers,0.0243236426298804
rnwrai1,EC,0.000871538458819283,0.0008719183588196877,0.0008719183588196877,resident,0.1612122311461788,0.4599399750731522,0.8408670646148173,365.0,16.12122311461788,0.0003634597676996224,very_rare,0.03634597676996224,,peak_abundance_with_occupancy_days_modifiers,0.1612122311461788
bltcot1,EC,0.0007996801705643322,0.0008,0.0008,resident,0.0149,0.1139,0.1365,365.0,1.49,0.0003334925339049559,very_rare,0.03334925339049559,rare,peak_abundance_with_occupancy_days_modifiers,0.0149
whvplu1,EC,0.0007996801705643322,0.0008,0.0008,resident,0.0062,0.0138,0.0095,365.0,0.62,0.0003334925339049559,very_rare,0.03334925339049559,very_rare,peak_abundance_with_occupancy_days_modifiers,0.0062
cinwoo1,EC,0.0007996801705643322,0.0008,0.0008,resident,0.0054,0.0253,0.0188,365.0,0.54,0.0003334925339049559,very_rare,0.03334925339049559,very_rare,peak_abundance_with_occupancy_days_modifiers,0.0054
bubgro1,EC,0.0007996801705643322,0.0008,0.0008,resident,0.0159,0.0153,0.005,365.0,1.59,0.0003334925339049559,very_rare,0.03334925339049559,rare,peak_abundance_with_occupancy_days_modifiers,0.0159
garkin1,EC,0.0007996801705643322,0.0008,0.0008,resident,0.0165,0.0015,0.0023,365.0,1.6500000000000001,0.0003334925339049559,very_rare,0.03334925339049559,rare,peak_abundance_with_occupancy_days_modifiers,0.0165
cliswa,EC,0.0007996801705643322,0.0008,0.0008,postbreeding_migration,0.007,0.0002,0.0,42.0,0.7000000000000001,0.0003334925339049559,very_rare,0.03334925339049559,very_rare,peak_abundance_with_occupancy_days_modifiers,0.007
tabfly1,EC,0.0007996801705643322,0.0008,0.0008,resident,0.0263,0.0538,0.2028,365.0,2.63,0.0003334925339049559,very_rare,0.03334925339049559,rare,peak_abundance_with_occupancy_days_modifiers,0.0263
gycthr,EC,0.0006997551142733419,0.00036666666666666667,0.0007,nonbreeding,0.1557,0.0063,0.0002,35.0,15.57,0.0002918205487167264,very_rare,0.02918205487167264,,peak_abundance_with_occupancy_days_modifiers,0.1557
spoant1,EC,0.0006997551142733419,0.0007,0.0007,resident,0.0188,0.0764,0.0216,365.0,1.8800000000000001,0.0002918205487167264,very_rare,0.02918205487167264,rare,peak_abundance_with_occupancy_days_modifiers,0.0188
blbpuf1,EC,0.0006997551142733419,0.0007,0.0007,resident,0.0174,0.1324,0.0812,365.0,1.7399999999999998,0.0002918205487167264,very_rare,0.02918205487167264,rare,peak_abundance_with_occupancy_days_modifiers,0.0174
sttwre1,EC,0.0006997551142733419,0.0007,0.0007,resident,0.0223,0.141,0.066,365.0,2.23,0.0002918205487167264,very_rare,0.02918205487167264,rare,peak_abundance_with_occupancy_days_modifiers,0.0223
rercac1,EC,0.0006997551142733419,0.0007,0.0007,resident,0.0425,0.0039,0.0003,365.0,4.25,0.0002918205487167264,very_rare,0.02918205487167264,rare,peak_abundance_with_occupancy_days_modifiers,0.0425
trogna1,EC,0.0006997551142733419,0.0007,0.0007,resident,0.0128,0.0009,0.0001,365.0,1.28,0.0002918205487167264,very_rare,0.02918205487167264,rare,peak_abundance_with_occupancy_days_modifiers,0.0128
whwpar,EC,0.0006997551142733419,0.0007,0.0007,resident,0.0009,0.0013,0.0006,365.0,0.09,0.0002918205487167264,very_rare,0.02918205487167264,very_rare,peak_abundance_with_occupancy_days_modifiers,0.0009
royfly1,EC,0.0006997551142733419,0.0007,0.0007,resident,0.0305,0.0022,0.0028,365.0,3.05,0.0002918205487167264,very_rare,0.02918205487167264,rare,peak_abundance_with_occupancy_days_modifiers,0.0305
obqdov1,EC,0.0006401482492286311,0.0006403531878471593,0.0006403531878471593,resident,0.0840641563329553,0.0573747711431699,0.0329476363940135,365.0,8.40641563329553,0.00026696255524186267,very_rare,0.026696255524186266,,peak_abundance_with_occupancy_days_modifiers,0.0840641563329553
stcant2,EC,0.0006266669735476726,0.0006268633703185211,0.0006268633703185211,resident,0.105815822463968,0.0601240207249863,0.0136230724323108,365.0,10.5815822463968,0.00026134042660520807,very_rare,0.026134042660520808,,peak_abundance_with_occupancy_days_modifiers,0.105815822463968
strowl1,EC,0.0006179553908864948,0.0006181463646547884,0.0006181463646547884,resident,0.3395968893617013,0.0125686124896202,0.0010192367120581,365.0,33.95968893617013,0.0002577074144549247,very_rare,0.02577074144549247,,peak_abundance_with_occupancy_days_modifiers,0.3395968893617013
dowant1,EC,0.0006135795437892901,0.0006137678222235313,0.0006137678222235313,resident,0.1428615561526021,0.0206316932307811,0.0089490709012392,365.0,14.28615561526021,0.0002558825444754553,very_rare,0.02558825444754553,,peak_abundance_with_occupancy_days_modifiers,0.1428615561526021
lestan,EC,0.0005998200719676155,0.0006,0.0006,resident,0.014,0.1132,0.038,365.0,1.4000000000000001,0.0002501443990368907,very_rare,0.02501443990368907,rare,peak_abundance_with_occupancy_days_modifiers,0.014
slttro1,EC,0.0005998200719676155,0.0006,0.0006,resident,0.0166,0.0304,0.0053,365.0,1.66,0.0002501443990368907,very_rare,0.02501443990368907,rare,peak_abundance_with_occupancy_days_modifiers,0.0166
snoplo5,EC,0.0005998200719676155,0.000375,0.0006,breeding,0.0017,0.0058,0.003,91.0,0.16999999999999998,0.0002501443990368907,very_rare,0.02501443990368907,very_rare,peak_abundance_with_occupancy_days_modifiers,0.0017
cregua1,EC,0.0005998200719676155,0.0006,0.0006,resident,0.0018,0.0025,0.0038,365.0,0.18,0.0002501443990368907,very_rare,0.02501443990368907,very_rare,peak_abundance_with_occupancy_days_modifiers,0.0018
bawhae1,EC,0.0005998200719676155,0.0006,0.0006,resident,0.1118,0.0159,0.0094,365.0,11.18,0.0002501443990368907,very_rare,0.02501443990368907,,peak_abundance_with_occupancy_days_modifiers,0.1118
batbar1,EC,0.0005998200719676155,0.0006,0.0006,resident,0.012,0.0546,0.0539,365.0,1.2,0.0002501443990368907,very_rare,0.02501443990368907,rare,peak_abundance_with_occupancy_days_modifiers,0.012
ampkin1,EC,0.0005998200719676155,0.0006,0.0006,resident,0.021,0.002,0.0016,365.0,2.1,0.0002501443990368907,very_rare,0.02501443990368907,rare,peak_abundance_with_occupancy_days_modifiers,0.021
rufpih1,EC,0.0005998200719676155,0.0006,0.0006,resident,0.0225,0.0471,0.0156,365.0,2.25,0.0002501443990368907,very_rare,0.02501443990368907,rare,peak_abundance_with_occupancy_days_modifiers,0.0225
belgul,EC,0.0005455672958838498,0.0005457161447888196,0.0005457161447888196,resident,0.014319597477989,0.0268839103869653,0.00013912394430398988,365.0,1.4319597477989001,0.000227519234085302,very_rare,0.0227519234085302,rare,peak_abundance_with_occupancy_days_modifiers,0.014319597477989
slcsee1,EC,0.0005245295134345736,0.0005246671030953666,0.0005246671030953666,resident,0.0967300931872303,0.0079369594902139,0.0029364113982396,365.0,9.67300931872303,0.00021874579736023037,very_rare,0.021874579736023036,,peak_abundance_with_occupancy_days_modifiers,0.0967300931872303
sctlea1,EC,0.0005213242825616225,0.0005214601956826607,0.0005214601956826607,resident,0.0490673592249659,0.0337190742218675,0.0073018481038213,365.0,4.90673592249659,0.0002174091122642051,very_rare,0.02174091122642051,rare,peak_abundance_with_occupancy_days_modifiers,0.0490673592249659
sporai,EC,0.0005023856656106488,0.0005025118824247755,0.0005025118824247755,resident,0.0591761867857244,0.0049692459446343,0.0026626001173283,365.0,5.91761867857244,0.00020951109554682754,very_rare,0.020951109554682754,,peak_abundance_with_occupancy_days_modifiers,0.0591761867857244
robgro,EC,0.000499875041651048,0.0002,0.0005,nonbreeding,0.0252,0.007,0.0014,98.0,2.52,0.00020846408403300828,very_rare,0.020846408403300827,rare,peak_abundance_with_occupancy_days_modifiers,0.0252
ragmac1,EC,0.000499875041651048,0.0005,0.0005,resident,0.0179,0.0012,0.0001,365.0,1.79,0.00020846408403300828,very_rare,0.020846408403300827,rare,peak_abundance_with_occupancy_days_modifiers,0.0179
bubwre1,EC,0.000499875041651048,0.0005,0.0005,resident,0.0064,0.0003,0.0001,365.0,0.64,0.00020846408403300828,very_rare,0.020846408403300827,very_rare,peak_abundance_with_occupancy_days_modifiers,0.0064
btsfin1,EC,0.000499875041651048,0.0005,0.0005,resident,0.0054,0.0033,0.0009,365.0,0.54,0.00020846408403300828,very_rare,0.020846408403300827,very_rare,peak_abundance_with_occupancy_days_modifiers,0.0054
rubsee1,EC,0.000499875041651048,0.0005,0.0005,resident,0.0121,0.003,0.0004,365.0,1.21,0.00020846408403300828,very_rare,0.020846408403300827,rare,peak_abundance_with_occupancy_days_modifiers,0.0121
yebcac1,EC,0.000499875041651048,0.0005,0.0005,resident,0.0193,0.0115,0.0018,365.0,1.9300000000000002,0.00020846408403300828,very_rare,0.020846408403300827,rare,peak_abundance_with_occupancy_days_modifiers,0.0193
brofly1,EC,0.000499875041651048,0.0005,0.0005,resident,0.0392,0.0082,0.0042,365.0,3.92,0.00020846408403300828,very_rare,0.020846408403300827,rare,peak_abundance_with_occupancy_days_modifiers,0.0392
ruwtan1,EC,0.000499875041651048,0.0005,0.0005,resident,0.0081,0.0448,0.0261,365.0,0.8099999999999999,0.00020846408403300828,very_rare,0.020846408403300827,very_rare,peak_abundance_with_occupancy_days_modifiers,0.0081
crbwoo1,EC,0.000499875041651048,0.0005,0.0005,resident,0.0271,0.0997,0.0832,365.0,2.71,0.00020846408403300828,very_rare,0.020846408403300827,rare,peak_abundance_with_occupancy_days_modifiers,0.0271
pifshe,EC,0.0004854287892168079,0.0004855466288383184,0.0004855466288383184,nonbreeding,0.033100724407612,0.00019008430798130464,6.125803692319883e-07,0.0,3.3100724407612,0.00020243952883323852,very_rare,0.02024395288332385,very_rare,peak_abundance_with_occupancy_days_modifiers,0.033100724407612
grbcra1,EC,0.0004518030611640771,0.0004519051395396444,0.0004519051395396444,resident,0.2990611441641531,0.036967437274372,0.038436959002739,365.0,29.906114416415306,0.00018841651105009133,very_rare,0.018841651105009134,,peak_abundance_with_occupancy_days_modifiers,0.2990611441641531
rufmou1,EC,0.0003999200213269354,0.0004,0.0004,resident,0.0288,0.0718,0.0111,365.0,2.88,0.00016677960287238907,very_rare,0.016677960287238905,rare,peak_abundance_with_occupancy_days_modifiers,0.0288
rcatan1,EC,0.0003999200213269354,0.0004,0.0004,resident,0.127,0.0136,0.0007,365.0,12.7,0.00016677960287238907,very_rare,0.016677960287238905,,peak_abundance_with_occupancy_days_modifiers,0.127
rutjac1,EC,0.0003999200213269354,0.0004,0.0004,resident,0.0034,0.0002,0.0001,365.0,0.33999999999999997,0.00016677960287238907,very_rare,0.016677960287238905,very_rare,peak_abundance_with_occupancy_days_modifiers,0.0034
aldfly,EC,0.0003999200213269354,0.00023333333333333333,0.0004,postbreeding_migration,0.0987,0.0027,0.0001,49.0,9.87,0.00016677960287238907,very_rare,0.016677960287238905,,peak_abundance_with_occupancy_days_modifiers,0.0987
recfin1,EC,0.0003999200213269354,0.0004,0.0004,resident,0.0018,0.0001,0.0,365.0,0.18,0.00016677960287238907,very_rare,0.016677960287238905,very_rare,peak_abundance_with_occupancy_days_modifiers,0.0018
cintea,EC,0.0003999200213269354,0.00013333333333333334,0.0004,postbreeding_migration,0.0008,0.0002,0.0002,0.0,0.08,0.00016677960287238907,very_rare,0.016677960287238905,very_rare,peak_abundance_with_occupancy_days_modifiers,0.0008
sabgul,EC,0.0003999200213269354,0.0004,0.0004,postbreeding_migration,0.0057,,,,0.5700000000000001,0.00016677960287238907,very_rare,0.016677960287238905,very_rare,peak_abundance_with_occupancy_days_modifiers,0.0057
sapayo1,EC,0.0003999200213269354,0.0004,0.0004,resident,0.0219,0.1836,0.0589,365.0,2.19,0.00016677960287238907,very_rare,0.016677960287238905,rare,peak_abundance_with_occupancy_days_modifiers,0.0219
higtin1,EC,0.0003999200213269354,0.0004,0.0004,resident,0.0854,0.4193,0.092,365.0,8.540000000000001,0.00016677960287238907,very_rare,0.016677960287238905,,peak_abundance_with_occupancy_days_modifiers,0.0854
wtstyr1,EC,0.00030498783633682905,0.0003050343498555514,0.0003050343498555514,resident,0.0817938351529088,0.0435176243360695,0.022381442583429,365.0,8.17938351529088,0.00012718980674288568,very_rare,0.012718980674288567,,peak_abundance_with_occupancy_days_modifiers,0.0817938351529088
brvear1,EC,0.00029995500899797546,0.0003,0.0003,resident,0.0011,0.0089,0.072,0.0,0.11,0.00012509095472209328,very_rare,0.012509095472209329,very_rare,peak_abundance_with_occupancy_days_modifiers,0.0011
sponit2,EC,0.00029995500899797546,0.0003,0.0003,resident,0.0036,0.0104,0.0182,365.0,0.36,0.00012509095472209328,very_rare,0.012509095472209329,very_rare,peak_abundance_with_occupancy_days_modifiers,0.0036
leabit,EC,0.00029995500899797546,7.5e-05,0.0003,prebreeding_migration,0.065,0.0024,0.0002,21.0,6.5,0.00012509095472209328,very_rare,0.012509095472209329,rare,peak_abundance_with_occupancy_days_modifiers,0.065
gocspa1,EC,0.00029995500899797546,0.0003,0.0003,resident,0.0923,0.0121,0.0012,365.0,9.229999999999999,0.00012509095472209328,very_rare,0.012509095472209329,,peak_abundance_with_occupancy_days_modifiers,0.0923
grepuf1,EC,0.00029995500899797546,0.0003,0.0003,resident,0.0066,0.063,0.0266,365.0,0.66,0.00012509095472209328,very_rare,0.012509095472209329,very_rare,peak_abundance_with_occupancy_days_modifiers,0.0066
grgmac,EC,0.00029995500899797546,0.0003,0.0003,resident,0.1074,0.3813,0.0071,365.0,10.74,0.00012509095472209328,very_rare,0.012509095472209329,,peak_abundance_with_occupancy_days_modifiers,0.1074
recman1,EC,0.00029995500899797546,0.0003,0.0003,resident,0.0034,0.0074,0.0023,365.0,0.33999999999999997,0.00012509095472209328,very_rare,0.012509095472209329,very_rare,peak_abundance_with_occupancy_days_modifiers,0.0034
bichaw1,EC,0.00029995500899797546,0.0003,0.0003,resident,0.0379,0.0048,0.0048,365.0,3.7900000000000005,0.00012509095472209328,very_rare,0.012509095472209329,rare,peak_abundance_with_occupancy_days_modifiers,0.0379
yebori1,EC,0.00029995500899797546,0.0003,0.0003,resident,0.0015,0.0015,0.0012,365.0,0.15,0.00012509095472209328,very_rare,0.012509095472209329,very_rare,peak_abundance_with_occupancy_days_modifiers,0.0015
mouwar,EC,0.00029995500899797546,9.999999999999999e-05,0.0003,nonbreeding,0.076,0.0554,0.0042,119.0,7.6,0.00012509095472209328,very_rare,0.012509095472209329,,peak_abundance_with_occupancy_days_modifiers,0.076
puteup1,EC,0.00029995500899797546,0.0003,0.0003,resident,0.0015,0.0001,0.0001,365.0,0.15,0.00012509095472209328,very_rare,0.012509095472209329,very_rare,peak_abundance_with_occupancy_days_modifiers,0.0015
vihhum1,EC,0.00029995500899797546,0.0003,0.0003,resident,0.0012,0.003,0.0187,365.0,0.12,0.00012509095472209328,very_rare,0.012509095472209329,very_rare,peak_abundance_with_occupancy_days_modifiers,0.0012
styowl1,EC,0.00021164549206754472,0.00021166789055485273,0.00021166789055485273,resident,0.0529572018956163,0.0038520610238735,0.0031882514750526,365.0,5.29572018956163,8.826302569107715e-05,very_rare,0.008826302569107715,,peak_abundance_with_occupancy_days_modifiers,0.0529572018956163
jetant1,EC,0.00019998000266626675,0.0002,0.0002,resident,0.0025,0.0036,0.0046,365.0,0.25,8.339813874893117e-05,very_rare,0.008339813874893118,very_rare,peak_abundance_with_occupancy_days_modifiers,0.0025
comter,EC,0.00019998000266626675,0.0002,0.0002,nonbreeding,0.0026,0.0002,0.0,21.0,0.26,8.339813874893117e-05,very_rare,0.008339813874893118,rare,peak_abundance_with_occupancy_days_modifiers,0.0026
cinhar1,EC,0.00019998000266626675,0.0002,0.0002,breeding,0.0318,0.005,0.0006,140.0,3.18,8.339813874893117e-05,very_rare,0.008339813874893118,rare,peak_abundance_with_occupancy_days_modifiers,0.0318
gogwoo1,EC,0.00019998000266626675,0.0002,0.0002,resident,0.0316,0.0016,0.0005,365.0,3.16,8.339813874893117e-05,very_rare,0.008339813874893118,rare,peak_abundance_with_occupancy_days_modifiers,0.0316
semhaw,EC,0.00019998000266626675,0.0002,0.0002,resident,0.0313,0.3638,0.1643,365.0,3.1300000000000003,8.339813874893117e-05,very_rare,0.008339813874893118,rare,peak_abundance_with_occupancy_days_modifiers,0.0313
sheowl,EC,0.00019998000266626675,0.000125,0.0002,breeding,0.0027,,,,0.27,8.339813874893117e-05,very_rare,0.008339813874893118,very_rare,peak_abundance_with_occupancy_days_modifiers,0.0027
virrai,EC,0.00019998000266626675,0.0001,0.0002,nonbreeding,0.0112,0.0055,0.003,91.0,1.1199999999999999,8.339813874893117e-05,very_rare,0.008339813874893118,rare,peak_abundance_with_occupancy_days_modifiers,0.0112
blkter,EC,0.00019998000266626675,0.0001,0.0002,nonbreeding,0.0009,0.0,0.0,0.0,0.09,8.339813874893117e-05,very_rare,0.008339813874893118,very_rare,peak_abundance_with_occupancy_days_modifiers,0.0009
surfbi,EC,0.00019998000266626675,0.0002,0.0002,postbreeding_migration,0.0006,0.0015,0.0013,0.0,0.06,8.339813874893117e-05,very_rare,0.008339813874893118,very_rare,peak_abundance_with_occupancy_days_modifiers,0.0006
comnig,EC,0.00019998000266626675,0.0001,0.0002,postbreeding_migration,0.0247,0.0006,0.0,49.0,2.4699999999999998,8.339813874893117e-05,very_rare,0.008339813874893118,rare,peak_abundance_with_occupancy_days_modifiers,0.0247
bncfly,EC,0.00019998000266626675,0.0001,0.0002,postbreeding_migration,0.0045,0.0001,0.0,21.0,0.44999999999999996,8.339813874893117e-05,very_rare,0.008339813874893118,rare,peak_abundance_with_occupancy_days_modifiers,0.0045
bobher1,EC,0.00019998000266626675,0.0002,0.0002,resident,0.0064,0.0007,0.0004,365.0,0.64,8.339813874893117e-05,very_rare,0.008339813874893118,very_rare,peak_abundance_with_occupancy_days_modifiers,0.0064
sbffal1,EC,0.00019998000266626675,0.0002,0.0002,resident,0.0877,0.0133,0.002,365.0,8.77,8.339813874893117e-05,very_rare,0.008339813874893118,,peak_abundance_with_occupancy_days_modifiers,0.0877
sora,EC,0.00019998000266626675,0.00015000000000000001,0.0002,nonbreeding,0.0162,0.0066,0.0012,56.0,1.6199999999999999,8.339813874893117e-05,very_rare,0.008339813874893118,rare,peak_abundance_with_occupancy_days_modifiers,0.0162
biccon1,EC,0.00017426926116091514,0.00017428444693073274,0.00017428444693073274,resident,0.0284720383918205,0.0076243479045693,0.00028113884511521945,365.0,2.84720383918205,7.26759267336988e-05,very_rare,0.0072675926733698805,rare,peak_abundance_with_occupancy_days_modifiers,0.0284720383918205
wbctyr1,EC,0.00013953574314776195,0.00013954547871238433,0.00013954547871238433,resident,0.024972432542495,0.0025387226516815,7.673173814941729e-05,365.0,2.4972432542494998,5.8190924654039856e-05,very_rare,0.005819092465403986,rare,peak_abundance_with_occupancy_days_modifiers,0.024972432542495
scbtan2,EC,9.999500033330834e-05,0.0001,0.0001,resident,0.0009,0.0114,0.0128,0.0,0.09,4.170115411946329e-05,very_rare,0.004170115411946329,very_rare,peak_abundance_with_occupancy_days_modifiers,0.0009
tafqua1,EC,9.999500033330834e-05,0.0001,0.0001,resident,0.0278,0.0975,0.0388,365.0,2.78,4.170115411946329e-05,very_rare,0.004170115411946329,rare,peak_abundance_with_occupancy_days_modifiers,0.0278
barant1,EC,9.999500033330834e-05,0.0001,0.0001,resident,0.0012,0.0,0.0,365.0,0.12,4.170115411946329e-05,very_rare,0.004170115411946329,very_rare,peak_abundance_with_occupancy_days_modifiers,0.0012
wrlrus1,EC,9.999500033330834e-05,7.500000000000001e-05,0.0001,breeding,0.001,0.0001,0.0001,0.0,0.1,4.170115411946329e-05,very_rare,0.004170115411946329,very_rare,peak_abundance_with_occupancy_days_modifiers,0.001
whtrob1,EC,9.999500033330834e-05,0.0001,0.0001,resident,0.0291,0.0366,0.0005,365.0,2.91,4.170115411946329e-05,very_rare,0.004170115411946329,rare,peak_abundance_with_occupancy_days_modifiers,0.0291
wbgtyr1,EC,9.999500033330834e-05,0.0001,0.0001,nonbreeding,0.0058,0.0081,0.0025,14.0,0.58,4.170115411946329e-05,very_rare,0.004170115411946329,rare,peak_abundance_with_occupancy_days_modifiers,0.0058
spetan1,EC,9.999500033330834e-05,0.0001,0.0001,resident,0.0031,0.0092,0.0016,365.0,0.31,4.170115411946329e-05,very_rare,0.004170115411946329,very_rare,peak_abundance_with_occupancy_days_modifiers,0.0031
nobwoo1,EC,9.999500033330834e-05,0.0001,0.0001,resident,0.0021,0.0038,0.0019,365.0,0.21,4.170115411946329e-05,very_rare,0.004170115411946329,very_rare,peak_abundance_with_occupancy_days_modifiers,0.0021
relhon1,EC,9.999500033330834e-05,0.0001,0.0001,resident,0.003,0.0002,0.0001,365.0,0.3,4.170115411946329e-05,very_rare,0.004170115411946329,very_rare,peak_abundance_with_occupancy_days_modifiers,0.003
blucot1,EC,9.999500033330834e-05,0.0001,0.0001,resident,0.018,0.1466,0.0346,365.0,1.7999999999999998,4.170115411946329e-05,very_rare,0.004170115411946329,rare,peak_abundance_with_occupancy_days_modifiers,0.018
aplfal,EC,9.999500033330834e-05,0.0001,0.0001,resident,0.0044,0.0002,0.0,365.0,0.44,4.170115411946329e-05,very_rare,0.004170115411946329,very_rare,peak_abundance_with_occupancy_days_modifiers,0.0044
bawwar,EC,9.999500033330834e-05,6.666666666666667e-05,0.0001,nonbreeding,0.0143,0.0019,0.0001,98.0,1.43,4.170115411946329e-05,very_rare,0.004170115411946329,rare,peak_abundance_with_occupancy_days_modifiers,0.0143
bawowl1,EC,9.999500033330834e-05,0.0001,0.0001,resident,0.0033,0.0102,0.0078,365.0,0.33,4.170115411946329e-05,very_rare,0.004170115411946329,very_rare,peak_abundance_with_occupancy_days_modifiers,0.0033
yebcuc,EC,9.999500033330834e-05,5e-05,0.0001,prebreeding_migration,0.108,0.0041,0.0,21.0,10.8,4.170115411946329e-05,very_rare,0.004170115411946329,rare,peak_abundance_with_occupancy_days_modifiers,0.108
cattyr,EC,9.999500033330834e-05,0.0001,0.0001,resident,0.0017,0.0001,0.0,365.0,0.16999999999999998,4.170115411946329e-05,very_rare,0.004170115411946329,very_rare,peak_abundance_with_occupancy_days_modifiers,0.0017
amgplo,EC,9.999500033330834e-05,5e-05,0.0001,prebreeding_migration,0.0007,0.0001,0.0,7.0,0.06999999999999999,4.170115411946329e-05,very_rare,0.004170115411946329,very_rare,peak_abundance_with_occupancy_days_modifiers,0.0007
blchaw1,EC,6.825714450346122e-05,6.82594740753521e-05,6.82594740753521e-05,resident,0.1496520113798041,0.0042964625109037,4.157232385984558e-05,365.0,14.965201137980412,2.846544020404454e-05,very_rare,0.002846544020404454,,peak_abundance_with_occupancy_days_modifiers,0.1496520113798041
parpet1,EC,2.3382612864847384e-06,2.338264020219791e-06,2.338264020219791e-06,breeding,0.0037425149700598,7.409383242938857e-05,9.922844420655508e-09,0.0,0.37425149700598,9.751306960630484e-07,very_rare,9.751306960630484e-05,very_rare,peak_abundance_with_occupancy_days_modifiers,0.0037425149700598
babwar,EC,0.0,0.0,0.0,nonbreeding,0.0104,0.0075,0.0002,28.0,1.04,0.0,very_rare,0.0,rare,peak_abundance_with_occupancy_days_modifiers,0.0104
agaher1,EC,0.0,0.0,0.0,resident,0.001,0.0005,0.0003,0.0,0.1,0.0,very_rare,0.0,very_rare,peak_abundance_with_occupancy_days_modifiers,0.001
tenwar,EC,0.0,0.0,0.0,nonbreeding,0.0034,0.0011,0.0,28.0,0.33999999999999997,0.0,very_rare,0.0,rare,peak_abundance_with_occupancy_days_modifiers,0.0034
wnbfin1,EC,0.0,0.0,0.0,resident,0.0001,0.0002,0.0001,0.0,0.01,0.0,very_rare,0.0,very_rare,peak_abundance_with_occupancy_days_modifiers,0.0001
wilfly,EC,0.0,0.0,0.0,nonbreeding,0.0041,0.0011,0.0004,42.0,0.41000000000000003,0.0,very_rare,0.0,very_rare,peak_abundance_with_occupancy_days_modifiers,0.0041
sbgtyr1,EC,0.0,0.0,0.0,breeding,0.0052,0.0008,0.0001,35.0,0.52,0.0,very_rare,0.0,very_rare,peak_abundance_with_occupancy_days_modifiers,0.0052
reccar,EC,0.0,0.0,0.0,resident,0.0001,0.0,0.0,0.0,0.01,0.0,very_rare,0.0,very_rare,peak_abundance_with_occupancy_days_modifiers,0.0001
purmar,EC,0.0,0.0,0.0,postbreeding_migration,0.0022,0.0001,0.0,7.0,0.22,0.0,very_rare,0.0,very_rare,peak_abundance_with_occupancy_days_modifiers,0.0022
pluhaw,EC,0.0,0.0,0.0,resident,0.0008,0.0066,0.0098,0.0,0.08,0.0,very_rare,0.0,very_rare,peak_abundance_with_occupancy_days_modifiers,0.0008
panfly1,EC,0.0,0.0,0.0,resident,0.0019,0.0032,0.0007,365.0,0.19,0.0,very_rare,0.0,very_rare,peak_abundance_with_occupancy_days_modifiers,0.0019
sohwre1,EC,0.0,0.0,0.0,resident,0.0006,0.01,0.0023,0.0,0.06,0.0,very_rare,0.0,very_rare,peak_abundance_with_occupancy_days_modifiers,0.0006
ocbant1,EC,0.0,0.0,0.0,resident,0.0096,0.0323,0.045,365.0,0.96,0.0,very_rare,0.0,very_rare,peak_abundance_with_occupancy_days_modifiers,0.0096
mouela1,EC,0.0,0.0,0.0,resident,0.0002,0.0004,0.0001,0.0,0.02,0.0,very_rare,0.0,very_rare,peak_abundance_with_occupancy_days_modifiers,0.0002
merlin,EC,0.0,0.0,0.0,nonbreeding,0.0022,,,,0.22,0.0,very_rare,0.0,very_rare,peak_abundance_with_occupancy_days_modifiers,0.0022
lyhvul1,EC,0.0,0.0,0.0,resident,0.0001,0.0,0.0,0.0,0.01,0.0,very_rare,0.0,very_rare,peak_abundance_with_occupancy_days_modifiers,0.0001
humsap2,EC,0.0,0.0,0.0,resident,0.0007,0.0501,0.0159,0.0,0.06999999999999999,0.0,very_rare,0.0,very_rare,peak_abundance_with_occupancy_days_modifiers,0.0007
gryfin1,EC,0.0,0.0,0.0,breeding,0.0,0.0,0.0,0.0,0.0,0.0,very_rare,0.0,very_rare,peak_abundance_with_occupancy_days_modifiers,0.0
swfgle,EC,0.0,0.0,0.0,resident,0.0032,0.0305,0.0045,365.0,0.32,0.0,very_rare,0.0,very_rare,peak_abundance_with_occupancy_days_modifiers,0.0032
grhowl,EC,0.0,0.0,0.0,resident,0.0005,0.0,0.0,0.0,0.05,0.0,very_rare,0.0,very_rare,peak_abundance_with_occupancy_days_modifiers,0.0005
grcfly,EC,0.0,0.0,0.0,nonbreeding,0.0001,0.0,0.0,0.0,0.01,0.0,very_rare,0.0,very_rare,peak_abundance_with_occupancy_days_modifiers,0.0001
tuffly,EC,0.0,0.0,0.0,resident,0.0144,0.0141,0.0002,365.0,1.44,0.0,very_rare,0.0,rare,peak_abundance_with_occupancy_days_modifiers,0.0144
dobgra1,EC,0.0,0.0,0.0,resident,0.0183,0.2411,0.0042,365.0,1.83,0.0,very_rare,0.0,rare,peak_abundance_with_occupancy_days_modifiers,0.0183
unicra1,EC,0.0,0.0,0.0,resident,0.0127,0.0039,0.0002,365.0,1.27,0.0,very_rare,0.0,rare,peak_abundance_with_occupancy_days_modifiers,0.0127
uplsan,EC,0.0,0.0,0.0,postbreeding_migration,0.015,0.001,0.0,42.0,1.5,0.0,very_rare,0.0,rare,peak_abundance_with_occupancy_days_modifiers,0.015
btther1,EC,0.0,0.0,0.0,resident,0.0019,0.0022,0.0,365.0,0.19,0.0,very_rare,0.0,very_rare,peak_abundance_with_occupancy_days_modifiers,0.0019
brtplu1,EC,0.0,0.0,0.0,resident,0.0297,0.1202,0.0034,365.0,2.97,0.0,very_rare,0.0,rare,peak_abundance_with_occupancy_days_modifiers,0.0297
whhwre1,EC,0.0,0.0,0.0,resident,0.0003,0.003,0.0002,0.0,0.03,0.0,very_rare,0.0,very_rare,peak_abundance_with_occupancy_days_modifiers,0.0003
whiher1,EC,0.0,0.0,0.0,resident,0.0002,0.0,0.0,0.0,0.02,0.0,very_rare,0.0,very_rare,peak_abundance_with_occupancy_days_modifiers,0.0002
whrsan,EC,0.0,0.0,0.0,postbreeding_migration,0.0003,0.0,0.0,0.0,0.03,0.0,very_rare,0.0,very_rare,peak_abundance_with_occupancy_days_modifiers,0.0003
wibant1,EC,0.0,0.0,0.0,resident,0.0218,0.005,0.0002,365.0,2.18,0.0,very_rare,0.0,rare,peak_abundance_with_occupancy_days_modifiers,0.0218
norwat,EC,0.0,0.0,0.0,nonbreeding,0.0027,0.0004,0.0,21.0,0.27,0.0,very_rare,0.0,rare,peak_abundance_with_occupancy_days_modifiers,0.0027
