species_code,country_code,abundance,abundance_mean_avg,abundance_mean_max,peak_season,range_occupied_percent,range_total_percent,total_pop_percent,range_days_occupation,occupancy,score,frequency,frequency_pct,rarity_cap,commonness_basis,debug_range_occupied_max
rewbla,US-WEST,2.5326407009107683,1.8356272727272724,11.5867,nonbreeding,0.4139,0.0348,0.0313,126.0,41.39,1.0,abundant,100.0,,peak_abundance_with_occupancy_days_modifiers,0.4139
ameavo,US-WEST,2.5768323207194537,0.5500578947368421,12.1554,postbreeding_migration,0.1018,0.1122,0.66,168.0,10.18,1.0,abundant,100.0,,peak_abundance_with_occupancy_days_modifiers,0.1018
wilpha,US-WEST,2.8581928595319295,0.9317405405405406,16.43,breeding,0.1189,0.0819,0.6831,112.0,11.89,1.0,abundant,100.0,,peak_abundance_with_occupancy_days_modifiers,0.1189
cangoo,US-WEST,2.4675570114528873,1.8569340909090906,10.7936,prebreeding_migration,0.7404,0.0512,0.1092,119.0,74.03999999999999,1.0,abundant,100.0,,peak_abundance_with_occupancy_days_modifiers,0.7404
snogoo,US-WEST,2.281504449382807,1.0938093023255815,8.7914,nonbreeding,0.0506,0.0343,0.0277,140.0,5.06,0.9514612565711702,abundant,95.14612565711703,,peak_abundance_with_occupancy_days_modifiers,0.0506
norsho,US-WEST,2.164988304979599,0.5422227272727272,7.7145,postbreeding_migration,0.0947,0.0152,0.0797,147.0,9.47,0.9028702502311677,abundant,90.28702502311677,,peak_abundance_with_occupancy_days_modifiers,0.0947
eargre,US-WEST,2.077927896697041,0.4631452380952381,6.9879,postbreeding_migration,0.0634,0.0203,0.5061,140.0,6.34,0.8665632399667211,abundant,86.65632399667211,,peak_abundance_with_occupancy_days_modifiers,0.0634
eursta,US-WEST,2.0562112968083843,2.6587886363636364,6.8163,postbreeding_migration,0.4538,0.0154,0.0174,140.0,45.379999999999995,0.8575067143815511,abundant,85.75067143815511,,peak_abundance_with_occupancy_days_modifiers,0.4538
horlar,US-WEST,1.9825175603981098,1.6184772727272732,6.261,nonbreeding,0.4591,,,,45.910000000000004,0.8267740392533863,abundant,82.67740392533864,,peak_abundance_with_occupancy_days_modifiers,0.4591
renpha,US-WEST,1.8768050263704728,0.23644137931034484,5.5326,postbreeding_migration,0.0889,0.0011,0.005,14.0,8.89,0.7826884883843239,abundant,78.26884883843239,,peak_abundance_with_occupancy_days_modifiers,0.0889
calgul,US-WEST,1.665818245870208,0.3779651162790698,4.29,breeding,0.1086,0.3927,0.6191,182.0,10.86,0.694700166753396,common,69.4700166753396,,peak_abundance_with_occupancy_days_modifiers,0.1086
amerob,US-WEST,1.6452489731697193,1.3980522727272726,4.1823,nonbreeding,0.778,0.0444,0.0519,98.0,77.8,0.6861221137692537,common,68.61221137692537,,peak_abundance_with_occupancy_days_modifiers,0.778
sooshe,US-WEST,1.6263961783831273,0.8712162139252527,4.085514368081482,nonbreeding,0.0190967373120638,0.000705479221957201,0.0081885238598779,112.0,1.90967373120638,0.6782598876743707,rare,67.82598876743707,rare,peak_abundance_with_occupancy_days_modifiers,0.0190967373120638
cacgoo1,US-WEST,1.618595850218866,0.43509230769230756,4.046,nonbreeding,0.0348,0.0712,0.2697,126.0,3.4799999999999995,0.6750068981661348,rare,67.50068981661347,rare,peak_abundance_with_occupancy_days_modifiers,0.0348
daejun,US-WEST,1.598922822134334,1.194565909090909,3.9477,nonbreeding,0.8735,0.0453,0.069,105.0,87.35000000000001,0.666802608217486,common,66.6802608217486,,peak_abundance_with_occupancy_days_modifiers,0.8735
whcspa,US-WEST,1.5895208785937416,0.7786772727272729,3.9014,nonbreeding,0.6541,0.0667,0.1949,112.0,65.41,0.6628816932187171,common,66.28816932187172,,peak_abundance_with_occupancy_days_modifiers,0.6541
y00475,US-WEST,1.5490507624190053,0.9424863636363638,3.707,nonbreeding,0.1609,0.1204,0.2322,112.0,16.09,0.6460043438891497,common,64.60043438891498,,peak_abundance_with_occupancy_days_modifiers,0.1609
laplon,US-WEST,1.5316925638092473,0.21646363636363636,3.626,nonbreeding,0.3202,,,,32.019999999999996,0.6387654128121053,common,63.87654128121053,,peak_abundance_with_occupancy_days_modifiers,0.3202
gwfgoo,US-WEST,1.53063277199157,0.25257297297297304,3.6211,nonbreeding,0.0746,0.0168,0.0144,42.0,7.46,0.6383234452959675,common,63.83234452959675,,peak_abundance_with_occupancy_days_modifiers,0.0746
gnwtea,US-WEST,1.5227246728152894,0.3296818181818182,3.5847,postbreeding_migration,0.178,0.0074,0.0133,147.0,17.8,0.6350255117848631,common,63.502551178486314,,peak_abundance_with_occupancy_days_modifiers,0.178
mallar3,US-WEST,1.4532518292447716,1.0501136363636363,3.277,postbreeding_migration,0.4426,0.0102,0.0126,126.0,44.26,0.6060530856916075,common,60.605308569160755,,peak_abundance_with_occupancy_days_modifiers,0.4426
pinsis,US-WEST,1.433488013446994,0.5920386363636362,3.1933,postbreeding_migration,0.8958,0.0396,0.0813,119.0,89.58,0.597810934325792,common,59.781093432579205,,peak_abundance_with_occupancy_days_modifiers,0.8958
moudov,US-WEST,1.3863693583075314,0.6981886363636364,3.0003,breeding,0.9873,0.0357,0.0485,119.0,98.72999999999999,0.5781609288922875,common,57.816092889228756,,peak_abundance_with_occupancy_days_modifiers,0.9873
whfibi,US-WEST,1.271837039142066,0.34937500000000005,2.5674,breeding,0.1224,0.0148,0.0619,119.0,12.24,0.5303972419353485,common,53.03972419353485,,peak_abundance_with_occupancy_days_modifiers,0.1224
whwdov,US-WEST,1.2267709406019143,0.177928,2.4102,breeding,0.4879,0.0531,0.1197,119.0,48.79,0.5116032190889883,common,51.16032190889883,,peak_abundance_with_occupancy_days_modifiers,0.4879
wesmea,US-WEST,1.2173726243889524,0.5082045454545455,2.3783,breeding,0.7483,0.0771,0.182,112.0,74.83,0.5076838168033356,common,50.76838168033356,,peak_abundance_with_occupancy_days_modifiers,0.7483
houfin,US-WEST,1.2052819470245641,0.6021363636363636,2.3377,resident,0.6437,0.0884,0.2199,365.0,64.37,0.5026416127081257,common,50.264161270812565,,peak_abundance_with_occupancy_days_modifiers,0.6437
norpin,US-WEST,1.1455912898621043,0.29803636363636365,2.1443,nonbreeding,0.0574,0.0066,0.0499,147.0,5.74,0.47774867520598024,common,47.77486752059802,,peak_abundance_with_occupancy_days_modifiers,0.0574
brebla,US-WEST,1.1391782504147714,0.4338454545454546,2.1242,nonbreeding,0.277,0.1089,0.1973,112.0,27.700000000000003,0.475074230028961,common,47.5074230028961,,peak_abundance_with_occupancy_days_modifiers,0.277
dunlin,US-WEST,1.1346870328051002,0.18692580645161289,2.1102,nonbreeding,0.0248,0.0152,0.044,70.0,2.48,0.4732012468087931,rare,47.32012468087931,rare,peak_abundance_with_occupancy_days_modifiers,0.0248
cliswa,US-WEST,1.1187416599632753,0.607239393939394,2.061,breeding,0.3348,0.0486,0.0909,126.0,33.48,0.4665515098404157,common,46.65515098404157,,peak_abundance_with_occupancy_days_modifiers,0.3348
gcrfin,US-WEST,1.1002775679871708,0.24279,2.005,nonbreeding,0.4216,0.1504,0.2779,126.0,42.16,0.45885138540814363,common,45.88513854081436,,peak_abundance_with_occupancy_days_modifiers,0.4216
fragul,US-WEST,1.0349622615916536,0.14074285714285714,1.815,postbreeding_migration,0.0496,0.0183,0.087,133.0,4.96,0.4316127869854137,rare,43.16127869854137,rare,peak_abundance_with_occupancy_days_modifiers,0.0496
yehbla,US-WEST,1.030583238270638,0.20229545454545458,1.8027,nonbreeding,0.0274,0.1099,0.1606,175.0,2.74,0.42978659241774797,rare,42.9786592417748,rare,peak_abundance_with_occupancy_days_modifiers,0.0274
sancra,US-WEST,1.0279394353730635,0.40618999999999994,1.7953,postbreeding_migration,0.1933,0.0344,0.0442,119.0,19.33,0.4286840409729182,common,42.868404097291815,,peak_abundance_with_occupancy_days_modifiers,0.1933
bknsti,US-WEST,1.0131996330421769,0.151125,1.7544,postbreeding_migration,0.0623,0.009,0.0661,140.0,6.23,0.42253706595774787,common,42.25370659577479,,peak_abundance_with_occupancy_days_modifiers,0.0623
bnhcow,US-WEST,1.0124732583461877,0.3277,1.7524,breeding,0.9537,0.0365,0.067,147.0,95.37,0.42223414418120936,common,42.22341441812094,,peak_abundance_with_occupancy_days_modifiers,0.9537
ribgul,US-WEST,0.9810292330143925,0.23264090909090906,1.6672,postbreeding_migration,0.0828,0.0705,0.0773,105.0,8.28,0.4091209671010863,common,40.91209671010863,,peak_abundance_with_occupancy_days_modifiers,0.0828
comrav,US-WEST,0.957701353119703,1.0679545454545456,1.6057,resident,0.9935,0.0096,0.0156,365.0,99.35000000000001,0.3993924855617462,common,39.939248556174626,,peak_abundance_with_occupancy_days_modifiers,0.9935
treswa,US-WEST,0.8821546699444728,0.25540526315789475,1.4161,postbreeding_migration,0.3418,0.0623,0.0812,161.0,34.18,0.36788707161301015,common,36.78870716130101,,peak_abundance_with_occupancy_days_modifiers,0.3418
commur,US-WEST,0.8745853910686449,0.5965071284017546,1.39788090500053,breeding,0.0094293225485305,0.001601200458999,0.0040101891446043,105.0,0.9429322548530499,0.36473043714206665,very_rare,36.47304371420667,very_rare,peak_abundance_with_occupancy_days_modifiers,0.0094293225485305
lobdow,US-WEST,0.8613698129743983,0.13952857142857145,1.3664,postbreeding_migration,0.0966,0.0896,0.2459,182.0,9.66,0.35921911300536913,common,35.92191130053691,,peak_abundance_with_occupancy_days_modifiers,0.0966
pinjay,US-WEST,0.8571350306653952,0.38671999999999995,1.3564,resident,0.3073,0.2064,0.3603,365.0,30.73,0.35745307161188444,common,35.74530716118844,,peak_abundance_with_occupancy_days_modifiers,0.3073
vigswa,US-WEST,0.8151435498691973,0.3144102564102565,1.2595,postbreeding_migration,0.8366,0.0922,0.1328,126.0,83.66,0.3399412639560007,common,33.99412639560007,,peak_abundance_with_occupancy_days_modifiers,0.8366
redcro,US-WEST,0.7651887334249159,0.21912045454545462,1.1494,nonbreeding,0.6947,,,,69.47,0.3191084873910828,common,31.91084873910828,,peak_abundance_with_occupancy_days_modifiers,0.6947
chispa,US-WEST,0.7530656707711888,0.29986500000000005,1.1235,postbreeding_migration,0.9997,0.0293,0.0657,147.0,99.97,0.31405277758121297,common,31.405277758121297,,peak_abundance_with_occupancy_days_modifiers,0.9997
yerwar,US-WEST,0.742794120449359,0.3972790697674418,1.1018,postbreeding_migration,0.9839,0.0449,0.0725,133.0,98.39,0.30976920838686584,common,30.976920838686585,,peak_abundance_with_occupancy_days_modifiers,0.9839
amewig,US-WEST,0.7293344513216578,0.26935454545454546,1.0737,postbreeding_migration,0.1167,0.0551,0.1832,126.0,11.67,0.3041560903827615,common,30.41560903827615,,peak_abundance_with_occupancy_days_modifiers,0.1167
gockin,US-WEST,0.7249849374086966,0.1731840909090909,1.0647,nonbreeding,0.7588,0.0282,0.0992,98.0,75.88000000000001,0.3023422021941063,common,30.23422021941063,,peak_abundance_with_occupancy_days_modifiers,0.7588
comgra,US-WEST,0.7170590006062582,0.1140037037037037,1.0484,postbreeding_migration,0.3304,0.0251,0.0292,112.0,33.040000000000006,0.29903682981510793,common,29.903682981510794,,peak_abundance_with_occupancy_days_modifiers,0.3304
snobun,US-WEST,0.7107414889608965,0.09426538461538461,1.0355,nonbreeding,0.3652,,,,36.52,0.2964022228257922,common,29.64022228257922,,peak_abundance_with_occupancy_days_modifiers,0.3652
gamqua,US-WEST,0.6976370858327973,0.19495714285714283,1.009,resident,0.5103,0.3124,0.4867,365.0,51.03,0.2909372622510936,common,29.09372622510936,,peak_abundance_with_occupancy_days_modifiers,0.5103
rudduc,US-WEST,0.6948457371955268,0.1574159090909091,1.0034,nonbreeding,0.0797,0.1284,0.2907,126.0,7.969999999999999,0.28977317945359393,common,28.977317945359392,,peak_abundance_with_occupancy_days_modifiers,0.0797
banswa,US-WEST,0.6933471605626116,0.0919264705882353,1.0004,postbreeding_migration,0.1479,,,,14.790000000000001,0.2891482244566368,common,28.91482244566368,,peak_abundance_with_occupancy_days_modifiers,0.1479
leasan,US-WEST,0.6911952768347,0.0766794871794872,0.9961,postbreeding_migration,0.1149,0.0385,0.1891,168.0,11.49,0.28825081923951884,fairly_common,28.825081923951885,,peak_abundance_with_occupancy_days_modifiers,0.1149
weskin,US-WEST,0.68687756754635,0.19578285714285715,0.9875,breeding,0.6906,0.0646,0.1487,112.0,69.06,0.28645019460952353,fairly_common,28.645019460952355,,peak_abundance_with_occupancy_days_modifiers,0.6906
turvul,US-WEST,0.6866762894296335,0.282725641025641,0.9871,breeding,0.9952,0.014,0.0219,126.0,99.52,0.28636625511516794,fairly_common,28.636625511516794,,peak_abundance_with_occupancy_days_modifiers,0.9952
wessan,US-WEST,0.6783380649062372,0.09917368421052632,0.9706,postbreeding_migration,0.1045,0.0685,0.1872,147.0,10.45,0.2828889454019437,fairly_common,28.28889454019437,,peak_abundance_with_occupancy_days_modifiers,0.1045
margod,US-WEST,0.6779827800401728,0.04521388888888887,0.9699,postbreeding_migration,0.0335,0.1136,0.2628,140.0,3.35,0.282740780104612,rare,28.274078010461203,rare,peak_abundance_with_occupancy_days_modifiers,0.0335
comnig,US-WEST,0.6631002592076486,0.30708181818181823,0.9408,breeding,0.8554,0.0452,0.1003,98.0,85.54,0.2765342868514033,fairly_common,27.65342868514033,,peak_abundance_with_occupancy_days_modifiers,0.8554
sonspa,US-WEST,0.6608305790834023,0.2979931818181818,0.9364,breeding,0.7911,0.0325,0.0384,119.0,79.11,0.2755877567214207,fairly_common,27.558775672142072,,peak_abundance_with_occupancy_days_modifiers,0.7911
amtspa,US-WEST,0.6565350620632132,0.10493548387096775,0.9281,nonbreeding,0.4965,0.0759,0.0584,84.0,49.65,0.27379638698608777,fairly_common,27.379638698608776,,peak_abundance_with_occupancy_days_modifiers,0.4965
cedwax,US-WEST,0.6523251860396903,0.12512727272727273,0.92,breeding,0.7233,0.0301,0.0262,126.0,72.33000000000001,0.2720407323203983,fairly_common,27.204073232039832,,peak_abundance_with_occupancy_days_modifiers,0.7233
wesblu,US-WEST,0.6402736909528771,0.18708717948717948,0.897,nonbreeding,0.5741,0.2098,0.3631,147.0,57.410000000000004,0.2670148685041072,fairly_common,26.70148685041072,,peak_abundance_with_occupancy_days_modifiers,0.5741
larbun,US-WEST,0.6354651002188605,0.24608846153846156,0.8879,postbreeding_migration,0.4048,0.2059,0.2685,119.0,40.48,0.2650095304109198,fairly_common,26.50095304109198,,peak_abundance_with_occupancy_days_modifiers,0.4048
gadwal,US-WEST,0.6300476236166285,0.16349772727272727,0.8777,postbreeding_migration,0.1123,0.0124,0.0107,140.0,11.23,0.262750267188006,fairly_common,26.275026718800596,,peak_abundance_with_occupancy_days_modifiers,0.1123
tunswa,US-WEST,0.6270607954320856,0.1692722222222222,0.8721,nonbreeding,0.0789,0.0602,0.086,56.0,7.89,0.2615046630874328,fairly_common,26.15046630874328,,peak_abundance_with_occupancy_days_modifiers,0.0789
savspa,US-WEST,0.6111776176926946,0.13896190476190476,0.8426,nonbreeding,0.3077,0.0453,0.1146,112.0,30.769999999999996,0.2548808634913582,fairly_common,25.48808634913582,,peak_abundance_with_occupancy_days_modifiers,0.3077
moublu,US-WEST,0.5919446750507827,0.2401,0.8075,nonbreeding,0.5974,0.1272,0.2059,133.0,59.74,0.2468601034272763,fairly_common,24.68601034272763,,peak_abundance_with_occupancy_days_modifiers,0.5974
norfli,US-WEST,0.5901172802404013,0.3551068181818182,0.8042,postbreeding_migration,0.9874,0.0538,0.0713,112.0,98.74000000000001,0.24609802059942668,fairly_common,24.609802059942666,,peak_abundance_with_occupancy_days_modifiers,0.9874
barswa,US-WEST,0.586118607801422,0.2626179487179487,0.797,postbreeding_migration,0.5486,0.0049,0.0023,154.0,54.86,0.24443044466967695,fairly_common,24.443044466967695,,peak_abundance_with_occupancy_days_modifiers,0.5486
bkbmag1,US-WEST,0.5780729727144799,0.28876363636363633,0.7826,resident,0.5929,0.0997,0.1331,365.0,59.29,0.24107515422884263,common,24.107515422884262,,peak_abundance_with_occupancy_days_modifiers,0.5929
vesspa,US-WEST,0.5746451364789447,0.1454625,0.7765,breeding,0.7732,0.0922,0.2142,133.0,77.32,0.2396456354861267,fairly_common,23.96456354861267,,peak_abundance_with_occupancy_days_modifiers,0.7732
normoc,US-WEST,0.5719959789957949,0.07917027027027027,0.7718,breeding,0.8517,0.0528,0.0663,112.0,85.17,0.23854085100566932,fairly_common,23.854085100566934,,peak_abundance_with_occupancy_days_modifiers,0.8517
calqua,US-WEST,0.5538276403105334,0.2062222222222222,0.7399,resident,0.436,0.1693,0.2548,365.0,43.6,0.23096406527554905,fairly_common,23.096406527554905,,peak_abundance_with_occupancy_days_modifiers,0.436
brespa,US-WEST,0.5493345451940974,0.24462307692307692,0.7321,nonbreeding,0.5025,0.1603,0.2301,119.0,50.24999999999999,0.22909029907424514,fairly_common,22.909029907424515,,peak_abundance_with_occupancy_days_modifiers,0.5025
mouchi,US-WEST,0.5489303297995364,0.34770909090909086,0.7314,nonbreeding,0.4824,0.1008,0.15,210.0,48.24,0.22892172816160086,fairly_common,22.892172816160087,,peak_abundance_with_occupancy_days_modifiers,0.4824
bktspa,US-WEST,0.5446471722415014,0.19175483870967744,0.724,breeding,0.7105,0.1305,0.2181,126.0,71.05,0.22713551272232665,fairly_common,22.713551272232664,,peak_abundance_with_occupancy_days_modifiers,0.7105
chclon,US-WEST,0.5430217219823075,0.128585,0.7212,nonbreeding,0.3504,0.2457,0.3579,105.0,35.04,0.22645764731359394,fairly_common,22.645764731359392,,peak_abundance_with_occupancy_days_modifiers,0.3504
astfly,US-WEST,0.5419172312436644,0.09914117647058825,0.7193,breeding,0.9652,0.0998,0.1651,105.0,96.52,0.22599703889955167,fairly_common,22.599703889955165,,peak_abundance_with_occupancy_days_modifiers,0.9652
westan,US-WEST,0.5347374438123036,0.15998157894736842,0.707,breeding,0.7925,0.1028,0.1687,140.0,79.25,0.22300283497713347,fairly_common,22.300283497713348,,peak_abundance_with_occupancy_days_modifiers,0.7925
amegfi,US-WEST,0.5335064579890484,0.20242954545454547,0.7049,postbreeding_migration,0.5251,0.0438,0.0277,112.0,52.51,0.22248947401545202,fairly_common,22.248947401545202,,peak_abundance_with_occupancy_days_modifiers,0.5251
comgol,US-WEST,0.531627751395254,0.0905325581395349,0.7017,nonbreeding,0.1508,0.0017,0.0001,70.0,15.079999999999998,0.22170599251185744,fairly_common,22.170599251185745,,peak_abundance_with_occupancy_days_modifiers,0.1508
vauswi,US-WEST,0.5279187011921681,0.07374583333333333,0.6954,postbreeding_migration,0.6416,0.1351,0.2002,91.0,64.16,0.220159198435752,fairly_common,22.015919843575197,,peak_abundance_with_occupancy_days_modifiers,0.6416
gocspa,US-WEST,0.5224774765064383,0.07496296296296297,0.6862,nonbreeding,0.4433,0.6653,0.7874,119.0,44.330000000000005,0.21789003149278535,fairly_common,21.789003149278535,,peak_abundance_with_occupancy_days_modifiers,0.4433
lesnig,US-WEST,0.5136017667127425,0.08557222222222222,0.6713,breeding,0.4583,0.0683,0.2401,140.0,45.83,0.21418857301193284,fairly_common,21.418857301193285,,peak_abundance_with_occupancy_days_modifiers,0.4583
amecro,US-WEST,0.5111455725769107,0.18189545454545453,0.6672,nonbreeding,0.18,0.0279,0.0195,147.0,18.0,0.21316426049766474,fairly_common,21.316426049766473,,peak_abundance_with_occupancy_days_modifiers,0.18
swathr,US-WEST,0.5040426714691584,0.08025757575757575,0.6554,breeding,0.5823,0.0195,0.0271,84.0,58.230000000000004,0.21020212066264882,fairly_common,21.020212066264882,,peak_abundance_with_occupancy_days_modifiers,0.5823
rebnut,US-WEST,0.49749719355465805,0.20594318181818183,0.6446,postbreeding_migration,0.7493,0.0279,0.0534,119.0,74.92999999999999,0.2074724443549502,fairly_common,20.74724443549502,,peak_abundance_with_occupancy_days_modifiers,0.7493
lesgol,US-WEST,0.490296332513498,0.13667045454545457,0.6328,postbreeding_migration,0.9612,0.0988,0.2044,105.0,96.12,0.2044694520546415,fairly_common,20.44694520546415,,peak_abundance_with_occupancy_days_modifiers,0.9612
bushti,US-WEST,0.4901738360351186,0.21688000000000002,0.6326,resident,0.4384,0.1634,0.245,365.0,43.84,0.2044183670553219,fairly_common,20.44183670553219,,peak_abundance_with_occupancy_days_modifiers,0.4384
amepip,US-WEST,0.4891933236388768,0.10201162790697674,0.631,nonbreeding,0.2366,0.0526,0.1506,56.0,23.66,0.2040094616258961,fairly_common,20.40094616258961,,peak_abundance_with_occupancy_days_modifiers,0.2366
ruckin,US-WEST,0.4864919467505378,0.19390465116279068,0.6266,nonbreeding,0.8707,0.0782,0.1078,119.0,87.07000000000001,0.20288289996201386,fairly_common,20.288289996201385,,peak_abundance_with_occupancy_days_modifiers,0.8707
lucwar,US-WEST,0.481129012029154,0.06328421052631579,0.6179,breeding,0.5745,0.3617,0.5042,112.0,57.45,0.20064638247010308,fairly_common,20.064638247010308,,peak_abundance_with_occupancy_days_modifiers,0.5745
bcrfin,US-WEST,0.47679302902178283,0.08275,0.6109,nonbreeding,0.2092,0.9926,0.9988,91.0,20.919999999999998,0.19883813710736417,fairly_common,19.883813710736415,,peak_abundance_with_occupancy_days_modifiers,0.2092
rhiauk,US-WEST,0.475808104185135,0.0886130729127881,0.6093141656726503,breeding,0.0307984416498956,0.0330700888450148,0.0181721193704628,105.0,3.07984416498956,0.19842739154736375,rare,19.842739154736375,rare,peak_abundance_with_occupancy_days_modifiers,0.0307984416498956
rosgoo,US-WEST,0.46234941030887594,0.050482352941176464,0.5878,nonbreeding,0.0384,0.0343,0.1084,112.0,3.84,0.19281468025470067,rare,19.281468025470065,rare,peak_abundance_with_occupancy_days_modifiers,0.0384
cowscj1,US-WEST,0.4600795480480423,0.13468,0.5842,resident,0.3964,0.6447,0.7725,365.0,39.64,0.19186807416786147,fairly_common,19.18680741678615,,peak_abundance_with_occupancy_days_modifiers,0.3964
batpig1,US-WEST,0.44410873170036885,0.08644137931034482,0.5591,postbreeding_migration,0.3287,0.1492,0.418,112.0,32.87,0.18520772643339375,fairly_common,18.520772643339374,,peak_abundance_with_occupancy_days_modifiers,0.3287
wesgul,US-WEST,0.43883540758327005,0.2408,0.5509,resident,0.0293,0.3047,0.4268,365.0,2.93,0.18300857946608493,rare,18.30085794660849,rare,peak_abundance_with_occupancy_days_modifiers,0.0293
wewpew,US-WEST,0.43870644188796626,0.17648181818181816,0.5507,breeding,0.7186,0.064,0.1199,105.0,71.86,0.1829547965937607,fairly_common,18.29547965937607,,peak_abundance_with_occupancy_days_modifiers,0.7186
easkin,US-WEST,0.43495918333586703,0.07383448275862069,0.5449,breeding,0.7354,0.0463,0.0636,56.0,73.54,0.1813920683984938,fairly_common,18.139206839849383,,peak_abundance_with_occupancy_days_modifiers,0.7354
stejay,US-WEST,0.4295071025884023,0.2039090909090909,0.5365,resident,0.5218,0.1032,0.2347,365.0,52.18000000000001,0.17911837412614048,common,17.911837412614048,,peak_abundance_with_occupancy_days_modifiers,0.5218
bkvshe,US-WEST,0.420353720601915,0.24800000000000005,0.5225,nonbreeding,0.0131,0.008,0.009,133.0,1.31,0.1753011173466961,rare,17.53011173466961,rare,peak_abundance_with_occupancy_days_modifiers,0.0131
wesfly,US-WEST,0.4169324395490584,0.08857142857142858,0.5173,breeding,0.7195,0.1193,0.1802,126.0,71.95,0.17387433232748886,fairly_common,17.387433232748887,,peak_abundance_with_occupancy_days_modifiers,0.7195
lazbun,US-WEST,0.415019320912976,0.11464473684210526,0.5144,breeding,0.8242,0.1545,0.2006,105.0,82.42,0.1730764998876051,fairly_common,17.30764998876051,,peak_abundance_with_occupancy_days_modifiers,0.8242
houwre,US-WEST,0.412109650826833,0.1424052631578947,0.51,breeding,0.8962,0.0147,0.0197,126.0,89.62,0.17186307321332525,fairly_common,17.186307321332524,,peak_abundance_with_occupancy_days_modifiers,0.8962
redpol1,US-WEST,0.4120684442676619,0.07446652670393185,0.5099377793776094,postbreeding_migration,0.899135019253109,0.0202511090932802,0.0041497245681348,77.0,89.9135019253109,0.1718458887434118,fairly_common,17.18458887434118,,peak_abundance_with_occupancy_days_modifiers,0.899135019253109
sursco,US-WEST,0.4071969409529232,0.07788620689655174,0.5026,postbreeding_migration,0.0532,0.0602,0.0826,126.0,5.319999999999999,0.1698143140662352,fairly_common,16.98143140662352,,peak_abundance_with_occupancy_days_modifiers,0.0532
larspa,US-WEST,0.40693070026977435,0.17056216216216216,0.5022,postbreeding_migration,0.8609,0.0838,0.0902,126.0,86.09,0.16970328307744717,fairly_common,16.970328307744715,,peak_abundance_with_occupancy_days_modifiers,0.8609
chbchi,US-WEST,0.406797553341943,0.24244,0.502,resident,0.4557,0.1677,0.1835,365.0,45.57,0.1696477564957229,fairly_common,16.96477564957229,,peak_abundance_with_occupancy_days_modifiers,0.4557
amwpel,US-WEST,0.3941344917657798,0.07912325581395349,0.4831,breeding,0.0841,0.0787,0.0555,119.0,8.41,0.164366849643863,fairly_common,16.4366849643863,,peak_abundance_with_occupancy_days_modifiers,0.0841
verdin,US-WEST,0.3926500110613206,0.12758,0.4809,resident,0.4672,0.1069,0.2332,365.0,46.72,0.16374777310565933,fairly_common,16.374777310565932,,peak_abundance_with_occupancy_days_modifiers,0.4672
acowoo,US-WEST,0.38553447261928553,0.0858,0.4704,resident,0.2554,0.1771,0.3672,365.0,25.540000000000003,0.16078036309290625,fairly_common,16.078036309290624,,peak_abundance_with_occupancy_days_modifiers,0.2554
rethaw,US-WEST,0.3790526841563313,0.1898659090909091,0.4609,nonbreeding,0.8707,0.0418,0.0881,112.0,87.07000000000001,0.15807724734949438,fairly_common,15.807724734949439,,peak_abundance_with_occupancy_days_modifiers,0.8707
spotow,US-WEST,0.3786418940642887,0.21256818181818182,0.4603,breeding,0.6034,0.1123,0.18,98.0,60.34,0.1579059345750364,fairly_common,15.79059345750364,,peak_abundance_with_occupancy_days_modifiers,0.6034
wlswar,US-WEST,0.3765854085575139,0.09824324324324327,0.4573,postbreeding_migration,0.9999,0.0345,0.0756,119.0,99.99,0.15704831350621684,fairly_common,15.704831350621685,,peak_abundance_with_occupancy_days_modifiers,0.9999
brthum,US-WEST,0.3707356275870666,0.05248787878787879,0.4488,breeding,0.5336,0.2008,0.4339,119.0,53.36,0.1546087653588031,fairly_common,15.460876535880312,,peak_abundance_with_occupancy_days_modifiers,0.5336
truswa,US-WEST,0.3692159754330433,0.050668421052631585,0.4466,nonbreeding,0.1586,0.1198,0.1746,119.0,15.86,0.15397502118687784,fairly_common,15.397502118687784,,peak_abundance_with_occupancy_days_modifiers,0.1586
blkpho,US-WEST,0.3640874036541863,0.056806249999999996,0.4392,postbreeding_migration,0.5414,0.0929,0.3241,112.0,54.14,0.1518362406333502,fairly_common,15.183624063335019,,peak_abundance_with_occupancy_days_modifiers,0.5414
graspa,US-WEST,0.3531186277359552,0.03205675675675676,0.4235,breeding,0.5538,0.0836,0.1503,126.0,55.379999999999995,0.14726190578117357,fairly_common,14.726190578117357,,peak_abundance_with_occupancy_days_modifiers,0.5538
blugrb1,US-WEST,0.35129047366189253,0.062388461538461545,0.4209,breeding,0.7517,0.0468,0.0758,98.0,75.17,0.14649950631577527,fairly_common,14.649950631577527,,peak_abundance_with_occupancy_days_modifiers,0.7517
pacwre1,US-WEST,0.3498114439173297,0.07665833333333333,0.4188,prebreeding_migration,0.5634,0.214,0.3102,112.0,56.34,0.14588270300441264,fairly_common,14.588270300441264,,peak_abundance_with_occupancy_days_modifiers,0.5634
buffle,US-WEST,0.346068898151508,0.0611340909090909,0.4135,nonbreeding,0.1129,0.0823,0.0912,105.0,11.29,0.1443219401936773,fairly_common,14.432194019367731,,peak_abundance_with_occupancy_days_modifiers,0.1129
mewgul2,US-WEST,0.34451126543782423,0.029795833333333337,0.4113,nonbreeding,0.053,0.076,0.0473,84.0,5.3,0.14367235689812913,fairly_common,14.367235689812913,,peak_abundance_with_occupancy_days_modifiers,0.053
varthr,US-WEST,0.338826605774953,0.07070645161290325,0.4033,prebreeding_migration,0.6352,0.2469,0.281,112.0,63.519999999999996,0.14130166968448898,fairly_common,14.130166968448899,,peak_abundance_with_occupancy_days_modifiers,0.6352
saggro,US-WEST,0.3329660972919253,0.11288888888888889,0.3951,resident,0.5053,0.2449,0.3573,365.0,50.529999999999994,0.13885764781684987,common,13.885764781684987,,peak_abundance_with_occupancy_days_modifiers,0.5053
bulori,US-WEST,0.33196208114332687,0.10446052631578948,0.3937,breeding,0.5363,0.1104,0.1909,126.0,53.63,0.1384389405613713,fairly_common,13.84389405613713,,peak_abundance_with_occupancy_days_modifiers,0.5363
casspa,US-WEST,0.32606108532089606,0.039931818181818186,0.3855,breeding,0.5793,0.1446,0.2513,112.0,57.93000000000001,0.13597803416175847,fairly_common,13.597803416175847,,peak_abundance_with_occupancy_days_modifiers,0.5793
killde,US-WEST,0.3259167226816963,0.151925,0.3853,postbreeding_migration,0.269,0.0417,0.0529,161.0,26.900000000000002,0.13591783026510068,fairly_common,13.591783026510068,,peak_abundance_with_occupancy_days_modifiers,0.269
towsol,US-WEST,0.32157612409933717,0.1177136363636364,0.3793,nonbreeding,0.7782,0.1237,0.2183,105.0,77.82,0.13410766005808675,fairly_common,13.410766005808675,,peak_abundance_with_occupancy_days_modifiers,0.7782
bkhgro,US-WEST,0.32135859881116474,0.10521052631578946,0.379,breeding,0.7661,0.1149,0.2128,112.0,76.61,0.134016944966965,fairly_common,13.4016944966965,,peak_abundance_with_occupancy_days_modifiers,0.7661
bracor,US-WEST,0.31561333738047226,0.15333333333333335,0.3711,resident,0.0169,0.0213,0.0665,365.0,1.69,0.1316209848531658,rare,13.162098485316582,rare,peak_abundance_with_occupancy_days_modifiers,0.0169
rinphe1,US-WEST,0.30799927321467574,0.0605909090909091,0.3607,resident,0.5631,0.0176,0.0282,365.0,56.31,0.12844567346564603,common,12.844567346564602,,peak_abundance_with_occupancy_days_modifiers,0.5631
casfin,US-WEST,0.30785227924116393,0.10563863636363635,0.3605,breeding,0.6066,0.1401,0.2218,98.0,60.660000000000004,0.12838437221734744,fairly_common,12.838437221734743,,peak_abundance_with_occupancy_days_modifiers,0.6066
commer,US-WEST,0.30350620779866627,0.06132272727272728,0.3546,nonbreeding,0.0155,0.0083,0.0123,49.0,1.55,0.126571919650382,rare,12.6571919650382,rare,peak_abundance_with_occupancy_days_modifiers,0.0155
glwgul,US-WEST,0.30328471567918863,0.08008235294117648,0.3543,nonbreeding,0.0765,0.073,0.024,154.0,7.6499999999999995,0.12647955026211466,fairly_common,12.647955026211466,,peak_abundance_with_occupancy_days_modifiers,0.0765
categr1,US-WEST,0.3025851004684018,0.051354715298157945,0.353352842481568,postbreeding_migration,0.0911945871843573,0.0039447946356225,0.0048561580053926,140.0,9.11945871843573,0.1261877880576834,fairly_common,12.618778805768342,,peak_abundance_with_occupancy_days_modifiers,0.0911945871843573
eucdov,US-WEST,0.2928188565569333,0.13513636363636364,0.3402,resident,0.3188,0.0074,0.0037,365.0,31.879999999999995,0.12211494800405126,fairly_common,12.211494800405125,,peak_abundance_with_occupancy_days_modifiers,0.3188
bkcchi,US-WEST,0.28908109336548826,0.10633,0.3352,resident,0.3337,0.0189,0.0113,365.0,33.37,0.12055617968174538,fairly_common,12.055617968174538,,peak_abundance_with_occupancy_days_modifiers,0.3337
belvir,US-WEST,0.2848781451190467,0.03995,0.3296,breeding,0.406,0.0592,0.1484,98.0,40.6,0.11880341412349955,fairly_common,11.880341412349955,,peak_abundance_with_occupancy_days_modifiers,0.406
macwar,US-WEST,0.28307145989409765,0.07749428571428571,0.3272,breeding,0.5649,0.0834,0.1206,119.0,56.489999999999995,0.11804996786358816,fairly_common,11.804996786358817,,peak_abundance_with_occupancy_days_modifiers,0.5649
wilfly,US-WEST,0.2819406218226669,0.03917428571428572,0.3257,breeding,0.6345,0.0677,0.1124,98.0,63.449999999999996,0.11757837175834578,fairly_common,11.757837175834577,,peak_abundance_with_occupancy_days_modifiers,0.6345
bkbplo,US-WEST,0.28156339144360376,0.02185294117647059,0.3252,prebreeding_migration,0.0295,0.0247,0.0435,140.0,2.9499999999999997,0.11742105447124722,rare,11.742105447124722,rare,peak_abundance_with_occupancy_days_modifiers,0.0295
annhum,US-WEST,0.27967510204986457,0.050520588235294116,0.3227,nonbreeding,0.496,0.6151,0.7521,140.0,49.6,0.11663357662967515,fairly_common,11.663357662967515,,peak_abundance_with_occupancy_days_modifiers,0.496
houspa,US-WEST,0.27861610043803414,0.13713636363636364,0.3213,resident,0.1834,0.003,0.0021,365.0,18.34,0.11619193865497135,fairly_common,11.619193865497135,,peak_abundance_with_occupancy_days_modifiers,0.1834
caskin,US-WEST,0.27611543608031547,0.04067037037037037,0.318,breeding,0.7282,0.1809,0.1754,133.0,72.82,0.1151490806177226,fairly_common,11.51490806177226,,peak_abundance_with_occupancy_days_modifiers,0.7282
doccor,US-WEST,0.27573600143338034,0.061381395348837214,0.3175,postbreeding_migration,0.0848,0.0782,0.0327,147.0,8.48,0.11499084407952197,fairly_common,11.499084407952196,,peak_abundance_with_occupancy_days_modifiers,0.0848
brant,US-WEST,0.2737606171107361,0.02895416666666666,0.3149,prebreeding_migration,0.0318,,,,3.18,0.11416704483146771,rare,11.416704483146772,rare,peak_abundance_with_occupancy_days_modifiers,0.0318
gresca,US-WEST,0.2737606171107361,0.02422105263157895,0.3149,nonbreeding,0.0407,0.0297,0.0424,49.0,4.07,0.11416704483146771,rare,11.416704483146772,rare,peak_abundance_with_occupancy_days_modifiers,0.0407
cintea,US-WEST,0.2723907538828223,0.0460225,0.3131,prebreeding_migration,0.126,0.0584,0.162,168.0,12.6,0.11359576749360666,fairly_common,11.359576749360665,,peak_abundance_with_occupancy_days_modifiers,0.126
bewwre,US-WEST,0.2720099030574853,0.10119268292682927,0.3126,breeding,0.6373,0.1099,0.1254,126.0,63.73,0.1134369403631405,fairly_common,11.34369403631405,,peak_abundance_with_occupancy_days_modifiers,0.6373
evegro,US-WEST,0.2707902047815628,0.07761136363636364,0.311,postbreeding_migration,0.6765,0.0613,0.1145,161.0,67.65,0.1129282866743165,fairly_common,11.29282866743165,,peak_abundance_with_occupancy_days_modifiers,0.6765
brnpel,US-WEST,0.26719871351038055,0.05945333333333333,0.3063,postbreeding_migration,0.0234,0.0341,0.0476,161.0,2.34,0.11143051848071607,rare,11.143051848071607,rare,peak_abundance_with_occupancy_days_modifiers,0.0234
gilwoo,US-WEST,0.2611327372182444,0.10003333333333332,0.2984,resident,0.3415,0.2529,0.2401,365.0,34.150000000000006,0.10890080988128376,fairly_common,10.890080988128375,,peak_abundance_with_occupancy_days_modifiers,0.3415
scaqua,US-WEST,0.2610557163840707,0.10943333333333334,0.2983,resident,0.3726,0.1609,0.1885,365.0,37.26,0.1088686896986188,fairly_common,10.886868969861881,,peak_abundance_with_occupancy_days_modifiers,0.3726
shtgro,US-WEST,0.25974545375875824,0.05608571428571429,0.2966,resident,0.5082,0.138,0.1973,365.0,50.82,0.10832226774259092,common,10.832226774259093,,peak_abundance_with_occupancy_days_modifiers,0.5082
lobcur,US-WEST,0.25851069515150105,0.046107894736842105,0.295,nonbreeding,0.0707,0.1912,0.2927,154.0,7.07,0.10780733340777478,fairly_common,10.780733340777477,,peak_abundance_with_occupancy_days_modifiers,0.0707
buggna,US-WEST,0.25208080120880744,0.0567076923076923,0.2867,breeding,0.6474,0.0435,0.0351,112.0,64.74,0.10512585936024897,fairly_common,10.512585936024896,,peak_abundance_with_occupancy_days_modifiers,0.6474
phaino,US-WEST,0.25200307999476296,0.06753333333333335,0.2866,resident,0.4667,0.2008,0.2909,365.0,46.67,0.10509344709649161,fairly_common,10.509344709649161,,peak_abundance_with_occupancy_days_modifiers,0.4667
caltow,US-WEST,0.2508365363309584,0.14275000000000002,0.2851,resident,0.3051,0.7173,0.7608,365.0,30.509999999999998,0.10460696060267441,fairly_common,10.460696060267441,,peak_abundance_with_occupancy_days_modifiers,0.3051
chirav,US-WEST,0.2400399989739397,0.1119,0.2713,resident,0.4366,0.183,0.2927,365.0,43.66,0.10010445480957575,fairly_common,10.010445480957575,,peak_abundance_with_occupancy_days_modifiers,0.4366
mcclon,US-WEST,0.2386231221625961,0.03560740740740741,0.2695,prebreeding_migration,0.1265,0.4709,0.6064,119.0,12.65,0.09951357128458753,fairly_common,9.951357128458753,,peak_abundance_with_occupancy_days_modifiers,0.1265
bohwax,US-WEST,0.2381503834207318,0.03946521739130435,0.2689,postbreeding_migration,0.2136,0.0026,0.0041,49.0,21.36,0.09931642391654895,fairly_common,9.931642391654895,,peak_abundance_with_occupancy_days_modifiers,0.2136
grtgra,US-WEST,0.23127043852581805,0.05860000000000001,0.2602,breeding,0.0772,0.0365,0.0275,126.0,7.720000000000001,0.09644726404415604,fairly_common,9.644726404415604,,peak_abundance_with_occupancy_days_modifiers,0.0772
clanut,US-WEST,0.22984107276193103,0.1138,0.2584,resident,0.4058,0.1248,0.1987,365.0,40.58,0.09585117222142228,fairly_common,9.585117222142228,,peak_abundance_with_occupancy_days_modifiers,0.4058
oaktit,US-WEST,0.22888702594127547,0.12944999999999998,0.2572,resident,0.2312,0.8811,0.9583,365.0,23.119999999999997,0.09545330379427365,fairly_common,9.545330379427366,,peak_abundance_with_occupancy_days_modifiers,0.2312
cacwre,US-WEST,0.22745424690129432,0.08191999999999999,0.2554,resident,0.3847,0.0988,0.1271,365.0,38.47,0.09485578852484775,fairly_common,9.485578852484775,,peak_abundance_with_occupancy_days_modifiers,0.3847
nrwswa,US-WEST,0.22514155397688282,0.06693513513513516,0.2525,breeding,0.5188,0.0467,0.033,140.0,51.88,0.09389132066395045,fairly_common,9.389132066395046,,peak_abundance_with_occupancy_days_modifiers,0.5188
heegul,US-WEST,0.21881419315298048,0.05203076923076923,0.2446,nonbreeding,0.0295,0.1679,0.2475,112.0,2.9499999999999997,0.09125260624815436,rare,9.125260624815436,rare,peak_abundance_with_occupancy_days_modifiers,0.0295
saypho,US-WEST,0.21519202152658962,0.07137619047619047,0.2401,breeding,0.8648,0.1171,0.1535,126.0,86.48,0.08974204335265155,fairly_common,8.974204335265155,,peak_abundance_with_occupancy_days_modifiers,0.8648
lilmea2,US-WEST,0.21503073120365931,0.11052500000000001,0.2399,breeding,0.5664,0.3157,0.3702,98.0,56.64,0.08967478006356634,fairly_common,8.967478006356634,,peak_abundance_with_occupancy_days_modifiers,0.5664
buwtea,US-WEST,0.21486941486196412,0.039444444444444435,0.2397,breeding,0.355,0.0517,0.0402,161.0,35.5,0.08960750592381339,fairly_common,8.96075059238134,,peak_abundance_with_occupancy_days_modifiers,0.355
dusfly,US-WEST,0.21260824939882697,0.0589939393939394,0.2369,breeding,0.6412,0.1046,0.145,105.0,64.12,0.08866452668331536,fairly_common,8.866452668331535,,peak_abundance_with_occupancy_days_modifiers,0.6412
yebcha,US-WEST,0.20904462693470813,0.04256969696969697,0.2325,breeding,0.4373,0.0424,0.0679,91.0,43.730000000000004,0.0871783806849707,fairly_common,8.71783806849707,,peak_abundance_with_occupancy_days_modifiers,0.4373
willet1,US-WEST,0.20375683751401966,0.025680555555555554,0.226,breeding,0.0851,0.1187,0.0881,147.0,8.51,0.08497320121751319,fairly_common,8.497320121751319,,peak_abundance_with_occupancy_days_modifiers,0.0851
canvas,US-WEST,0.20334892398603022,0.02756363636363636,0.2255,nonbreeding,0.0474,0.0808,0.2453,126.0,4.74,0.08480308806344147,rare,8.480308806344148,rare,peak_abundance_with_occupancy_days_modifiers,0.0474
clcspa,US-WEST,0.20261426006171707,0.02660666666666666,0.2246,breeding,0.6166,0.1029,0.0649,105.0,61.660000000000004,0.084496709410192,fairly_common,8.4496709410192,,peak_abundance_with_occupancy_days_modifiers,0.6166
linspa,US-WEST,0.20130685670503531,0.06415476190476191,0.223,breeding,0.3165,0.0454,0.0485,119.0,31.65,0.08395147986179896,fairly_common,8.395147986179897,,peak_abundance_with_occupancy_days_modifiers,0.3165
towwar,US-WEST,0.19729226772377617,0.042524242424242416,0.2181,breeding,0.3143,0.1229,0.1058,112.0,31.430000000000003,0.08227726621835901,fairly_common,8.2277266218359,,peak_abundance_with_occupancy_days_modifiers,0.3143
rinduc,US-WEST,0.19523778206050096,0.05139772727272727,0.2156,nonbreeding,0.0821,0.0572,0.0577,140.0,8.21,0.08142047914905653,fairly_common,8.142047914905653,,peak_abundance_with_occupancy_days_modifiers,0.0821
orcwar,US-WEST,0.19350874618451902,0.06675609756097561,0.2135,postbreeding_migration,0.9523,0.0313,0.0513,140.0,95.23,0.08069941518283746,fairly_common,8.069941518283747,,peak_abundance_with_occupancy_days_modifiers,0.9523
whtswi,US-WEST,0.19342633652606042,0.06938378378378379,0.2134,breeding,0.367,0.1293,0.16,112.0,36.7,0.08066504768589403,fairly_common,8.066504768589402,,peak_abundance_with_occupancy_days_modifiers,0.367
bongul,US-WEST,0.1885521065445907,0.021694736842105263,0.2075,postbreeding_migration,0.0442,0.0671,0.1106,154.0,4.42,0.07863233590036994,rare,7.8632335900369945,rare,peak_abundance_with_occupancy_days_modifiers,0.0442
gnttow,US-WEST,0.18772360608294936,0.06600000000000002,0.2065,breeding,0.4224,0.1805,0.2068,133.0,42.24,0.07828682437155553,fairly_common,7.828682437155552,,peak_abundance_with_occupancy_days_modifiers,0.4224
grpchi,US-WEST,0.1857323999160363,0.2041,0.2041,resident,0.0982,0.0933,0.121,365.0,9.82,0.07745642690194907,fairly_common,7.745642690194907,,peak_abundance_with_occupancy_days_modifiers,0.0982
bncfly,US-WEST,0.18531706577375312,0.01727142857142857,0.2036,breeding,0.4332,0.0132,0.0345,70.0,43.32,0.0772832191113526,fairly_common,7.728321911135259,,peak_abundance_with_occupancy_days_modifiers,0.4332
sagthr,US-WEST,0.18481843699254183,0.05526500000000001,0.203,postbreeding_migration,0.7171,0.1625,0.3092,105.0,71.71,0.07707527475829112,fairly_common,7.707527475829112,,peak_abundance_with_occupancy_days_modifiers,0.7171
baisan,US-WEST,0.18132105646037108,0.015675,0.1988,postbreeding_migration,0.1813,0.0172,0.0175,133.0,18.13,0.07561675379123936,uncommon,7.561675379123936,,peak_abundance_with_occupancy_days_modifiers,0.1813
wesgre,US-WEST,0.180486540848225,0.04185581395348837,0.1978,nonbreeding,0.0494,0.1894,0.2763,140.0,4.9399999999999995,0.07526873374982516,rare,7.526873374982516,rare,peak_abundance_with_occupancy_days_modifiers,0.0494
comyel,US-WEST,0.17689016679674774,0.050112500000000004,0.1935,breeding,0.3854,0.0285,0.0223,133.0,38.54,0.0737689292786815,uncommon,7.37689292786815,,peak_abundance_with_occupancy_days_modifiers,0.3854
greegr,US-WEST,0.17605194378035924,0.021317073170731705,0.1925,postbreeding_migration,0.1588,0.0023,0.0053,133.0,15.879999999999999,0.07341936312961014,uncommon,7.341936312961014,,peak_abundance_with_occupancy_days_modifiers,0.1588
bktgna,US-WEST,0.17487724990471817,0.051500000000000004,0.1911,resident,0.3783,0.1787,0.2992,365.0,37.830000000000005,0.07292947773346019,uncommon,7.292947773346019,,peak_abundance_with_occupancy_days_modifiers,0.3783
herthr,US-WEST,0.17243955693950402,0.0493,0.1882,breeding,0.3261,0.053,0.1005,105.0,32.61,0.07191288080661883,uncommon,7.191288080661883,,peak_abundance_with_occupancy_days_modifiers,0.3261
rocwre,US-WEST,0.17126060943452967,0.07755238095238094,0.1868,postbreeding_migration,0.8298,0.1055,0.1736,112.0,82.98,0.07142122150925578,uncommon,7.142122150925578,,peak_abundance_with_occupancy_days_modifiers,0.8298
bkchum,US-WEST,0.1707549204224892,0.027173529411764704,0.1862,breeding,0.5271,0.1453,0.1757,119.0,52.71,0.0712103328112475,uncommon,7.12103328112475,,peak_abundance_with_occupancy_days_modifiers,0.5271
caster1,US-WEST,0.1703333174818878,0.02303235294117647,0.1857,prebreeding_migration,0.0386,0.0113,0.0521,126.0,3.8600000000000003,0.07103451072869704,rare,7.103451072869705,rare,peak_abundance_with_occupancy_days_modifiers,0.0386
herwar,US-WEST,0.1690674411155387,0.03332777777777778,0.1842,breeding,0.2523,0.4566,0.5298,119.0,25.230000000000004,0.070506599280391,uncommon,7.0506599280391,,peak_abundance_with_occupancy_days_modifiers,0.2523
wrenti,US-WEST,0.16695407966283282,0.11044999999999999,0.1817,resident,0.2455,0.7171,0.7603,365.0,24.55,0.0696252590998253,uncommon,6.96252590998253,,peak_abundance_with_occupancy_days_modifiers,0.2455
rufhum,US-WEST,0.16517539795898414,0.022837142857142858,0.1796,breeding,0.5614,0.1361,0.1818,126.0,56.14,0.06888349121528671,uncommon,6.888349121528671,,peak_abundance_with_occupancy_days_modifiers,0.5614
pacloo,US-WEST,0.1647514356004906,0.025959999999999997,0.1791,prebreeding_migration,0.0184,0.0554,0.1266,154.0,1.8399999999999999,0.06870668517905032,rare,6.870668517905032,rare,peak_abundance_with_occupancy_days_modifiers,0.0184
wooscj2,US-WEST,0.16458180031594472,0.09005,0.1789,resident,0.3169,0.1806,0.2086,365.0,31.69,0.06863594177066622,uncommon,6.863594177066622,,peak_abundance_with_occupancy_days_modifiers,0.3169
sagspa1,US-WEST,0.16339354690843574,0.038236585365853656,0.1775,nonbreeding,0.435,0.2799,0.4103,133.0,43.5,0.06814040161051473,uncommon,6.814040161051473,,peak_abundance_with_occupancy_days_modifiers,0.435
belspa2,US-WEST,0.1623739189842586,0.043766666666666676,0.1763,nonbreeding,0.2667,0.7227,0.9376,147.0,26.669999999999998,0.06771518373893215,uncommon,6.771518373893215,,peak_abundance_with_occupancy_days_modifiers,0.2667
lessca,US-WEST,0.161608515196413,0.04486818181818182,0.1754,nonbreeding,0.0405,0.0518,0.0423,140.0,4.05,0.06739598556688177,rare,6.739598556688177,rare,peak_abundance_with_occupancy_days_modifiers,0.0405
baleag,US-WEST,0.16041672140590468,0.046511363636363635,0.174,nonbreeding,0.7896,0.0652,0.0533,154.0,78.96,0.0668989689523415,uncommon,6.68989689523415,,peak_abundance_with_occupancy_days_modifiers,0.7896
compoo,US-WEST,0.1595645696713384,0.031348648648648655,0.173,prebreeding_migration,0.6513,0.1057,0.2094,84.0,65.13,0.06654359407661903,uncommon,6.654359407661903,,peak_abundance_with_occupancy_days_modifiers,0.6513
amhgul1,US-WEST,0.1576970460790669,0.013969414569625695,0.1708114390569395,nonbreeding,0.0653751063193711,0.0753616586170187,0.0296526303565821,133.0,6.53751063193711,0.06576477624689285,uncommon,6.576477624689285,,peak_abundance_with_occupancy_days_modifiers,0.0653751063193711
pygnut,US-WEST,0.15460771822643882,0.05563636363636364,0.1672,resident,0.0864,0.1367,0.2443,365.0,8.64,0.06447642646461782,uncommon,6.447642646461782,,peak_abundance_with_occupancy_days_modifiers,0.0864
orcori,US-WEST,0.15186234930924608,0.020273684210526322,0.164,breeding,0.3117,0.0258,0.0333,84.0,31.169999999999998,0.0633315186997391,uncommon,6.333151869973911,,peak_abundance_with_occupancy_days_modifiers,0.3117
hamfly,US-WEST,0.15186234930924608,0.029742857142857133,0.164,breeding,0.5324,0.0803,0.1115,126.0,53.239999999999995,0.0633315186997391,uncommon,6.333151869973911,,peak_abundance_with_occupancy_days_modifiers,0.5324
grycat,US-WEST,0.14919556636185305,0.022432432432432432,0.1609,breeding,0.5114,0.0437,0.0281,126.0,51.13999999999999,0.06221938382977844,uncommon,6.221938382977844,,peak_abundance_with_occupancy_days_modifiers,0.5114
easmea,US-WEST,0.14626250697825208,0.05593636363636363,0.1575,breeding,0.5214,0.0413,0.0311,119.0,52.14,0.06099620306084597,uncommon,6.0996203060845975,,peak_abundance_with_occupancy_days_modifiers,0.5214
tribla,US-WEST,0.14608970587189501,0.04095,0.1573,resident,0.0376,0.8953,0.963,365.0,3.7600000000000002,0.06092413940222114,rare,6.092413940222114,rare,peak_abundance_with_occupancy_days_modifiers,0.0376
rocpig,US-WEST,0.14427348915642474,0.0805,0.1552,resident,0.0554,0.0037,0.0013,365.0,5.54,0.06016671820202388,uncommon,6.016671820202387,,peak_abundance_with_occupancy_days_modifiers,0.0554
cubthr,US-WEST,0.1432341680859078,0.04094,0.154,resident,0.28,0.0679,0.1064,365.0,28.000000000000004,0.059733287650528565,uncommon,5.973328765052856,,peak_abundance_with_occupancy_days_modifiers,0.28
sander,US-WEST,0.14297416895110696,0.030732,0.1537,nonbreeding,0.0136,0.0061,0.0247,77.0,1.3599999999999999,0.05962485958957433,rare,5.962485958957433,rare,peak_abundance_with_occupancy_days_modifiers,0.0136
logshr,US-WEST,0.13950103877755748,0.05716585365853658,0.1497,postbreeding_migration,0.6882,0.0668,0.0988,133.0,68.82000000000001,0.05817645180757129,uncommon,5.817645180757129,,peak_abundance_with_occupancy_days_modifiers,0.6882
brncre,US-WEST,0.13906604812299744,0.054588636363636374,0.1492,nonbreeding,0.5665,0.0316,0.0901,119.0,56.65,0.057995046614652934,uncommon,5.799504661465294,,peak_abundance_with_occupancy_days_modifiers,0.5665
bkrfin,US-WEST,0.13706265038833976,0.01685151515151515,0.1469,nonbreeding,0.1657,0.4278,0.6302,77.0,16.57,0.05715956486639474,uncommon,5.715956486639474,,peak_abundance_with_occupancy_days_modifiers,0.1657
amekes,US-WEST,0.1362776182925478,0.08270227272727272,0.146,prebreeding_migration,0.8622,0.016,0.0266,105.0,86.22,0.0568321810541418,uncommon,5.68321810541418,,peak_abundance_with_occupancy_days_modifiers,0.8622
pingro,US-WEST,0.13557929424182294,0.025020512820512823,0.1452,nonbreeding,0.235,,,,23.5,0.056540957305278965,uncommon,5.654095730527897,,peak_abundance_with_occupancy_days_modifiers,0.235
labwoo,US-WEST,0.13496786041048434,0.04323333333333334,0.1445,resident,0.5085,0.0645,0.0802,365.0,50.849999999999994,0.05628596959239816,fairly_common,5.628596959239816,,peak_abundance_with_occupancy_days_modifiers,0.5085
rebmer,US-WEST,0.13470570285229133,0.009425641025641026,0.1442,nonbreeding,0.0436,0.0185,0.0198,42.0,4.36,0.056176641398975005,rare,5.6176641398975,rare,peak_abundance_with_occupancy_days_modifiers,0.0436
goleag,US-WEST,0.1331313126031829,0.04923863636363637,0.1424,nonbreeding,0.9475,0.0272,0.0432,119.0,94.75,0.055520069668354294,uncommon,5.552006966835429,,peak_abundance_with_occupancy_days_modifiers,0.9475
redhea,US-WEST,0.13260596454802176,0.041397727272727274,0.1418,prebreeding_migration,0.0575,0.0497,0.0301,119.0,5.75,0.05530098251258031,uncommon,5.530098251258031,,peak_abundance_with_occupancy_days_modifiers,0.0575
gryfly,US-WEST,0.1301506844650451,0.03528378378378378,0.139,breeding,0.5693,0.219,0.2653,126.0,56.93,0.05427705118796026,uncommon,5.427705118796026,,peak_abundance_with_occupancy_days_modifiers,0.5693
dickci,US-WEST,0.1291844583808259,0.014383333333333331,0.1379,breeding,0.3247,0.0399,0.0118,84.0,32.47,0.05387410361340181,uncommon,5.387410361340181,,peak_abundance_with_occupancy_days_modifiers,0.3247
greyel,US-WEST,0.1278653709978958,0.01749047619047619,0.1364,postbreeding_migration,0.134,0.0263,0.0676,182.0,13.4,0.05332400144760099,uncommon,5.332400144760099,,peak_abundance_with_occupancy_days_modifiers,0.134
haiwoo,US-WEST,0.12777736994182637,0.0701,0.1363,resident,0.5292,0.0243,0.0407,365.0,52.92,0.05328730215674048,fairly_common,5.328730215674049,,peak_abundance_with_occupancy_days_modifiers,0.5292
lawgol,US-WEST,0.12539840939433364,0.030270588235294122,0.1336,postbreeding_migration,0.5435,0.8587,0.8866,119.0,54.35,0.0522951985505156,uncommon,5.22951985505156,,peak_abundance_with_occupancy_days_modifiers,0.5435
blujay,US-WEST,0.1212437072853642,0.011925806451612904,0.1289,postbreeding_migration,0.2941,0.0124,0.0031,112.0,29.409999999999997,0.05056255319435675,uncommon,5.0562553194356745,,peak_abundance_with_occupancy_days_modifiers,0.2941
nutwoo,US-WEST,0.12088931727545334,0.1285,0.1285,resident,0.3008,0.9482,0.9752,365.0,30.080000000000002,0.05041476108102678,uncommon,5.041476108102678,,peak_abundance_with_occupancy_days_modifiers,0.3008
norhar2,US-WEST,0.12080070014570415,0.05936590909090909,0.1284,prebreeding_migration,0.4841,0.0476,0.0771,161.0,48.41,0.05037780486748633,uncommon,5.037780486748633,,peak_abundance_with_occupancy_days_modifiers,0.4841
rolhaw,US-WEST,0.12044615307586716,0.030484848484848486,0.128,nonbreeding,0.6981,,,,69.81,0.05022994725507976,uncommon,5.022994725507976,,peak_abundance_with_occupancy_days_modifiers,0.6981
horgre,US-WEST,0.11831622681804224,0.008297368421052631,0.1256,nonbreeding,0.0557,,,,5.57,0.049341699014221675,uncommon,4.934169901422168,,peak_abundance_with_occupancy_days_modifiers,0.0557
plsvir,US-WEST,0.11742741687596428,0.027874193548387095,0.1246,breeding,0.302,0.1298,0.2208,112.0,30.2,0.048971036478555295,uncommon,4.89710364785553,,peak_abundance_with_occupancy_days_modifiers,0.302
sumtan,US-WEST,0.11609271898685336,0.01345,0.1231,breeding,0.2958,0.0378,0.0472,98.0,29.580000000000002,0.048414424226030456,uncommon,4.841442422603046,,peak_abundance_with_occupancy_days_modifiers,0.2958
leafly,US-WEST,0.11582556550559038,0.009479310344827586,0.1228,breeding,0.4748,0.0337,0.0248,91.0,47.48,0.04830301257086205,uncommon,4.830301257086205,,peak_abundance_with_occupancy_days_modifiers,0.4748
redkno,US-WEST,0.11555834063427231,0.0103,0.1225,prebreeding_migration,0.0054,,,,0.54,0.048191571143728254,very_rare,4.819157114372826,very_rare,peak_abundance_with_occupancy_days_modifiers,0.0054
whbnut,US-WEST,0.1153801510400731,0.05445454545454545,0.1223,resident,0.2823,0.0368,0.0379,365.0,28.23,0.04811726031113245,uncommon,4.811726031113245,,peak_abundance_with_occupancy_days_modifiers,0.2823
rensap,US-WEST,0.1149345380920995,0.034350000000000006,0.1218,breeding,0.5906,0.1654,0.2589,98.0,59.06,0.04793142527778935,uncommon,4.793142527778935,,peak_abundance_with_occupancy_days_modifiers,0.5906
eleter1,US-WEST,0.11350724079359488,0.0297625,0.1202,breeding,0.0072,0.0879,0.1983,168.0,0.72,0.04733619607212067,very_rare,4.733619607212066,very_rare,peak_abundance_with_occupancy_days_modifiers,0.0072
boboli,US-WEST,0.1132393956065108,0.0065034482758620695,0.1199,breeding,0.5269,0.1011,0.0498,63.0,52.690000000000005,0.047224495953219446,uncommon,4.722449595321945,,peak_abundance_with_occupancy_days_modifiers,0.5269
wilsni1,US-WEST,0.11154137473290741,0.020476744186046513,0.118,breeding,0.6435,0.0521,0.0793,168.0,64.35,0.04651636624761234,uncommon,4.651636624761234,,peak_abundance_with_occupancy_days_modifiers,0.6435
hooori,US-WEST,0.11136246785346073,0.015477777777777778,0.1178,breeding,0.4242,0.1416,0.1098,91.0,42.42,0.04644175628383444,uncommon,4.6441756283834446,,peak_abundance_with_occupancy_days_modifiers,0.4242
gryjay,US-WEST,0.11118352896061501,0.04165,0.1176,resident,0.2745,0.0099,0.0086,365.0,27.450000000000003,0.04636713296943219,uncommon,4.63671329694322,,peak_abundance_with_occupancy_days_modifiers,0.2745
swahaw,US-WEST,0.11019879229807553,0.03784722222222223,0.1165,breeding,0.373,0.0584,0.0878,119.0,37.3,0.045956465884130264,uncommon,4.595646588413026,,peak_abundance_with_occupancy_days_modifiers,0.373
uplsan,US-WEST,0.10912342701835417,0.019664285714285714,0.1153,breeding,0.5055,0.1243,0.1247,84.0,50.55,0.04550800372987343,uncommon,4.550800372987343,,peak_abundance_with_occupancy_days_modifiers,0.5055
verfly,US-WEST,0.10885440491208209,0.013692,0.115,breeding,0.2415,0.0126,0.0246,112.0,24.15,0.04539581279754881,uncommon,4.539581279754882,,peak_abundance_with_occupancy_days_modifiers,0.2415
whwsco2,US-WEST,0.10795714150509228,0.010636666666666666,0.114,nonbreeding,0.041,0.0473,0.0483,161.0,4.1000000000000005,0.04502162489319443,rare,4.502162489319443,rare,peak_abundance_with_occupancy_days_modifiers,0.041
piggui,US-WEST,0.10642994361584655,0.03525,0.1123,breeding,0.0329,0.0175,0.0419,84.0,3.29,0.044384733905264206,rare,4.43847339052642,rare,peak_abundance_with_occupancy_days_modifiers,0.0329
foxspa,US-WEST,0.10598032353723204,0.03293333333333333,0.1118,breeding,0.1691,0.0732,0.1299,126.0,16.91,0.04419722776864718,uncommon,4.419722776864718,,peak_abundance_with_occupancy_days_modifiers,0.1691
casvir,US-WEST,0.10490040982536977,0.030336666666666668,0.1106,breeding,0.3849,0.1419,0.224,126.0,38.49,0.04374686877085747,uncommon,4.374686877085747,,peak_abundance_with_occupancy_days_modifiers,0.3849
btywar,US-WEST,0.10408970852438094,0.03686285714285714,0.1097,breeding,0.5027,0.1575,0.1585,119.0,50.27,0.043408780068575306,uncommon,4.340878006857531,,peak_abundance_with_occupancy_days_modifiers,0.5027
whwcro,US-WEST,0.1030077500742291,0.0175,0.1085,nonbreeding,0.2811,,,,28.110000000000003,0.042957568348686866,uncommon,4.295756834868687,,peak_abundance_with_occupancy_days_modifiers,0.2811
chukar,US-WEST,0.10219551231466974,0.02832,0.1076,resident,0.2803,0.0192,0.0087,365.0,28.03,0.0426188388934127,uncommon,4.26188388934127,,peak_abundance_with_occupancy_days_modifiers,0.2803
scoori,US-WEST,0.10201492540672975,0.015386363636363636,0.1074,breeding,0.5725,0.1451,0.1416,126.0,57.25,0.042543528303334584,uncommon,4.254352830333459,,peak_abundance_with_occupancy_days_modifiers,0.5725
mexjay4,US-WEST,0.0992116500709481,0.06275,0.1043,resident,0.0586,0.078,0.0994,365.0,5.86,0.041374471686233,uncommon,4.1374471686233,,peak_abundance_with_occupancy_days_modifiers,0.0586
grhowl,US-WEST,0.09857756336099396,0.05355454545454545,0.1036,resident,0.6999,0.0242,0.0406,365.0,69.99,0.041110036989210445,fairly_common,4.111003698921045,,peak_abundance_with_occupancy_days_modifiers,0.6999
purfin,US-WEST,0.09848694671465404,0.03181851851851852,0.1035,breeding,0.3605,0.0477,0.0647,126.0,36.05,0.04107224691248446,uncommon,4.1072246912484465,,peak_abundance_with_occupancy_days_modifiers,0.3605
juntit1,US-WEST,0.0969452060564791,0.04088888888888889,0.1018,resident,0.3281,0.2217,0.2742,365.0,32.81,0.04042929111884976,uncommon,4.042929111884976,,peak_abundance_with_occupancy_days_modifiers,0.3281
mouqua,US-WEST,0.0964004942863152,0.02898,0.1012,resident,0.2689,0.5648,0.7778,365.0,26.889999999999997,0.0402021286667014,uncommon,4.02021286667014,,peak_abundance_with_occupancy_days_modifiers,0.2689
forter,US-WEST,0.09585548564352137,0.010714705882352942,0.1006,breeding,0.0694,0.0535,0.1165,147.0,6.94,0.039974842409050235,uncommon,3.9974842409050235,,peak_abundance_with_occupancy_days_modifiers,0.0694
cantow,US-WEST,0.09558286989372994,0.07013333333333333,0.1003,resident,0.2309,0.086,0.0606,365.0,23.09,0.03986115281097481,uncommon,3.986115281097481,,peak_abundance_with_occupancy_days_modifiers,0.2309
wiltur,US-WEST,0.09184965362987897,0.05573636363636363,0.0962,resident,0.1205,0.018,0.0275,365.0,12.049999999999999,0.03830428070475716,uncommon,3.830428070475716,,peak_abundance_with_occupancy_days_modifiers,0.1205
gilfli,US-WEST,0.09093699499210209,0.032,0.0952,resident,0.2148,0.2979,0.3674,365.0,21.48,0.03792367249049102,uncommon,3.7923672490491023,,peak_abundance_with_occupancy_days_modifiers,0.2148
baispa,US-WEST,0.08929210747876185,0.01092,0.0934,breeding,0.3453,0.2505,0.3523,140.0,34.53,0.03723770111717885,uncommon,3.7237701117178847,,peak_abundance_with_occupancy_days_modifiers,0.3453
olsfly,US-WEST,0.08782771036552019,0.02225294117647059,0.0918,breeding,0.5207,0.0305,0.0416,98.0,52.07000000000001,0.03662700008704898,uncommon,3.6627000087048978,,peak_abundance_with_occupancy_days_modifiers,0.5207
ancmur,US-WEST,0.08774253499802176,0.017088218607311394,0.0917070094940717,nonbreeding,0.0311977731461665,0.005316504418392,0.0055328872769388,133.0,3.11977731461665,0.03659147919985065,rare,3.6591479199850654,rare,peak_abundance_with_occupancy_days_modifiers,0.0311977731461665
brnthr,US-WEST,0.08764450985204636,0.014272,0.0916,breeding,0.338,0.0392,0.0329,112.0,33.800000000000004,0.03655059953880477,uncommon,3.655059953880477,,peak_abundance_with_occupancy_days_modifiers,0.338
naswar,US-WEST,0.087186361678916,0.021574193548387095,0.0911,breeding,0.3182,0.0414,0.0481,161.0,31.819999999999997,0.03635953691053758,uncommon,3.635953691053758,,peak_abundance_with_occupancy_days_modifiers,0.3182
shbdow,US-WEST,0.0865446014001858,0.00535,0.0904,prebreeding_migration,0.005,0.0075,0.0461,147.0,0.5,0.03609190208677767,very_rare,3.609190208677767,very_rare,peak_abundance_with_occupancy_days_modifiers,0.005
sposan,US-WEST,0.08626943515217579,0.02059761904761905,0.0901,breeding,0.4653,0.0247,0.0286,154.0,46.53,0.03597714884833083,uncommon,3.597714884833083,,peak_abundance_with_occupancy_days_modifiers,0.4653
burowl,US-WEST,0.08525984395082342,0.011149999999999998,0.089,breeding,0.311,0.0137,0.0174,112.0,31.1,0.03555611661526994,uncommon,3.555611661526994,,peak_abundance_with_occupancy_days_modifiers,0.311
snoegr,US-WEST,0.0820407103362095,0.009551428571428572,0.0855,postbreeding_migration,0.0863,0.0059,0.0095,119.0,8.63,0.034213633625653286,uncommon,3.421363362565329,,peak_abundance_with_occupancy_days_modifiers,0.0863
pelcor,US-WEST,0.08047338414987679,0.038,0.0838,resident,0.0261,0.0142,0.0129,365.0,2.6100000000000003,0.03356000783802519,rare,3.3560007838025188,rare,peak_abundance_with_occupancy_days_modifiers,0.0261
elfowl,US-WEST,0.07973111006633402,0.029578425817445065,0.0829958218454809,breeding,0.2684165879311034,0.4056639273779731,0.4459665864348176,35.0,26.84165879311034,0.03325045550187308,uncommon,3.3250455501873084,,peak_abundance_with_occupancy_days_modifiers,0.2684165879311034
britit,US-WEST,0.07945792133471552,0.047799999999999995,0.0827,resident,0.1103,0.1256,0.1929,365.0,11.03,0.033136526951816056,uncommon,3.3136526951816054,,peak_abundance_with_occupancy_days_modifiers,0.1103
abetow,US-WEST,0.07899600622649784,0.01786,0.0822,resident,0.1093,0.7775,0.7948,365.0,10.93,0.03294389338960106,uncommon,3.294389338960106,,peak_abundance_with_occupancy_days_modifiers,0.1093
rebsap,US-WEST,0.07723878034080219,0.024195238095238096,0.0803,prebreeding_migration,0.3309,0.431,0.4734,105.0,33.09,0.03221107327621681,uncommon,3.2211073276216813,,peak_abundance_with_occupancy_days_modifiers,0.3309
crithr,US-WEST,0.07575661239924633,0.025960000000000004,0.0787,resident,0.4353,0.2869,0.3262,365.0,43.53,0.03159296123505739,uncommon,3.1592961235057393,,peak_abundance_with_occupancy_days_modifiers,0.4353
sprpip,US-WEST,0.07427224437458746,0.007507142857142857,0.0771,breeding,0.4007,0.2406,0.3304,91.0,40.07,0.03097393168798021,uncommon,3.097393168798021,,peak_abundance_with_occupancy_days_modifiers,0.4007
pilwoo,US-WEST,0.07343631807318222,0.037450000000000004,0.0762,resident,0.3612,0.0194,0.0188,365.0,36.120000000000005,0.0306253233434508,uncommon,3.0625323343450797,,peak_abundance_with_occupancy_days_modifiers,0.3612
marwre,US-WEST,0.07166928669035966,0.023777272727272727,0.0743,prebreeding_migration,0.1139,0.065,0.16,126.0,11.39,0.02988841402015061,uncommon,2.988841402015061,,peak_abundance_with_occupancy_days_modifiers,0.1139
virwar,US-WEST,0.07138999608667294,0.01986153846153846,0.074,breeding,0.4272,0.24,0.3307,84.0,42.72,0.029771940791792826,uncommon,2.9771940791792826,,peak_abundance_with_occupancy_days_modifiers,0.4272
norcar,US-WEST,0.07008560756668776,0.025366666666666662,0.0726,resident,0.1842,0.0128,0.0027,365.0,18.42,0.02922796852795705,uncommon,2.922796852795705,,peak_abundance_with_occupancy_days_modifiers,0.1842
gryvir,US-WEST,0.06980587424396292,0.014485714285714284,0.0723,breeding,0.4353,0.3126,0.3406,105.0,43.53,0.029111310671420067,uncommon,2.9111310671420068,,peak_abundance_with_occupancy_days_modifiers,0.4353
norful,US-WEST,0.06601639522077761,0.011593958748684222,0.068244231122434,postbreeding_migration,0.008581092577444,0.0028661422024511,3.98559731311439e-05,154.0,0.8581092577444001,0.02753097517212909,very_rare,2.7530975172129093,very_rare,peak_abundance_with_occupancy_days_modifiers,0.008581092577444
grbher3,US-WEST,0.06438225892926822,0.03152272727272727,0.0665,postbreeding_migration,0.2395,0.0358,0.0351,175.0,23.95,0.026849487406567753,uncommon,2.6849487406567754,,peak_abundance_with_occupancy_days_modifiers,0.2395
rucspa,US-WEST,0.06269306933842342,0.020633333333333333,0.0647,resident,0.1577,0.075,0.1016,365.0,15.770000000000001,0.026145040631928802,uncommon,2.6145040631928804,,peak_abundance_with_occupancy_days_modifiers,0.1577
coshum,US-WEST,0.061471322088101056,0.013570000000000002,0.0634,breeding,0.345,0.2802,0.3364,126.0,34.5,0.025635532454410838,uncommon,2.5635532454410837,,peak_abundance_with_occupancy_days_modifiers,0.345
purmar,US-WEST,0.06100102155739895,0.008011111111111111,0.0629,breeding,0.1252,0.018,0.0159,126.0,12.520000000000001,0.02543940189940407,uncommon,2.543940189940407,,peak_abundance_with_occupancy_days_modifiers,0.1252
lewwoo,US-WEST,0.05921185963184608,0.013372727272727274,0.061,postbreeding_migration,0.4997,0.2025,0.3457,147.0,49.97,0.02469326342294554,uncommon,2.469326342294554,,peak_abundance_with_occupancy_days_modifiers,0.4997
grypar,US-WEST,0.0565693514878943,0.017371428571428572,0.0582,resident,0.3049,0.0535,0.0459,365.0,30.490000000000002,0.023591251932315316,uncommon,2.359125193231532,,peak_abundance_with_occupancy_days_modifiers,0.3049
rengre,US-WEST,0.05458287777029171,0.0035918918918918918,0.0561,nonbreeding,0.0437,0.0289,0.086,98.0,4.37,0.0227628280473621,rare,2.27628280473621,rare,peak_abundance_with_occupancy_days_modifiers,0.0437
hutvir,US-WEST,0.05391984198943043,0.03166,0.0554,resident,0.2441,0.1949,0.1977,365.0,24.41,0.022486320650069624,uncommon,2.248632065006962,,peak_abundance_with_occupancy_days_modifiers,0.2441
cavswa,US-WEST,0.05382508669490746,0.017142857142857144,0.0553,postbreeding_migration,0.0904,0.0288,0.0258,119.0,9.04,0.0224468046229946,uncommon,2.2446804622994603,,peak_abundance_with_occupancy_days_modifiers,0.0904
pibgre,US-WEST,0.05259245011917058,0.01341590909090909,0.054,postbreeding_migration,0.157,0.0241,0.0445,168.0,15.7,0.021932755244058116,uncommon,2.1932755244058115,,peak_abundance_with_occupancy_days_modifiers,0.157
rehwoo,US-WEST,0.05259245011917058,0.013033333333333334,0.054,breeding,0.2718,0.0279,0.0233,84.0,27.18,0.021932755244058116,uncommon,2.1932755244058115,,peak_abundance_with_occupancy_days_modifiers,0.2718
lotduc,US-WEST,0.05259245011917058,0.0034107142857142856,0.054,nonbreeding,0.0242,0.0143,0.0029,77.0,2.42,0.021932755244058116,rare,2.1932755244058115,rare,peak_abundance_with_occupancy_days_modifiers,0.0242
canwre,US-WEST,0.052023028067151915,0.01519090909090909,0.0534,resident,0.2484,0.0754,0.0758,365.0,24.84,0.021695287803975005,uncommon,2.1695287803975005,,peak_abundance_with_occupancy_days_modifiers,0.2484
retloo,US-WEST,0.05107327018400062,0.005761538461538461,0.0524,nonbreeding,0.042,0.0109,0.0719,70.0,4.2,0.02129920800269043,rare,2.1299208002690433,rare,peak_abundance_with_occupancy_days_modifiers,0.042
bkcspa,US-WEST,0.050027493599648164,0.012,0.0513,breeding,0.1885,0.2219,0.2621,119.0,18.85,0.02086308529282241,uncommon,2.086308529282241,,peak_abundance_with_occupancy_days_modifiers,0.1885
calthr,US-WEST,0.050027493599648164,0.0513,0.0513,resident,0.1644,0.7658,0.7185,365.0,16.439999999999998,0.02086308529282241,uncommon,2.086308529282241,,peak_abundance_with_occupancy_days_modifiers,0.1644
rufgro,US-WEST,0.04869492153875855,0.017237500000000003,0.0499,resident,0.4147,0.0222,0.0146,365.0,41.47,0.02030735957952454,rare,2.030735957952454,,peak_abundance_with_occupancy_days_modifiers,0.4147
reshaw,US-WEST,0.048504409059614985,0.00693076923076923,0.0497,prebreeding_migration,0.231,0.0419,0.0387,126.0,23.1,0.02022790970475114,rare,2.022790970475114,,peak_abundance_with_occupancy_days_modifiers,0.231
coohaw,US-WEST,0.048504409059614985,0.016093181818181816,0.0497,postbreeding_migration,0.8998,0.0631,0.0901,112.0,89.98,0.02022790970475114,rare,2.022790970475114,,peak_abundance_with_occupancy_days_modifiers,0.8998
fiespa,US-WEST,0.047551301858222386,0.006835714285714286,0.0487,breeding,0.2668,0.0331,0.0175,119.0,26.68,0.019830433129270672,rare,1.9830433129270673,,peak_abundance_with_occupancy_days_modifiers,0.2668
ferhaw,US-WEST,0.04745594115629535,0.012950000000000001,0.0486,nonbreeding,0.4249,0.1449,0.2381,133.0,42.49,0.019790664627698153,rare,1.9790664627698153,,peak_abundance_with_occupancy_days_modifiers,0.4249
grawar,US-WEST,0.04726519246711422,0.009975000000000001,0.0484,breeding,0.1805,0.1273,0.1904,112.0,18.05,0.019711116245687915,rare,1.9711116245687914,,peak_abundance_with_occupancy_days_modifiers,0.1805
shshaw,US-WEST,0.046501833651419786,0.01244318181818182,0.0476,postbreeding_migration,0.9553,0.0477,0.0694,126.0,95.53,0.019392770893264116,rare,1.9392770893264115,,peak_abundance_with_occupancy_days_modifiers,0.9553
bargol,US-WEST,0.045928931888399804,0.006925641025641025,0.047,nonbreeding,0.1389,0.1883,0.048,112.0,13.889999999999999,0.019153852300980666,rare,1.9153852300980667,,peak_abundance_with_occupancy_days_modifiers,0.1389
bcnher,US-WEST,0.04506896336757812,0.00694047619047619,0.0461,breeding,0.099,0.0039,0.006,112.0,9.9,0.018795217572192865,rare,1.8795217572192866,,peak_abundance_with_occupancy_days_modifiers,0.099
hoomer,US-WEST,0.044973365642731154,0.007264285714285714,0.046,nonbreeding,0.0856,0.0517,0.0351,119.0,8.559999999999999,0.018755350224385226,rare,1.8755350224385225,,peak_abundance_with_occupancy_days_modifiers,0.0856
dowwoo,US-WEST,0.04459088332787514,0.015281818181818185,0.0456,resident,0.2851,0.0147,0.0071,365.0,28.51,0.018595842709943355,rare,1.8595842709943355,,peak_abundance_with_occupancy_days_modifiers,0.2851
comloo,US-WEST,0.04353830201448342,0.004654545454545454,0.0445,postbreeding_migration,0.0589,0.0318,0.0368,119.0,5.89,0.018156882207651097,rare,1.8156882207651097,,peak_abundance_with_occupancy_days_modifiers,0.0589
brbhum,US-WEST,0.04085399400826605,0.012675,0.0417,breeding,0.093,0.0641,0.0982,91.0,9.3,0.01703743882049905,rare,1.703743882049905,,peak_abundance_with_occupancy_days_modifiers,0.093
greroa,US-WEST,0.04056596174666165,0.011600000000000001,0.0414,resident,0.3884,0.0739,0.0718,365.0,38.84,0.016917320037634843,rare,1.6917320037634842,,peak_abundance_with_occupancy_days_modifiers,0.3884
sheowl,US-WEST,0.039893563661676665,0.005192857142857143,0.0407,prebreeding_migration,0.3192,,,,31.919999999999998,0.016636908256264415,rare,1.6636908256264415,,peak_abundance_with_occupancy_days_modifiers,0.3192
mouplo,US-WEST,0.03883602378519815,0.004228571428571429,0.0396,nonbreeding,0.0205,0.3298,0.4503,91.0,2.0500000000000003,0.016195879872550122,rare,1.6195879872550123,rare,peak_abundance_with_occupancy_days_modifiers,0.0205
norshr4,US-WEST,0.03873982831593056,0.012719354838709679,0.0395,nonbreeding,0.8276,,,,82.76,0.01615576324595729,rare,1.6155763245957289,,peak_abundance_with_occupancy_days_modifiers,0.8276
whhwoo,US-WEST,0.03873982831593056,0.01022,0.0395,resident,0.1176,0.635,0.8522,365.0,11.76,0.01615576324595729,rare,1.6155763245957289,,peak_abundance_with_occupancy_days_modifiers,0.1176
lesyel,US-WEST,0.03816246109434891,0.004423076923076924,0.0389,postbreeding_migration,0.1295,0.0079,0.0043,154.0,12.950000000000001,0.015914982412811064,rare,1.5914982412811065,,peak_abundance_with_occupancy_days_modifiers,0.1295
amered,US-WEST,0.03768106696768849,0.004426470588235294,0.0384,breeding,0.1448,0.0139,0.0078,112.0,14.48,0.015714225468952302,rare,1.5714225468952303,,peak_abundance_with_occupancy_days_modifiers,0.1448
blkter,US-WEST,0.036910354020097076,0.0039303030303030305,0.0376,postbreeding_migration,0.0199,0.0095,0.0102,98.0,1.9900000000000002,0.015392813205316656,rare,1.5392813205316656,rare,peak_abundance_with_occupancy_days_modifiers,0.0199
benthr,US-WEST,0.036910354020097076,0.009616666666666667,0.0376,breeding,0.1709,0.4843,0.6812,42.0,17.09,0.015392813205316656,rare,1.5392813205316656,,peak_abundance_with_occupancy_days_modifiers,0.1709
allhum,US-WEST,0.03623549258209542,0.014287500000000002,0.0369,breeding,0.0743,0.9663,0.9994,126.0,7.430000000000001,0.015111374125946762,rare,1.5111374125946762,,peak_abundance_with_occupancy_days_modifiers,0.0743
wooduc,US-WEST,0.035656677208034684,0.008372727272727275,0.0363,prebreeding_migration,0.0962,0.0244,0.0259,133.0,9.62,0.01486998936630912,rare,1.486998936630912,,peak_abundance_with_occupancy_days_modifiers,0.0962
calhum,US-WEST,0.03527061408191929,0.005828125,0.0359,breeding,0.2129,0.3337,0.2891,105.0,21.29,0.014708988537584516,rare,1.4708988537584515,,peak_abundance_with_occupancy_days_modifiers,0.2129
soogro1,US-WEST,0.03469123978993036,0.0154,0.0353,resident,0.2576,0.1449,0.1442,365.0,25.759999999999998,0.014467370691066583,rare,1.4467370691066583,,peak_abundance_with_occupancy_days_modifiers,0.2576
paired,US-WEST,0.03401487858727765,0.00915,0.0346,postbreeding_migration,0.13,0.0612,0.0969,91.0,13.0,0.014185306161257773,rare,1.4185306161257774,,peak_abundance_with_occupancy_days_modifiers,0.13
easblu,US-WEST,0.03343477608623739,0.005056521739130435,0.034,nonbreeding,0.2463,0.0183,0.0032,105.0,24.63,0.013943384627977793,rare,1.3943384627977793,,peak_abundance_with_occupancy_days_modifiers,0.2463
ducfly,US-WEST,0.03333805961051037,0.006111111111111111,0.0339,breeding,0.0744,0.0029,0.0123,105.0,7.4399999999999995,0.013903050724815232,rare,1.3903050724815231,,peak_abundance_with_occupancy_days_modifiers,0.0744
belkin1,US-WEST,0.03333805961051037,0.009197727272727274,0.0339,postbreeding_migration,0.2882,0.0213,0.0259,154.0,28.82,0.013903050724815232,rare,1.3903050724815231,,peak_abundance_with_occupancy_days_modifiers,0.2882
pifshe,US-WEST,0.03322702671826765,0.012672696235351078,0.0337852094655907,prebreeding_migration,0.0165231113322953,0.0076480980387771,0.0028061203459012,112.0,1.65231113322953,0.013856746412236444,rare,1.3856746412236445,rare,peak_abundance_with_occupancy_days_modifiers,0.0165231113322953
ruwspa,US-WEST,0.033144598592302024,0.01685,0.0337,resident,0.062,0.2631,0.2956,365.0,6.2,0.013822371213744447,rare,1.3822371213744447,,peak_abundance_with_occupancy_days_modifiers,0.062
veery,US-WEST,0.03304785404620035,0.006788888888888889,0.0336,breeding,0.2248,0.04,0.0164,63.0,22.48,0.013782025604326415,rare,1.3782025604326416,,peak_abundance_with_occupancy_days_modifiers,0.2248
rusbla,US-WEST,0.03304785404620035,0.0012814814814814815,0.0336,postbreeding_migration,0.3738,0.023,0.0074,70.0,37.38,0.013782025604326415,rare,1.3782025604326416,,peak_abundance_with_occupancy_days_modifiers,0.3738
harduc,US-WEST,0.03285433687094718,0.00482608695652174,0.0334,prebreeding_migration,0.0896,0.057,0.0068,126.0,8.959999999999999,0.013701322673948933,rare,1.3701322673948932,,peak_abundance_with_occupancy_days_modifiers,0.0896
wesowl1,US-WEST,0.03207989346341168,0.00634,0.0326,resident,0.4209,0.1052,0.1839,365.0,42.089999999999996,0.013378354687681606,rare,1.3378354687681606,,peak_abundance_with_occupancy_days_modifiers,0.4209
pyrrhu,US-WEST,0.03207989346341168,0.031599999999999996,0.0326,resident,0.1347,0.0512,0.0292,365.0,13.469999999999999,0.013378354687681606,rare,1.3378354687681606,,peak_abundance_with_occupancy_days_modifiers,0.1347
prafal,US-WEST,0.03169244673248972,0.01583409090909091,0.0322,nonbreeding,0.5983,0.1281,0.1829,133.0,59.830000000000005,0.013216776850935733,rare,1.3216776850935732,,peak_abundance_with_occupancy_days_modifiers,0.5983
blkswi,US-WEST,0.03159556158975056,0.0027959999999999994,0.0321,breeding,0.2299,0.0817,0.0682,77.0,22.99,0.013176372608165746,rare,1.3176372608165745,,peak_abundance_with_occupancy_days_modifiers,0.2299
snoplo5,US-WEST,0.030626193541760837,0.0043375,0.0311,breeding,0.0506,0.1209,0.1559,126.0,5.06,0.012772114732942293,rare,1.2772114732942292,,peak_abundance_with_occupancy_days_modifiers,0.0506
heptan,US-WEST,0.0298500219688853,0.007028571428571427,0.0303,breeding,0.1635,0.0182,0.0279,140.0,16.35,0.012448426045750522,rare,1.2448426045750522,,peak_abundance_with_occupancy_days_modifiers,0.1635
yebmag,US-WEST,0.029655884907510657,0.0301,0.0301,resident,0.0382,1.0,1.0,365.0,3.82,0.012367464602781389,rare,1.2367464602781388,rare,peak_abundance_with_occupancy_days_modifiers,0.0382
blktur,US-WEST,0.029170377299779858,0.005078571428571428,0.0296,nonbreeding,0.0207,0.0792,0.0447,140.0,2.07,0.01216499220407477,rare,1.216499220407477,rare,peak_abundance_with_occupancy_days_modifiers,0.0207
norwat,US-WEST,0.02780970063926723,0.003125806451612904,0.0282,breeding,0.178,0.0105,0.0051,63.0,17.8,0.011597545962386005,rare,1.1597545962386004,,peak_abundance_with_occupancy_days_modifiers,0.178
whtspa,US-WEST,0.027712438566535786,0.0018764705882352943,0.0281,postbreeding_migration,0.2186,0.0118,0.0022,98.0,21.86,0.011556984527599937,rare,1.1556984527599936,,peak_abundance_with_occupancy_days_modifiers,0.2186
dusgro,US-WEST,0.027712438566535786,0.0087,0.0281,resident,0.3516,0.1082,0.1858,365.0,35.160000000000004,0.011556984527599937,rare,1.1556984527599936,,peak_abundance_with_occupancy_days_modifiers,0.3516
amedip,US-WEST,0.02664193094642118,0.0081,0.027,resident,0.191,0.1057,0.1336,365.0,19.1,0.011110548174745622,rare,1.1110548174745623,,peak_abundance_with_occupancy_days_modifiers,0.191
y00478,US-WEST,0.02557027611153001,0.002119354838709677,0.0259,nonbreeding,0.0438,0.0611,0.0082,98.0,4.38,0.010663633396169651,rare,1.0663633396169652,rare,peak_abundance_with_occupancy_days_modifiers,0.0438
nopowl,US-WEST,0.025472795973031023,0.007500000000000001,0.0258,resident,0.3517,0.089,0.1599,365.0,35.17,0.010622981020895057,rare,1.0622981020895057,,peak_abundance_with_occupancy_days_modifiers,0.3517
casauk,US-WEST,0.024964851351383335,0.00897396730789419,0.02527908271688,postbreeding_migration,0.0175179583496848,0.0360465872860953,0.0051860961815443,126.0,1.75179583496848,0.010411151660618245,rare,1.0411151660618245,rare,peak_abundance_with_occupancy_days_modifiers,0.0175179583496848
lepchi,US-WEST,0.023716526617316044,0.012,0.024,resident,0.0235,0.3232,0.6506,365.0,2.35,0.009890559811496108,rare,0.9890559811496108,rare,peak_abundance_with_occupancy_days_modifiers,0.0235
zothaw,US-WEST,0.023228126119207167,0.0033882352941176468,0.0235,breeding,0.305,0.0214,0.0875,126.0,30.5,0.009686880983796994,rare,0.9686880983796994,,peak_abundance_with_occupancy_days_modifiers,0.305
sctfly,US-WEST,0.023130417388854383,0.004345454545454546,0.0234,breeding,0.1293,0.0355,0.0112,91.0,12.93,0.009646133278314949,rare,0.9646133278314949,,peak_abundance_with_occupancy_days_modifiers,0.1293
sora,US-WEST,0.02273948696948943,0.004623809523809524,0.023,breeding,0.2488,0.0913,0.1173,126.0,24.88,0.009483102630646627,rare,0.9483102630646627,,peak_abundance_with_occupancy_days_modifiers,0.2488
attwoo1,US-WEST,0.022446188829830054,0.0063,0.0227,resident,0.1591,0.0271,0.0405,365.0,15.909999999999998,0.009360787806064207,rare,0.9360787806064207,,peak_abundance_with_occupancy_days_modifiers,0.1591
refwar,US-WEST,0.022250608934819758,0.0077375,0.0225,breeding,0.0533,0.2261,0.3558,84.0,5.33,0.00927922465473357,rare,0.927922465473357,,peak_abundance_with_occupancy_days_modifiers,0.0533
wilsap,US-WEST,0.022152804641133304,0.007644999999999999,0.0224,breeding,0.1973,0.2447,0.3557,112.0,19.73,0.009238437096245954,rare,0.9238437096245954,,peak_abundance_with_occupancy_days_modifiers,0.1973
reevir1,US-WEST,0.020782539182528505,0.0026206896551724135,0.021,breeding,0.1323,0.0056,0.0008,63.0,13.23,0.008666992015157925,rare,0.8666992015157925,,peak_abundance_with_occupancy_days_modifiers,0.1323
norbob,US-WEST,0.02048866642731566,0.008566666666666667,0.0207,resident,0.0734,0.0107,0.0095,365.0,7.340000000000001,0.008544437557277094,rare,0.8544437557277095,,peak_abundance_with_occupancy_days_modifiers,0.0734
clagre,US-WEST,0.02048866642731566,0.004709756097560976,0.0207,breeding,0.032,0.3746,0.4934,175.0,3.2,0.008544437557277094,rare,0.8544437557277095,rare,peak_abundance_with_occupancy_days_modifiers,0.032
solsan,US-WEST,0.02009670169912241,0.002468,0.0203,postbreeding_migration,0.3325,0.0106,0.006,133.0,33.25,0.008380975569324727,rare,0.8380975569324727,,peak_abundance_with_occupancy_days_modifiers,0.3325
osprey,US-WEST,0.019998686506689126,0.005366666666666665,0.0202,breeding,0.1026,0.0084,0.0055,147.0,10.26,0.008340100059228372,rare,0.8340100059228371,,peak_abundance_with_occupancy_days_modifiers,0.1026
yebcuc,US-WEST,0.019410393519823325,0.0035846153846153844,0.0196,breeding,0.144,0.0124,0.0046,63.0,14.399999999999999,0.00809476282805764,rare,0.809476282805764,,peak_abundance_with_occupancy_days_modifiers,0.144
comblh1,US-WEST,0.018527304613883622,0.0029923076923076926,0.0187,breeding,0.1829,0.0553,0.0766,70.0,18.29,0.007726486149773333,rare,0.7726486149773333,,peak_abundance_with_occupancy_days_modifiers,0.1829
flaowl,US-WEST,0.018527304613883622,0.0028818181818181824,0.0187,breeding,0.133,0.1337,0.2891,70.0,13.3,0.007726486149773333,rare,0.7726486149773333,,peak_abundance_with_occupancy_days_modifiers,0.133
marmur,US-WEST,0.018232768261059712,0.008233333333333334,0.0184,resident,0.0159,0.0247,0.0113,365.0,1.59,0.0076036549501938165,rare,0.7603654950193817,rare,peak_abundance_with_occupancy_days_modifiers,0.0159
merlin,US-WEST,0.018036362486098582,0.004254054054054055,0.0182,nonbreeding,0.3885,,,,38.85,0.007521747380172253,rare,0.7521747380172252,,peak_abundance_with_occupancy_days_modifiers,0.3885
ftspet,US-WEST,0.01741835570858139,0.005548340883760144,0.0175709399008559,postbreeding_migration,0.0067372214451007,0.0006086470594516482,0.00023088649908448012,105.0,0.67372214451007,0.007264018535827868,very_rare,0.7264018535827867,very_rare,peak_abundance_with_occupancy_days_modifiers,0.0067372214451007
paibun,US-WEST,0.017348638334613004,0.0016823529411764705,0.0175,postbreeding_migration,0.2403,0.0383,0.0138,98.0,24.03,0.007234944132638043,rare,0.7234944132638043,,peak_abundance_with_occupancy_days_modifiers,0.2403
semsan,US-WEST,0.01646372603066508,0.001343333333333333,0.0166,postbreeding_migration,0.0586,0.0071,0.0012,105.0,5.86,0.006865907038321851,rare,0.6865907038321851,,peak_abundance_with_occupancy_days_modifiers,0.0586
pecsan,US-WEST,0.016070180177494467,0.0020909090909090908,0.0162,postbreeding_migration,0.1047,0.0069,0.0022,133.0,10.47,0.006701785670039033,rare,0.6701785670039033,,peak_abundance_with_occupancy_days_modifiers,0.1047
stisan,US-WEST,0.015479570848386318,0.002773913043478261,0.0156,postbreeding_migration,0.0357,0.0139,0.0056,126.0,3.5700000000000003,0.006455482449123619,rare,0.6455482449123618,rare,peak_abundance_with_occupancy_days_modifiers,0.0357
neocor,US-WEST,0.015381102038302324,0.0026666666666666666,0.0155,resident,0.0067,0.0005,0.0007,365.0,0.67,0.006414417765773596,very_rare,0.6414417765773596,very_rare,peak_abundance_with_occupancy_days_modifiers,0.0067
virrai,US-WEST,0.01479008547263543,0.004111363636363636,0.0149,postbreeding_migration,0.2564,0.1004,0.2012,112.0,25.64,0.0061679447140221225,rare,0.6167944714022122,,peak_abundance_with_occupancy_days_modifiers,0.2564
semplo,US-WEST,0.01479008547263543,0.0030965517241379314,0.0149,postbreeding_migration,0.0125,0.0089,0.0088,161.0,1.25,0.0061679447140221225,rare,0.6167944714022122,rare,peak_abundance_with_occupancy_days_modifiers,0.0125
brdowl,US-WEST,0.01459300230290015,0.00626,0.0147,resident,0.2874,0.0175,0.0096,365.0,28.74,0.006085754648437957,rare,0.6085754648437957,,peak_abundance_with_occupancy_days_modifiers,0.2874
gryhaw2,US-WEST,0.014395880283732383,0.002871428571428572,0.0145,breeding,0.0733,0.0202,0.0314,154.0,7.33,0.006003548381382055,rare,0.6003548381382056,,peak_abundance_with_occupancy_days_modifiers,0.0733
lecthr,US-WEST,0.013409686909917675,0.009866666666666666,0.0135,resident,0.0919,0.3948,0.3535,365.0,9.19,0.005592273800293407,rare,0.5592273800293407,,peak_abundance_with_occupancy_days_modifiers,0.0919
bkbwoo,US-WEST,0.012126179797840565,0.003428571428571429,0.0122,resident,0.1327,0.0192,0.0188,365.0,13.270000000000001,0.00505700975993383,rare,0.5057009759933829,,peak_abundance_with_occupancy_days_modifiers,0.1327
perfal,US-WEST,0.0118297517535772,0.0037190476190476184,0.0119,breeding,0.4523,,,,45.23,0.004933389663749479,rare,0.4933389663749479,,peak_abundance_with_occupancy_days_modifiers,0.4523
nutman,US-WEST,0.011730922875698666,0.0118,0.0118,resident,0.0099,0.0009,0.0009,365.0,0.9900000000000001,0.004892174820466024,very_rare,0.4892174820466024,very_rare,peak_abundance_with_occupancy_days_modifiers,0.0099
bklkit,US-WEST,0.011503674133629746,0.004252629459266991,0.0115700958464789,prebreeding_migration,0.0112811147696538,0.0006938852120934929,8.703970837561617e-05,112.0,1.1281114769653802,0.00479740473411283,rare,0.479740473411283,rare,peak_abundance_with_occupancy_days_modifiers,0.0112811147696538
asspet,US-WEST,0.011286417733472746,0.006769248833200049,0.011350349640448,nonbreeding,0.0082399285570739,0.0306909315237507,0.005327188361323,112.0,0.82399285570739,0.0047068017780031194,very_rare,0.47068017780031196,very_rare,peak_abundance_with_occupancy_days_modifiers,0.0082399285570739
redpha1,US-WEST,0.011214260645382924,0.003378870045169275,0.0112773761769873,postbreeding_migration,0.0206755162744428,0.0148260987602183,0.0015404538884318,168.0,2.06755162744428,0.004676709934998861,rare,0.46767099349988606,rare,peak_abundance_with_occupancy_days_modifiers,0.0206755162744428
grnher,US-WEST,0.011137744410455924,0.0017172413793103446,0.0112,breeding,0.0934,0.02,0.0097,119.0,9.34,0.004644800186564507,rare,0.4644800186564507,,peak_abundance_with_occupancy_days_modifiers,0.0934
whrsan,US-WEST,0.010939940038334364,0.002142857142857143,0.011,prebreeding_migration,0.065,0.0107,0.0024,49.0,6.5,0.004562309356224399,rare,0.4562309356224399,,peak_abundance_with_occupancy_days_modifiers,0.065
botspa,US-WEST,0.010939940038334364,0.0058,0.011,resident,0.0306,0.0383,0.2274,365.0,3.06,0.004562309356224399,rare,0.4562309356224399,rare,peak_abundance_with_occupancy_days_modifiers,0.0306
norgos,US-WEST,0.010742096531902109,0.0025181818181818183,0.0108,nonbreeding,0.6626,,,,66.25999999999999,0.004479802205609206,rare,0.4479802205609206,,peak_abundance_with_occupancy_days_modifiers,0.6626
harspa,US-WEST,0.0103462920541443,0.0006749999999999999,0.0104,postbreeding_migration,0.216,0.0392,0.0075,119.0,21.6,0.004314738917713461,rare,0.4314738917713461,,peak_abundance_with_occupancy_days_modifiers,0.216
souwpw1,US-WEST,0.010247316451549523,0.00445,0.0103,breeding,0.0475,0.0554,0.1344,42.0,4.75,0.0042734628854707085,rare,0.42734628854707085,rare,peak_abundance_with_occupancy_days_modifiers,0.0475
nobtyr,US-WEST,0.01004933585300144,0.002825,0.0101,breeding,0.0805,0.016,0.0187,210.0,8.05,0.004190898563002608,rare,0.41908985630026085,,peak_abundance_with_occupancy_days_modifiers,0.0805
comgal1,US-WEST,0.009950330853168083,0.002842105263157895,0.01,breeding,0.0571,0.0075,0.0025,126.0,5.71,0.0041496102711591504,very_rare,0.41496102711591504,,peak_abundance_with_occupancy_days_modifiers,0.0571
blkvul,US-WEST,0.009851316050374183,0.00495,0.0099,resident,0.0088,0.0002,0.0002,365.0,0.88,0.0041083178911636145,very_rare,0.4108317891163614,very_rare,peak_abundance_with_occupancy_days_modifiers,0.0088
tufpuf,US-WEST,0.009812905774402017,0.0024314236759930565,0.0098612102072638,breeding,0.0172710872137177,0.00078827626470635,3.8496913917548226e-05,84.0,1.7271087213717702,0.004092299561919633,very_rare,0.4092299561919633,rare,peak_abundance_with_occupancy_days_modifiers,0.0172710872137177
indbun,US-WEST,0.009752291442678272,0.0010461538461538462,0.0098,breeding,0.2087,0.0174,0.0008,77.0,20.87,0.004067021422206345,very_rare,0.4067021422206345,,peak_abundance_with_occupancy_days_modifiers,0.2087
yeejun,US-WEST,0.009455158770755135,0.00485,0.0095,resident,0.0054,0.0105,0.0131,365.0,0.54,0.003943107473463978,very_rare,0.39431074734639776,very_rare,peak_abundance_with_occupancy_days_modifiers,0.0054
ovenbi1,US-WEST,0.009058844488346039,0.0011863636363636364,0.0091,breeding,0.1,0.0119,0.0016,63.0,10.0,0.0037778315805153456,very_rare,0.37778315805153456,,peak_abundance_with_occupancy_days_modifiers,0.1
nswowl,US-WEST,0.008959741371471904,0.001309090909090909,0.009,nonbreeding,0.3544,0.1027,0.2567,126.0,35.44,0.003736502370687642,very_rare,0.3736502370687642,,peak_abundance_with_occupancy_days_modifiers,0.3544
blksco2,US-WEST,0.00876150566857275,0.0006999999999999999,0.0088,nonbreeding,0.0254,0.0182,0.0018,105.0,2.54,0.0036538316614419504,very_rare,0.365383166144195,rare,peak_abundance_with_occupancy_days_modifiers,0.0254
monqua,US-WEST,0.008067371077758796,0.005549999999999999,0.0081,resident,0.052,0.0489,0.1092,365.0,5.2,0.0033643550530645483,very_rare,0.33643550530645483,,peak_abundance_with_occupancy_days_modifiers,0.052
bkfalb,US-WEST,0.007792430737353524,0.0034112473415693046,0.0078228707415895,nonbreeding,0.0046805959513331,0.001353418853713,0.00031350365004267314,210.0,0.46805959513331,0.00324969602540634,very_rare,0.324969602540634,very_rare,peak_abundance_with_occupancy_days_modifiers,0.0046805959513331
leater1,US-WEST,0.007769737264360664,0.0008142857142857142,0.0078,breeding,0.0038,0.0077,0.0079,56.0,0.38,0.0032402321120944214,very_rare,0.32402321120944216,very_rare,peak_abundance_with_occupancy_days_modifiers,0.0038
easpho,US-WEST,0.007372754329413085,0.0015130434782608694,0.0074,prebreeding_migration,0.0814,0.0133,0.0025,119.0,8.14,0.003074677369378634,very_rare,0.3074677369378634,,peak_abundance_with_occupancy_days_modifiers,0.0814
cogdov,US-WEST,0.007273483966498386,0.0029666666666666665,0.0073,resident,0.037,0.0047,0.002,365.0,3.6999999999999997,0.0030332784125347693,very_rare,0.30332784125347695,rare,peak_abundance_with_occupancy_days_modifiers,0.037
surfbi,US-WEST,0.007273483966498386,0.00242,0.0073,nonbreeding,0.012,0.0601,0.0562,140.0,1.2,0.0030332784125347693,very_rare,0.30332784125347695,rare,peak_abundance_with_occupancy_days_modifiers,0.012
loeowl,US-WEST,0.00707491367196188,0.0012886363636363638,0.0071,nonbreeding,0.1331,0.0071,0.0032,77.0,13.309999999999999,0.002950468167738402,very_rare,0.2950468167738402,,peak_abundance_with_occupancy_days_modifiers,0.1331
brocow,US-WEST,0.006776984279023751,0.002,0.0068,resident,0.1298,0.0186,0.0023,365.0,12.98,0.0028262219605257625,very_rare,0.28262219605257627,,peak_abundance_with_occupancy_days_modifiers,0.1298
peflov,US-WEST,0.00608147031586796,0.0061,0.0061,resident,0.0038,0.0105,0.0107,365.0,0.38,0.002536170109201979,very_rare,0.2536170109201979,very_rare,peak_abundance_with_occupancy_days_modifiers,0.0038
blkski,US-WEST,0.00608147031586796,0.002816666666666667,0.0061,breeding,0.0022,0.0011,0.004,63.0,0.22,0.002536170109201979,very_rare,0.2536170109201979,very_rare,peak_abundance_with_occupancy_days_modifiers,0.0022
nstspa,US-WEST,0.005982071677547464,0.0011,0.006,breeding,0.05,0.0297,0.022,28.0,5.0,0.002494717657358874,very_rare,0.2494717657358874,rare,peak_abundance_with_occupancy_days_modifiers,0.05
recpar,US-WEST,0.005982071677547464,0.006,0.006,resident,0.0016,0.1642,0.5494,365.0,0.16,0.002494717657358874,very_rare,0.2494717657358874,very_rare,peak_abundance_with_occupancy_days_modifiers,0.0016
sprgro,US-WEST,0.005882663158155495,0.003225,0.0059,resident,0.1821,0.0097,0.0043,365.0,18.21,0.002453261084788902,very_rare,0.2453261084788902,,peak_abundance_with_occupancy_days_modifiers,0.1821
whtpta1,US-WEST,0.005683816468297671,0.0012833333333333332,0.0057,resident,0.0386,0.0205,0.0286,365.0,3.8600000000000003,0.002370335574190707,very_rare,0.2370335574190707,rare,peak_abundance_with_occupancy_days_modifiers,0.0386
blkoys,US-WEST,0.005584378293900615,0.0031,0.0056,resident,0.0061,0.0331,0.0219,365.0,0.61,0.0023288666345230463,very_rare,0.23288666345230463,very_rare,peak_abundance_with_occupancy_days_modifiers,0.0061
incdov,US-WEST,0.005484930230569685,0.0015,0.0055,resident,0.0052,0.0017,0.0018,365.0,0.52,0.0022873935708496436,very_rare,0.22873935708496435,very_rare,peak_abundance_with_occupancy_days_modifiers,0.0052
whtkit,US-WEST,0.005186526687300061,0.00108,0.0052,resident,0.0371,0.0083,0.021,365.0,3.71,0.0021629496275904574,very_rare,0.21629496275904575,rare,peak_abundance_with_occupancy_days_modifiers,0.0371
ariwoo,US-WEST,0.004888034072775962,0.0025499999999999997,0.0049,resident,0.0137,0.0569,0.109,365.0,1.37,0.002038468538732918,very_rare,0.2038468538732918,rare,peak_abundance_with_occupancy_days_modifiers,0.0137
brnowl,US-WEST,0.004788516731797177,0.0012636363636363635,0.0048,resident,0.093,,,,9.3,0.001996966584036358,very_rare,0.19969665840363582,,peak_abundance_with_occupancy_days_modifiers,0.093
swiwhe1,US-WEST,0.004688989486131542,0.003425,0.0047,postbreeding_migration,0.004,0.0009,0.0008,147.0,0.4,0.0019554604987645544,very_rare,0.19554604987645544,very_rare,peak_abundance_with_occupancy_days_modifiers,0.004
eurwig,US-WEST,0.004688989486131542,0.0005074074074074074,0.0047,nonbreeding,0.021,0.0018,0.0001,49.0,2.1,0.0019554604987645544,very_rare,0.19554604987645544,rare,peak_abundance_with_occupancy_days_modifiers,0.021
oliwar,US-WEST,0.0045894523338072864,0.0031999999999999997,0.0046,resident,0.0364,0.0661,0.0354,365.0,3.64,0.0019139502820952148,very_rare,0.19139502820952148,rare,peak_abundance_with_occupancy_days_modifiers,0.0364
y00678,US-WEST,0.0045894523338072864,0.00115,0.0046,resident,0.0196,0.0005,0.0002,365.0,1.96,0.0019139502820952148,very_rare,0.19139502820952148,rare,peak_abundance_with_occupancy_days_modifiers,0.0196
hrshaw,US-WEST,0.0045894523338072864,0.00125,0.0046,resident,0.027,0.0057,0.0125,365.0,2.7,0.0019139502820952148,very_rare,0.19139502820952148,rare,peak_abundance_with_occupancy_days_modifiers,0.027
snoowl1,US-WEST,0.004489905272852052,0.0005461538461538462,0.0045,nonbreeding,0.0746,,,,7.46,0.0018724359332058032,very_rare,0.18724359332058033,,peak_abundance_with_occupancy_days_modifiers,0.0746
royter1,US-WEST,0.004390348301292895,0.0028250000000000003,0.0044,nonbreeding,0.0058,0.0114,0.007,84.0,0.58,0.0018309174512735364,very_rare,0.18309174512735363,very_rare,peak_abundance_with_occupancy_days_modifiers,0.0058
grcfly,US-WEST,0.004390348301292895,0.0005818181818181818,0.0044,postbreeding_migration,0.1587,0.0091,0.0031,70.0,15.870000000000001,0.0018309174512735364,very_rare,0.18309174512735363,,peak_abundance_with_occupancy_days_modifiers,0.1587
gubter2,US-WEST,0.004110301919686723,0.002198127628769865,0.0041187607961635,breeding,0.002031406648492,0.0006997595014843008,0.0021791288065057,70.0,0.20314066484920001,0.001714129039042611,very_rare,0.1714129039042611,very_rare,peak_abundance_with_occupancy_days_modifiers,0.002031406648492
chiswi,US-WEST,0.003992021269537453,0.00095,0.004,breeding,0.0125,0.0024,0.0014,77.0,1.25,0.0016648021766516613,very_rare,0.16648021766516613,rare,peak_abundance_with_occupancy_days_modifiers,0.0125
balori,US-WEST,0.003992021269537453,0.0010199999999999999,0.004,breeding,0.0361,0.0091,0.0023,56.0,3.61,0.0016648021766516613,very_rare,0.16648021766516613,rare,peak_abundance_with_occupancy_days_modifiers,0.0361
sabgul,US-WEST,0.0036931718376175702,0.0005230769230769231,0.0037,postbreeding_migration,0.0108,0.0001,0.0,0.0,1.08,0.0015401722833823486,very_rare,0.15401722833823486,very_rare,peak_abundance_with_occupancy_days_modifiers,0.0108
amebit,US-WEST,0.0036931718376175702,0.0005289473684210526,0.0037,prebreeding_migration,0.0575,0.1195,0.1202,119.0,5.75,0.0015401722833823486,very_rare,0.15401722833823486,,peak_abundance_with_occupancy_days_modifiers,0.0575
comter,US-WEST,0.0035935355101301704,0.00035833333333333333,0.0036,prebreeding_migration,0.011,0.0005,0.0001,91.0,1.0999999999999999,0.0014986207074575537,very_rare,0.14986207074575536,rare,peak_abundance_with_occupancy_days_modifiers,0.011
mutswa,US-WEST,0.003394233068015547,0.0013625,0.0034,nonbreeding,0.0038,,,,0.38,0.0014155051334058092,very_rare,0.1415505133405809,very_rare,peak_abundance_with_occupancy_days_modifiers,0.0038
laugul,US-WEST,0.003294566949430031,0.0005833333333333334,0.0033,postbreeding_migration,0.0034,0.004,0.0005,56.0,0.33999999999999997,0.0013739411336281234,very_rare,0.13739411336281235,very_rare,peak_abundance_with_occupancy_days_modifiers,0.0034
subfly,US-WEST,0.003294566949430031,0.0006666666666666666,0.0033,breeding,0.0076,0.0022,0.0027,77.0,0.76,0.0013739411336281234,very_rare,0.13739411336281235,very_rare,peak_abundance_with_occupancy_days_modifiers,0.0076
grgowl,US-WEST,0.0032059782428033494,0.0006652512691354736,0.0032111228874538,nonbreeding,0.4392098115820964,0.0533854138283749,0.0263176062046557,224.0,43.920981158209635,0.0013369967734504016,very_rare,0.13369967734504015,,peak_abundance_with_occupancy_days_modifiers,0.4392098115820964
swaspa,US-WEST,0.003194890896519197,0.00042500000000000003,0.0032,postbreeding_migration,0.2097,0.0123,0.0006,91.0,20.97,0.0013323729909149931,very_rare,0.1332372990914993,,peak_abundance_with_occupancy_days_modifiers,0.2097
miskit,US-WEST,0.003095204907302419,0.0009444444444444445,0.0031,breeding,0.0084,0.003,0.0032,70.0,0.84,0.001290800704440433,very_rare,0.1290800704440433,very_rare,peak_abundance_with_occupancy_days_modifiers,0.0084
easowl1,US-WEST,0.002995508979798479,0.0019666666666666665,0.003,resident,0.188,0.0198,0.011,365.0,18.8,0.001249224273378119,very_rare,0.12492242733781189,,peak_abundance_with_occupancy_days_modifiers,0.188
shtshe,US-WEST,0.0029367082093972718,0.0009899505841927867,0.0029410245612052,prebreeding_migration,0.0227618952874431,0.0009227195258307188,5.286054553342055e-07,98.0,2.27618952874431,0.0012247024474801407,very_rare,0.12247024474801406,rare,peak_abundance_with_occupancy_days_modifiers,0.0227618952874431
xanmur2,US-WEST,0.0027798663957010624,0.0015639173493865806,0.0027837338070887,breeding,0.0051039977413896,0.0314078374455732,0.0131926220150668,98.0,0.51039977413896,0.0011592943308390846,very_rare,0.11592943308390846,very_rare,peak_abundance_with_occupancy_days_modifiers,0.0051039977413896
grepew,US-WEST,0.0026963615477426086,0.00048000000000000007,0.0027,breeding,0.0394,0.0197,0.0069,119.0,3.94,0.0011244701043994507,very_rare,0.11244701043994507,rare,peak_abundance_with_occupancy_days_modifiers,0.0394
amgplo,US-WEST,0.002596625847265978,0.000185,0.0026,postbreeding_migration,0.0164,0.002,0.0019,84.0,1.6400000000000001,0.001082877086719314,very_rare,0.1082877086719314,rare,peak_abundance_with_occupancy_days_modifiers,0.0164
mexduc,US-WEST,0.002596625847265978,0.0009600000000000001,0.0026,resident,0.0026,0.025,0.0033,365.0,0.26,0.001082877086719314,very_rare,0.1082877086719314,very_rare,peak_abundance_with_occupancy_days_modifiers,0.0026
issjay,US-WEST,0.002596625847265978,0.0026,0.0026,resident,0.0007,1.0,1.0,0.0,0.06999999999999999,0.001082877086719314,very_rare,0.1082877086719314,very_rare,peak_abundance_with_occupancy_days_modifiers,0.0007
bkpwar,US-WEST,0.002496880198587199,0.00031875,0.0025,prebreeding_migration,0.0701,0.0053,0.0008,35.0,7.01,0.0010412799203166443,very_rare,0.10412799203166442,,peak_abundance_with_occupancy_days_modifiers,0.0701
maghum1,US-WEST,0.0023971245997214934,0.0007099999999999999,0.0024,breeding,0.0095,0.0137,0.0286,119.0,0.95,0.000999678604363726,very_rare,0.09996786043637261,very_rare,peak_abundance_with_occupancy_days_modifiers,0.0095
parjae,US-WEST,0.0022973590486834897,0.0006428571428571429,0.0023,postbreeding_migration,0.0301,0.0003,0.0,28.0,3.01,0.0009580731380325941,very_rare,0.09580731380325941,rare,peak_abundance_with_occupancy_days_modifiers,0.0301
borchi2,US-WEST,0.0022973590486834897,0.0018666666666666669,0.0023,resident,0.0317,0.0023,0.0006,365.0,3.17,0.0009580731380325941,very_rare,0.09580731380325941,rare,peak_abundance_with_occupancy_days_modifiers,0.0317
brwhaw,US-WEST,0.001998002662673056,0.00021428571428571427,0.002,postbreeding_migration,0.2962,0.013,0.0003,56.0,29.62,0.000833231828486557,very_rare,0.0833231828486557,,peak_abundance_with_occupancy_days_modifiers,0.2962
whsowl1,US-WEST,0.001998002662673056,0.00105,0.002,resident,0.0069,0.0302,0.1444,365.0,0.69,0.000833231828486557,very_rare,0.0833231828486557,very_rare,peak_abundance_with_occupancy_days_modifiers,0.0069
leabit,US-WEST,0.001998002662673056,0.0005235294117647059,0.002,breeding,0.0191,0.0112,0.0203,49.0,1.91,0.000833231828486557,very_rare,0.0833231828486557,rare,peak_abundance_with_occupancy_days_modifiers,0.0191
bulshe,US-WEST,0.0018787693814473277,0.0010004593569578346,0.001880535374433,nonbreeding,0.0068774206854318,0.0036417773705909,0.0008427652993546428,42.0,0.68774206854318,0.0007835076880795853,very_rare,0.07835076880795853,very_rare,peak_abundance_with_occupancy_days_modifiers,0.0068774206854318
robgro,US-WEST,0.0017983819413793735,0.00011,0.0018,prebreeding_migration,0.1915,0.0112,0.001,84.0,19.15,0.0007499835217076287,very_rare,0.07499835217076287,,peak_abundance_with_occupancy_days_modifiers,0.1915
sedwre1,US-WEST,0.0016985566355814774,0.0004999999999999999,0.0017,breeding,0.0236,0.0071,0.0016,56.0,2.36,0.00070835313570608,very_rare,0.070835313570608,rare,peak_abundance_with_occupancy_days_modifiers,0.0236
bawwar,US-WEST,0.0016985566355814774,0.00016296296296296298,0.0017,breeding,0.0139,0.0058,0.0006,98.0,1.39,0.00070835313570608,very_rare,0.070835313570608,rare,peak_abundance_with_occupancy_days_modifiers,0.0139
trokin,US-WEST,0.0016985566355814774,0.00015333333333333334,0.0017,breeding,0.0053,0.0001,0.0001,84.0,0.53,0.00070835313570608,very_rare,0.070835313570608,very_rare,peak_abundance_with_occupancy_days_modifiers,0.0053
sedwre,US-WEST,0.0016985566355814774,0.0004999999999999999,0.0017,breeding,0.0236,0.0071,0.0016,56.0,2.36,0.00070835313570608,very_rare,0.070835313570608,rare,peak_abundance_with_occupancy_days_modifiers,0.0236
aldfly,US-WEST,0.001399020913707341,0.00024000000000000003,0.0014,prebreeding_migration,0.1457,0.0045,0.0002,42.0,14.57,0.0005834370372959348,very_rare,0.05834370372959348,,peak_abundance_with_occupancy_days_modifiers,0.1457
yebsap,US-WEST,0.001399020913707341,0.00010400000000000001,0.0014,postbreeding_migration,0.2215,0.0113,0.0011,112.0,22.15,0.0005834370372959348,very_rare,0.05834370372959348,,peak_abundance_with_occupancy_days_modifiers,0.2215
thbkin,US-WEST,0.00129915573162005,0.0004333333333333333,0.0013,breeding,0.0074,0.0062,0.0058,35.0,0.74,0.0005417900215900586,very_rare,0.05417900215900586,very_rare,peak_abundance_with_occupancy_days_modifiers,0.0074
mitpar,US-WEST,0.00129915573162005,0.0013,0.0013,resident,0.0004,0.0011,0.0009,0.0,0.04,0.0005417900215900586,very_rare,0.05417900215900586,very_rare,peak_abundance_with_occupancy_days_modifiers,0.0004
spoowl,US-WEST,0.00129915573162005,0.00035,0.0013,resident,0.0703,0.2582,0.5509,365.0,7.03,0.0005417900215900586,very_rare,0.05417900215900586,,peak_abundance_with_occupancy_days_modifiers,0.0703
lcspet,US-WEST,0.0012538215105385294,0.00028866972324767515,0.0012546078733472,prebreeding_migration,0.004290546288722,0.0006025600192819206,0.00012196115124182982,42.0,0.42905462887220003,0.0005228841829590862,very_rare,0.05228841829590862,very_rare,peak_abundance_with_occupancy_days_modifiers,0.004290546288722
tenwar,US-WEST,0.0010993954433009636,0.00016,0.0011,prebreeding_migration,0.1721,0.0061,0.0003,56.0,17.21,0.0004584835108407622,very_rare,0.04584835108407622,,peak_abundance_with_occupancy_days_modifiers,0.1721
calgna,US-WEST,0.0010993954433009636,0.0011,0.0011,resident,0.0035,0.0195,0.0274,365.0,0.35000000000000003,0.0004584835108407622,very_rare,0.04584835108407622,very_rare,peak_abundance_with_occupancy_days_modifiers,0.0035
bubfly,US-WEST,0.0010993954433009636,0.00038333333333333334,0.0011,prebreeding_migration,0.0043,0.006,0.0167,84.0,0.43,0.0004584835108407622,very_rare,0.04584835108407622,very_rare,peak_abundance_with_occupancy_days_modifiers,0.0043
gusgro,US-WEST,0.0010993954433009636,0.00055,0.0011,resident,0.0043,0.6479,0.9717,365.0,0.43,0.0004584835108407622,very_rare,0.04584835108407622,very_rare,peak_abundance_with_occupancy_days_modifiers,0.0043
lbbgul,US-WEST,0.0009995003330835331,7.666666666666666e-05,0.001,nonbreeding,0.0043,0.0012,0.0001,105.0,0.43,0.00041682401413511066,very_rare,0.04168240141351107,very_rare,peak_abundance_with_occupancy_days_modifiers,0.0043
yecpar,US-WEST,0.0009995003330835331,0.001,0.001,resident,0.0008,0.0001,0.0001,0.0,0.08,0.00041682401413511066,very_rare,0.04168240141351107,very_rare,peak_abundance_with_occupancy_days_modifiers,0.0008
rempar,US-WEST,0.0009995003330835331,0.001,0.001,resident,0.0005,0.0043,0.0053,0.0,0.05,0.00041682401413511066,very_rare,0.04168240141351107,very_rare,peak_abundance_with_occupancy_days_modifiers,0.0005
rorpar,US-WEST,0.000899595242836093,0.0009,0.0009,resident,0.0004,0.0,0.0,0.0,0.04,0.0003751603554337701,very_rare,0.03751603554337701,very_rare,peak_abundance_with_occupancy_days_modifiers,0.0004
rudtur,US-WEST,0.000899595242836093,0.00014444444444444444,0.0009,prebreeding_migration,0.0096,0.003,0.0003,119.0,0.96,0.0003751603554337701,very_rare,0.03751603554337701,very_rare,peak_abundance_with_occupancy_days_modifiers,0.0096
pitwhy,US-WEST,0.0007996801705643322,0.0008,0.0008,resident,0.0023,0.0001,0.0002,365.0,0.22999999999999998,0.0003334925339049559,very_rare,0.03334925339049559,very_rare,peak_abundance_with_occupancy_days_modifiers,0.0023
calcon,US-WEST,0.0006997551142733419,0.00023333333333333333,0.0007,resident,0.004,0.6621,0.6642,365.0,0.4,0.0002918205487167264,very_rare,0.02918205487167264,very_rare,peak_abundance_with_occupancy_days_modifiers,0.004
luchum,US-WEST,0.0006997551142733419,0.00028333333333333335,0.0007,breeding,0.0072,0.0141,0.024,56.0,0.72,0.0002918205487167264,very_rare,0.02918205487167264,very_rare,peak_abundance_with_occupancy_days_modifiers,0.0072
bkhpar,US-WEST,0.0006997551142733419,0.0007,0.0007,resident,0.0002,0.0003,0.0009,0.0,0.02,0.0002918205487167264,very_rare,0.02918205487167264,very_rare,peak_abundance_with_occupancy_days_modifiers,0.0002
lecspa,US-WEST,0.0005998200719676155,0.00011999999999999999,0.0006,breeding,0.0182,0.0036,0.001,77.0,1.82,0.0002501443990368907,very_rare,0.02501443990368907,rare,peak_abundance_with_occupancy_days_modifiers,0.0182
fepowl,US-WEST,0.0005998200719676155,0.0006,0.0006,resident,0.0127,0.0005,0.0002,365.0,1.27,0.0002501443990368907,very_rare,0.02501443990368907,rare,peak_abundance_with_occupancy_days_modifiers,0.0127
winwre3,US-WEST,0.0005998200719676155,0.00012857142857142858,0.0006,nonbreeding,0.0359,0.0081,0.0009,91.0,3.5900000000000003,0.0002501443990368907,very_rare,0.02501443990368907,rare,peak_abundance_with_occupancy_days_modifiers,0.0359
varbun,US-WEST,0.0005998200719676155,0.00035,0.0006,prebreeding_migration,0.0276,0.0084,0.0012,21.0,2.76,0.0002501443990368907,very_rare,0.02501443990368907,rare,peak_abundance_with_occupancy_days_modifiers,0.0276
borowl,US-WEST,0.0005360176737554482,0.00014355629348899085,0.0005361613568998255,nonbreeding,0.1805599163576358,0.0096518833115614,0.0123924572319113,238.0,18.05599163576358,0.00022353673233194106,very_rare,0.022353673233194107,,peak_abundance_with_occupancy_days_modifiers,0.1805599163576358
norpar,US-WEST,0.000499875041651048,4.1666666666666665e-05,0.0005,prebreeding_migration,0.1354,0.0086,0.0002,56.0,13.54,0.00020846408403300828,very_rare,0.020846408403300827,,peak_abundance_with_occupancy_days_modifiers,0.1354
rebwoo,US-WEST,0.000499875041651048,0.0005,0.0005,resident,0.0032,0.0003,0.0001,365.0,0.32,0.00020846408403300828,very_rare,0.020846408403300827,very_rare,peak_abundance_with_occupancy_days_modifiers,0.0032
egygoo,US-WEST,0.0003999200213269354,0.0002,0.0004,resident,0.0002,,,,0.02,0.00016677960287238907,very_rare,0.016677960287238905,very_rare,peak_abundance_with_occupancy_days_modifiers,0.0002
rosspo1,US-WEST,0.0003999200213269354,5e-05,0.0004,postbreeding_migration,0.0477,0.0041,0.0001,63.0,4.77,0.00016677960287238907,very_rare,0.016677960287238905,rare,peak_abundance_with_occupancy_days_modifiers,0.0477
buhvir,US-WEST,0.0003999200213269354,7.142857142857143e-05,0.0004,postbreeding_migration,0.0963,0.0043,0.0003,42.0,9.629999999999999,0.00016677960287238907,very_rare,0.016677960287238905,,peak_abundance_with_occupancy_days_modifiers,0.0963
bbwduc,US-WEST,0.0003999200213269354,0.00014,0.0004,breeding,0.001,0.0001,0.0,0.0,0.1,0.00016677960287238907,very_rare,0.016677960287238905,very_rare,peak_abundance_with_occupancy_days_modifiers,0.001
rewbul,US-WEST,0.0003999200213269354,0.0004,0.0004,resident,0.0005,0.0001,0.0001,0.0,0.05,0.00016677960287238907,very_rare,0.016677960287238905,very_rare,peak_abundance_with_occupancy_days_modifiers,0.0005
mexchi,US-WEST,0.0003999200213269354,0.0004,0.0004,resident,0.0005,0.0012,0.0012,0.0,0.05,0.00016677960287238907,very_rare,0.016677960287238905,very_rare,peak_abundance_with_occupancy_days_modifiers,0.0005
redcro9,US-WEST,0.0003999200213269354,0.0004,0.0004,resident,0.0003,1.0,1.0,0.0,0.03,0.00016677960287238907,very_rare,0.016677960287238905,very_rare,peak_abundance_with_occupancy_days_modifiers,0.0003
bucnig,US-WEST,0.00029995500899797546,0.0003,0.0003,breeding,0.0033,0.0028,0.0018,14.0,0.33,0.00012509095472209328,very_rare,0.012509095472209329,rare,peak_abundance_with_occupancy_days_modifiers,0.0033
wantat1,US-WEST,0.00029995500899797546,9.090909090909092e-05,0.0003,postbreeding_migration,0.0051,0.0202,0.0038,77.0,0.51,0.00012509095472209328,very_rare,0.012509095472209329,very_rare,peak_abundance_with_occupancy_days_modifiers,0.0051
yelrai,US-WEST,0.00029995500899797546,9.999999999999999e-05,0.0003,breeding,0.0041,0.0026,0.0022,63.0,0.41000000000000003,0.00012509095472209328,very_rare,0.012509095472209329,very_rare,peak_abundance_with_occupancy_days_modifiers,0.0041
smilon,US-WEST,0.00029995500899797546,0.00015,0.0003,postbreeding_migration,0.0113,0.0066,0.0018,21.0,1.13,0.00012509095472209328,very_rare,0.012509095472209329,rare,peak_abundance_with_occupancy_days_modifiers,0.0113
hudgod,US-WEST,0.00029995500899797546,2.9999999999999997e-05,0.0003,prebreeding_migration,0.0105,0.0062,0.0007,35.0,1.05,0.00012509095472209328,very_rare,0.012509095472209329,rare,peak_abundance_with_occupancy_days_modifiers,0.0105
himsno,US-WEST,0.00029995500899797546,0.00015,0.0003,resident,0.002,0.0028,0.0038,365.0,0.2,0.00012509095472209328,very_rare,0.012509095472209329,very_rare,peak_abundance_with_occupancy_days_modifiers,0.002
licpar,US-WEST,0.00019998000266626675,0.0002,0.0002,resident,0.0005,0.0028,0.0021,0.0,0.05,8.339813874893117e-05,very_rare,0.008339813874893118,very_rare,peak_abundance_with_occupancy_days_modifiers,0.0005
glagul,US-WEST,0.00019998000266626675,2.6923076923076923e-05,0.0002,nonbreeding,0.0024,0.0085,0.0003,49.0,0.24,8.339813874893117e-05,very_rare,0.008339813874893118,very_rare,peak_abundance_with_occupancy_days_modifiers,0.0024
fisspa,US-WEST,0.00019998000266626675,0.0002,0.0002,resident,0.0014,0.0047,0.0096,365.0,0.13999999999999999,8.339813874893117e-05,very_rare,0.008339813874893118,very_rare,peak_abundance_with_occupancy_days_modifiers,0.0014
spodov,US-WEST,0.00019998000266626675,0.0002,0.0002,resident,0.001,0.0001,0.0,0.0,0.1,8.339813874893117e-05,very_rare,0.008339813874893118,very_rare,peak_abundance_with_occupancy_days_modifiers,0.001
blkrai,US-WEST,0.00019998000266626675,7.500000000000001e-05,0.0002,prebreeding_migration,0.0055,,,,0.5499999999999999,8.339813874893117e-05,very_rare,0.008339813874893118,very_rare,peak_abundance_with_occupancy_days_modifiers,0.0055
vichum,US-WEST,0.00019998000266626675,6.666666666666667e-05,0.0002,breeding,0.0046,0.0029,0.001,63.0,0.45999999999999996,8.339813874893117e-05,very_rare,0.008339813874893118,very_rare,peak_abundance_with_occupancy_days_modifiers,0.0046
yebloo,US-WEST,0.00019998000266626675,2.105263157894737e-05,0.0002,nonbreeding,0.016,,,,1.6,8.339813874893117e-05,very_rare,0.008339813874893118,rare,peak_abundance_with_occupancy_days_modifiers,0.016
sopsku1,US-WEST,0.0001648823992111391,0.00012072062626386916,0.0001648959930610425,nonbreeding,0.0047869731320452,0.0039087857902515,0.0006310613733676644,84.0,0.47869731320452,6.876130124682573e-05,very_rare,0.006876130124682573,very_rare,peak_abundance_with_occupancy_days_modifiers,0.0047869731320452
yehpar,US-WEST,0.00013560227885168512,0.00013561147325628938,0.00013561147325628938,resident,0.0006959531181694128,0.0026524616459234,0.0032941363850633,0.0,0.06959531181694127,5.655054263207826e-05,very_rare,0.005655054263207826,very_rare,peak_abundance_with_occupancy_days_modifiers,0.0006959531181694128
burpar,US-WEST,0.0001193270573088355,0.00011933417706532888,0.00011933417706532888,resident,0.000415626966786367,0.00018942633358473432,8.637047681593742e-06,0.0,0.0415626966786367,4.976324807112361e-05,very_rare,0.004976324807112361,very_rare,peak_abundance_with_occupancy_days_modifiers,0.000415626966786367
buthum,US-WEST,9.999500033330834e-05,5e-05,0.0001,breeding,0.0001,0.0008,0.005,0.0,0.01,4.170115411946329e-05,very_rare,0.004170115411946329,very_rare,peak_abundance_with_occupancy_days_modifiers,0.0001
gloibi,US-WEST,9.999500033330834e-05,9.090909090909091e-06,0.0001,breeding,0.0371,,,,3.71,4.170115411946329e-05,very_rare,0.004170115411946329,rare,peak_abundance_with_occupancy_days_modifiers,0.0371
chswar,US-WEST,9.999500033330834e-05,5.263157894736842e-06,0.0001,prebreeding_migration,0.0189,0.0015,0.0,49.0,1.8900000000000001,4.170115411946329e-05,very_rare,0.004170115411946329,rare,peak_abundance_with_occupancy_days_modifiers,0.0189
bkbcuc,US-WEST,9.999500033330834e-05,0.0001,0.0001,breeding,0.0066,0.0013,0.0002,28.0,0.66,4.170115411946329e-05,very_rare,0.004170115411946329,rare,peak_abundance_with_occupancy_days_modifiers,0.0066
phivir,US-WEST,9.999500033330834e-05,1.6666666666666667e-05,0.0001,postbreeding_migration,0.0425,0.0021,0.0001,49.0,4.25,4.170115411946329e-05,very_rare,0.004170115411946329,rare,peak_abundance_with_occupancy_days_modifiers,0.0425
ridrai1,US-WEST,9.999500033330834e-05,6.666666666666667e-05,0.0001,resident,0.0002,0.0288,0.0494,0.0,0.02,4.170115411946329e-05,very_rare,0.004170115411946329,very_rare,peak_abundance_with_occupancy_days_modifiers,0.0002
btbwar,US-WEST,9.999500033330834e-05,1.8181818181818182e-05,0.0001,postbreeding_migration,0.0321,0.0112,0.0002,35.0,3.2099999999999995,4.170115411946329e-05,very_rare,0.004170115411946329,rare,peak_abundance_with_occupancy_days_modifiers,0.0321
palwar,US-WEST,9.999500033330834e-05,1e-05,0.0001,postbreeding_migration,0.0087,0.0011,0.0,35.0,0.8699999999999999,4.170115411946329e-05,very_rare,0.004170115411946329,very_rare,peak_abundance_with_occupancy_days_modifiers,0.0087
ycnher,US-WEST,9.999500033330834e-05,5.555555555555556e-05,0.0001,breeding,0.0005,0.0051,0.0004,91.0,0.05,4.170115411946329e-05,very_rare,0.004170115411946329,very_rare,peak_abundance_with_occupancy_days_modifiers,0.0005
pipplo,US-WEST,9.999500033330834e-05,8.333333333333333e-05,0.0001,breeding,0.0007,0.0069,0.0068,28.0,0.06999999999999999,4.170115411946329e-05,very_rare,0.004170115411946329,rare,peak_abundance_with_occupancy_days_modifiers,0.0007
libher,US-WEST,9.999500033330834e-05,4.285714285714286e-05,0.0001,nonbreeding,0.0004,0.0001,0.0,0.0,0.04,4.170115411946329e-05,very_rare,0.004170115411946329,very_rare,peak_abundance_with_occupancy_days_modifiers,0.0004
mouwar,US-WEST,9.999500033330834e-05,2e-05,0.0001,postbreeding_migration,0.0055,0.0008,0.0003,28.0,0.5499999999999999,4.170115411946329e-05,very_rare,0.004170115411946329,rare,peak_abundance_with_occupancy_days_modifiers,0.0055
monpar,US-WEST,9.999500033330834e-05,5e-05,0.0001,resident,0.0002,0.0001,0.0,0.0,0.02,4.170115411946329e-05,very_rare,0.004170115411946329,very_rare,peak_abundance_with_occupancy_days_modifiers,0.0002
hoowar,US-WEST,9.999500033330834e-05,1.6666666666666667e-05,0.0001,postbreeding_migration,0.0285,0.0065,0.0001,77.0,2.85,4.170115411946329e-05,very_rare,0.004170115411946329,rare,peak_abundance_with_occupancy_days_modifiers,0.0285
whehum,US-WEST,9.999500033330834e-05,3.3333333333333335e-05,0.0001,breeding,0.0038,0.0027,0.0002,42.0,0.38,4.170115411946329e-05,very_rare,0.004170115411946329,very_rare,peak_abundance_with_occupancy_days_modifiers,0.0038
pagplo,US-WEST,9.999500033330834e-05,1.1111111111111112e-05,0.0001,postbreeding_migration,0.0034,0.0001,0.0,49.0,0.33999999999999997,4.170115411946329e-05,very_rare,0.004170115411946329,very_rare,peak_abundance_with_occupancy_days_modifiers,0.0034
cramur,US-WEST,9.16968828283591e-05,9.170108711602504e-05,9.170108711602504e-05,nonbreeding,0.0035035916699369,0.0152355873224865,0.0028015302086007,77.0,0.35035916699369,3.824057033204101e-05,very_rare,0.0038240570332041006,very_rare,peak_abundance_with_occupancy_days_modifiers,0.0035035916699369
layalb,US-WEST,3.4985565732126914e-05,1.6352136713533593e-05,3.498617773416877e-05,breeding,0.0017020348913938,0.0004721946228837319,3.868534059517501e-06,21.0,0.17020348913938,1.4590114142624938e-05,very_rare,0.0014590114142624937,rare,peak_abundance_with_occupancy_days_modifiers,0.0017020348913938
lsspet,US-WEST,2.58665734410965e-05,2.5866907983791777e-05,2.5866907983791777e-05,breeding,0.0023573548890316,0.0010564881944713,6.997400204122514e-06,14.0,0.23573548890315998,1.0787198980088447e-05,very_rare,0.0010787198980088447,rare,peak_abundance_with_occupancy_days_modifiers,0.0023573548890316
coopet,US-WEST,2.0473122779971247e-05,2.047333235577965e-05,2.047333235577965e-05,nonbreeding,0.0024222362162527,0.0019829677236592,5.6309861591903426e-05,14.0,0.24222362162527,8.537955352897926e-06,very_rare,0.0008537955352897926,rare,peak_abundance_with_occupancy_days_modifiers,0.0024222362162527
wispet,US-WEST,1.9037862988233413e-05,1.903804420949701e-05,1.903804420949701e-05,nonbreeding,0.001578778962379,7.240863864816047e-05,2.696702726188577e-07,56.0,0.1578778962379,7.939405529612928e-06,very_rare,0.0007939405529612928,very_rare,peak_abundance_with_occupancy_days_modifiers,0.001578778962379
yefgul,US-WEST,1.1753949836054872e-05,7.653587520974582e-06,1.1754018913993892e-05,resident,0.0005502157300789046,0.0110373191848147,3.619487842155701e-05,0.0,0.05502157300789046,4.901777808794974e-06,very_rare,0.0004901777808794974,very_rare,peak_abundance_with_occupancy_days_modifiers,0.0005502157300789046
manshe,US-WEST,1.1548213343452786e-05,8.994045609142757e-06,1.154828002432518e-05,postbreeding_migration,0.0017517958349684,0.00020355031964939085,3.206745409996685e-07,14.0,0.17517958349683999,4.81597902726778e-06,very_rare,0.000481597902726778,rare,peak_abundance_with_occupancy_days_modifiers,0.0017517958349684
falduc,US-WEST,2.540843071427795e-07,2.540843394221998e-07,2.540843394221998e-07,nonbreeding,0.00012976265444210994,0.00014840465001236705,2.0509556124641124e-08,0.0,0.012976265444210995,1.0596138619941083e-07,very_rare,1.0596138619941082e-05,very_rare,peak_abundance_with_occupancy_days_modifiers,0.00012976265444210994
earque,US-WEST,5.794997773929705e-08,2.9034972544386473e-08,5.794997941839704e-08,resident,0.0011591161618017,0.0019210353369394,1.5965857795181854e-05,0.0,0.11591161618017,2.4167017826008418e-08,very_rare,2.416701782600842e-06,very_rare,peak_abundance_with_occupancy_days_modifiers,0.0011591161618017
prowar,US-WEST,0.0,0.0,0.0,postbreeding_migration,0.0011,0.0002,0.0,0.0,0.11,0.0,very_rare,0.0,very_rare,peak_abundance_with_occupancy_days_modifiers,0.0011
bkbwar,US-WEST,0.0,0.0,0.0,nonbreeding,0.0001,0.0001,0.0,0.0,0.01,0.0,very_rare,0.0,very_rare,peak_abundance_with_occupancy_days_modifiers,0.0001
pursan,US-WEST,0.0,0.0,0.0,nonbreeding,0.0001,0.0005,0.0,0.0,0.01,0.0,very_rare,0.0,very_rare,peak_abundance_with_occupancy_days_modifiers,0.0001
berhum,US-WEST,0.0,0.0,0.0,resident,0.0001,0.0002,0.0,0.0,0.01,0.0,very_rare,0.0,very_rare,peak_abundance_with_occupancy_days_modifiers,0.0001
plcsta,US-WEST,0.0,0.0,0.0,resident,0.0001,0.0002,0.0,0.0,0.01,0.0,very_rare,0.0,very_rare,peak_abundance_with_occupancy_days_modifiers,0.0001
whiwag,US-WEST,0.0,0.0,0.0,nonbreeding,0.0001,0.0,0.0,0.0,0.01,0.0,very_rare,0.0,very_rare,peak_abundance_with_occupancy_days_modifiers,0.0001
bkcgna,US-WEST,0.0,0.0,0.0,resident,0.0001,0.0003,0.0003,0.0,0.01,0.0,very_rare,0.0,very_rare,peak_abundance_with_occupancy_days_modifiers,0.0001
purgal2,US-WEST,0.0,0.0,0.0,breeding,0.0001,0.0,0.0,0.0,0.01,0.0,very_rare,0.0,very_rare,peak_abundance_with_occupancy_days_modifiers,0.0001
prawar,US-WEST,0.0,0.0,0.0,nonbreeding,0.0004,0.0004,0.0,0.0,0.04,0.0,very_rare,0.0,very_rare,peak_abundance_with_occupancy_days_modifiers,0.0004
whtrob1,US-WEST,0.0,0.0,0.0,resident,0.0001,0.0002,0.0,0.0,0.01,0.0,very_rare,0.0,very_rare,peak_abundance_with_occupancy_days_modifiers,0.0001
pinwar,US-WEST,0.0,0.0,0.0,nonbreeding,0.0001,0.0002,0.0,0.0,0.01,0.0,very_rare,0.0,very_rare,peak_abundance_with_occupancy_days_modifiers,0.0001
wilplo,US-WEST,0.0,0.0,0.0,breeding,0.0002,0.0037,0.0,7.0,0.02,0.0,very_rare,0.0,very_rare,peak_abundance_with_occupancy_days_modifiers,0.0002
litgul,US-WEST,0.0,0.0,0.0,breeding,0.0003,,,,0.03,0.0,very_rare,0.0,very_rare,peak_abundance_with_occupancy_days_modifiers,0.0003
batgod,US-WEST,0.0,0.0,0.0,breeding,0.0005,0.0004,0.0,0.0,0.05,0.0,very_rare,0.0,very_rare,peak_abundance_with_occupancy_days_modifiers,0.0005
nohowl,US-WEST,0.0,0.0,0.0,nonbreeding,0.0006,,,,0.06,0.0,very_rare,0.0,very_rare,peak_abundance_with_occupancy_days_modifiers,0.0006
yetwar,US-WEST,0.0,0.0,0.0,prebreeding_migration,0.0001,0.0002,0.0,0.0,0.01,0.0,very_rare,0.0,very_rare,peak_abundance_with_occupancy_days_modifiers,0.0001
yetvir,US-WEST,0.0,0.0,0.0,breeding,0.0003,0.0001,0.0,0.0,0.03,0.0,very_rare,0.0,very_rare,peak_abundance_with_occupancy_days_modifiers,0.0003
manduc,US-WEST,0.0,0.0,0.0,breeding,0.0002,0.0,0.0,0.0,0.02,0.0,very_rare,0.0,very_rare,peak_abundance_with_occupancy_days_modifiers,0.0002
magwar,US-WEST,0.0,0.0,0.0,nonbreeding,0.0005,0.0006,0.0,21.0,0.05,0.0,very_rare,0.0,rare,peak_abundance_with_occupancy_days_modifiers,0.0005
magfri,US-WEST,0.0,0.0,0.0,breeding,0.0003,0.0003,0.0,0.0,0.03,0.0,very_rare,0.0,very_rare,peak_abundance_with_occupancy_days_modifiers,0.0003
yegvir,US-WEST,0.0,0.0,0.0,breeding,0.0007,0.0002,0.0,0.0,0.06999999999999999,0.0,very_rare,0.0,very_rare,peak_abundance_with_occupancy_days_modifiers,0.0007
yebwar3,US-WEST,0.0,0.0,0.0,postbreeding_migration,0.0001,,,,0.01,0.0,very_rare,0.0,very_rare,peak_abundance_with_occupancy_days_modifiers,0.0001
louwat,US-WEST,0.0,0.0,0.0,nonbreeding,0.0134,0.0032,0.0002,91.0,1.34,0.0,very_rare,0.0,rare,peak_abundance_with_occupancy_days_modifiers,0.0134
ameoys,US-WEST,0.0,0.0,0.0,breeding,0.0011,0.0032,0.0,0.0,0.11,0.0,very_rare,0.0,very_rare,peak_abundance_with_occupancy_days_modifiers,0.0011
yebfly,US-WEST,0.0,0.0,0.0,postbreeding_migration,0.0014,0.0004,0.0,14.0,0.13999999999999999,0.0,very_rare,0.0,rare,peak_abundance_with_occupancy_days_modifiers,0.0014
amewoo,US-WEST,0.0,0.0,0.0,postbreeding_migration,0.001,0.0001,0.0001,0.0,0.1,0.0,very_rare,0.0,very_rare,peak_abundance_with_occupancy_days_modifiers,0.001
leagre,US-WEST,0.0,0.0,0.0,resident,0.0004,0.0001,0.0,0.0,0.04,0.0,very_rare,0.0,very_rare,peak_abundance_with_occupancy_days_modifiers,0.0004
norwhe,US-WEST,0.0,0.0,0.0,postbreeding_migration,0.0003,,,,0.03,0.0,very_rare,0.0,very_rare,peak_abundance_with_occupancy_days_modifiers,0.0003
arcloo,US-WEST,0.0,0.0,0.0,breeding,0.0,0.0,0.0,0.0,0.0,0.0,very_rare,0.0,very_rare,peak_abundance_with_occupancy_days_modifiers,0.0
litsti,US-WEST,0.0,0.0,0.0,postbreeding_migration,0.0001,0.0,0.0,0.0,0.01,0.0,very_rare,0.0,very_rare,peak_abundance_with_occupancy_days_modifiers,0.0001
woothr,US-WEST,0.0,0.0,0.0,postbreeding_migration,0.0028,0.0005,0.0,14.0,0.27999999999999997,0.0,very_rare,0.0,rare,peak_abundance_with_occupancy_days_modifiers,0.0028
woosto,US-WEST,0.0,0.0,0.0,breeding,0.0003,0.0001,0.0,0.0,0.03,0.0,very_rare,0.0,very_rare,peak_abundance_with_occupancy_days_modifiers,0.0003
bkhgul,US-WEST,0.0,0.0,0.0,nonbreeding,0.0003,0.0001,0.0,0.0,0.03,0.0,very_rare,0.0,very_rare,peak_abundance_with_occupancy_days_modifiers,0.0003
woosan,US-WEST,0.0,0.0,0.0,postbreeding_migration,0.0007,0.0,0.0,0.0,0.06999999999999999,0.0,very_rare,0.0,very_rare,peak_abundance_with_occupancy_days_modifiers,0.0007
pifgoo,US-WEST,0.0,0.0,0.0,nonbreeding,0.0001,0.0001,0.0,0.0,0.01,0.0,very_rare,0.0,very_rare,peak_abundance_with_occupancy_days_modifiers,0.0001
woewar1,US-WEST,0.0,0.0,0.0,nonbreeding,0.023,0.0143,0.0001,28.0,2.3,0.0,very_rare,0.0,rare,peak_abundance_with_occupancy_days_modifiers,0.023
babwar,US-WEST,0.0,0.0,0.0,postbreeding_migration,0.0003,0.0002,0.0,0.0,0.03,0.0,very_rare,0.0,very_rare,peak_abundance_with_occupancy_days_modifiers,0.0003
whiibi,US-WEST,0.0,0.0,0.0,breeding,0.0003,0.0001,0.0,0.0,0.03,0.0,very_rare,0.0,very_rare,peak_abundance_with_occupancy_days_modifiers,0.0003
shtsan,US-WEST,0.0,0.0,0.0,prebreeding_migration,0.002,0.0003,0.0,21.0,0.2,0.0,very_rare,0.0,rare,peak_abundance_with_occupancy_days_modifiers,0.002
kineid,US-WEST,0.0,0.0,0.0,nonbreeding,0.0001,,,,0.01,0.0,very_rare,0.0,very_rare,peak_abundance_with_occupancy_days_modifiers,0.0001
gargan,US-WEST,0.0,0.0,0.0,nonbreeding,0.0001,0.0,0.0,7.0,0.01,0.0,very_rare,0.0,very_rare,peak_abundance_with_occupancy_days_modifiers,0.0001
rucwar,US-WEST,0.0,0.0,0.0,resident,0.0001,0.0,0.0,0.0,0.01,0.0,very_rare,0.0,very_rare,peak_abundance_with_occupancy_days_modifiers,0.0001
ruff,US-WEST,0.0,0.0,0.0,postbreeding_migration,0.0043,0.0001,0.0,56.0,0.43,0.0,very_rare,0.0,very_rare,peak_abundance_with_occupancy_days_modifiers,0.0043
flctan,US-WEST,0.0,0.0,0.0,resident,0.0002,0.0004,0.0,0.0,0.02,0.0,very_rare,0.0,very_rare,peak_abundance_with_occupancy_days_modifiers,0.0002
camwar,US-WEST,0.0,0.0,0.0,nonbreeding,0.0005,0.0006,0.0,7.0,0.05,0.0,very_rare,0.0,very_rare,peak_abundance_with_occupancy_days_modifiers,0.0005
rugdov,US-WEST,0.0,0.0,0.0,resident,0.0066,0.0002,0.0,365.0,0.66,0.0,very_rare,0.0,very_rare,peak_abundance_with_occupancy_days_modifiers,0.0066
canwar,US-WEST,0.0,0.0,0.0,postbreeding_migration,0.0004,0.0001,0.0,0.0,0.04,0.0,very_rare,0.0,very_rare,peak_abundance_with_occupancy_days_modifiers,0.0004
carwre,US-WEST,0.0,0.0,0.0,resident,0.0023,0.0002,0.0,365.0,0.22999999999999998,0.0,very_rare,0.0,very_rare,peak_abundance_with_occupancy_days_modifiers,0.0023
rusbun,US-WEST,0.0,0.0,0.0,nonbreeding,0.0008,,,,0.08,0.0,very_rare,0.0,very_rare,peak_abundance_with_occupancy_days_modifiers,0.0008
fatwar,US-WEST,0.0,0.0,0.0,resident,0.0005,0.001,0.0,0.0,0.05,0.0,very_rare,0.0,very_rare,peak_abundance_with_occupancy_days_modifiers,0.0005
steeid,US-WEST,0.0,0.0,0.0,prebreeding_migration,0.0001,,,,0.01,0.0,very_rare,0.0,very_rare,peak_abundance_with_occupancy_days_modifiers,0.0001
eugplo,US-WEST,0.0,0.0,0.0,postbreeding_migration,0.0002,,,,0.02,0.0,very_rare,0.0,very_rare,peak_abundance_with_occupancy_days_modifiers,0.0002
clcrob,US-WEST,0.0,0.0,0.0,resident,0.0001,0.0,0.0,0.0,0.01,0.0,very_rare,0.0,very_rare,peak_abundance_with_occupancy_days_modifiers,0.0001
empgoo,US-WEST,0.0,0.0,0.0,nonbreeding,0.0014,,,,0.13999999999999999,0.0,very_rare,0.0,very_rare,peak_abundance_with_occupancy_days_modifiers,0.0014
eawpew,US-WEST,0.0,0.0,0.0,breeding,0.0001,0.0,0.0,0.0,0.01,0.0,very_rare,0.0,very_rare,peak_abundance_with_occupancy_days_modifiers,0.0001
scatan,US-WEST,0.0,0.0,0.0,postbreeding_migration,0.0001,0.0001,0.0,0.0,0.01,0.0,very_rare,0.0,very_rare,peak_abundance_with_occupancy_days_modifiers,0.0001
norgan,US-WEST,0.0,0.0,0.0,breeding,0.0013,0.0,0.0,7.0,0.13,0.0,very_rare,0.0,very_rare,peak_abundance_with_occupancy_days_modifiers,0.0013
comcra,US-WEST,0.0,0.0,0.0,nonbreeding,0.0002,0.0002,0.0,21.0,0.02,0.0,very_rare,0.0,rare,peak_abundance_with_occupancy_days_modifiers,0.0002
duswar,US-WEST,0.0,0.0,0.0,postbreeding_migration,0.0001,,,,0.01,0.0,very_rare,0.0,very_rare,peak_abundance_with_occupancy_days_modifiers,0.0001
cursan,US-WEST,0.0,0.0,0.0,nonbreeding,0.0002,0.0001,0.0,21.0,0.02,0.0,very_rare,0.0,rare,peak_abundance_with_occupancy_days_modifiers,0.0002
crcwar,US-WEST,0.0,0.0,0.0,resident,0.0004,0.001,0.0,0.0,0.04,0.0,very_rare,0.0,very_rare,peak_abundance_with_occupancy_days_modifiers,0.0004
shthaw,US-WEST,0.0,0.0,0.0,resident,0.0004,0.0,0.0,0.0,0.04,0.0,very_rare,0.0,very_rare,peak_abundance_with_occupancy_days_modifiers,0.0004
corplo,US-WEST,0.0,0.0,0.0,postbreeding_migration,0.0001,,,,0.01,0.0,very_rare,0.0,very_rare,peak_abundance_with_occupancy_days_modifiers,0.0001
slbgul,US-WEST,0.0,0.0,0.0,nonbreeding,0.0003,0.0007,0.0,0.0,0.03,0.0,very_rare,0.0,very_rare,peak_abundance_with_occupancy_days_modifiers,0.0003
fuwduc,US-WEST,0.0,0.0,0.0,breeding,0.0001,,,,0.01,0.0,very_rare,0.0,very_rare,peak_abundance_with_occupancy_days_modifiers,0.0001
buwwar,US-WEST,0.0,0.0,0.0,nonbreeding,0.0001,0.0001,0.0,0.0,0.01,0.0,very_rare,0.0,very_rare,peak_abundance_with_occupancy_days_modifiers,0.0001
whevir,US-WEST,0.0,0.0,0.0,postbreeding_migration,0.0003,0.0005,0.0,21.0,0.03,0.0,very_rare,0.0,rare,peak_abundance_with_occupancy_days_modifiers,0.0003
triher,US-WEST,0.0,0.0,0.0,breeding,0.0,0.0004,0.0001,0.0,0.0,0.0,very_rare,0.0,very_rare,peak_abundance_with_occupancy_days_modifiers,0.0
kenwar,US-WEST,0.0,0.0,0.0,prebreeding_migration,0.0001,0.0,0.0,0.0,0.01,0.0,very_rare,0.0,very_rare,peak_abundance_with_occupancy_days_modifiers,0.0001
redegr,US-WEST,0.0,0.0,0.0,resident,0.0007,0.0043,0.0004,0.0,0.06999999999999999,0.0,very_rare,0.0,very_rare,peak_abundance_with_occupancy_days_modifiers,0.0007
marsan,US-WEST,0.0,0.0,0.0,prebreeding_migration,0.0012,0.0,0.0,7.0,0.12,0.0,very_rare,0.0,very_rare,peak_abundance_with_occupancy_days_modifiers,0.0012
blumoc,US-WEST,0.0,0.0,0.0,resident,0.0006,0.0005,0.0,0.0,0.06,0.0,very_rare,0.0,very_rare,peak_abundance_with_occupancy_days_modifiers,0.0006
skylar,US-WEST,0.0,0.0,0.0,nonbreeding,0.0001,0.0,0.0,0.0,0.01,0.0,very_rare,0.0,very_rare,peak_abundance_with_occupancy_days_modifiers,0.0001
rensti,US-WEST,0.0,0.0,0.0,postbreeding_migration,0.0001,0.0,0.0,0.0,0.01,0.0,very_rare,0.0,very_rare,peak_abundance_with_occupancy_days_modifiers,0.0001
retpip,US-WEST,0.0,0.0,0.0,nonbreeding,0.0001,,,,0.01,0.0,very_rare,0.0,very_rare,peak_abundance_with_occupancy_days_modifiers,0.0001
brambl,US-WEST,0.0,0.0,0.0,nonbreeding,0.0003,0.0,0.0,0.0,0.03,0.0,very_rare,0.0,very_rare,peak_abundance_with_occupancy_days_modifiers,0.0003
grekis,US-WEST,0.0,0.0,0.0,resident,0.0001,0.0,0.0,0.0,0.01,0.0,very_rare,0.0,very_rare,peak_abundance_with_occupancy_days_modifiers,0.0001
grbani,US-WEST,0.0,0.0,0.0,breeding,0.0003,0.0,0.0,0.0,0.03,0.0,very_rare,0.0,very_rare,peak_abundance_with_occupancy_days_modifiers,0.0003
rinkin1,US-WEST,0.0,0.0,0.0,resident,0.0002,0.0,0.0,0.0,0.02,0.0,very_rare,0.0,very_rare,peak_abundance_with_occupancy_days_modifiers,0.0002
gowwar,US-WEST,0.0,0.0,0.0,postbreeding_migration,0.0001,0.0001,0.0,0.0,0.01,0.0,very_rare,0.0,very_rare,peak_abundance_with_occupancy_days_modifiers,0.0001
btnwar,US-WEST,0.0,0.0,0.0,nonbreeding,0.0001,0.0007,0.0,14.0,0.01,0.0,very_rare,0.0,rare,peak_abundance_with_occupancy_days_modifiers,0.0001
rocsan,US-WEST,0.0,0.0,0.0,postbreeding_migration,0.0,0.0059,0.0,14.0,0.0,0.0,very_rare,0.0,rare,peak_abundance_with_occupancy_days_modifiers,0.0
bubsan,US-WEST,0.0,0.0,0.0,nonbreeding,0.0,0.0009,0.0,21.0,0.0,0.0,very_rare,0.0,rare,peak_abundance_with_occupancy_days_modifiers,0.0
gcrwar,US-WEST,0.0,0.0,0.0,resident,0.0001,0.0,0.0,0.0,0.01,0.0,very_rare,0.0,very_rare,peak_abundance_with_occupancy_days_modifiers,0.0001
gbbgul,US-WEST,0.0,0.0,0.0,resident,0.0009,0.001,0.0,365.0,0.09,0.0,very_rare,0.0,very_rare,peak_abundance_with_occupancy_days_modifiers,0.0009
rotbec,US-WEST,0.0,0.0,0.0,breeding,0.0007,0.0002,0.0,0.0,0.06999999999999999,0.0,very_rare,0.0,very_rare,peak_abundance_with_occupancy_days_modifiers,0.0007
rthhum,US-WEST,0.0,0.0,0.0,postbreeding_migration,0.0012,0.0001,0.0,7.0,0.12,0.0,very_rare,0.0,very_rare,peak_abundance_with_occupancy_days_modifiers,0.0012
tuffly,US-WEST,0.0,0.0,0.0,resident,0.0001,0.0002,0.0,0.0,0.01,0.0,very_rare,0.0,very_rare,peak_abundance_with_occupancy_days_modifiers,0.0001
tufduc,US-WEST,0.0,0.0,0.0,nonbreeding,0.0008,0.0002,0.0,21.0,0.08,0.0,very_rare,0.0,rare,peak_abundance_with_occupancy_days_modifiers,0.0008
tropar,US-WEST,0.0,0.0,0.0,breeding,0.0002,0.0,0.0,0.0,0.02,0.0,very_rare,0.0,very_rare,peak_abundance_with_occupancy_days_modifiers,0.0002
rubrob,US-WEST,0.0,0.0,0.0,breeding,0.0,0.0084,0.0001,56.0,0.0,0.0,very_rare,0.0,very_rare,peak_abundance_with_occupancy_days_modifiers,0.0
gycthr,US-WEST,0.0,0.0,0.0,prebreeding_migration,0.0134,0.0011,0.0,28.0,1.34,0.0,very_rare,0.0,rare,peak_abundance_with_occupancy_days_modifiers,0.0134
