species_code,country_code,abundance,abundance_mean_avg,abundance_mean_max,peak_season,range_occupied_percent,range_total_percent,total_pop_percent,range_days_occupation,occupancy,score,frequency,frequency_pct,rarity_cap,commonness_basis,debug_range_occupied_max
turvul,MX,1.5936946348181407,2.026425,3.9219,postbreeding_migration,0.9919,0.0889,0.3306,126.0,99.19,0.6646222847582001,common,66.46222847582001,,peak_abundance_with_occupancy_days_modifiers,0.9919
whwdov,MX,1.0631923434368493,1.568775,1.8956,breeding,0.7954,0.693,0.793,119.0,79.54,0.4433856455274178,common,44.33856455274178,,peak_abundance_with_occupancy_days_modifiers,0.7954
yehbla,MX,0.9306274679742078,1.053375,1.5361,prebreeding_migration,0.137,0.4802,0.8255,175.0,13.700000000000001,0.3881017984943751,common,38.81017984943751,,peak_abundance_with_occupancy_days_modifiers,0.137
barswa,MX,0.8023154375605991,0.567925,1.2307,postbreeding_migration,0.549,0.0133,0.0147,154.0,54.900000000000006,0.33459152560248717,common,33.45915256024872,,peak_abundance_with_occupancy_days_modifiers,0.549
bnhcow,MX,0.7895022688027082,0.8304,1.2023,nonbreeding,0.1638,0.1392,0.2544,147.0,16.38,0.3292480191936616,common,32.92480191936616,,peak_abundance_with_occupancy_days_modifiers,0.1638
wessan,MX,0.7726974593179544,0.5519999999999999,1.1656,nonbreeding,0.0688,0.4569,0.7757,147.0,6.88,0.3222398693068058,common,32.22398693068058,,peak_abundance_with_occupancy_days_modifiers,0.0688
rewbla,MX,0.7587476376438941,0.705375,1.1356,nonbreeding,0.1206,0.0584,0.0256,126.0,12.06,0.3164223418141307,common,31.64223418141307,,peak_abundance_with_occupancy_days_modifiers,0.1206
categr1,MX,0.7528661458668436,0.7929596240333203,1.1230763511312785,nonbreeding,0.185243457329626,0.0378941367988111,0.0647640332947543,140.0,18.5243457329626,0.31396956923320524,common,31.396956923320523,,peak_abundance_with_occupancy_days_modifiers,0.185243457329626
moudov,MX,0.7479667503240519,1.0507499999999999,1.1127,postbreeding_migration,0.6239,0.1873,0.2143,119.0,62.39,0.31192636259346157,common,31.192636259346155,,peak_abundance_with_occupancy_days_modifiers,0.6239
norsho,MX,0.7000731406306785,0.507475,1.0139,nonbreeding,0.0948,0.0484,0.096,147.0,9.48,0.29195317600909454,common,29.195317600909455,,peak_abundance_with_occupancy_days_modifiers,0.0948
y00475,MX,0.6785917625507467,0.578275,0.9711,nonbreeding,0.1132,0.4064,0.292,112.0,11.32,0.28299474553733217,fairly_common,28.299474553733216,,peak_abundance_with_occupancy_days_modifiers,0.1132
cedwax,MX,0.6776781496560136,0.5405000000000001,0.9693,nonbreeding,0.4786,0.2525,0.3673,105.0,47.86,0.2826137393670056,fairly_common,28.26137393670056,,peak_abundance_with_occupancy_days_modifiers,0.4786
chispa,MX,0.653626422397662,0.48485,0.9225,nonbreeding,0.5285,0.3612,0.4207,147.0,52.849999999999994,0.2725833900305715,fairly_common,27.258339003057152,,peak_abundance_with_occupancy_days_modifiers,0.5285
grtgra,MX,0.625564029236149,0.7287250000000001,0.8693,nonbreeding,0.2189,0.4165,0.469,126.0,21.89,0.2608804631013383,fairly_common,26.088046310133826,,peak_abundance_with_occupancy_days_modifiers,0.2189
blkvul,MX,0.6015251910126322,0.8249,0.8249,resident,0.638,0.0742,0.0898,365.0,63.800000000000004,0.2508554889099246,common,25.08554889099246,,peak_abundance_with_occupancy_days_modifiers,0.638
whcspa,MX,0.5983418732860334,0.46656666666666663,0.8191,nonbreeding,0.4094,0.2003,0.1964,112.0,40.94,0.24952794230573788,fairly_common,24.952794230573787,,peak_abundance_with_occupancy_days_modifiers,0.4094
houfin,MX,0.5928294840450784,0.8091,0.8091,resident,0.5374,0.3543,0.3653,365.0,53.74,0.2472290974381211,common,24.72290974381211,,peak_abundance_with_occupancy_days_modifiers,0.5374
yerwar,MX,0.5290976685534394,0.37439999999999996,0.6974,nonbreeding,0.7886,0.3253,0.2322,105.0,78.86,0.2206508660138341,fairly_common,22.06508660138341,,peak_abundance_with_occupancy_days_modifiers,0.7886
buggna,MX,0.5260885504319031,0.3683,0.6923,nonbreeding,0.9023,0.6166,0.7795,112.0,90.23,0.21939596628753172,fairly_common,21.939596628753172,,peak_abundance_with_occupancy_days_modifiers,0.9023
snogoo,MX,0.5257930508877771,0.29945000000000005,0.6918,nonbreeding,0.0224,0.0729,0.0105,63.0,2.2399999999999998,0.2192727334059801,rare,21.92727334059801,rare,peak_abundance_with_occupancy_days_modifiers,0.0224
sancra,MX,0.46517951188024337,0.3234666666666667,0.5923,nonbreeding,0.0366,0.0839,0.0955,70.0,3.66,0.19399492428098147,rare,19.399492428098146,rare,peak_abundance_with_occupancy_days_modifiers,0.0366
whfibi,MX,0.41871033485818504,0.375625,0.52,postbreeding_migration,0.1852,0.1096,0.0864,119.0,18.52,0.17461577225995584,fairly_common,17.461577225995583,,peak_abundance_with_occupancy_days_modifiers,0.1852
lesgol,MX,0.4029953942072367,0.387025,0.4963,breeding,0.6071,0.619,0.6089,105.0,60.709999999999994,0.16806213297920075,fairly_common,16.806213297920074,,peak_abundance_with_occupancy_days_modifiers,0.6071
brwhaw,MX,0.3842414716565377,0.17166666666666666,0.4685,postbreeding_migration,0.0904,0.1421,0.3612,105.0,9.04,0.16024113980929772,fairly_common,16.024113980929773,,peak_abundance_with_occupancy_days_modifiers,0.0904
larspa,MX,0.3815821676448323,0.292675,0.4646,nonbreeding,0.377,0.6182,0.8161,126.0,37.7,0.15913212389777207,fairly_common,15.913212389777206,,peak_abundance_with_occupancy_days_modifiers,0.377
norpin,MX,0.3347564798377098,0.14855,0.3976,nonbreeding,0.0742,0.0385,0.0444,147.0,7.42,0.13960429533148255,fairly_common,13.960429533148256,,peak_abundance_with_occupancy_days_modifiers,0.0742
brnpel,MX,0.3202702620449325,0.34314999999999996,0.3775,postbreeding_migration,0.0328,0.2543,0.4342,161.0,3.2800000000000002,0.1335630732826682,rare,13.35630732826682,rare,peak_abundance_with_occupancy_days_modifiers,0.0328
normoc,MX,0.31670675149239724,0.288025,0.3726,breeding,0.5249,0.2788,0.2371,112.0,52.49,0.13207697395507892,fairly_common,13.207697395507893,,peak_abundance_with_occupancy_days_modifiers,0.5249
ribgul,MX,0.30983487709291424,0.16015,0.3632,nonbreeding,0.0234,0.1015,0.1225,105.0,2.34,0.12921117974069546,rare,12.921117974069546,rare,peak_abundance_with_occupancy_days_modifiers,0.0234
nrwswa,MX,0.30298931651892813,0.2939,0.3539,nonbreeding,0.3182,0.6678,0.7939,140.0,31.819999999999997,0.12635635924388644,fairly_common,12.635635924388644,,peak_abundance_with_occupancy_days_modifiers,0.3182
brebla,MX,0.2981768095444224,0.1847,0.3474,nonbreeding,0.1354,0.2143,0.1548,112.0,13.54,0.12434938795156247,fairly_common,12.434938795156247,,peak_abundance_with_occupancy_days_modifiers,0.1354
blugrb1,MX,0.29810258977966503,0.194,0.3473,breeding,0.6022,0.6569,0.7887,105.0,60.22,0.12431843590557477,fairly_common,12.431843590557477,,peak_abundance_with_occupancy_days_modifiers,0.6022
brocow,MX,0.29698863177208057,0.3458,0.3458,resident,0.6992,0.6786,0.7772,365.0,69.92,0.1238538793337257,common,12.38538793337257,,peak_abundance_with_occupancy_days_modifiers,0.6992
gnwtea,MX,0.2949803749328925,0.161075,0.3431,nonbreeding,0.1302,0.0309,0.0104,140.0,13.020000000000001,0.12301637118148494,fairly_common,12.301637118148493,,peak_abundance_with_occupancy_days_modifiers,0.1302
incdov,MX,0.2947569861237428,0.3428,0.3428,resident,0.3665,0.791,0.775,365.0,36.65,0.12292321081218784,fairly_common,12.292321081218784,,peak_abundance_with_occupancy_days_modifiers,0.3665
clcspa,MX,0.29326645074568153,0.20293333333333333,0.3408,nonbreeding,0.4052,0.7138,0.9593,105.0,40.52,0.12230160927897252,fairly_common,12.230160927897252,,peak_abundance_with_occupancy_days_modifiers,0.4052
yefgul,MX,0.28803791988499644,0.3338078810058987,0.3338078810058987,resident,0.0499120537408791,0.9739696312364424,0.99992332343738,365.0,4.99120537408791,0.12012114255050552,rare,12.012114255050552,rare,peak_abundance_with_occupancy_days_modifiers,0.0499120537408791
buwtea,MX,0.2814879282884534,0.185525,0.3251,nonbreeding,0.1145,0.2999,0.2724,161.0,11.450000000000001,0.11738958389119046,fairly_common,11.738958389119047,,peak_abundance_with_occupancy_days_modifiers,0.1145
larbun,MX,0.2741408018851136,0.17046666666666666,0.3154,nonbreeding,0.2262,0.4559,0.3786,119.0,22.62,0.11432559419710943,fairly_common,11.432559419710943,,peak_abundance_with_occupancy_days_modifiers,0.2262
horlar,MX,0.27162890712953297,0.151925,0.3121,nonbreeding,0.1627,,,,16.27,0.11327805272018367,fairly_common,11.327805272018367,,peak_abundance_with_occupancy_days_modifiers,0.1627
bbwduc,MX,0.2708664795232191,0.222725,0.3111,breeding,0.1652,0.0815,0.1187,161.0,16.520000000000003,0.11296009571223467,fairly_common,11.296009571223466,,peak_abundance_with_occupancy_days_modifiers,0.1652
ameavo,MX,0.26941626364488835,0.168925,0.3092,nonbreeding,0.0509,0.6308,0.7617,168.0,5.09,0.11235530871641301,fairly_common,11.235530871641302,,peak_abundance_with_occupancy_days_modifiers,0.0509
vesspa,MX,0.25665569384665804,0.1814,0.2926,nonbreeding,0.3496,0.3797,0.549,98.0,34.96,0.10703373777752101,fairly_common,10.703373777752102,,peak_abundance_with_occupancy_days_modifiers,0.3496
margod,MX,0.25456469598895337,0.16652499999999998,0.2899,nonbreeding,0.0196,0.5377,0.9176,140.0,1.96,0.10616172394045949,rare,10.616172394045948,rare,peak_abundance_with_occupancy_days_modifiers,0.0196
brespa,MX,0.2509921541339491,0.18566666666666665,0.2853,nonbreeding,0.3889,0.5933,0.5665,119.0,38.89,0.1046718582672038,fairly_common,10.46718582672038,,peak_abundance_with_occupancy_days_modifiers,0.3889
amwpel,MX,0.249356958130113,0.1623,0.2832,nonbreeding,0.0566,0.3922,0.4659,119.0,5.66,0.10398992856727664,fairly_common,10.398992856727665,,peak_abundance_with_occupancy_days_modifiers,0.0566
treswa,MX,0.24639121803390018,0.12745,0.2794,nonbreeding,0.1033,0.3513,0.1662,154.0,10.33,0.10275311888261024,fairly_common,10.275311888261024,,peak_abundance_with_occupancy_days_modifiers,0.1033
ruckin,MX,0.2457657293504894,0.20666666666666667,0.2786,nonbreeding,0.6594,0.2842,0.23,105.0,65.94,0.10249226984115865,fairly_common,10.249226984115865,,peak_abundance_with_occupancy_days_modifiers,0.6594
swahaw,MX,0.2434166561537655,0.08787500000000001,0.2756,postbreeding_migration,0.2649,0.1364,0.2836,119.0,26.490000000000002,0.10151263022829833,fairly_common,10.151263022829832,,peak_abundance_with_occupancy_days_modifiers,0.2649
vigswa,MX,0.23111172096338664,0.1777,0.26,nonbreeding,0.3967,0.8357,0.8354,126.0,39.67,0.09638107367953425,fairly_common,9.638107367953424,,peak_abundance_with_occupancy_days_modifiers,0.3967
linspa,MX,0.22944366386268963,0.19263333333333332,0.2579,nonbreeding,0.8237,0.4967,0.6018,105.0,82.37,0.09568543983779837,fairly_common,9.568543983779836,,peak_abundance_with_occupancy_days_modifiers,0.8237
bewwre,MX,0.22681679668050583,0.18980000000000002,0.2546,breeding,0.4663,0.3784,0.445,126.0,46.63,0.09458995113485838,fairly_common,9.458995113485837,,peak_abundance_with_occupancy_days_modifiers,0.4663
verfly,MX,0.2257002800958996,0.2375,0.2532,breeding,0.4532,0.2302,0.3838,112.0,45.32,0.09412432755351527,fairly_common,9.412432755351526,,peak_abundance_with_occupancy_days_modifiers,0.4532
daejun,MX,0.2234635001251298,0.1028,0.2504,nonbreeding,0.1416,0.0449,0.0278,98.0,14.16,0.09319151785321524,fairly_common,9.319151785321523,,peak_abundance_with_occupancy_days_modifiers,0.1416
astfly,MX,0.22250334642678646,0.1363,0.2492,breeding,0.5518,0.7741,0.9124,105.0,55.17999999999999,0.0927911026602603,fairly_common,9.27911026602603,,peak_abundance_with_occupancy_days_modifiers,0.5518
bkvshe,MX,0.21567573646668878,0.14386666666666667,0.2407,nonbreeding,0.0054,0.0184,0.0151,105.0,0.54,0.08994376815088873,very_rare,8.994376815088872,very_rare,peak_abundance_with_occupancy_days_modifiers,0.0054
savspa,MX,0.2153532858391468,0.116,0.2403,nonbreeding,0.3064,0.2164,0.1569,112.0,30.64,0.08980929579456866,fairly_common,8.980929579456866,,peak_abundance_with_occupancy_days_modifiers,0.3064
magfri,MX,0.21470807249310814,0.19030000000000002,0.2395,nonbreeding,0.0315,0.2259,0.3595,140.0,3.15,0.08954022092989133,rare,8.954022092989133,rare,peak_abundance_with_occupancy_days_modifiers,0.0315
bktspa,MX,0.21244654176587432,0.22207500000000002,0.2367,breeding,0.3411,0.5399,0.5128,126.0,34.11,0.08859708936243356,fairly_common,8.859708936243356,,peak_abundance_with_occupancy_days_modifiers,0.3411
wlswar,MX,0.21123290028837466,0.20696666666666666,0.2352,nonbreeding,0.6254,0.8494,0.851,112.0,62.53999999999999,0.08809096155474029,fairly_common,8.809096155474029,,peak_abundance_with_occupancy_days_modifiers,0.6254
gofwoo,MX,0.20855769298579135,0.2319,0.2319,resident,0.3624,0.5865,0.5953,365.0,36.24,0.08697531345578832,fairly_common,8.697531345578833,,peak_abundance_with_occupancy_days_modifiers,0.3624
grbani,MX,0.20782684720231648,0.206875,0.231,postbreeding_migration,0.2863,0.3699,0.3675,133.0,28.63,0.08667052709094349,fairly_common,8.66705270909435,,peak_abundance_with_occupancy_days_modifiers,0.2863
orcwar,MX,0.20685155453723228,0.127675,0.2298,nonbreeding,0.7011,0.5579,0.6427,133.0,70.11,0.08626379845848488,fairly_common,8.626379845848488,,peak_abundance_with_occupancy_days_modifiers,0.7011
chclon,MX,0.20579391297909677,0.114,0.2285,nonbreeding,0.0726,0.2563,0.4665,84.0,7.26,0.08582272767022593,fairly_common,8.582272767022593,,peak_abundance_with_occupancy_days_modifiers,0.0726
socfly1,MX,0.20130685670503531,0.223,0.223,resident,0.2582,0.0774,0.2871,365.0,25.82,0.08395147986179896,fairly_common,8.395147986179897,,peak_abundance_with_occupancy_days_modifiers,0.2582
cliswa,MX,0.19803085049913446,0.18359999999999999,0.219,postbreeding_migration,0.3551,0.0967,0.0639,126.0,35.510000000000005,0.08258527915943148,fairly_common,8.258527915943148,,peak_abundance_with_occupancy_days_modifiers,0.3551
leasan,MX,0.19622446196294605,0.16283333333333336,0.2168,nonbreeding,0.1193,0.2442,0.3155,161.0,11.93,0.08183195662834347,fairly_common,8.183195662834347,,peak_abundance_with_occupancy_days_modifiers,0.1193
comrav,MX,0.19523778206050096,0.2156,0.2156,resident,0.5927,0.0291,0.0126,365.0,59.27,0.08142047914905653,common,8.142047914905653,,peak_abundance_with_occupancy_days_modifiers,0.5927
laugul,MX,0.19490867229942604,0.168725,0.2152,nonbreeding,0.0289,0.2328,0.228,161.0,2.8899999999999997,0.0812832297183544,rare,8.12832297183544,rare,peak_abundance_with_occupancy_days_modifiers,0.0289
greegr,MX,0.1946617688785594,0.191275,0.2149,postbreeding_migration,0.2308,0.0154,0.0282,133.0,23.080000000000002,0.08118026299429958,fairly_common,8.118026299429957,,peak_abundance_with_occupancy_days_modifiers,0.2308
gadwal,MX,0.19136388477818356,0.0897,0.2109,nonbreeding,0.123,0.058,0.0377,112.0,12.3,0.07980493850127984,fairly_common,7.980493850127984,,peak_abundance_with_occupancy_days_modifiers,0.123
lesnig,MX,0.18995898392316593,0.1351,0.2092,breeding,0.4283,0.433,0.5073,140.0,42.83,0.07921904933799787,fairly_common,7.921904933799786,,peak_abundance_with_occupancy_days_modifiers,0.4283
whcswi,MX,0.18987628119806402,0.2091,0.2091,resident,0.0526,0.0321,0.1327,365.0,5.26,0.07918455962277131,fairly_common,7.918455962277131,,peak_abundance_with_occupancy_days_modifiers,0.0526
cacwre,MX,0.1839036379766061,0.2019,0.2019,resident,0.3545,0.6172,0.6816,365.0,35.449999999999996,0.07669377393700287,fairly_common,7.669377393700287,,peak_abundance_with_occupancy_days_modifiers,0.3545
rudduc,MX,0.1793170477736559,0.126,0.1964,nonbreeding,0.0472,0.3649,0.273,126.0,4.72,0.07478101725618351,rare,7.478101725618351,rare,peak_abundance_with_occupancy_days_modifiers,0.0472
wilpha,MX,0.177476505130755,0.06375,0.1942,postbreeding_migration,0.0668,0.0607,0.0583,133.0,6.68,0.07401345135629625,uncommon,7.401345135629625,,peak_abundance_with_occupancy_days_modifiers,0.0668
cantow,MX,0.17730901497041035,0.194,0.194,resident,0.3126,0.6988,0.7941,365.0,31.259999999999998,0.07394360253418769,uncommon,7.394360253418769,,peak_abundance_with_occupancy_days_modifiers,0.3126
killde,MX,0.1770577271188556,0.141875,0.1937,postbreeding_migration,0.3159,0.2462,0.1197,161.0,31.59,0.07383880736051796,uncommon,7.383880736051795,,peak_abundance_with_occupancy_days_modifiers,0.3159
bushti,MX,0.17512908621245,0.1914,0.1914,resident,0.2178,0.3896,0.3559,365.0,21.78,0.07303450163112103,uncommon,7.303450163112103,,peak_abundance_with_occupancy_days_modifiers,0.2178
bknsti,MX,0.17344897829035627,0.157225,0.1894,nonbreeding,0.0631,0.041,0.0726,140.0,6.3100000000000005,0.07233384220651945,uncommon,7.233384220651945,,peak_abundance_with_occupancy_days_modifiers,0.0631
amepip,MX,0.16898299235477407,0.11266666666666665,0.1841,nonbreeding,0.2153,0.2296,0.2108,56.0,21.529999999999998,0.07047138141173653,uncommon,7.047138141173654,,peak_abundance_with_occupancy_days_modifiers,0.2153
caskin,MX,0.16813811227748007,0.140075,0.1831,breeding,0.346,0.9586,0.9591,133.0,34.599999999999994,0.07011903905263595,uncommon,7.011903905263594,,peak_abundance_with_occupancy_days_modifiers,0.346
easkin,MX,0.16695407966283282,0.1003,0.1817,postbreeding_migration,0.1474,0.0356,0.1288,56.0,14.74,0.0696252590998253,uncommon,6.96252590998253,,peak_abundance_with_occupancy_days_modifiers,0.1474
whttow1,MX,0.16366928803208874,0.1778247299417434,0.1778247299417434,resident,0.1363906216280518,1.0,1.0,365.0,13.63906216280518,0.06825539459072577,uncommon,6.825539459072577,,peak_abundance_with_occupancy_days_modifiers,0.1363906216280518
verdin,MX,0.16271391048774617,0.1767,0.1767,resident,0.392,0.6079,0.5809,365.0,39.2,0.06785697120869556,uncommon,6.785697120869556,,peak_abundance_with_occupancy_days_modifiers,0.392
eucdov,MX,0.16220387987485382,0.1761,0.1761,resident,0.2459,0.0315,0.0129,365.0,24.59,0.06764427192250143,uncommon,6.764427192250142,,peak_abundance_with_occupancy_days_modifiers,0.2459
neocor,MX,0.16211884947643518,0.176,0.176,resident,0.0471,0.0256,0.0573,365.0,4.71,0.06760881149210515,rare,6.760881149210515,rare,peak_abundance_with_occupancy_days_modifiers,0.0471
yegvir,MX,0.15777268387254192,0.0774,0.1709,breeding,0.3076,0.6756,0.7663,98.0,30.759999999999998,0.0657963196567878,uncommon,6.57963196567878,,peak_abundance_with_occupancy_days_modifiers,0.3076
houwre,MX,0.15469338967648052,0.123125,0.1673,postbreeding_migration,0.8834,0.0961,0.0522,126.0,88.34,0.0645121542343055,uncommon,6.45121542343055,,peak_abundance_with_occupancy_days_modifiers,0.8834
heegul,MX,0.1542649590114293,0.10625,0.1668,breeding,0.0174,0.8783,0.9833,112.0,1.7399999999999998,0.06433348476949971,rare,6.433348476949971,rare,peak_abundance_with_occupancy_days_modifiers,0.0174
grekis,MX,0.15375059980591857,0.1662,0.1662,resident,0.2816,0.0446,0.0305,365.0,28.16,0.06411898031997444,uncommon,6.411898031997445,,peak_abundance_with_occupancy_days_modifiers,0.2816
whtdov,MX,0.15108885436285607,0.1631,0.1631,resident,0.354,0.062,0.0607,365.0,35.4,0.06300894625249155,uncommon,6.300894625249155,,peak_abundance_with_occupancy_days_modifiers,0.354
wesmea,MX,0.1488509467323547,0.077075,0.1605,nonbreeding,0.2265,0.1947,0.1122,112.0,22.650000000000002,0.062075666281557,uncommon,6.2075666281557,,peak_abundance_with_occupancy_days_modifiers,0.2265
amewig,MX,0.14773011202433559,0.069175,0.1592,nonbreeding,0.0857,0.1804,0.1442,112.0,8.57,0.06160824190288047,uncommon,6.160824190288047,,peak_abundance_with_occupancy_days_modifiers,0.0857
cubthr,MX,0.14548466674198082,0.1566,0.1566,resident,0.4179,0.6875,0.7338,365.0,41.79,0.0606718184869678,uncommon,6.06718184869678,,peak_abundance_with_occupancy_days_modifiers,0.4179
brnjay,MX,0.143147509218485,0.1539,0.1539,resident,0.1332,0.5295,0.5204,365.0,13.320000000000002,0.05969714809580911,uncommon,5.9697148095809105,,peak_abundance_with_occupancy_days_modifiers,0.1332
melbla1,MX,0.14175994503783174,0.1523,0.1523,resident,0.1698,0.4558,0.428,365.0,16.98,0.05911848888729664,uncommon,5.911848888729664,,peak_abundance_with_occupancy_days_modifiers,0.1698
labwoo,MX,0.1416731583161457,0.1522,0.1522,resident,0.7519,0.647,0.5725,365.0,75.19,0.05908229601320812,fairly_common,5.908229601320812,,peak_abundance_with_occupancy_days_modifiers,0.7519
cogdov,MX,0.1381954987513994,0.1482,0.1482,resident,0.3043,0.2611,0.2704,365.0,30.43,0.05763199932836257,uncommon,5.763199932836257,,peak_abundance_with_occupancy_days_modifiers,0.3043
ducfly,MX,0.13767280512507268,0.107225,0.1476,breeding,0.4788,0.1418,0.3942,133.0,47.88,0.05741401915539327,uncommon,5.741401915539327,,peak_abundance_with_occupancy_days_modifiers,0.4788
eargre,MX,0.13758566295256316,0.07527500000000001,0.1475,prebreeding_migration,0.0403,0.0693,0.2695,140.0,4.03,0.057377678046797734,rare,5.737767804679773,rare,peak_abundance_with_occupancy_days_modifiers,0.0403
amekes,MX,0.13749851318563364,0.0947,0.1474,nonbreeding,0.8164,0.1005,0.1387,105.0,81.64,0.057341333771083046,uncommon,5.7341333771083045,,peak_abundance_with_occupancy_days_modifiers,0.8164
rethaw,MX,0.13697545502707772,0.108375,0.1468,nonbreeding,0.8113,0.1869,0.1347,112.0,81.13,0.05712320157636653,uncommon,5.712320157636653,,peak_abundance_with_occupancy_days_modifiers,0.8113
brant,MX,0.13470570285229133,0.0638,0.1442,nonbreeding,0.0057,,,,0.5700000000000001,0.056176641398975005,very_rare,5.6176641398975,very_rare,peak_abundance_with_occupancy_days_modifiers,0.0057
houspa,MX,0.13365638481267358,0.143,0.143,resident,0.073,0.0075,0.0051,365.0,7.3,0.05573904178754859,uncommon,5.5739041787548596,,peak_abundance_with_occupancy_days_modifiers,0.073
gilwoo,MX,0.1301506844650451,0.139,0.139,resident,0.1479,0.7424,0.7582,365.0,14.790000000000001,0.05427705118796026,uncommon,5.427705118796026,,peak_abundance_with_occupancy_days_modifiers,0.1479
doccor,MX,0.13006288429816837,0.11270000000000001,0.1389,nonbreeding,0.0322,0.1207,0.0887,147.0,3.2199999999999998,0.05424043567440021,rare,5.424043567440021,rare,peak_abundance_with_occupancy_days_modifiers,0.0322
miskit,MX,0.12892078006683938,0.05093333333333333,0.1376,postbreeding_migration,0.0681,0.0798,0.3407,77.0,6.81,0.05376414121555331,uncommon,5.376414121555332,,peak_abundance_with_occupancy_days_modifiers,0.0681
subfly,MX,0.12768936114088944,0.06849999999999999,0.1362,breeding,0.343,0.6654,0.7408,77.0,34.300000000000004,0.05325059963601939,uncommon,5.325059963601939,,peak_abundance_with_occupancy_days_modifiers,0.343
mexjay4,MX,0.12733724846119512,0.1358,0.1358,resident,0.0997,0.9,0.8778,365.0,9.969999999999999,0.053103757243155594,uncommon,5.310375724315559,,peak_abundance_with_occupancy_days_modifiers,0.0997
norcar,MX,0.1268969331883509,0.1353,0.1353,resident,0.2191,0.1032,0.034,365.0,21.91,0.05292013151194078,uncommon,5.292013151194078,,peak_abundance_with_occupancy_days_modifiers,0.2191
wesgul,MX,0.12575120530556033,0.134,0.134,resident,0.0096,0.4781,0.4981,365.0,0.96,0.05244232587305916,very_rare,5.244232587305916,very_rare,peak_abundance_with_occupancy_days_modifiers,0.0096
logshr,MX,0.12522196475338182,0.099275,0.1334,nonbreeding,0.4791,0.311,0.4309,133.0,47.910000000000004,0.05222161541994548,uncommon,5.222161541994548,,peak_abundance_with_occupancy_days_modifiers,0.4791
amerob,MX,0.12363256044527507,0.09637499999999999,0.1316,nonbreeding,0.2847,0.0915,0.0129,98.0,28.470000000000002,0.051558782340395716,uncommon,5.155878234039571,,peak_abundance_with_occupancy_days_modifiers,0.2847
snoegr,MX,0.12336741395028407,0.104775,0.1313,postbreeding_migration,0.1325,0.0377,0.0697,119.0,13.25,0.05144820766351188,uncommon,5.144820766351188,,peak_abundance_with_occupancy_days_modifiers,0.1325
whtswi,MX,0.1221291332330635,0.11364999999999999,0.1299,nonbreeding,0.3723,0.7064,0.6965,112.0,37.230000000000004,0.05093180449475483,uncommon,5.093180449475483,,peak_abundance_with_occupancy_days_modifiers,0.3723
bncfly,MX,0.1221291332330635,0.057375,0.1299,breeding,0.4855,0.1004,0.1492,140.0,48.55,0.05093180449475483,uncommon,5.093180449475483,,peak_abundance_with_occupancy_days_modifiers,0.4855
acowoo,MX,0.12195211075074605,0.1297,0.1297,resident,0.1755,0.5838,0.4859,365.0,17.549999999999997,0.050857980385618125,uncommon,5.085798038561813,,peak_abundance_with_occupancy_days_modifiers,0.1755
lobcur,MX,0.12168651825659926,0.0687,0.1294,nonbreeding,0.0803,0.593,0.5935,154.0,8.03,0.050747219712639784,uncommon,5.074721971263978,,peak_abundance_with_occupancy_days_modifiers,0.0803
scaqua,MX,0.12168651825659926,0.1294,0.1294,resident,0.2057,0.5642,0.5191,365.0,20.57,0.050747219712639784,uncommon,5.074721971263978,,peak_abundance_with_occupancy_days_modifiers,0.2057
easmea,MX,0.11911548089016208,0.092275,0.1265,nonbreeding,0.2765,0.1596,0.1303,119.0,27.650000000000002,0.04967501385127342,uncommon,4.967501385127342,,peak_abundance_with_occupancy_days_modifiers,0.2765
blkpho,MX,0.11840506437862126,0.09625,0.1257,postbreeding_migration,0.5814,0.5116,0.4452,112.0,58.14,0.04937874715455824,uncommon,4.937874715455824,,peak_abundance_with_occupancy_days_modifiers,0.5814
belvir,MX,0.11796079763356473,0.076375,0.1252,breeding,0.2813,0.9498,0.9955,119.0,28.13,0.04919347353143706,uncommon,4.919347353143706,,peak_abundance_with_occupancy_days_modifiers,0.2813
saypho,MX,0.11733849241723332,0.08814999999999999,0.1245,nonbreeding,0.4905,0.5595,0.6118,126.0,49.05,0.04893395209887463,uncommon,4.893395209887463,,peak_abundance_with_occupancy_days_modifiers,0.4905
mexduc,MX,0.11662681193171963,0.1237,0.1237,resident,0.0611,0.9415,0.9903,365.0,6.11,0.04863715828407083,uncommon,4.8637158284070825,,peak_abundance_with_occupancy_days_modifiers,0.0611
yebcha,MX,0.11591462459635592,0.061849999999999995,0.1229,breeding,0.3499,0.634,0.6836,133.0,34.99,0.04834015309646208,uncommon,4.834015309646208,,peak_abundance_with_occupancy_days_modifiers,0.3499
hooori,MX,0.1149345380920995,0.07794999999999999,0.1218,breeding,0.2902,0.9797,0.9784,119.0,29.020000000000003,0.04793142527778935,uncommon,4.793142527778935,,peak_abundance_with_occupancy_days_modifiers,0.2902
trokin,MX,0.1147562372981886,0.113225,0.1216,breeding,0.274,0.0414,0.0406,119.0,27.400000000000002,0.04785706807131185,uncommon,4.785706807131184,,peak_abundance_with_occupancy_days_modifiers,0.274
tamcro,MX,0.11467611394945132,0.1215101372521565,0.1215101372521565,resident,0.2355322757391477,0.997928703804644,0.9999631625091492,365.0,23.55322757391477,0.04782365403957907,uncommon,4.782365403957907,,peak_abundance_with_occupancy_days_modifiers,0.2355322757391477
willet1,MX,0.11288215705667246,0.071575,0.1195,nonbreeding,0.022,0.2627,0.5254,147.0,2.1999999999999997,0.04707551590647145,rare,4.707551590647145,rare,peak_abundance_with_occupancy_days_modifiers,0.022
wesfly,MX,0.11252479084184443,0.09285,0.1191,prebreeding_migration,0.4448,0.9956,0.9998,126.0,44.48,0.04692648261928751,uncommon,4.692648261928751,,peak_abundance_with_occupancy_days_modifiers,0.4448
whfpar1,MX,0.11037790746960938,0.1167,0.1167,resident,0.1183,0.4889,0.4925,365.0,11.83,0.04603116271245538,uncommon,4.603116271245538,,peak_abundance_with_occupancy_days_modifiers,0.1183
grathr1,MX,0.10916884255929318,0.1153506531030196,0.1153506531030196,resident,0.6178949509753655,1.0,1.0,365.0,61.78949509753655,0.04552694348151903,fairly_common,4.5526943481519035,,peak_abundance_with_occupancy_days_modifiers,0.6178949509753655
placha,MX,0.10912342701835417,0.1153,0.1153,resident,0.1462,0.6753,0.6831,365.0,14.62,0.04550800372987343,uncommon,4.550800372987343,,peak_abundance_with_occupancy_days_modifiers,0.1462
oltpar1,MX,0.10777759217343118,0.1138,0.1138,resident,0.1127,0.5207,0.4567,365.0,11.27,0.0449467470060331,uncommon,4.49467470060331,,peak_abundance_with_occupancy_days_modifiers,0.1127
lobdow,MX,0.10750820771528527,0.070825,0.1135,postbreeding_migration,0.12,0.3427,0.2654,168.0,12.0,0.04483440496123999,uncommon,4.4834404961239995,,peak_abundance_with_occupancy_days_modifiers,0.12
pinsis,MX,0.10714891551704307,0.064625,0.1131,prebreeding_migration,0.3013,0.1003,0.0559,119.0,30.130000000000003,0.044684568476587,uncommon,4.4684568476587,,peak_abundance_with_occupancy_days_modifiers,0.3013
indbun,MX,0.10634003577132656,0.062775,0.1122,nonbreeding,0.3883,0.5913,0.6666,112.0,38.83,0.044347239421856234,uncommon,4.434723942185624,,peak_abundance_with_occupancy_days_modifiers,0.3883
gwfgoo,MX,0.10634003577132656,0.085,0.1122,nonbreeding,0.0323,0.0349,0.0021,42.0,3.2300000000000004,0.044347239421856234,rare,4.434723942185624,rare,peak_abundance_with_occupancy_days_modifiers,0.0323
vauswi,MX,0.10490040982536977,0.086325,0.1106,prebreeding_migration,0.2717,0.5386,0.5287,140.0,27.169999999999998,0.04374686877085747,uncommon,4.374686877085747,,peak_abundance_with_occupancy_days_modifiers,0.2717
bkhgro,MX,0.10436001532424277,0.08134999999999999,0.11,prebreeding_migration,0.4853,0.9523,0.9997,147.0,48.53,0.04352150675973999,uncommon,4.3521506759739985,,peak_abundance_with_occupancy_days_modifiers,0.4853
blbgra1,MX,0.10390946339051156,0.1095,0.1095,resident,0.2066,0.0393,0.0287,365.0,20.66,0.043333612009355184,uncommon,4.333361200935518,,peak_abundance_with_occupancy_days_modifiers,0.2066
naswar,MX,0.10309795800356726,0.08999999999999998,0.1086,nonbreeding,0.352,0.9576,0.9916,140.0,35.199999999999996,0.04299518797718418,uncommon,4.2995187977184175,,peak_abundance_with_occupancy_days_modifiers,0.352
eleter1,MX,0.10228579354075011,0.067925,0.1077,prebreeding_migration,0.0141,0.7337,0.7895,175.0,1.41,0.04265648908902571,rare,4.265648908902571,rare,peak_abundance_with_occupancy_days_modifiers,0.0141
grsfly1,MX,0.10201492540672975,0.1074,0.1074,resident,0.1449,0.9506,0.9649,365.0,14.49,0.042543528303334584,uncommon,4.254352830333459,,peak_abundance_with_occupancy_days_modifiers,0.1449
stbori,MX,0.10120188050896729,0.1065,0.1065,resident,0.1587,0.7619,0.7978,365.0,15.870000000000001,0.042204462245285464,uncommon,4.220446224528547,,peak_abundance_with_occupancy_days_modifiers,0.1587
yeejun,MX,0.10047861856621904,0.1057,0.1057,resident,0.0732,0.9774,0.9832,365.0,7.32,0.04190283858767496,uncommon,4.190283858767496,,peak_abundance_with_occupancy_days_modifiers,0.0732
wesblu,MX,0.09966432311294532,0.0577,0.1048,nonbreeding,0.1891,0.3398,0.2194,147.0,18.91,0.04156325100747037,uncommon,4.156325100747036,,peak_abundance_with_occupancy_days_modifiers,0.1891
norfli,MX,0.09712671073072274,0.0807,0.102,postbreeding_migration,0.4941,0.1412,0.0745,112.0,49.41,0.040504984447204344,uncommon,4.050498444720434,,peak_abundance_with_occupancy_days_modifiers,0.4941
y00678,MX,0.09567375006828242,0.1004,0.1004,resident,0.2988,0.0537,0.0311,365.0,29.880000000000003,0.039899052787501485,uncommon,3.9899052787501486,,peak_abundance_with_occupancy_days_modifiers,0.2988
rebpig1,MX,0.09421867523898174,0.0988,0.0988,resident,0.2049,0.543,0.6228,365.0,20.49,0.03929223945173698,uncommon,3.929223945173698,,peak_abundance_with_occupancy_days_modifiers,0.2049
calqua,MX,0.09394561284252785,0.0985,0.0985,resident,0.0458,0.0854,0.1628,365.0,4.58,0.039178363587535785,rare,3.9178363587535783,rare,peak_abundance_with_occupancy_days_modifiers,0.0458
clcrob,MX,0.09239684926596758,0.0968,0.0968,resident,0.1893,0.421,0.268,365.0,18.93,0.03853247900945208,uncommon,3.853247900945208,,peak_abundance_with_occupancy_days_modifiers,0.1893
westan,MX,0.09230567078402613,0.061450000000000005,0.0967,prebreeding_migration,0.6512,0.7477,0.7422,140.0,65.12,0.038494454629081604,uncommon,3.8494454629081605,,peak_abundance_with_occupancy_days_modifiers,0.6512
rugdov,MX,0.09084568329957642,0.0951,0.0951,resident,0.1483,0.0347,0.0252,365.0,14.829999999999998,0.03788559255699205,uncommon,3.788559255699205,,peak_abundance_with_occupancy_days_modifiers,0.1483
dickci,MX,0.08929210747876185,0.027875,0.0934,postbreeding_migration,0.3423,0.1815,0.0261,140.0,34.23,0.03723770111717885,uncommon,3.7237701117178847,,peak_abundance_with_occupancy_days_modifiers,0.3423
whcsee1,MX,0.08920064545830204,0.0933,0.0933,resident,0.1217,0.4207,0.4259,365.0,12.17,0.03719955849206202,uncommon,3.7199558492062015,,peak_abundance_with_occupancy_days_modifiers,0.1217
gamqua,MX,0.0880108773227133,0.092,0.092,resident,0.0928,0.3853,0.3009,365.0,9.28,0.03670338664123712,uncommon,3.6703386641237126,,peak_abundance_with_occupancy_days_modifiers,0.0928
pyrrhu,MX,0.08571887540253752,0.0895,0.0895,resident,0.2893,0.5958,0.5422,365.0,28.93,0.03574754759931719,uncommon,3.574754759931719,,peak_abundance_with_occupancy_days_modifiers,0.2893
bracor,MX,0.08351360022781763,0.0871,0.0871,resident,0.0104,0.063,0.0749,365.0,1.04,0.03482787641945525,rare,3.482787641945525,rare,peak_abundance_with_occupancy_days_modifiers,0.0104
rotbec,MX,0.08277742645756815,0.0665,0.0863,breeding,0.4546,0.735,0.7846,210.0,45.46,0.03452086811154434,uncommon,3.452086811154434,,peak_abundance_with_occupancy_days_modifiers,0.4546
spotow,MX,0.08130345106403479,0.07817500000000001,0.0847,breeding,0.1641,0.2565,0.2199,98.0,16.41,0.033906172628278615,uncommon,3.3906172628278615,,peak_abundance_with_occupancy_days_modifiers,0.1641
whiibi,MX,0.08084238784410075,0.073575,0.0842,postbreeding_migration,0.0547,0.1821,0.1303,105.0,5.47,0.03371389433107178,uncommon,3.3713894331071783,,peak_abundance_with_occupancy_days_modifiers,0.0547
renpha,MX,0.07714620917665369,0.029099999999999997,0.0802,postbreeding_migration,0.0356,0.0008,0.0006,14.0,3.56,0.03217246810225505,rare,3.2172468102255047,rare,peak_abundance_with_occupancy_days_modifiers,0.0356
comyel,MX,0.07631268284916357,0.053875000000000006,0.0793,nonbreeding,0.2765,0.3013,0.3083,133.0,27.650000000000002,0.031824860624586726,uncommon,3.182486062458673,,peak_abundance_with_occupancy_days_modifiers,0.2765
phaino,MX,0.0761273603875509,0.0791,0.0791,resident,0.2069,0.6037,0.5444,365.0,20.69,0.03174757515523577,uncommon,3.1747575155235768,,peak_abundance_with_occupancy_days_modifiers,0.2069
cavswa,MX,0.0744579109180098,0.051025,0.0773,breeding,0.1666,0.3389,0.2662,133.0,16.66,0.031051360650591095,uncommon,3.1051360650591096,,peak_abundance_with_occupancy_days_modifiers,0.1666
weskin,MX,0.07390080783953423,0.048025,0.0767,postbreeding_migration,0.3376,0.4887,0.1507,112.0,33.76,0.030819030621504644,uncommon,3.0819030621504644,,peak_abundance_with_occupancy_days_modifiers,0.3376
blhsal1,MX,0.07362213987061368,0.0764,0.0764,resident,0.1335,0.4938,0.4491,365.0,13.350000000000001,0.03070281705201239,uncommon,3.070281705201239,,peak_abundance_with_occupancy_days_modifiers,0.1335
tropew4,MX,0.07331215509476925,0.0760663840978778,0.0760663840978778,resident,0.3856930695725917,0.2462354335785062,0.3045325263811595,365.0,38.56930695725917,0.030573543359636902,uncommon,3.0573543359636903,,peak_abundance_with_occupancy_days_modifiers,0.3856930695725917
grbher3,MX,0.07306457085700514,0.0614,0.0758,nonbreeding,0.1713,0.158,0.2232,175.0,17.130000000000003,0.030470292712883183,uncommon,3.0470292712883182,,peak_abundance_with_occupancy_days_modifiers,0.1713
btywar,MX,0.07250669078674805,0.048975000000000005,0.0752,nonbreeding,0.3459,0.9313,0.9884,119.0,34.589999999999996,0.030237638653055874,uncommon,3.0237638653055874,,peak_abundance_with_occupancy_days_modifiers,0.3459
spbwre1,MX,0.07176236622689076,0.0744,0.0744,resident,0.1341,0.6234,0.6009,365.0,13.41,0.02992723120186283,uncommon,2.992723120186283,,peak_abundance_with_occupancy_days_modifiers,0.1341
varbun,MX,0.07166928669035966,0.06415,0.0743,prebreeding_migration,0.4597,0.9845,0.9962,84.0,45.97,0.02988841402015061,uncommon,2.988841402015061,,peak_abundance_with_occupancy_days_modifiers,0.4597
canwre,MX,0.07111062745795275,0.0737,0.0737,resident,0.3122,0.6422,0.7096,365.0,31.22,0.02965543502446875,uncommon,2.965543502446875,,peak_abundance_with_occupancy_days_modifiers,0.3122
woosto,MX,0.07008560756668776,0.04805,0.0726,postbreeding_migration,0.0487,0.0375,0.0763,161.0,4.87,0.02922796852795705,rare,2.922796852795705,rare,peak_abundance_with_occupancy_days_modifiers,0.0487
whevir,MX,0.06952606264861023,0.051649999999999995,0.072,nonbreeding,0.222,0.3764,0.5368,112.0,22.2,0.02899462017266192,uncommon,2.8994620172661922,,peak_abundance_with_occupancy_days_modifiers,0.222
orfpar,MX,0.06915285868831662,0.0716,0.0716,resident,0.0466,0.503,0.5115,365.0,4.66,0.02883898203261169,rare,2.883898203261169,rare,peak_abundance_with_occupancy_days_modifiers,0.0466
cintea,MX,0.0688728642863754,0.038725,0.0713,nonbreeding,0.0402,0.1454,0.513,168.0,4.02,0.028722215297584668,rare,2.8722215297584666,rare,peak_abundance_with_occupancy_days_modifiers,0.0402
eursta,MX,0.0688728642863754,0.0465,0.0713,nonbreeding,0.04,0.0067,0.0011,140.0,4.0,0.028722215297584668,rare,2.8722215297584666,rare,peak_abundance_with_occupancy_days_modifiers,0.04
gnttow,MX,0.0683126401820873,0.05293333333333333,0.0707,nonbreeding,0.5325,0.7137,0.7581,133.0,53.25,0.02848858369963992,uncommon,2.848858369963992,,peak_abundance_with_occupancy_days_modifiers,0.5325
strspa1,MX,0.06787527751365095,0.0702318181809931,0.0702318181809931,resident,0.1167270630639134,1.0,1.0,365.0,11.672706306391339,0.028306189300102234,uncommon,2.8306189300102234,,peak_abundance_with_occupancy_days_modifiers,0.1167270630639134
sursco,MX,0.06756518616242381,0.024475000000000004,0.0699,nonbreeding,0.0059,0.0892,0.1258,84.0,0.59,0.028176871162340026,very_rare,2.8176871162340027,very_rare,peak_abundance_with_occupancy_days_modifiers,0.0059
scoori,MX,0.06672363204290818,0.038525000000000004,0.069,breeding,0.3312,0.9449,0.9813,126.0,33.12,0.027825915835365443,uncommon,2.7825915835365445,,peak_abundance_with_occupancy_days_modifiers,0.3312
brbsol1,MX,0.06606859996970468,0.0683,0.0683,resident,0.1289,0.9201,0.9218,365.0,12.889999999999999,0.02755274624341784,uncommon,2.755274624341784,,peak_abundance_with_occupancy_days_modifiers,0.1289
calgul,MX,0.06597498892353289,0.04005,0.0682,nonbreeding,0.0133,0.2834,0.1636,140.0,1.3299999999999998,0.02751370740496909,rare,2.751370740496909,rare,peak_abundance_with_occupancy_days_modifiers,0.0133
nobtyr,MX,0.0657877405380031,0.052500000000000005,0.068,breeding,0.5792,0.7788,0.8563,210.0,57.92,0.027435618762961286,fairly_common,2.7435618762961287,,peak_abundance_with_occupancy_days_modifiers,0.5792
rubrob,MX,0.06381951271295404,0.057050000000000003,0.0659,breeding,0.1517,1.0,1.0,231.0,15.17,0.026614804006213338,uncommon,2.661480400621334,,peak_abundance_with_occupancy_days_modifiers,0.1517
lucwar,MX,0.06325644963501485,0.030224999999999995,0.0653,breeding,0.0868,0.9944,0.9996,112.0,8.68,0.0263799884642976,uncommon,2.63799884642976,,peak_abundance_with_occupancy_days_modifiers,0.0868
altori,MX,0.06325644963501485,0.0653,0.0653,resident,0.1389,0.7082,0.7582,365.0,13.889999999999999,0.0263799884642976,uncommon,2.63799884642976,,peak_abundance_with_occupancy_days_modifiers,0.1389
brbhum,MX,0.06250520535139711,0.056825,0.0645,prebreeding_migration,0.2831,0.9954,0.9963,91.0,28.310000000000002,0.026066695264156732,uncommon,2.6066695264156734,,peak_abundance_with_occupancy_days_modifiers,0.2831
leafly,MX,0.06212937146554879,0.04623333333333334,0.0641,nonbreeding,0.4678,0.7032,0.7933,140.0,46.78,0.025909960359963156,uncommon,2.590996035996316,,peak_abundance_with_occupancy_days_modifiers,0.4678
lilmea2,MX,0.06184740332608015,0.05555,0.0638,nonbreeding,0.1739,0.5789,0.6418,98.0,17.39,0.025792370512455122,uncommon,2.5792370512455123,,peak_abundance_with_occupancy_days_modifiers,0.1739
purmar,MX,0.061471322088101056,0.022675,0.0634,postbreeding_migration,0.1479,0.0634,0.0268,140.0,14.790000000000001,0.025635532454410838,uncommon,2.5635532454410837,,peak_abundance_with_occupancy_days_modifiers,0.1479
rocwre,MX,0.06137727967490342,0.04655,0.0633,nonbreeding,0.4576,0.4764,0.4699,112.0,45.76,0.025596313721939726,uncommon,2.5596313721939725,,peak_abundance_with_occupancy_days_modifiers,0.4576
wewpew,MX,0.06137727967490342,0.05216666666666666,0.0633,breeding,0.2477,0.2273,0.198,126.0,24.77,0.025596313721939726,uncommon,2.5596313721939725,,peak_abundance_with_occupancy_days_modifiers,0.2477
lsspet,MX,0.0608892056495644,0.03296420737383025,0.0627811575159266,breeding,0.0473427090358215,0.0220893265614701,0.017681178319398,105.0,4.73427090358215,0.02539277104396053,rare,2.539277104396053,rare,peak_abundance_with_occupancy_days_modifiers,0.0473427090358215
grefla2,MX,0.06062462181643484,0.0625,0.0625,resident,0.0029,0.0738,0.1464,365.0,0.29,0.025282431015298357,very_rare,2.528243101529836,very_rare,peak_abundance_with_occupancy_days_modifiers,0.0029
towwar,MX,0.060248080345356884,0.05163333333333333,0.0621,postbreeding_migration,0.3412,0.7825,0.7843,112.0,34.12,0.02512540102514433,uncommon,2.512540102514433,,peak_abundance_with_occupancy_days_modifiers,0.3412
magwar,MX,0.05921185963184608,0.0386,0.061,nonbreeding,0.1804,0.4116,0.5229,133.0,18.04,0.02469326342294554,uncommon,2.469326342294554,,peak_abundance_with_occupancy_days_modifiers,0.1804
roahaw,MX,0.05902334044946101,0.0608,0.0608,resident,0.1593,0.0224,0.0421,365.0,15.93,0.02461464481748616,uncommon,2.461464481748616,,peak_abundance_with_occupancy_days_modifiers,0.1593
fragul,MX,0.05770271012828925,0.016125,0.0594,prebreeding_migration,0.0227,0.0349,0.0275,84.0,2.27,0.024063899196460504,rare,2.4063899196460503,rare,peak_abundance_with_occupancy_days_modifiers,0.0227
paired,MX,0.057513906200606715,0.048225,0.0592,postbreeding_migration,0.265,0.8658,0.9321,91.0,26.5,0.023985161842988774,uncommon,2.3985161842988774,,peak_abundance_with_occupancy_days_modifiers,0.265
rucwar,MX,0.05713619137080915,0.0588,0.0588,resident,0.1849,0.9857,0.9835,365.0,18.490000000000002,0.02382764252424191,uncommon,2.3827642524241908,,peak_abundance_with_occupancy_days_modifiers,0.1849
grepew,MX,0.056663847117541744,0.057124999999999995,0.0583,postbreeding_migration,0.3028,0.9179,0.943,119.0,30.28,0.023630659670726327,uncommon,2.363065967072633,,peak_abundance_with_occupancy_days_modifiers,0.3028
shbdow,MX,0.056663847117541744,0.03715,0.0583,nonbreeding,0.0266,0.2887,0.2845,147.0,2.6599999999999997,0.023630659670726327,rare,2.363065967072633,rare,peak_abundance_with_occupancy_days_modifiers,0.0266
grycat,MX,0.05600219011528479,0.03326666666666667,0.0576,nonbreeding,0.1757,0.2277,0.2479,98.0,17.57,0.02335472726877254,uncommon,2.335472726877254,,peak_abundance_with_occupancy_days_modifiers,0.1757
compoo,MX,0.05590763193829598,0.028575000000000003,0.0575,prebreeding_migration,0.2984,0.2786,0.4716,84.0,29.84,0.023315293446094187,uncommon,2.3315293446094185,,peak_abundance_with_occupancy_days_modifiers,0.2984
sctfly,MX,0.05581306481921279,0.0302,0.0574,postbreeding_migration,0.0897,0.258,0.2007,119.0,8.97,0.023275855894272737,uncommon,2.3275855894272737,,peak_abundance_with_occupancy_days_modifiers,0.0897
rucspa,MX,0.05562390374799708,0.0572,0.0572,resident,0.1884,0.6078,0.6094,365.0,18.84,0.023196969600379286,uncommon,2.3196969600379287,,peak_abundance_with_occupancy_days_modifiers,0.1884
heptan,MX,0.05534009503316459,0.050550000000000005,0.0569,prebreeding_migration,0.2501,0.1616,0.4156,140.0,25.009999999999998,0.023078612173325665,uncommon,2.3078612173325666,,peak_abundance_with_occupancy_days_modifiers,0.2501
yucjay1,MX,0.05515084446484804,0.0567,0.0567,resident,0.0532,0.9627,0.9768,365.0,5.319999999999999,0.022999688556242227,uncommon,2.299968855624223,,peak_abundance_with_occupancy_days_modifiers,0.0532
moublu,MX,0.05515084446484804,0.027,0.0567,nonbreeding,0.2033,0.2233,0.0917,70.0,20.330000000000002,0.022999688556242227,uncommon,2.299968855624223,,peak_abundance_with_occupancy_days_modifiers,0.2033
sabjay,MX,0.0543506420177056,0.0558547642990448,0.0558547642990448,resident,0.0713050347059137,1.0,1.0,365.0,7.13050347059137,0.022665978216086884,uncommon,2.2665978216086886,,peak_abundance_with_occupancy_days_modifiers,0.0713050347059137
greroa,MX,0.054298773407378806,0.0558,0.0558,resident,0.4502,0.5805,0.6559,365.0,45.019999999999996,0.02264434732548248,uncommon,2.264434732548248,,peak_abundance_with_occupancy_days_modifiers,0.4502
lessca,MX,0.05325636630043149,0.025599999999999998,0.0547,nonbreeding,0.0181,0.138,0.0881,112.0,1.81,0.022209629796834576,rare,2.2209629796834576,rare,peak_abundance_with_occupancy_days_modifiers,0.0181
easblu,MX,0.053161548114232356,0.0436,0.0546,nonbreeding,0.1801,0.0995,0.0559,105.0,18.01,0.02217008754189344,uncommon,2.217008754189344,,peak_abundance_with_occupancy_days_modifiers,0.1801
batpig1,MX,0.05297188476610572,0.03665,0.0544,breeding,0.1681,0.2801,0.1805,112.0,16.81,0.022090991782258672,uncommon,2.209099178225867,,peak_abundance_with_occupancy_days_modifiers,0.1681
chirav,MX,0.05249756895775399,0.0539,0.0539,resident,0.1309,0.3483,0.3692,365.0,13.089999999999998,0.021893186726411443,uncommon,2.189318672641144,,peak_abundance_with_occupancy_days_modifiers,0.1309
semplo,MX,0.05211795426210667,0.026725,0.0535,nonbreeding,0.022,0.1543,0.1771,161.0,2.1999999999999997,0.021734875102065877,rare,2.173487510206588,rare,peak_abundance_with_occupancy_days_modifiers,0.022
bkchum,MX,0.05211795426210667,0.03185,0.0535,postbreeding_migration,0.4997,0.9859,0.9917,126.0,49.97,0.021734875102065877,uncommon,2.173487510206588,,peak_abundance_with_occupancy_days_modifiers,0.4997
bawwar,MX,0.05164323315183845,0.041133333333333334,0.053,nonbreeding,0.4187,0.4241,0.4014,112.0,41.870000000000005,0.02153690102219108,uncommon,2.153690102219108,,peak_abundance_with_occupancy_days_modifiers,0.4187
whcsee2,MX,0.05097824476462945,0.0523,0.0523,resident,0.1198,1.0,1.0,365.0,11.98,0.021259579324803986,uncommon,2.1259579324803988,,peak_abundance_with_occupancy_days_modifiers,0.1198
btnwar,MX,0.05078816683210506,0.0319,0.0521,nonbreeding,0.2187,0.5319,0.5713,98.0,21.87,0.021180310670046373,uncommon,2.118031067004637,,peak_abundance_with_occupancy_days_modifiers,0.2187
yewcac1,MX,0.05059805276309138,0.0519,0.0519,resident,0.0391,0.9929,0.999,365.0,3.91,0.021101026945202214,rare,2.1101026945202213,rare,peak_abundance_with_occupancy_days_modifiers,0.0391
wtmjay1,MX,0.05050298217310676,0.0518,0.0518,resident,0.0593,0.5306,0.5693,365.0,5.93,0.02106137942970682,uncommon,2.106137942970682,,peak_abundance_with_occupancy_days_modifiers,0.0593
whnswi1,MX,0.05040959688915746,0.051701781944474,0.051701781944474,resident,0.1562660929410481,1.0,1.0,365.0,15.62660929410481,0.0210224347414176,uncommon,2.10224347414176,,peak_abundance_with_occupancy_days_modifiers,0.1562660929410481
lazbun,MX,0.050407902543845695,0.031275,0.0517,postbreeding_migration,0.4688,0.9323,0.9431,140.0,46.88,0.02102172814454035,uncommon,2.102172814454035,,peak_abundance_with_occupancy_days_modifiers,0.4688
mastit1,MX,0.050312813873589095,0.0516,0.0516,resident,0.1471,0.066,0.1853,365.0,14.71,0.020982073088985892,uncommon,2.0982073088985893,,peak_abundance_with_occupancy_days_modifiers,0.1471
paibun,MX,0.050027493599648164,0.042725,0.0513,breeding,0.0865,0.6201,0.6578,133.0,8.649999999999999,0.02086308529282241,uncommon,2.086308529282241,,peak_abundance_with_occupancy_days_modifiers,0.0865
stejay,MX,0.049456608712592526,0.0507,0.0507,resident,0.0601,0.0918,0.1183,365.0,6.01,0.020625007803145662,uncommon,2.0625007803145663,,peak_abundance_with_occupancy_days_modifiers,0.0601
orcori,MX,0.04917104400644938,0.0363,0.0504,prebreeding_migration,0.2669,0.5732,0.5303,140.0,26.69,0.020505918070836435,uncommon,2.0505918070836437,,peak_abundance_with_occupancy_days_modifiers,0.2669
rthhum,MX,0.04888539772981063,0.035899999999999994,0.0501,postbreeding_migration,0.4803,0.6527,0.4611,105.0,48.03,0.02038679432098836,uncommon,2.038679432098836,,peak_abundance_with_occupancy_days_modifiers,0.4803
sumtan,MX,0.048504409059614985,0.04525,0.0497,prebreeding_migration,0.6469,0.3111,0.309,105.0,64.69,0.02022790970475114,rare,2.022790970475114,,peak_abundance_with_occupancy_days_modifiers,0.6469
greela,MX,0.04821857227047433,0.0382,0.0494,nonbreeding,0.2597,0.0791,0.3193,154.0,25.97,0.020108706505018715,rare,2.0108706505018716,,peak_abundance_with_occupancy_days_modifiers,0.2597
squcuc1,MX,0.04812327518172827,0.0493,0.0493,resident,0.2813,0.0431,0.051,365.0,28.13,0.020068964532203182,rare,2.0068964532203184,,peak_abundance_with_occupancy_days_modifiers,0.2813
britit,MX,0.04783732941416013,0.049,0.049,resident,0.1094,0.8454,0.7749,365.0,10.94,0.019949715884936606,rare,1.9949715884936607,,peak_abundance_with_occupancy_days_modifiers,0.1094
mexchi,MX,0.047551301858222386,0.0487,0.0487,resident,0.0565,0.9987,0.9988,365.0,5.65,0.019830433129270672,rare,1.9830433129270673,,peak_abundance_with_occupancy_days_modifiers,0.0565
herthr,MX,0.04707440738592883,0.02445,0.0482,nonbreeding,0.3826,0.219,0.1615,98.0,38.26,0.01963155268703311,rare,1.9631552687033111,,peak_abundance_with_occupancy_days_modifiers,0.3826
bktgna,MX,0.046979001193994605,0.0481,0.0481,resident,0.1868,0.5985,0.5102,365.0,18.68,0.019591765214654108,rare,1.9591765214654107,,peak_abundance_with_occupancy_days_modifiers,0.1868
grnjay,MX,0.04631090286325025,0.0474,0.0474,resident,0.1159,0.4043,0.3675,365.0,11.59,0.01931314657007727,rare,1.931314657007727,,peak_abundance_with_occupancy_days_modifiers,0.1159
blcspa1,MX,0.04604764961266073,0.0471243048357488,0.0471243048357488,resident,0.2089489674672795,1.0,1.0,365.0,20.89489674672795,0.019203361437433675,rare,1.9203361437433675,,peak_abundance_with_occupancy_days_modifiers,0.2089489674672795
dunlin,MX,0.04573789167385374,0.03966666666666666,0.0468,nonbreeding,0.0116,0.0167,0.0108,70.0,1.16,0.01907418234345033,rare,1.907418234345033,rare,peak_abundance_with_occupancy_days_modifiers,0.0116
macwar,MX,0.04554681495597039,0.044899999999999995,0.0466,postbreeding_migration,0.6693,0.883,0.8984,119.0,66.93,0.018994497162845948,rare,1.8994497162845947,,peak_abundance_with_occupancy_days_modifiers,0.6693
yebcuc,MX,0.04554681495597039,0.014925,0.0466,breeding,0.2197,0.0992,0.0747,119.0,21.97,0.018994497162845948,rare,1.8994497162845947,,peak_abundance_with_occupancy_days_modifiers,0.2197
sthspa1,MX,0.04545126290391737,0.0465,0.0465,resident,0.0618,0.5695,0.5357,365.0,6.18,0.018954648862072786,rare,1.8954648862072785,,peak_abundance_with_occupancy_days_modifiers,0.0618
baisan,MX,0.0453557017207972,0.0169,0.0464,postbreeding_migration,0.1247,0.0664,0.0305,112.0,12.47,0.018914796753348857,rare,1.8914796753348857,,peak_abundance_with_occupancy_days_modifiers,0.1247
olispa,MX,0.04468651762240602,0.0457,0.0457,resident,0.1375,0.7231,0.6751,365.0,13.750000000000002,0.018635725308493736,rare,1.8635725308493736,,peak_abundance_with_occupancy_days_modifiers,0.1375
gryhaw2,MX,0.04468651762240602,0.0374,0.0457,breeding,0.3621,0.6757,0.672,154.0,36.21,0.018635725308493736,rare,1.8635725308493736,,peak_abundance_with_occupancy_days_modifiers,0.3621
grasal2,MX,0.044208254664320365,0.0452,0.0452,resident,0.1564,0.6359,0.6865,365.0,15.64,0.018436274163353576,rare,1.8436274163353576,,peak_abundance_with_occupancy_days_modifiers,0.1564
whswoo1,MX,0.043172915540254854,0.0441184235433516,0.0441184235433516,resident,0.2017627690851395,1.0,1.0,365.0,20.176276908513948,0.018004504212509487,rare,1.8004504212509487,,peak_abundance_with_occupancy_days_modifiers,0.2017627690851395
graspa,MX,0.04296369943211568,0.0175,0.0439,nonbreeding,0.4203,0.5466,0.6539,98.0,42.03,0.017917254318607752,rare,1.7917254318607752,,peak_abundance_with_occupancy_days_modifiers,0.4203
sinwre1,MX,0.042867900227175806,0.0438,0.0438,resident,0.1253,1.0,1.0,365.0,12.53,0.01787730294707514,rare,1.7877302947075142,,peak_abundance_with_occupancy_days_modifiers,0.1253
bcnher,MX,0.04258044753511839,0.032125,0.0435,breeding,0.1057,0.0202,0.0181,112.0,10.57,0.01775742586348511,rare,1.775742586348511,,peak_abundance_with_occupancy_days_modifiers,0.1057
norhar2,MX,0.042292912190251455,0.02115,0.0432,nonbreeding,0.2857,0.1544,0.1139,147.0,28.57,0.017637514310996184,rare,1.7637514310996183,,peak_abundance_with_occupancy_days_modifiers,0.2857
casspa,MX,0.042292912190251455,0.02775,0.0432,breeding,0.1729,0.5391,0.5359,112.0,17.29,0.017637514310996184,rare,1.7637514310996183,,peak_abundance_with_occupancy_days_modifiers,0.1729
fepowl,MX,0.04200529414503013,0.0429,0.0429,resident,0.2375,0.06,0.1091,365.0,23.75,0.01751756826978078,rare,1.7517568269780779,,peak_abundance_with_occupancy_days_modifiers,0.2375
stisan,MX,0.04200529414503013,0.025750000000000002,0.0429,prebreeding_migration,0.0272,0.0907,0.2506,119.0,2.7199999999999998,0.01751756826978078,rare,1.7517568269780779,rare,peak_abundance_with_occupancy_days_modifiers,0.0272
btmjay,MX,0.04190940307720961,0.0428,0.0428,resident,0.0382,1.0,1.0,365.0,3.82,0.01747757858845137,rare,1.7477578588451372,rare,peak_abundance_with_occupancy_days_modifiers,0.0382
grhowl,MX,0.04008572353928564,0.0409,0.0409,resident,0.3762,0.088,0.1087,365.0,37.62,0.016717045149559465,rare,1.6717045149559466,,peak_abundance_with_occupancy_days_modifiers,0.3762
norbob,MX,0.03998964821615847,0.0408,0.0408,resident,0.0907,0.0841,0.1196,365.0,9.07,0.016676978627798888,rare,1.6676978627798889,,peak_abundance_with_occupancy_days_modifiers,0.0907
spowre1,MX,0.039921338964134245,0.0407289061587044,0.0407289061587044,resident,0.1311988876750512,1.0,1.0,365.0,13.11988876750512,0.016648491457070844,rare,1.6648491457070844,,peak_abundance_with_occupancy_days_modifiers,0.1311988876750512
orbbun1,MX,0.039675689946785817,0.0404732835235904,0.0404732835235904,resident,0.2201069797516571,1.0,1.0,365.0,22.010697975165712,0.016546047859915,rare,1.6546047859915,,peak_abundance_with_occupancy_days_modifiers,0.2201069797516571
gryfly,MX,0.03912455468405003,0.0232,0.0399,nonbreeding,0.5025,0.8851,0.9466,126.0,50.24999999999999,0.016316206603298102,rare,1.6316206603298102,,peak_abundance_with_occupancy_days_modifiers,0.5025
grhtan1,MX,0.03911524155244024,0.0398903153195364,0.0398903153195364,resident,0.2009976693188136,0.0475881755758753,0.0963856119662493,365.0,20.099766931881362,0.016312322725751224,rare,1.6312322725751223,,peak_abundance_with_occupancy_days_modifiers,0.2009976693188136
whehum,MX,0.038932210001787475,0.037599999999999995,0.0397,nonbreeding,0.149,0.8988,0.8554,161.0,14.899999999999999,0.016235992640476416,rare,1.6235992640476415,,peak_abundance_with_occupancy_days_modifiers,0.149
blumoc,MX,0.03883602378519815,0.0396,0.0396,resident,0.1906,0.9992,1.0,365.0,19.06,0.016195879872550122,rare,1.6195879872550123,,peak_abundance_with_occupancy_days_modifiers,0.1906
redhea,MX,0.038643623592204426,0.021124999999999998,0.0394,nonbreeding,0.0108,0.1101,0.0609,91.0,1.08,0.016115642759955476,rare,1.6115642759955477,rare,peak_abundance_with_occupancy_days_modifiers,0.0108
rufhum,MX,0.03854740961223893,0.016225,0.0393,postbreeding_migration,0.3327,0.9535,0.9873,105.0,33.269999999999996,0.016075518413801934,rare,1.6075518413801935,,peak_abundance_with_occupancy_days_modifiers,0.3327
bkbplo,MX,0.03777736433402994,0.02615,0.0385,nonbreeding,0.0176,0.0547,0.0728,140.0,1.76,0.01575438458992553,rare,1.5754384589925527,rare,peak_abundance_with_occupancy_days_modifiers,0.0176
greyel,MX,0.03710308795150221,0.021,0.0378,nonbreeding,0.0898,0.0908,0.0912,182.0,8.98,0.015473189497639128,rare,1.5473189497639128,,peak_abundance_with_occupancy_days_modifiers,0.0898
bobfly1,MX,0.0366211834556453,0.0373,0.0373,resident,0.1821,0.0354,0.0495,365.0,18.21,0.015272219713293851,rare,1.527221971329385,,peak_abundance_with_occupancy_days_modifiers,0.1821
elfowl,MX,0.0366088955889025,0.0372872538741392,0.0372872538741392,breeding,0.1088798511246758,0.32487896165832,0.3955701585087395,35.0,10.887985112467579,0.015267095274840516,rare,1.5267095274840516,,peak_abundance_with_occupancy_days_modifiers,0.1088798511246758
norjac,MX,0.03623549258209542,0.0369,0.0369,resident,0.0311,0.3498,0.4121,365.0,3.11,0.015111374125946762,rare,1.5111374125946762,rare,peak_abundance_with_occupancy_days_modifiers,0.0311
rtatan1,MX,0.03575316970581786,0.0364,0.0364,resident,0.0704,0.5206,0.5879,365.0,7.04,0.014910229863414132,rare,1.4910229863414133,,peak_abundance_with_occupancy_days_modifiers,0.0704
elequa,MX,0.03531284402569221,0.0359437469224629,0.0359437469224629,resident,0.1717967820475359,1.0,1.0,365.0,17.17967820475359,0.0147265997920258,rare,1.47265997920258,,peak_abundance_with_occupancy_days_modifiers,0.1717967820475359
wemcha1,MX,0.035174075007654036,0.0358,0.0358,resident,0.054,1.0,1.0,365.0,5.4,0.014668728616577798,rare,1.4668728616577797,,peak_abundance_with_occupancy_days_modifiers,0.054
hapwre1,MX,0.035174075007654036,0.0358,0.0358,resident,0.1133,1.0,1.0,365.0,11.33,0.014668728616577798,rare,1.4668728616577797,,peak_abundance_with_occupancy_days_modifiers,0.1133
gocwoo1,MX,0.03498096889524552,0.0356,0.0356,resident,0.0509,1.0,1.0,365.0,5.09,0.014588197112721444,rare,1.4588197112721444,,peak_abundance_with_occupancy_days_modifiers,0.0509
monoro1,MX,0.03469123978993036,0.0353,0.0353,resident,0.0492,0.3228,0.2642,365.0,4.92,0.014467370691066583,rare,1.4467370691066583,rare,peak_abundance_with_occupancy_days_modifiers,0.0492
leater1,MX,0.03469123978993036,0.020733333333333336,0.0353,breeding,0.0178,0.2432,0.2537,98.0,1.78,0.014467370691066583,rare,1.4467370691066583,rare,peak_abundance_with_occupancy_days_modifiers,0.0178
whbnut,MX,0.03420817132973701,0.0348,0.0348,resident,0.0983,0.0615,0.0519,365.0,9.83,0.014265915495890543,rare,1.4265915495890542,,peak_abundance_with_occupancy_days_modifiers,0.0983
casauk,MX,0.03384612208103839,0.014319380981592076,0.0344254192498779,nonbreeding,0.016314421552274,0.0093044440106708,0.0034517362157447,63.0,1.6314421552274,0.014114929231892406,rare,1.4114929231892406,rare,peak_abundance_with_occupancy_days_modifiers,0.016314421552274
bulori,MX,0.03362818097998405,0.024775000000000002,0.0342,postbreeding_migration,0.4985,0.986,0.997,126.0,49.85,0.014024040733330106,rare,1.4024040733330105,,peak_abundance_with_occupancy_days_modifiers,0.4985
thbkin,MX,0.03333805961051037,0.029150000000000002,0.0339,breeding,0.1732,0.9998,0.9999,105.0,17.32,0.013903050724815232,rare,1.3903050724815231,,peak_abundance_with_occupancy_days_modifiers,0.1732
coohaw,MX,0.03333805961051037,0.0235,0.0339,postbreeding_migration,0.7453,0.2774,0.3105,112.0,74.53,0.013903050724815232,rare,1.3903050724815231,,peak_abundance_with_occupancy_days_modifiers,0.7453
giawre1,MX,0.03308873790586357,0.0336422584211857,0.0336422584211857,resident,0.0791019714073167,0.889052675252115,0.9557146265767164,365.0,7.91019714073167,0.013799075498092405,rare,1.3799075498092406,,peak_abundance_with_occupancy_days_modifiers,0.0791019714073167
easpho,MX,0.0329511001396859,0.01665,0.0335,nonbreeding,0.1462,0.1207,0.0661,112.0,14.62,0.01374167609131306,rare,1.374167609131306,,peak_abundance_with_occupancy_days_modifiers,0.1462
tawwoo1,MX,0.032865768058081696,0.0334118130563033,0.0334118130563033,resident,0.2156148751348263,0.5541792934437718,0.5862568355978496,365.0,21.56148751348263,0.013706089849256396,rare,1.3706089849256395,,peak_abundance_with_occupancy_days_modifiers,0.2156148751348263
grbwoo1,MX,0.03241633730995255,0.0329474703647935,0.0329474703647935,resident,0.1525965137132884,1.0,1.0,365.0,15.25965137132884,0.01351866266958449,rare,1.351866266958449,,peak_abundance_with_occupancy_days_modifiers,0.1525965137132884
sposan,MX,0.03198304585305077,0.021875,0.0325,postbreeding_migration,0.2231,0.0973,0.1453,147.0,22.31,0.013337966097129075,rare,1.3337966097129075,,peak_abundance_with_occupancy_days_modifiers,0.2231
babwre1,MX,0.03191837058792741,0.0324332249481305,0.0324332249481305,resident,0.1320584643122345,0.2879532526660404,0.5402318640017554,365.0,13.205846431223451,0.013310994416648694,rare,1.3310994416648694,,peak_abundance_with_occupancy_days_modifiers,0.1320584643122345
ivbwoo1,MX,0.031789322489407336,0.0323,0.0323,resident,0.143,0.6403,0.6487,365.0,14.299999999999999,0.013257177179514116,rare,1.3257177179514115,,peak_abundance_with_occupancy_days_modifiers,0.143
ivbwoo,MX,0.031789322489407336,0.0323,0.0323,resident,0.143,0.6403,0.6487,365.0,14.299999999999999,0.013257177179514116,rare,1.3257177179514115,,peak_abundance_with_occupancy_days_modifiers,0.143
redkno,MX,0.03159556158975056,0.014275,0.0321,postbreeding_migration,0.0115,,,,1.15,0.013176372608165746,rare,1.3176372608165745,rare,peak_abundance_with_occupancy_days_modifiers,0.0115
amered,MX,0.03159556158975056,0.023366666666666664,0.0321,nonbreeding,0.1714,0.2351,0.1859,119.0,17.14,0.013176372608165746,rare,1.3176372608165745,,peak_abundance_with_occupancy_days_modifiers,0.1714
screup1,MX,0.031110995025052664,0.0316,0.0316,resident,0.1642,0.683,0.5855,365.0,16.42,0.01297429265488557,rare,1.2974292654885569,,peak_abundance_with_occupancy_days_modifiers,0.1642
coukin,MX,0.03101405352916946,0.0315,0.0315,resident,0.1499,0.6926,0.6457,365.0,14.99,0.01293386491102916,rare,1.293386491102916,,peak_abundance_with_occupancy_days_modifiers,0.1499
forter,MX,0.030820142339886263,0.019749999999999997,0.0313,postbreeding_migration,0.0177,0.2151,0.2454,147.0,1.77,0.012852997664038477,rare,1.2852997664038477,rare,peak_abundance_with_occupancy_days_modifiers,0.0177
brispa1,MX,0.030593818711232557,0.0310666188525997,0.0310666188525997,resident,0.200857293892658,1.0,1.0,365.0,20.0857293892658,0.012758613379945147,rare,1.2758613379945147,,peak_abundance_with_occupancy_days_modifiers,0.200857293892658
yeteup1,MX,0.030335199796072947,0.0308,0.0308,resident,0.0873,0.4457,0.4367,365.0,8.73,0.012650760915288583,rare,1.2650760915288584,,peak_abundance_with_occupancy_days_modifiers,0.0873
vesowl,MX,0.0299572541326847,0.0304104872221486,0.0304104872221486,resident,0.1866241145478295,0.5214051798990391,0.6366082317423453,365.0,18.66241145478295,0.012493145331457414,rare,1.2493145331457414,,peak_abundance_with_occupancy_days_modifiers,0.1866241145478295
plsvir,MX,0.029947076367952116,0.022675,0.0304,prebreeding_migration,0.3987,0.8319,0.9046,112.0,39.87,0.012488900873891595,rare,1.2488900873891595,,peak_abundance_with_occupancy_days_modifiers,0.3987
whlgna3,MX,0.029813770589058496,0.0302626508803471,0.0302626508803471,resident,0.0900510285692756,1.0,1.0,365.0,9.00510285692756,0.01243330804612896,rare,1.2433308046128961,,peak_abundance_with_occupancy_days_modifiers,0.0900510285692756
blkter,MX,0.029655884907510657,0.010325,0.0301,postbreeding_migration,0.0438,0.0207,0.039,133.0,4.38,0.012367464602781389,rare,1.2367464602781388,rare,peak_abundance_with_occupancy_days_modifiers,0.0438
whcpar,MX,0.0295588022415444,0.03,0.03,resident,0.0387,0.2791,0.2807,365.0,3.8699999999999997,0.012326977986427646,rare,1.2326977986427645,rare,peak_abundance_with_occupancy_days_modifiers,0.0387
hutvir,MX,0.029364608629903935,0.0298,0.0298,resident,0.1148,0.4399,0.5103,365.0,11.48,0.012245992960165918,rare,1.224599296016592,,peak_abundance_with_occupancy_days_modifiers,0.1148
sander,MX,0.029267497680568088,0.0267,0.0297,postbreeding_migration,0.0145,0.0475,0.0421,77.0,1.4500000000000002,0.012205494548730916,rare,1.2205494548730915,rare,peak_abundance_with_occupancy_days_modifiers,0.0145
gybmar,MX,0.029073247485707086,0.01745,0.0295,prebreeding_migration,0.1005,0.0176,0.0165,112.0,10.05,0.012124485925433415,rare,1.2124485925433415,,peak_abundance_with_occupancy_days_modifiers,0.1005
tromoc,MX,0.028976108236517098,0.0294,0.0294,resident,0.0616,0.0991,0.0971,365.0,6.16,0.012083975712042562,rare,1.2083975712042563,,peak_abundance_with_occupancy_days_modifiers,0.0616
blkski,MX,0.02878180142545205,0.019,0.0292,nonbreeding,0.0113,0.0208,0.0715,140.0,1.13,0.012002943477954007,rare,1.2002943477954007,rare,peak_abundance_with_occupancy_days_modifiers,0.0113
brratt1,MX,0.028587456851912555,0.029,0.029,resident,0.1639,0.0561,0.0624,365.0,16.39,0.011921895495690513,rare,1.1921895495690513,,peak_abundance_with_occupancy_days_modifiers,0.1639
manswa1,MX,0.028198654358678774,0.0286,0.0286,resident,0.0333,0.3887,0.4164,365.0,3.3300000000000005,0.011759752262145538,rare,1.1759752262145537,rare,peak_abundance_with_occupancy_days_modifiers,0.0333
dushum1,MX,0.028166078520542048,0.0285664930386542,0.0285664930386542,resident,0.2406959607425775,1.0,1.0,365.0,24.069596074257753,0.011746167082464754,rare,1.1746167082464753,,peak_abundance_with_occupancy_days_modifiers,0.2406959607425775
blhtro1,MX,0.028004196409597365,0.0284,0.0284,resident,0.0776,0.4813,0.4666,365.0,7.76,0.011678656998608672,rare,1.1678656998608672,,peak_abundance_with_occupancy_days_modifiers,0.0776
tropar,MX,0.027906953253007873,0.0169,0.0283,breeding,0.1794,0.0723,0.0708,203.0,17.94,0.01163810345246652,rare,1.163810345246652,,peak_abundance_with_occupancy_days_modifiers,0.1794
brthum,MX,0.027906953253007873,0.013875,0.0283,postbreeding_migration,0.277,0.9496,0.966,119.0,27.700000000000003,0.01163810345246652,rare,1.163810345246652,,peak_abundance_with_occupancy_days_modifiers,0.277
sltred,MX,0.027906953253007873,0.0283,0.0283,resident,0.0969,0.3227,0.2442,365.0,9.69,0.01163810345246652,rare,1.163810345246652,,peak_abundance_with_occupancy_days_modifiers,0.0969
compau,MX,0.027712438566535786,0.0281,0.0281,resident,0.1773,0.0276,0.0167,365.0,17.73,0.011556984527599937,rare,1.1556984527599936,,peak_abundance_with_occupancy_days_modifiers,0.1773
vichum,MX,0.027615167032973367,0.02735,0.028,nonbreeding,0.1989,0.9995,1.0,140.0,19.89,0.0115164191473409,rare,1.15164191473409,,peak_abundance_with_occupancy_days_modifiers,0.1989
rocpig,MX,0.02742059557599217,0.0278,0.0278,resident,0.0121,0.0014,0.0011,365.0,1.21,0.011435276547333144,rare,1.1435276547333144,rare,peak_abundance_with_occupancy_days_modifiers,0.0121
libher,MX,0.02712866738825262,0.016825,0.0275,nonbreeding,0.0749,0.0822,0.0853,133.0,7.489999999999999,0.011313533037075985,rare,1.1313533037075985,,peak_abundance_with_occupancy_days_modifiers,0.0749
royter1,MX,0.02703133905103043,0.022825,0.0274,postbreeding_migration,0.0193,0.2109,0.1708,126.0,1.9300000000000002,0.011272943967850873,rare,1.1272943967850872,rare,peak_abundance_with_occupancy_days_modifiers,0.0193
rucmot1,MX,0.02703133905103043,0.0274,0.0274,resident,0.1067,0.9897,0.9869,365.0,10.67,0.011272943967850873,rare,1.1272943967850872,,peak_abundance_with_occupancy_days_modifiers,0.1067
grnher,MX,0.026836653953559674,0.024299999999999995,0.0272,breeding,0.1022,0.2871,0.2827,119.0,10.22,0.011191753976077901,rare,1.11917539760779,,peak_abundance_with_occupancy_days_modifiers,0.1022
yelgro,MX,0.02664193094642118,0.01565,0.027,breeding,0.1095,0.9565,0.9838,49.0,10.95,0.011110548174745622,rare,1.1110548174745623,,peak_abundance_with_occupancy_days_modifiers,0.1095
coshum,MX,0.026544555222112288,0.019275,0.0269,breeding,0.1035,0.7543,0.7976,126.0,10.35,0.011069939343570421,rare,1.106993934357042,,peak_abundance_with_occupancy_days_modifiers,0.1035
sonspa,MX,0.02634977532278202,0.019450000000000002,0.0267,nonbreeding,0.111,0.0419,0.0129,119.0,11.1,0.010988709816351354,rare,1.0988709816351354,,peak_abundance_with_occupancy_days_modifiers,0.111
bongul,MX,0.02634977532278202,0.012575,0.0267,nonbreeding,0.0111,0.1458,0.1336,98.0,1.11,0.010988709816351354,rare,1.0988709816351354,rare,peak_abundance_with_occupancy_days_modifiers,0.0111
sincro1,MX,0.02634977532278202,0.0267,0.0267,resident,0.0114,1.0,1.0,365.0,1.1400000000000001,0.010988709816351354,rare,1.0988709816351354,rare,peak_abundance_with_occupancy_days_modifiers,0.0114
barant1,MX,0.02615495747685121,0.0265,0.0265,resident,0.1256,0.03,0.0294,365.0,12.559999999999999,0.010907464464170718,rare,1.0907464464170717,,peak_abundance_with_occupancy_days_modifiers,0.1256
obnthr1,MX,0.02586265952572737,0.0262,0.0262,resident,0.1379,0.7977,0.7759,365.0,13.79,0.010785566750605149,rare,1.078556675060515,,peak_abundance_with_occupancy_days_modifiers,0.1379
berhum,MX,0.02586265952572737,0.0262,0.0262,resident,0.1074,0.942,0.9562,365.0,10.74,0.010785566750605149,rare,1.078556675060515,,peak_abundance_with_occupancy_days_modifiers,0.1074
tuffly,MX,0.025765207886026414,0.0261,0.0261,resident,0.1175,0.8669,0.8971,365.0,11.75,0.010744926260252448,rare,1.0744926260252448,,peak_abundance_with_occupancy_days_modifiers,0.1175
sooshe,MX,0.025654960269833556,0.010620263059672348,0.0259868811566805,nonbreeding,0.014781354510865,0.00030786922801791076,3.109262847511749e-05,21.0,1.4781354510865,0.010698949433222745,rare,1.0698949433222744,rare,peak_abundance_with_occupancy_days_modifiers,0.014781354510865
bucmot2,MX,0.025277807184268544,0.0256,0.0256,resident,0.0795,0.387,0.3572,365.0,7.95,0.010541664380016531,rare,1.054166438001653,,peak_abundance_with_occupancy_days_modifiers,0.0795
phecuc1,MX,0.025266695856862857,0.0255886042859236,0.0255886042859236,resident,0.4269370501460333,0.0705384956490859,0.2308731571535026,365.0,42.69370501460333,0.010537030596576649,rare,1.0537030596576649,,peak_abundance_with_occupancy_days_modifiers,0.4269370501460333
milmac,MX,0.02508433633199518,0.0254015954872724,0.0254015954872724,resident,0.1880075640865153,0.4226815002411963,0.7532683925864312,365.0,18.80075640865153,0.010460980767822052,rare,1.0460980767822052,,peak_abundance_with_occupancy_days_modifiers,0.1880075640865153
casvir,MX,0.024790168807218786,0.0163,0.0251,nonbreeding,0.4398,0.9383,0.985,126.0,43.980000000000004,0.010338303381485165,rare,1.0338303381485165,,peak_abundance_with_occupancy_days_modifiers,0.4398
cowscj1,MX,0.0246926125903715,0.025,0.025,resident,0.033,0.2572,0.1586,365.0,3.3000000000000003,0.010297619279075043,rare,1.0297619279075043,rare,peak_abundance_with_occupancy_days_modifiers,0.033
yeofly1,MX,0.024399886823535173,0.0247,0.0247,resident,0.0868,0.0224,0.0608,365.0,8.68,0.010175543152499808,rare,1.0175543152499809,,peak_abundance_with_occupancy_days_modifiers,0.0868
golvir1,MX,0.024302292522964862,0.0246,0.0246,resident,0.0975,1.0,1.0,365.0,9.75,0.010134843167943598,rare,1.0134843167943597,,peak_abundance_with_occupancy_days_modifiers,0.0975
buffle,MX,0.024302292522964862,0.010724999999999998,0.0246,nonbreeding,0.041,0.1769,0.0531,70.0,4.1000000000000005,0.010134843167943598,rare,1.0134843167943597,rare,peak_abundance_with_occupancy_days_modifiers,0.041
rensap,MX,0.024107075343233128,0.0176,0.0244,nonbreeding,0.234,0.5899,0.5711,98.0,23.400000000000002,0.010053431280632984,rare,1.0053431280632983,,peak_abundance_with_occupancy_days_modifiers,0.234
shshaw,MX,0.024009452460351865,0.01485,0.0243,nonbreeding,0.7165,0.2448,0.3297,126.0,71.65,0.010012719376327289,rare,1.0012719376327288,,peak_abundance_with_occupancy_days_modifiers,0.7165
yewtan1,MX,0.023911820046312877,0.0242,0.0242,resident,0.0761,0.4394,0.484,365.0,7.61,0.00997200349722009,rare,0.997200349722009,,peak_abundance_with_occupancy_days_modifiers,0.0761
wiltur,MX,0.023911820046312877,0.0242,0.0242,resident,0.0876,0.0501,0.0385,365.0,8.76,0.00997200349722009,rare,0.997200349722009,,peak_abundance_with_occupancy_days_modifiers,0.0876
gilfli,MX,0.023716526617316044,0.024,0.024,resident,0.0737,0.6932,0.6289,365.0,7.37,0.009890559811496108,rare,0.9890559811496108,,peak_abundance_with_occupancy_days_modifiers,0.0737
linwoo1,MX,0.023716526617316044,0.024,0.024,resident,0.1761,0.0323,0.0413,365.0,17.61,0.009890559811496108,rare,0.9890559811496108,,peak_abundance_with_occupancy_days_modifiers,0.1761
lesgre1,MX,0.023716526617316044,0.024,0.024,resident,0.0464,0.2199,0.267,365.0,4.64,0.009890559811496108,rare,0.9890559811496108,rare,peak_abundance_with_occupancy_days_modifiers,0.0464
caster1,MX,0.023618865598633996,0.0171,0.0239,nonbreeding,0.0301,0.0428,0.0613,126.0,3.01,0.00984983200332621,rare,0.984983200332621,rare,peak_abundance_with_occupancy_days_modifiers,0.0301
amhgul1,MX,0.02349181462648223,0.011814979689729804,0.0237699207731349,nonbreeding,0.0219696458320178,0.0736888888524052,0.0120064583458994,91.0,2.19696458320178,0.009796847632577012,rare,0.9796847632577013,rare,peak_abundance_with_occupancy_days_modifiers,0.0219696458320178
banqua1,MX,0.023302379133079844,0.0235760007813073,0.0235760007813073,resident,0.2809183725864774,1.0,1.0,365.0,28.09183725864774,0.009717846895742736,rare,0.9717846895742736,,peak_abundance_with_occupancy_days_modifiers,0.2809183725864774
comnig,MX,0.023228126119207167,0.016266666666666665,0.0235,breeding,0.0946,0.0387,0.0325,112.0,9.46,0.009686880983796994,rare,0.9686880983796994,,peak_abundance_with_occupancy_days_modifiers,0.0946
licpar,MX,0.023130417388854383,0.0234,0.0234,resident,0.0377,0.9972,0.9979,365.0,3.7699999999999996,0.009646133278314949,rare,0.9646133278314949,rare,peak_abundance_with_occupancy_days_modifiers,0.0377
kebtou1,MX,0.02293497128249588,0.0232,0.0232,resident,0.0423,0.2378,0.2669,365.0,4.2299999999999995,0.009564625921185715,rare,0.9564625921185714,rare,peak_abundance_with_occupancy_days_modifiers,0.0423
whbwre1,MX,0.02264173048082465,0.0229,0.0229,resident,0.0784,0.8001,0.7767,365.0,7.84,0.009442335008401522,rare,0.9442335008401522,,peak_abundance_with_occupancy_days_modifiers,0.0784
lesyel,MX,0.02264173048082465,0.0132,0.0229,postbreeding_migration,0.0927,0.0339,0.02,147.0,9.27,0.009442335008401522,rare,0.9442335008401522,,peak_abundance_with_occupancy_days_modifiers,0.0927
comblh1,MX,0.022446188829830054,0.015100000000000002,0.0227,breeding,0.3518,0.7212,0.6305,98.0,35.18,0.009360787806064207,rare,0.9360787806064207,,peak_abundance_with_occupancy_days_modifiers,0.3518
whtrob1,MX,0.022446188829830054,0.0227,0.0227,resident,0.0719,0.6854,0.8854,365.0,7.19,0.009360787806064207,rare,0.9360787806064207,,peak_abundance_with_occupancy_days_modifiers,0.0719
buhvir,MX,0.022152804641133304,0.0129,0.0224,nonbreeding,0.1315,0.2057,0.25,91.0,13.15,0.009238437096245954,rare,0.9238437096245954,,peak_abundance_with_occupancy_days_modifiers,0.1315
hoowar,MX,0.022054990780831327,0.012624999999999999,0.0223,nonbreeding,0.1358,0.48,0.5724,119.0,13.58,0.009197645548169788,rare,0.9197645548169788,,peak_abundance_with_occupancy_days_modifiers,0.1358
norpar,MX,0.02176149178151269,0.013900000000000001,0.022,nonbreeding,0.1475,0.4564,0.2359,105.0,14.75,0.009075246958603327,rare,0.9075246958603327,,peak_abundance_with_occupancy_days_modifiers,0.1475
relhon1,MX,0.021467906615240923,0.0217,0.0217,resident,0.0513,0.0244,0.0852,365.0,5.13,0.008952812434626341,rare,0.8952812434626342,,peak_abundance_with_occupancy_days_modifiers,0.0513
blctit4,MX,0.021174235231406484,0.0214,0.0214,resident,0.0537,0.2894,0.183,365.0,5.37,0.00883034195513301,rare,0.883034195513301,,peak_abundance_with_occupancy_days_modifiers,0.0537
fuwduc,MX,0.021076325601916215,0.0106,0.0213,breeding,0.0551,,,,5.510000000000001,0.008789510468203225,rare,0.8789510468203224,,peak_abundance_with_occupancy_days_modifiers,0.0551
robgro,MX,0.02097840638519171,0.010450000000000001,0.0212,nonbreeding,0.2171,0.4536,0.4437,98.0,21.709999999999997,0.00874867498308622,rare,0.874867498308622,,peak_abundance_with_occupancy_days_modifiers,0.2171
balori,MX,0.020880477579355235,0.020300000000000002,0.0211,postbreeding_migration,0.1834,0.3012,0.1786,119.0,18.34,0.008707835498998829,rare,0.8707835498998829,,peak_abundance_with_occupancy_days_modifiers,0.1834
sagspa1,MX,0.020880477579355235,0.009933333333333334,0.0211,nonbreeding,0.07,0.233,0.2045,84.0,7.000000000000001,0.008707835498998829,rare,0.8707835498998829,,peak_abundance_with_occupancy_days_modifiers,0.07
herwar,MX,0.020390689647734026,0.01503333333333333,0.0206,postbreeding_migration,0.1753,0.8017,0.8278,133.0,17.53,0.008503578066584123,rare,0.8503578066584123,,peak_abundance_with_occupancy_days_modifiers,0.1753
eleeup1,MX,0.019998686506689126,0.0202,0.0202,resident,0.1154,0.8222,0.813,365.0,11.540000000000001,0.008340100059228372,rare,0.8340100059228371,,peak_abundance_with_occupancy_days_modifiers,0.1154
bucnig,MX,0.019998686506689126,0.0113,0.0202,breeding,0.1644,1.0,1.0,63.0,16.439999999999998,0.008340100059228372,rare,0.8340100059228371,,peak_abundance_with_occupancy_days_modifiers,0.1644
brncre,MX,0.019704583274335403,0.014700000000000001,0.0199,breeding,0.0825,0.0408,0.0842,119.0,8.25,0.00821744948491431,rare,0.821744948491431,,peak_abundance_with_occupancy_days_modifiers,0.0825
cobtan1,MX,0.019410393519823325,0.0196,0.0196,resident,0.0184,0.1448,0.1875,365.0,1.8399999999999999,0.00809476282805764,rare,0.809476282805764,rare,peak_abundance_with_occupancy_days_modifiers,0.0184
yucwre1,MX,0.019237449045766318,0.019423681061384,0.019423681061384,resident,0.0298334192507793,1.0,1.0,365.0,2.98334192507793,0.008022639380457981,rare,0.8022639380457981,rare,peak_abundance_with_occupancy_days_modifiers,0.0298334192507793
rubpep1,MX,0.019214218923804288,0.0194,0.0194,resident,0.0793,0.0128,0.0157,365.0,7.93,0.008012951667143145,rare,0.8012951667143146,,peak_abundance_with_occupancy_days_modifiers,0.0793
bkcspa,MX,0.019018005835761846,0.0154,0.0192,breeding,0.0945,0.8006,0.8069,119.0,9.45,0.007931124453808077,rare,0.7931124453808077,,peak_abundance_with_occupancy_days_modifiers,0.0945
grawar,MX,0.01862546412316489,0.0154,0.0188,prebreeding_migration,0.1205,0.6777,0.6016,140.0,12.049999999999999,0.007767421844669928,rare,0.7767421844669928,,peak_abundance_with_occupancy_days_modifiers,0.1205
caltow,MX,0.01842913546836719,0.0186,0.0186,resident,0.0249,0.2809,0.2386,365.0,2.4899999999999998,0.007685546436254547,rare,0.7685546436254547,rare,peak_abundance_with_occupancy_days_modifiers,0.0249
banswa,MX,0.018330956684723457,0.007599999999999999,0.0185,postbreeding_migration,0.147,,,,14.7,0.007644602703324481,rare,0.764460270332448,,peak_abundance_with_occupancy_days_modifiers,0.147
grbspa1,MX,0.01813457019548269,0.0183,0.0183,resident,0.0473,0.5837,0.493,365.0,4.73,0.007562703176073003,rare,0.7562703176073003,rare,peak_abundance_with_occupancy_days_modifiers,0.0473
screup3,MX,0.018108822588562997,0.0182737815494063,0.0182737815494063,resident,0.0774283577365783,1.0,1.0,365.0,7.742835773657831,0.007551965589985831,rare,0.7551965589985831,,peak_abundance_with_occupancy_days_modifiers,0.0774283577365783
manvir1,MX,0.018036362486098582,0.0182,0.0182,resident,0.0603,0.8115,0.8299,365.0,6.03,0.007521747380172253,rare,0.7521747380172252,,peak_abundance_with_occupancy_days_modifiers,0.0603
gartro1,MX,0.017839918128331,0.018,0.018,resident,0.075,0.3548,0.378,365.0,7.5,0.007439823719870647,rare,0.7439823719870647,,peak_abundance_with_occupancy_days_modifiers,0.075
norben1,MX,0.017839918128331,0.018,0.018,resident,0.0593,0.4067,0.4999,365.0,5.93,0.007439823719870647,rare,0.7439823719870647,,peak_abundance_with_occupancy_days_modifiers,0.0593
hamfly,MX,0.017839918128331,0.0136,0.018,nonbreeding,0.2827,0.8325,0.8585,126.0,28.27,0.007439823719870647,rare,0.7439823719870647,,peak_abundance_with_occupancy_days_modifiers,0.2827
rinduc,MX,0.017741681476157102,0.010875,0.0179,nonbreeding,0.043,0.1062,0.033,91.0,4.3,0.0073988558538890595,rare,0.7398855853889059,rare,peak_abundance_with_occupancy_days_modifiers,0.043
blubun,MX,0.017741681476157102,0.0179,0.0179,resident,0.078,0.8104,0.8624,365.0,7.8,0.0073988558538890595,rare,0.7398855853889059,,peak_abundance_with_occupancy_days_modifiers,0.078
gcrwar,MX,0.017741681476157102,0.0179,0.0179,resident,0.0405,0.0286,0.0386,365.0,4.05,0.0073988558538890595,rare,0.7398855853889059,rare,peak_abundance_with_occupancy_days_modifiers,0.0405
carwre,MX,0.017643435172595243,0.0178,0.0178,resident,0.0535,0.0405,0.0117,365.0,5.35,0.00735788396296607,rare,0.735788396296607,,peak_abundance_with_occupancy_days_modifiers,0.0535
thitin1,MX,0.017643435172595243,0.0178,0.0178,resident,0.09,0.6908,0.689,365.0,9.0,0.00735788396296607,rare,0.735788396296607,,peak_abundance_with_occupancy_days_modifiers,0.09
wooscj2,MX,0.017250353406527592,0.0174,0.0174,resident,0.0658,0.21,0.1374,365.0,6.58,0.00719395613403763,rare,0.7193956134037629,,peak_abundance_with_occupancy_days_modifiers,0.0658
rebmer,MX,0.01715205881756557,0.009275,0.0173,nonbreeding,0.005,0.0236,0.0264,42.0,0.5,0.007152964106538737,very_rare,0.7152964106538737,very_rare,peak_abundance_with_occupancy_days_modifiers,0.005
oliwar,MX,0.016955440649413473,0.0171,0.0171,resident,0.0626,0.7697,0.8886,365.0,6.260000000000001,0.007070967961676732,rare,0.7070967961676732,,peak_abundance_with_occupancy_days_modifiers,0.0626
rufsab1,MX,0.016861050983319057,0.0170040008013528,0.0170040008013528,resident,0.0670144762978578,0.4435898166487745,0.4901331804136246,365.0,6.70144762978578,0.007031604413499679,rare,0.7031604413499679,,peak_abundance_with_occupancy_days_modifiers,0.0670144762978578
redpha1,MX,0.016749613639370865,0.0094383478724218,0.0168906748912053,prebreeding_migration,0.0154134716479481,0.0089439232602334,0.001631497400538,42.0,1.54134716479481,0.0069851314314589704,rare,0.6985131431458971,rare,peak_abundance_with_occupancy_days_modifiers,0.0154134716479481
banwre1,MX,0.016562088298978293,0.0167,0.0167,resident,0.035,0.5007,0.4705,365.0,3.5000000000000004,0.006906927290302419,rare,0.6906927290302418,rare,peak_abundance_with_occupancy_days_modifiers,0.035
comgal1,MX,0.01646372603066508,0.014275,0.0166,postbreeding_migration,0.0472,0.0267,0.0205,126.0,4.72,0.006865907038321851,rare,0.6865907038321851,rare,peak_abundance_with_occupancy_days_modifiers,0.0472
rosspo1,MX,0.01646372603066508,0.014450000000000001,0.0166,postbreeding_migration,0.0636,0.0369,0.0322,189.0,6.36,0.006865907038321851,rare,0.6865907038321851,,peak_abundance_with_occupancy_days_modifiers,0.0636
gubter2,MX,0.016444406090869907,0.01133071084073085,0.0165803595389311,breeding,0.0332210926017686,0.0535093266883934,0.0257815581058429,140.0,3.3221092601768603,0.006857849997626923,rare,0.6857849997626922,rare,peak_abundance_with_occupancy_days_modifiers,0.0332210926017686
cinhum1,MX,0.016365354086264272,0.0165,0.0165,resident,0.0609,0.4669,0.471,365.0,6.09,0.006824882751099334,rare,0.6824882751099334,,peak_abundance_with_occupancy_days_modifiers,0.0609
norwat,MX,0.016365354086264272,0.0129,0.0165,postbreeding_migration,0.285,0.1517,0.1906,147.0,28.499999999999996,0.006824882751099334,rare,0.6824882751099334,,peak_abundance_with_occupancy_days_modifiers,0.285
rosgoo,MX,0.016168581161583706,0.011666666666666665,0.0163,nonbreeding,0.0291,0.1181,0.0213,56.0,2.91,0.006742822067752263,rare,0.6742822067752263,rare,peak_abundance_with_occupancy_days_modifiers,0.0291
ycnher,MX,0.015971769509698662,0.01055,0.0161,nonbreeding,0.0546,0.1927,0.3775,147.0,5.46,0.006660745233906497,rare,0.6660745233906497,,peak_abundance_with_occupancy_days_modifiers,0.0546
zothaw,MX,0.01567647938500758,0.011825,0.0158,prebreeding_migration,0.561,0.2593,0.4601,126.0,56.10000000000001,0.006537599687042624,rare,0.6537599687042625,,peak_abundance_with_occupancy_days_modifiers,0.561
pacloo,MX,0.015282623531156904,0.0066500000000000005,0.0154,prebreeding_migration,0.009,0.1318,0.1079,77.0,0.8999999999999999,0.0063733490384348555,very_rare,0.6373349038434856,very_rare,peak_abundance_with_occupancy_days_modifiers,0.009
dusfly,MX,0.015282623531156904,0.0138,0.0154,postbreeding_migration,0.4625,0.2849,0.2278,91.0,46.25,0.0063733490384348555,rare,0.6373349038434856,,peak_abundance_with_occupancy_days_modifiers,0.4625
wesowl1,MX,0.015282623531156904,0.0154,0.0154,resident,0.2462,0.4051,0.5866,365.0,24.62,0.0063733490384348555,rare,0.6373349038434856,,peak_abundance_with_occupancy_days_modifiers,0.2462
rubcha1,MX,0.014987129808248345,0.0151,0.0151,resident,0.0178,1.0,1.0,365.0,1.78,0.0062501185845193685,rare,0.6250118584519369,rare,peak_abundance_with_occupancy_days_modifiers,0.0178
crcwar,MX,0.014987129808248345,0.0151,0.0151,resident,0.0462,0.9069,0.9206,365.0,4.62,0.0062501185845193685,rare,0.6250118584519369,rare,peak_abundance_with_occupancy_days_modifiers,0.0462
blhsis1,MX,0.014987129808248345,0.0151,0.0151,resident,0.0597,0.8588,0.7793,365.0,5.970000000000001,0.0062501185845193685,rare,0.6250118584519369,,peak_abundance_with_occupancy_days_modifiers,0.0597
uplsan,MX,0.01479008547263543,0.0081,0.0149,postbreeding_migration,0.1339,0.0672,0.069,70.0,13.389999999999999,0.0061679447140221225,rare,0.6167944714022122,,peak_abundance_with_occupancy_days_modifiers,0.1339
oliwoo1,MX,0.01479008547263543,0.0149,0.0149,resident,0.0766,0.0194,0.035,365.0,7.66,0.0061679447140221225,rare,0.6167944714022122,,peak_abundance_with_occupancy_days_modifiers,0.0766
swathr,MX,0.01479008547263543,0.008466666666666666,0.0149,prebreeding_migration,0.1939,0.1592,0.0452,112.0,19.39,0.0061679447140221225,rare,0.6167944714022122,,peak_abundance_with_occupancy_days_modifiers,0.1939
russpa1,MX,0.01459300230290015,0.0147,0.0147,resident,0.0961,0.7513,0.5596,365.0,9.610000000000001,0.006085754648437957,rare,0.6085754648437957,,peak_abundance_with_occupancy_days_modifiers,0.0961
yebcac1,MX,0.014494446150452563,0.0146,0.0146,resident,0.0985,0.4464,0.4333,365.0,9.85,0.006044653540493171,rare,0.6044653540493171,,peak_abundance_with_occupancy_days_modifiers,0.0985
triher,MX,0.014198719399812949,0.01105,0.0143,nonbreeding,0.0444,0.2643,0.2151,196.0,4.44,0.005921325906465824,rare,0.5921325906465824,rare,peak_abundance_with_occupancy_days_modifiers,0.0444
laufal1,MX,0.014100124378781637,0.0142,0.0142,resident,0.155,0.0289,0.0307,365.0,15.5,0.005880208589062617,rare,0.5880208589062617,,peak_abundance_with_occupancy_days_modifiers,0.155
woothr,MX,0.014100124378781637,0.007466666666666667,0.0142,nonbreeding,0.0698,0.3569,0.3622,112.0,6.98,0.005880208589062617,rare,0.5880208589062617,,peak_abundance_with_occupancy_days_modifiers,0.0698
yefgra1,MX,0.013902905168991422,0.014,0.014,resident,0.0603,0.2026,0.059,365.0,6.03,0.005797961790369012,rare,0.5797961790369013,,peak_abundance_with_occupancy_days_modifiers,0.0603
osprey,MX,0.013902905168991422,0.01085,0.014,nonbreeding,0.0576,0.0186,0.0597,147.0,5.76,0.005797961790369012,rare,0.5797961790369013,,peak_abundance_with_occupancy_days_modifiers,0.0576
pibgre,MX,0.013607003406216902,0.010375,0.0137,nonbreeding,0.0679,0.0541,0.0592,168.0,6.79,0.005674561170612519,rare,0.5674561170612519,,peak_abundance_with_occupancy_days_modifiers,0.0679
bubhum,MX,0.013508350024792243,0.0136,0.0136,resident,0.0799,0.9493,0.9729,365.0,7.99,0.0056334195150349094,rare,0.563341951503491,,peak_abundance_with_occupancy_days_modifiers,0.0799
marwre,MX,0.013409686909917675,0.00785,0.0135,nonbreeding,0.0873,0.1352,0.181,126.0,8.73,0.005592273800293407,rare,0.5592273800293407,,peak_abundance_with_occupancy_days_modifiers,0.0873
tufjay1,MX,0.013265127039870267,0.0133534991610332,0.0133534991610332,resident,0.041202663568469,1.0,1.0,365.0,4.1202663568469005,0.005531987651983499,rare,0.5531987651983499,rare,peak_abundance_with_occupancy_days_modifiers,0.041202663568469
pygnut,MX,0.013113639145383105,0.0132,0.0132,resident,0.04,0.2899,0.1265,365.0,4.0,0.005468812293073767,rare,0.5468812293073767,rare,peak_abundance_with_occupancy_days_modifiers,0.04
goowoo1,MX,0.013113639145383105,0.0132,0.0132,resident,0.08,0.2109,0.2147,365.0,8.0,0.005468812293073767,rare,0.5468812293073767,,peak_abundance_with_occupancy_days_modifiers,0.08
whbeme1,MX,0.012916225266546328,0.013,0.013,resident,0.0618,0.5545,0.5829,365.0,6.18,0.005386484311082047,rare,0.5386484311082047,,peak_abundance_with_occupancy_days_modifiers,0.0618
bouwre1,MX,0.01274550502129366,0.0128270751528652,0.0128270751528652,resident,0.1850025608484524,1.0,1.0,365.0,18.50025608484524,0.005315288438939828,rare,0.5315288438939828,,peak_abundance_with_occupancy_days_modifiers,0.1850025608484524
lawgol,MX,0.012718772407774689,0.007625,0.0128,nonbreeding,0.0577,0.2944,0.4019,119.0,5.7700000000000005,0.0053041400731949654,rare,0.5304140073194965,,peak_abundance_with_occupancy_days_modifiers,0.0577
hrshaw,MX,0.012718772407774689,0.0128,0.0128,resident,0.0886,0.1268,0.2348,365.0,8.86,0.0053041400731949654,rare,0.5304140073194965,,peak_abundance_with_occupancy_days_modifiers,0.0886
gycyel,MX,0.012620031356102263,0.0127,0.0127,resident,0.1056,0.4896,0.4056,365.0,10.56,0.0052629618562842735,rare,0.5262961856284274,,peak_abundance_with_occupancy_days_modifiers,0.1056
mexjay3,MX,0.012611871001301771,0.012691736042412,0.012691736042412,resident,0.0788227834156183,1.0,1.0,365.0,7.88227834156183,0.0052595587240069465,rare,0.5259558724006946,,peak_abundance_with_occupancy_days_modifiers,0.0788227834156183
yehpar,MX,0.012590165134953523,0.0126697549294979,0.0126697549294979,resident,0.1070525565374484,0.9432513068980324,0.7114995028555509,365.0,10.70525565374484,0.005250506674655814,rare,0.5250506674655814,,peak_abundance_with_occupancy_days_modifiers,0.1070525565374484
maghum1,MX,0.012521280553671745,0.0089,0.0126,postbreeding_migration,0.1142,0.9121,0.8902,119.0,11.42,0.005221779572991616,rare,0.5221779572991616,,peak_abundance_with_occupancy_days_modifiers,0.1142
crithr,MX,0.012521280553671745,0.0126,0.0126,resident,0.0928,0.4145,0.354,365.0,9.28,0.005221779572991616,rare,0.5221779572991616,,peak_abundance_with_occupancy_days_modifiers,0.0928
bkcgna,MX,0.012422519998557154,0.0125,0.0125,resident,0.0415,0.9997,0.9997,365.0,4.15,0.005180593222513795,rare,0.5180593222513795,rare,peak_abundance_with_occupancy_days_modifiers,0.0415
yetvir,MX,0.012422519998557154,0.00635,0.0125,nonbreeding,0.1009,0.249,0.2525,98.0,10.09,0.005180593222513795,rare,0.5180593222513795,,peak_abundance_with_occupancy_days_modifiers,0.1009
eawpew,MX,0.012422519998557154,0.00545,0.0125,postbreeding_migration,0.1716,0.0465,0.0365,126.0,17.16,0.005180593222513795,rare,0.5180593222513795,,peak_abundance_with_occupancy_days_modifiers,0.1716
wilplo,MX,0.012126179797840565,0.01005,0.0122,breeding,0.0253,0.3,0.4404,119.0,2.53,0.00505700975993383,rare,0.5057009759933829,rare,peak_abundance_with_occupancy_days_modifiers,0.0253
ruwspa,MX,0.0118297517535772,0.0119,0.0119,resident,0.0256,0.7366,0.7043,365.0,2.56,0.004933389663749479,rare,0.4933389663749479,rare,peak_abundance_with_occupancy_days_modifiers,0.0256
snoplo5,MX,0.0118297517535772,0.0098,0.0119,nonbreeding,0.0146,0.525,0.6168,126.0,1.46,0.004933389663749479,rare,0.4933389663749479,rare,peak_abundance_with_occupancy_days_modifiers,0.0146
anhing,MX,0.011730922875698666,0.005974999999999999,0.0118,postbreeding_migration,0.0312,0.0118,0.038,105.0,3.1199999999999997,0.004892174820466024,rare,0.4892174820466024,rare,peak_abundance_with_occupancy_days_modifiers,0.0312
pabwoo1,MX,0.011730922875698666,0.0118,0.0118,resident,0.0677,0.4561,0.4082,365.0,6.77,0.004892174820466024,rare,0.4892174820466024,,peak_abundance_with_occupancy_days_modifiers,0.0677
yelpar1,MX,0.011632084229707653,0.0117,0.0117,resident,0.0325,0.8807,0.8734,365.0,3.25,0.004850955903563262,rare,0.4850955903563262,rare,peak_abundance_with_occupancy_days_modifiers,0.0325
louwat,MX,0.01153323581367303,0.008499999999999999,0.0116,postbreeding_migration,0.3117,0.5587,0.3352,119.0,31.169999999999998,0.00480973291223585,rare,0.480973291223585,,peak_abundance_with_occupancy_days_modifiers,0.3117
robbun1,MX,0.01148348215013,0.0115496704460101,0.0115496704460101,resident,0.0376278882308915,1.0,1.0,365.0,3.7627888230891497,0.004788984022946348,rare,0.4788984022946348,rare,peak_abundance_with_occupancy_days_modifiers,0.0376278882308915
cramur,MX,0.011447249424998203,0.0059783790957731965,0.0115130199088221,breeding,0.0235887256209678,0.0220894403730846,0.0166492874697433,84.0,2.35887256209678,0.004773873802936801,rare,0.4773873802936801,rare,peak_abundance_with_occupancy_days_modifiers,0.0235887256209678
bubfly,MX,0.011434377625663104,0.009975,0.0115,postbreeding_migration,0.1544,0.9532,0.9795,119.0,15.440000000000001,0.004768505845678206,rare,0.47685058456782065,,peak_abundance_with_occupancy_days_modifiers,0.1544
blkswi,MX,0.011335509663745602,0.0057666666666666665,0.0114,breeding,0.1007,0.5854,0.4325,84.0,10.07,0.004727274703084514,rare,0.4727274703084514,,peak_abundance_with_occupancy_days_modifiers,0.1007
bkvori,MX,0.011335509663745602,0.0114,0.0114,resident,0.0725,0.9721,0.9501,365.0,7.249999999999999,0.004727274703084514,rare,0.4727274703084514,,peak_abundance_with_occupancy_days_modifiers,0.0725
yebsap,MX,0.011236631925987681,0.005733333333333333,0.0113,nonbreeding,0.295,0.1827,0.0559,112.0,29.5,0.0046860394836487134,rare,0.46860394836487135,,peak_abundance_with_occupancy_days_modifiers,0.295
fotfly,MX,0.011137744410455924,0.00895,0.0112,breeding,0.0236,0.0718,0.0105,133.0,2.36,0.004644800186564507,rare,0.4644800186564507,rare,peak_abundance_with_occupancy_days_modifiers,0.0236
rcgspa1,MX,0.01091553838761888,0.0109753302321194,0.0109753302321194,resident,0.1372221817321372,1.0,1.0,365.0,13.72221817321372,0.004552133077471857,rare,0.4552133077471857,,peak_abundance_with_occupancy_days_modifiers,0.1372221817321372
belkin1,MX,0.010742096531902109,0.0067,0.0108,nonbreeding,0.1427,0.1007,0.0854,112.0,14.27,0.004479802205609206,rare,0.4479802205609206,,peak_abundance_with_occupancy_days_modifiers,0.1427
lobgna5,MX,0.010742096531902109,0.0108,0.0108,resident,0.0393,0.018,0.0369,365.0,3.93,0.004479802205609206,rare,0.4479802205609206,rare,peak_abundance_with_occupancy_days_modifiers,0.0393
cittro1,MX,0.010742096531902109,0.0108,0.0108,resident,0.0265,1.0,1.0,365.0,2.65,0.004479802205609206,rare,0.4479802205609206,rare,peak_abundance_with_occupancy_days_modifiers,0.0265
bltbob1,MX,0.010643160098479827,0.0107,0.0107,resident,0.0234,0.7617,0.87,365.0,2.34,0.004438542508180131,rare,0.4438542508180131,rare,peak_abundance_with_occupancy_days_modifiers,0.0234
wesgre,MX,0.010544213875671154,0.005424999999999999,0.0106,nonbreeding,0.0062,0.1949,0.0997,84.0,0.62,0.004397278728259838,very_rare,0.4397278728259838,very_rare,peak_abundance_with_occupancy_days_modifiers,0.0062
runthr1,MX,0.01046656848180283,0.0105215346112341,0.0105215346112341,resident,0.0731800726679098,1.0,1.0,365.0,7.318007266790979,0.0043648980839719066,rare,0.43648980839719065,,peak_abundance_with_occupancy_days_modifiers,0.0731800726679098
rcatan1,MX,0.010445257861538649,0.0105,0.0105,resident,0.0446,0.0362,0.1202,365.0,4.46,0.004356010865040352,rare,0.43560108650403523,rare,peak_abundance_with_occupancy_days_modifiers,0.0446
wbwwre1,MX,0.0103462920541443,0.0104,0.0104,resident,0.0286,0.0378,0.1381,365.0,2.86,0.004314738917713461,rare,0.4314738917713461,rare,peak_abundance_with_occupancy_days_modifiers,0.0286
tenwar,MX,0.0103462920541443,0.008266666666666667,0.0104,nonbreeding,0.1085,0.2629,0.0995,98.0,10.85,0.004314738917713461,rare,0.4314738917713461,,peak_abundance_with_occupancy_days_modifiers,0.1085
grnvie1,MX,0.010247316451549523,0.005175000000000001,0.0103,postbreeding_migration,0.0454,0.8859,0.8714,147.0,4.54,0.0042734628854707085,rare,0.42734628854707085,rare,peak_abundance_with_occupancy_days_modifiers,0.0454
whnpuf2,MX,0.010180307394475977,0.0102323030178194,0.0102323030178194,resident,0.2119074108319426,0.0182967738665541,0.0245800087831595,365.0,21.190741083194258,0.004245517938152214,rare,0.4245517938152214,,peak_abundance_with_occupancy_days_modifiers,0.2119074108319426
mexpar1,MX,0.010152022076050825,0.0102037286795642,0.0102037286795642,resident,0.0764556145361503,1.0,1.0,365.0,7.64556145361503,0.00423372204416722,rare,0.42337220441672196,,peak_abundance_with_occupancy_days_modifiers,0.0764556145361503
olsfly,MX,0.01014833105181515,0.003425,0.0102,postbreeding_migration,0.4431,0.0874,0.0843,119.0,44.31,0.004232182767503403,rare,0.4232182767503403,,peak_abundance_with_occupancy_days_modifiers,0.4431
wilsni1,MX,0.01004933585300144,0.0063999999999999994,0.0101,nonbreeding,0.1106,0.2262,0.0894,126.0,11.06,0.004190898563002608,rare,0.41908985630026085,,peak_abundance_with_occupancy_days_modifiers,0.1106
bugtan,MX,0.009950330853168083,0.01,0.01,resident,0.0498,0.0157,0.0078,365.0,4.9799999999999995,0.0041496102711591504,very_rare,0.41496102711591504,rare,peak_abundance_with_occupancy_days_modifiers,0.0498
tubmot1,MX,0.009950330853168083,0.01,0.01,resident,0.0358,0.3538,0.3258,365.0,3.58,0.0041496102711591504,very_rare,0.41496102711591504,rare,peak_abundance_with_occupancy_days_modifiers,0.0358
audori,MX,0.009851316050374183,0.0099,0.0099,resident,0.0425,0.6857,0.6927,365.0,4.25,0.0041083178911636145,very_rare,0.4108317891163614,rare,peak_abundance_with_occupancy_days_modifiers,0.0425
coffal1,MX,0.009653257028138304,0.0097,0.0097,resident,0.0857,0.0282,0.1011,365.0,8.57,0.0040257208634774475,very_rare,0.4025720863477448,,peak_abundance_with_occupancy_days_modifiers,0.0857
sagthr,MX,0.009653257028138304,0.006333333333333333,0.0097,nonbreeding,0.2584,0.3819,0.2961,91.0,25.840000000000003,0.0040257208634774475,very_rare,0.4025720863477448,,peak_abundance_with_occupancy_days_modifiers,0.2584
santer1,MX,0.009653257028138304,0.0083,0.0097,postbreeding_migration,0.0087,0.0494,0.042,133.0,0.8699999999999999,0.0040257208634774475,very_rare,0.4025720863477448,very_rare,peak_abundance_with_occupancy_days_modifiers,0.0087
shthaw,MX,0.009653257028138304,0.0097,0.0097,resident,0.2259,0.0919,0.1459,365.0,22.59,0.0040257208634774475,very_rare,0.4025720863477448,,peak_abundance_with_occupancy_days_modifiers,0.2259
basowl,MX,0.009636921454417222,0.0096835061059328,0.0096835061059328,resident,0.1936453255093505,1.0,1.0,365.0,19.364532550935053,0.00401890840010325,very_rare,0.401890840010325,,peak_abundance_with_occupancy_days_modifiers,0.1936453255093505
redegr,MX,0.009554212804811658,0.0096,0.0096,resident,0.0098,0.4286,0.5048,365.0,0.98,0.0039844162141667834,very_rare,0.3984416214166783,very_rare,peak_abundance_with_occupancy_days_modifiers,0.0098
gobwar1,MX,0.009554212804811658,0.0096,0.0096,resident,0.0214,0.8316,0.89,365.0,2.1399999999999997,0.0039844162141667834,very_rare,0.3984416214166783,rare,peak_abundance_with_occupancy_days_modifiers,0.0214
gbwwre1,MX,0.009455158770755135,0.0095,0.0095,resident,0.0226,0.1328,0.1153,365.0,2.26,0.003943107473463978,very_rare,0.39431074734639776,rare,peak_abundance_with_occupancy_days_modifiers,0.0226
virwar,MX,0.009257021262676763,0.0059499999999999996,0.0093,prebreeding_migration,0.3441,0.9996,1.0,140.0,34.410000000000004,0.003860477714639222,very_rare,0.3860477714639222,,peak_abundance_with_occupancy_days_modifiers,0.3441
grcfly,MX,0.009257021262676763,0.006333333333333333,0.0093,postbreeding_migration,0.1303,0.2452,0.1752,133.0,13.03,0.003860477714639222,very_rare,0.3860477714639222,,peak_abundance_with_occupancy_days_modifiers,0.1303
monqua,MX,0.009157937784765629,0.0092,0.0092,resident,0.1451,0.8881,0.8442,365.0,14.510000000000002,0.0038191566948953147,very_rare,0.3819156694895315,,peak_abundance_with_occupancy_days_modifiers,0.1451
ovenbi1,MX,0.009157937784765629,0.006900000000000001,0.0092,postbreeding_migration,0.258,0.4053,0.2149,112.0,25.8,0.0038191566948953147,very_rare,0.3819156694895315,,peak_abundance_with_occupancy_days_modifiers,0.258
blgdov1,MX,0.009058844488346039,0.0091,0.0091,resident,0.0428,0.0149,0.0434,365.0,4.279999999999999,0.0037778315805153456,very_rare,0.37778315805153456,rare,peak_abundance_with_occupancy_days_modifiers,0.0428
caneme1,MX,0.008959741371471904,0.009,0.009,resident,0.0677,0.5109,0.4924,365.0,6.77,0.003736502370687642,very_rare,0.3736502370687642,,peak_abundance_with_occupancy_days_modifiers,0.0677
moutro1,MX,0.008959741371471904,0.009,0.009,resident,0.063,0.9141,0.8572,365.0,6.3,0.003736502370687642,very_rare,0.3736502370687642,,peak_abundance_with_occupancy_days_modifiers,0.063
meapar,MX,0.008959741371471904,0.009,0.009,resident,0.0121,0.005,0.008,365.0,1.21,0.003736502370687642,very_rare,0.3736502370687642,rare,peak_abundance_with_occupancy_days_modifiers,0.0121
yucwoo,MX,0.008860628432196557,0.0089,0.0089,resident,0.0536,0.912,0.9095,365.0,5.36,0.003695169064600562,very_rare,0.3695169064600562,,peak_abundance_with_occupancy_days_modifiers,0.0536
oraori1,MX,0.008860628432196557,0.0089,0.0089,resident,0.0397,0.9942,0.9968,365.0,3.9699999999999998,0.003695169064600562,very_rare,0.3695169064600562,rare,peak_abundance_with_occupancy_days_modifiers,0.0397
merlin,MX,0.008662373078652657,0.0058,0.0087,nonbreeding,0.2779,,,,27.79,0.003612490160399499,very_rare,0.3612490160399499,,peak_abundance_with_occupancy_days_modifiers,0.2779
grnpar,MX,0.008662373078652657,0.0087,0.0087,resident,0.0054,0.8011,0.8429,365.0,0.54,0.003612490160399499,very_rare,0.3612490160399499,very_rare,peak_abundance_with_occupancy_days_modifiers,0.0054
rtlhum,MX,0.008563230660487873,0.0086,0.0086,resident,0.0313,0.0937,0.0774,365.0,3.1300000000000003,0.003571144560660661,very_rare,0.3571144560660661,rare,peak_abundance_with_occupancy_days_modifiers,0.0313
perfal,MX,0.008464078412129412,0.007325000000000001,0.0085,breeding,0.521,,,,52.1,0.003529794861412646,very_rare,0.35297948614126456,,peak_abundance_with_occupancy_days_modifiers,0.521
souwpw1,MX,0.008364916331627708,0.006,0.0084,breeding,0.1045,0.91,0.74,147.0,10.45,0.003488441061842421,very_rare,0.3488441061842421,,peak_abundance_with_occupancy_days_modifiers,0.1045
goleag,MX,0.008364916331627708,0.00405,0.0084,nonbreeding,0.2329,0.0364,0.0202,119.0,23.29,0.003488441061842421,very_rare,0.3488441061842421,,peak_abundance_with_occupancy_days_modifiers,0.2329
refwar,MX,0.008364916331627708,0.004749999999999999,0.0084,postbreeding_migration,0.1012,0.9548,0.9771,161.0,10.12,0.003488441061842421,very_rare,0.3488441061842421,,peak_abundance_with_occupancy_days_modifiers,0.1012
yebfly,MX,0.008166562666393417,0.006466666666666667,0.0082,postbreeding_migration,0.1436,0.337,0.2015,168.0,14.360000000000001,0.003405721158482009,very_rare,0.3405721158482009,,peak_abundance_with_occupancy_days_modifiers,0.1436
unijay1,MX,0.008109622994340922,0.0081425950569615,0.0081425950569615,resident,0.0398448874029585,0.7441180310491714,0.7350596596256653,365.0,3.98448874029585,0.0033819754708790833,very_rare,0.33819754708790833,rare,peak_abundance_with_occupancy_days_modifiers,0.0398448874029585
ameoys,MX,0.008067371077758796,0.007625,0.0081,prebreeding_migration,0.0199,0.2383,0.113,98.0,1.9900000000000002,0.0033643550530645483,very_rare,0.33643550530645483,rare,peak_abundance_with_occupancy_days_modifiers,0.0199
wetsab1,MX,0.008067371077758796,0.0081,0.0081,resident,0.0374,0.784,0.8564,365.0,3.74,0.0033643550530645483,very_rare,0.33643550530645483,rare,peak_abundance_with_occupancy_days_modifiers,0.0374
slavir1,MX,0.00802744742107972,0.0080597537650956,0.0080597537650956,resident,0.179710034481067,1.0,1.0,365.0,17.9710034481067,0.0033477055950452282,very_rare,0.33477055950452284,,peak_abundance_with_occupancy_days_modifiers,0.179710034481067
calgna,MX,0.007968169649176874,0.008,0.008,resident,0.0369,0.9805,0.9726,365.0,3.6900000000000004,0.003322984844070332,very_rare,0.3322984844070332,rare,peak_abundance_with_occupancy_days_modifiers,0.0369
rottan1,MX,0.00786895837869518,0.0079,0.0079,resident,0.0305,0.8606,0.8993,365.0,3.05,0.0032816105306851177,very_rare,0.3281610530685118,rare,peak_abundance_with_occupancy_days_modifiers,0.0305
redcro,MX,0.00786895837869518,0.00455,0.0079,postbreeding_migration,0.0389,,,,3.8899999999999997,0.0032816105306851177,very_rare,0.3281610530685118,rare,peak_abundance_with_occupancy_days_modifiers,0.0389
bkfant2,MX,0.00786895837869518,0.0079,0.0079,resident,0.0301,0.6534,0.4929,365.0,3.01,0.0032816105306851177,very_rare,0.3281610530685118,rare,peak_abundance_with_occupancy_days_modifiers,0.0301
wilfly,MX,0.007769737264360664,0.0029,0.0078,postbreeding_migration,0.278,0.11,0.1107,168.0,27.800000000000004,0.0032402321120944214,very_rare,0.32402321120944216,,peak_abundance_with_occupancy_days_modifiers,0.278
haiwoo,MX,0.007769737264360664,0.0078,0.0078,resident,0.0582,0.0183,0.0161,365.0,5.82,0.0032402321120944214,very_rare,0.32402321120944216,,peak_abundance_with_occupancy_days_modifiers,0.0582
mallar3,MX,0.007769737264360664,0.00535,0.0078,nonbreeding,0.0052,0.001,0.0002,126.0,0.52,0.0032402321120944214,very_rare,0.32402321120944216,very_rare,peak_abundance_with_occupancy_days_modifiers,0.0052
lobthr,MX,0.007769737264360664,0.0078,0.0078,resident,0.0278,0.4036,0.3426,365.0,2.78,0.0032402321120944214,very_rare,0.32402321120944216,rare,peak_abundance_with_occupancy_days_modifiers,0.0278
whtfly1,MX,0.0076504682815651546,0.003392572444950181,0.0076798078868767,breeding,0.1629363078963895,0.6790027208585956,0.7922187788013711,112.0,16.29363078963895,0.0031904930829764694,very_rare,0.31904930829764694,,peak_abundance_with_occupancy_days_modifiers,0.1629363078963895
btther1,MX,0.007571265496318075,0.0076,0.0076,resident,0.0562,0.4827,0.4154,365.0,5.62,0.0031574629560374313,very_rare,0.3157462956037431,,peak_abundance_with_occupancy_days_modifiers,0.0562
flctan,MX,0.007472014838700995,0.0075,0.0075,resident,0.0588,0.8532,0.7604,365.0,5.88,0.0031160722169409553,very_rare,0.31160722169409555,,peak_abundance_with_occupancy_days_modifiers,0.0588
coltro1,MX,0.007372754329413085,0.0074,0.0074,resident,0.0425,0.0248,0.0604,365.0,4.25,0.003074677369378634,very_rare,0.3074677369378634,rare,peak_abundance_with_occupancy_days_modifiers,0.0425
yucfly1,MX,0.007273483966498386,0.0073,0.0073,resident,0.0556,0.8683,0.8871,365.0,5.56,0.0030332784125347693,very_rare,0.30332784125347695,,peak_abundance_with_occupancy_days_modifiers,0.0556
bkcori,MX,0.007174203748000358,0.0072,0.0072,resident,0.0415,0.4984,0.4503,365.0,4.15,0.0029918753455934195,very_rare,0.29918753455934194,rare,peak_abundance_with_occupancy_days_modifiers,0.0415
burowl,MX,0.007174203748000358,0.004325000000000001,0.0072,breeding,0.0636,0.0168,0.0104,112.0,6.36,0.0029918753455934195,very_rare,0.29918753455934194,,peak_abundance_with_occupancy_days_modifiers,0.0636
mouplo,MX,0.007174203748000358,0.0026,0.0072,nonbreeding,0.0079,0.0885,0.1845,7.0,0.79,0.0029918753455934195,very_rare,0.29918753455934194,very_rare,peak_abundance_with_occupancy_days_modifiers,0.0079
lyhvul1,MX,0.007174203748000358,0.0072,0.0072,resident,0.0235,0.009,0.0124,365.0,2.35,0.0029918753455934195,very_rare,0.29918753455934194,rare,peak_abundance_with_occupancy_days_modifiers,0.0235
norfli1,MX,0.0071343395792705265,0.0071598496095416,0.0071598496095416,resident,0.0539551906391778,0.1017622371095351,0.0574623563822229,365.0,5.39551906391778,0.0029752506959758074,very_rare,0.29752506959758074,,peak_abundance_with_occupancy_days_modifiers,0.0539551906391778
annhum,MX,0.00707491367196188,0.005375,0.0071,prebreeding_migration,0.0655,0.2666,0.0831,140.0,6.550000000000001,0.002950468167738402,very_rare,0.2950468167738402,,peak_abundance_with_occupancy_days_modifiers,0.0655
wrenti,MX,0.006975613736425242,0.007,0.007,resident,0.0067,0.0944,0.1397,365.0,0.67,0.0029090568781531974,very_rare,0.2909056878153197,very_rare,peak_abundance_with_occupancy_days_modifiers,0.0067
reevir1,MX,0.006876303939432157,0.0045,0.0069,prebreeding_migration,0.1137,0.0248,0.0098,126.0,11.37,0.0028676414760213194,very_rare,0.2867641476021319,,peak_abundance_with_occupancy_days_modifiers,0.1137
rudtur,MX,0.006876303939432157,0.0053,0.0069,nonbreeding,0.0116,0.0341,0.0221,119.0,1.16,0.0028676414760213194,very_rare,0.2867641476021319,rare,peak_abundance_with_occupancy_days_modifiers,0.0116
amegfi,MX,0.006876303939432157,0.00225,0.0069,nonbreeding,0.0358,0.0121,0.002,112.0,3.58,0.0028676414760213194,very_rare,0.2867641476021319,rare,peak_abundance_with_occupancy_days_modifiers,0.0358
motowl,MX,0.006776984279023751,0.0068,0.0068,resident,0.0866,0.1126,0.4051,365.0,8.66,0.0028262219605257625,very_rare,0.28262219605257627,,peak_abundance_with_occupancy_days_modifiers,0.0866
xanhum,MX,0.006776984279023751,0.0068,0.0068,resident,0.0108,1.0,1.0,365.0,1.08,0.0028262219605257625,very_rare,0.28262219605257627,rare,peak_abundance_with_occupancy_days_modifiers,0.0108
pifshe,MX,0.006717038275344955,0.0038782002283152496,0.0067396481724397,nonbreeding,0.0126284280106692,0.0037858494946248,0.00029497904156841365,28.0,1.2628428010669202,0.0028012225352553317,very_rare,0.28012225352553316,rare,peak_abundance_with_occupancy_days_modifiers,0.0126284280106692
mcclon,MX,0.006677654753240569,0.003666666666666667,0.0067,nonbreeding,0.036,0.1982,0.0585,84.0,3.5999999999999996,0.00278479833084937,very_rare,0.27847983308493696,rare,peak_abundance_with_occupancy_days_modifiers,0.036
cotfly1,MX,0.006578315360122567,0.0066,0.0066,resident,0.0219,0.008,0.0073,365.0,2.19,0.002743370586174741,very_rare,0.2743370586174741,rare,peak_abundance_with_occupancy_days_modifiers,0.0219
redwar1,MX,0.006578315360122567,0.0066,0.0066,resident,0.0124,1.0,1.0,365.0,1.24,0.002743370586174741,very_rare,0.2743370586174741,rare,peak_abundance_with_occupancy_days_modifiers,0.0124
grnkin,MX,0.006578315360122567,0.0066,0.0066,resident,0.0566,0.0175,0.0275,365.0,5.66,0.002743370586174741,very_rare,0.2743370586174741,,peak_abundance_with_occupancy_days_modifiers,0.0566
noremt1,MX,0.006379606964039027,0.0064,0.0064,resident,0.019,0.4815,0.4929,365.0,1.9,0.002660502748559955,very_rare,0.26605027485599547,rare,peak_abundance_with_occupancy_days_modifiers,0.019
stfgle1,MX,0.006246123015292655,0.0062656707195825,0.0062656707195825,resident,0.0423610256393758,0.1859121526330845,0.3242378864436625,365.0,4.23610256393758,0.002604835618197523,very_rare,0.2604835618197523,rare,peak_abundance_with_occupancy_days_modifiers,0.0423610256393758
sora,MX,0.006180859075081115,0.00315,0.0062,nonbreeding,0.0905,0.279,0.361,105.0,9.049999999999999,0.0025776184411373257,very_rare,0.2577618441137326,,peak_abundance_with_occupancy_days_modifiers,0.0905
yebtyr1,MX,0.006156945837665113,0.0061759387882039,0.0061759387882039,resident,0.0724693213383078,0.291048012846623,0.243087072566164,365.0,7.24693213383078,0.0025676458465510345,very_rare,0.25676458465510343,,peak_abundance_with_occupancy_days_modifiers,0.0724693213383078
pirfly1,MX,0.005982071677547464,0.0025666666666666667,0.006,breeding,0.0556,0.0163,0.0262,91.0,5.56,0.002494717657358874,very_rare,0.2494717657358874,,peak_abundance_with_occupancy_days_modifiers,0.0556
blacat1,MX,0.005882663158155495,0.0059,0.0059,resident,0.0259,0.9683,0.9586,365.0,2.59,0.002453261084788902,very_rare,0.2453261084788902,rare,peak_abundance_with_occupancy_days_modifiers,0.0259
ariwoo,MX,0.005882663158155495,0.0059,0.0059,resident,0.0334,0.9395,0.8854,365.0,3.34,0.002453261084788902,very_rare,0.2453261084788902,rare,peak_abundance_with_occupancy_days_modifiers,0.0334
whlgna2,MX,0.005882663158155495,0.0059,0.0059,resident,0.011,0.2098,0.2471,365.0,1.0999999999999999,0.002453261084788902,very_rare,0.2453261084788902,rare,peak_abundance_with_occupancy_days_modifiers,0.011
cregua1,MX,0.005882663158155495,0.0059,0.0059,resident,0.0239,0.2444,0.2963,365.0,2.39,0.002453261084788902,very_rare,0.2453261084788902,rare,peak_abundance_with_occupancy_days_modifiers,0.0239
yetori1,MX,0.005783244755727333,0.0058,0.0058,resident,0.0464,0.373,0.3309,365.0,4.64,0.002411800390672712,very_rare,0.2411800390672712,rare,peak_abundance_with_occupancy_days_modifiers,0.0464
legcuc1,MX,0.005683816468297671,0.0057,0.0057,resident,0.0373,0.3964,0.2722,365.0,3.73,0.002370335574190707,very_rare,0.2370335574190707,rare,peak_abundance_with_occupancy_days_modifiers,0.0373
ocetur1,MX,0.005484930230569685,0.0055,0.0055,resident,0.0094,0.7649,0.6345,365.0,0.9400000000000001,0.0022873935708496436,very_rare,0.22873935708496435,very_rare,peak_abundance_with_occupancy_days_modifiers,0.0094
pinjay,MX,0.005484930230569685,0.0055,0.0055,resident,0.0013,0.0059,0.0102,365.0,0.13,0.0022873935708496436,very_rare,0.22873935708496435,very_rare,peak_abundance_with_occupancy_days_modifiers,0.0013
luchum,MX,0.005484930230569685,0.0029,0.0055,postbreeding_migration,0.0892,1.0,1.0,63.0,8.92,0.0022873935708496436,very_rare,0.22873935708496435,,peak_abundance_with_occupancy_days_modifiers,0.0892
canvas,MX,0.005484930230569685,0.00295,0.0055,nonbreeding,0.0263,0.2145,0.0289,63.0,2.63,0.0022873935708496436,very_rare,0.22873935708496435,rare,peak_abundance_with_occupancy_days_modifiers,0.0263
mafpar1,MX,0.005186526687300061,0.0052,0.0052,resident,0.0021,1.0,1.0,365.0,0.21,0.0021629496275904574,very_rare,0.21629496275904575,very_rare,peak_abundance_with_occupancy_days_modifiers,0.0021
paltyr2,MX,0.005151892656492036,0.0051651864751016,0.0051651864751016,resident,0.0669707225168455,0.2238926124787377,0.2058610741060793,365.0,6.697072251684549,0.002148506114897915,very_rare,0.2148506114897915,,peak_abundance_with_occupancy_days_modifiers,0.0669707225168455
botspa,MX,0.005087039048557106,0.0051,0.0051,resident,0.1086,0.9235,0.7136,365.0,10.86,0.002121460059688336,very_rare,0.21214600596883357,,peak_abundance_with_occupancy_days_modifiers,0.1086
sttspa1,MX,0.005087039048557106,0.0051,0.0051,resident,0.0265,0.603,0.6082,365.0,2.65,0.002121460059688336,very_rare,0.21214600596883357,rare,peak_abundance_with_occupancy_days_modifiers,0.0265
grcbec1,MX,0.005087039048557106,0.0051,0.0051,resident,0.1277,0.917,0.9605,365.0,12.770000000000001,0.002121460059688336,very_rare,0.21214600596883357,,peak_abundance_with_occupancy_days_modifiers,0.1277
whthaw,MX,0.004987541511039074,0.005,0.005,resident,0.0571,0.021,0.0327,365.0,5.71,0.0020799663636762796,very_rare,0.20799663636762797,,peak_abundance_with_occupancy_days_modifiers,0.0571
solsan,MX,0.004888034072775962,0.002933333333333333,0.0049,postbreeding_migration,0.1426,0.0206,0.0107,126.0,14.26,0.002038468538732918,very_rare,0.2038468538732918,,peak_abundance_with_occupancy_days_modifiers,0.1426
fiespa,MX,0.004788516731797177,0.0017499999999999998,0.0048,nonbreeding,0.0295,0.0238,0.0112,91.0,2.9499999999999997,0.001996966584036358,very_rare,0.19969665840363582,rare,peak_abundance_with_occupancy_days_modifiers,0.0295
cozeme1,MX,0.004615416975477191,0.0046260844176564,0.0046260844176564,resident,0.0136790892632663,1.0,1.0,365.0,1.36790892632663,0.0019247783787033315,very_rare,0.19247783787033315,rare,peak_abundance_with_occupancy_days_modifiers,0.0136790892632663
kenwar,MX,0.0045894523338072864,0.003133333333333333,0.0046,postbreeding_migration,0.0816,0.3195,0.2846,126.0,8.16,0.0019139502820952148,very_rare,0.19139502820952148,,peak_abundance_with_occupancy_days_modifiers,0.0816
brhpar1,MX,0.004489905272852052,0.0045,0.0045,resident,0.0096,0.162,0.1224,365.0,0.96,0.0018724359332058032,very_rare,0.18724359332058033,very_rare,peak_abundance_with_occupancy_days_modifiers,0.0096
grtcha1,MX,0.004489905272852052,0.0045,0.0045,resident,0.0319,0.8234,0.8008,365.0,3.19,0.0018724359332058032,very_rare,0.18724359332058033,rare,peak_abundance_with_occupancy_days_modifiers,0.0319
dstkne,MX,0.004390348301292895,0.0044,0.0044,resident,0.0158,0.0629,0.0571,365.0,1.58,0.0018309174512735364,very_rare,0.18309174512735363,rare,peak_abundance_with_occupancy_days_modifiers,0.0158
yetwar,MX,0.004390348301292895,0.0029666666666666665,0.0044,nonbreeding,0.0686,0.276,0.1641,98.0,6.859999999999999,0.0018309174512735364,very_rare,0.18309174512735363,,peak_abundance_with_occupancy_days_modifiers,0.0686
buthum,MX,0.004390348301292895,0.00285,0.0044,breeding,0.0288,0.9992,0.9958,196.0,2.88,0.0018309174512735364,very_rare,0.18309174512735363,rare,peak_abundance_with_occupancy_days_modifiers,0.0288
plawre1,MX,0.004290781417156275,0.0043,0.0043,resident,0.0168,0.1814,0.1217,365.0,1.68,0.0017893948354753858,very_rare,0.17893948354753858,rare,peak_abundance_with_occupancy_days_modifiers,0.0168
whwtan1,MX,0.004290781417156275,0.0043,0.0043,resident,0.02,0.2549,0.466,365.0,2.0,0.0017893948354753858,very_rare,0.17893948354753858,rare,peak_abundance_with_occupancy_days_modifiers,0.02
blfgro1,MX,0.004290781417156275,0.0043,0.0043,resident,0.0102,0.26,0.1983,365.0,1.02,0.0017893948354753858,very_rare,0.17893948354753858,rare,peak_abundance_with_occupancy_days_modifiers,0.0102
yucnig1,MX,0.004290781417156275,0.00255,0.0043,breeding,0.0493,0.9493,0.9831,98.0,4.93,0.0017893948354753858,very_rare,0.17893948354753858,rare,peak_abundance_with_occupancy_days_modifiers,0.0493
smbwoo1,MX,0.004290781417156275,0.0043,0.0043,resident,0.0481,0.24,0.2847,365.0,4.81,0.0017893948354753858,very_rare,0.17893948354753858,rare,peak_abundance_with_occupancy_days_modifiers,0.0481
scapig2,MX,0.004290781417156275,0.0043,0.0043,resident,0.0239,0.0109,0.0146,365.0,2.39,0.0017893948354753858,very_rare,0.17893948354753858,rare,peak_abundance_with_occupancy_days_modifiers,0.0239
calthr,MX,0.004191204618468071,0.0042,0.0042,resident,0.0105,0.2342,0.2815,365.0,1.05,0.0017478680849880779,very_rare,0.1747868084988078,rare,peak_abundance_with_occupancy_days_modifiers,0.0105
rinkin1,MX,0.004091617903253565,0.0041,0.0041,resident,0.0191,0.0057,0.0094,365.0,1.91,0.0017063371989880915,very_rare,0.17063371989880916,rare,peak_abundance_with_occupancy_days_modifiers,0.0191
whtkit,MX,0.004091617903253565,0.0041,0.0041,resident,0.0407,0.0439,0.0796,365.0,4.07,0.0017063371989880915,very_rare,0.17063371989880916,rare,peak_abundance_with_occupancy_days_modifiers,0.0407
bkcvir1,MX,0.004091617903253565,0.0028666666666666667,0.0041,nonbreeding,0.08,1.0,1.0,28.0,8.0,0.0017063371989880915,very_rare,0.17063371989880916,rare,peak_abundance_with_occupancy_days_modifiers,0.08
trogna2,MX,0.004091617903253565,0.0041,0.0041,resident,0.0362,0.1482,0.0484,365.0,3.62,0.0017063371989880915,very_rare,0.17063371989880916,rare,peak_abundance_with_occupancy_days_modifiers,0.0362
amgplo,MX,0.003992021269537453,0.002,0.004,prebreeding_migration,0.0239,0.016,0.0043,84.0,2.39,0.0016648021766516613,very_rare,0.16648021766516613,rare,peak_abundance_with_occupancy_days_modifiers,0.0239
swtkit,MX,0.003992021269537453,0.0021,0.004,postbreeding_migration,0.0382,0.0085,0.0073,98.0,3.82,0.0016648021766516613,very_rare,0.16648021766516613,rare,peak_abundance_with_occupancy_days_modifiers,0.0382
thlsch2,MX,0.0038924147153438387,0.0039,0.0039,resident,0.0159,0.3601,0.4027,365.0,1.59,0.001623263017154774,very_rare,0.1623263017154774,rare,peak_abundance_with_occupancy_days_modifiers,0.0159
rcbfin1,MX,0.0038268693292049876,0.0038342011432845,0.0038342011432845,resident,0.062877888850591,1.0,1.0,365.0,6.2877888850591,0.0015959284680264938,very_rare,0.15959284680264937,,peak_abundance_with_occupancy_days_modifiers,0.062877888850591
gryfin1,MX,0.003792798238696237,0.0036,0.0038,nonbreeding,0.007,0.004,0.001,161.0,0.7000000000000001,0.0015817197196731716,very_rare,0.15817197196731717,very_rare,peak_abundance_with_occupancy_days_modifiers,0.007
ccbfin,MX,0.003792798238696237,0.0038,0.0038,resident,0.0157,0.2202,0.2773,365.0,1.5699999999999998,0.0015817197196731716,very_rare,0.15817197196731717,rare,peak_abundance_with_occupancy_days_modifiers,0.0157
stther2,MX,0.003792798238696237,0.0038,0.0038,resident,0.0194,0.111,0.1304,365.0,1.94,0.0015817197196731716,very_rare,0.15817197196731717,rare,peak_abundance_with_occupancy_days_modifiers,0.0194
yucpoo1,MX,0.003792798238696237,0.0038,0.0038,resident,0.0335,0.8615,0.8992,365.0,3.35,0.0015817197196731716,very_rare,0.15817197196731717,rare,peak_abundance_with_occupancy_days_modifiers,0.0335
runwor1,MX,0.003792798238696237,0.0038,0.0038,resident,0.026,0.5318,0.5421,365.0,2.6,0.0015817197196731716,very_rare,0.15817197196731717,rare,peak_abundance_with_occupancy_days_modifiers,0.026
purgal2,MX,0.003792798238696237,0.00235,0.0038,postbreeding_migration,0.036,0.0187,0.0256,112.0,3.5999999999999996,0.0015817197196731716,very_rare,0.15817197196731717,rare,peak_abundance_with_occupancy_days_modifiers,0.036
nopowl,MX,0.003792798238696237,0.0038,0.0038,resident,0.0606,0.1207,0.1829,365.0,6.0600000000000005,0.0015817197196731716,very_rare,0.15817197196731717,,peak_abundance_with_occupancy_days_modifiers,0.0606
gnbman,MX,0.003792798238696237,0.002,0.0038,breeding,0.0762,0.409,0.2704,280.0,7.62,0.0015817197196731716,very_rare,0.15817197196731717,,peak_abundance_with_occupancy_days_modifiers,0.0762
shbpig,MX,0.0036931718376175702,0.0037,0.0037,resident,0.0152,0.2134,0.1357,365.0,1.52,0.0015401722833823486,very_rare,0.15401722833823486,rare,peak_abundance_with_occupancy_days_modifiers,0.0152
pinbit1,MX,0.0036622095224157704,0.003668923605333,0.003668923605333,resident,0.0833971990455042,0.0791237117423859,0.2282608732942778,365.0,8.339719904550421,0.0015272599950297405,very_rare,0.15272599950297405,,peak_abundance_with_occupancy_days_modifiers,0.0833971990455042
plaant1,MX,0.0036442407385297963,0.0036508890573816,0.0036508890573816,resident,0.066342759145341,0.0078067424029179,0.0024505289244375,365.0,6.634275914534101,0.0015197664301147612,very_rare,0.15197664301147612,,peak_abundance_with_occupancy_days_modifiers,0.066342759145341
fatwar,MX,0.0035935355101301704,0.0036,0.0036,resident,0.0555,0.7483,0.7037,365.0,5.55,0.0014986207074575537,very_rare,0.14986207074575536,,peak_abundance_with_occupancy_days_modifiers,0.0555
benthr,MX,0.0035935355101301704,0.002175,0.0036,breeding,0.0178,0.5136,0.3834,42.0,1.78,0.0014986207074575537,very_rare,0.14986207074575536,rare,peak_abundance_with_occupancy_days_modifiers,0.0178
olbeup1,MX,0.00349388925425578,0.0035,0.0035,resident,0.0128,0.189,0.1205,365.0,1.28,0.0014570649910737887,very_rare,0.14570649910737887,rare,peak_abundance_with_occupancy_days_modifiers,0.0128
slcsol1,MX,0.00349388925425578,0.0035,0.0035,resident,0.01,0.5622,0.4682,365.0,1.0,0.0014570649910737887,very_rare,0.14570649910737887,rare,peak_abundance_with_occupancy_days_modifiers,0.01
baispa,MX,0.00349388925425578,0.00175,0.0035,nonbreeding,0.0538,0.7529,0.8283,140.0,5.38,0.0014570649910737887,very_rare,0.14570649910737887,,peak_abundance_with_occupancy_days_modifiers,0.0538
norpot1,MX,0.0034152377610577544,0.0034210763303487,0.0034210763303487,resident,0.1739311776949961,0.5527760976134527,0.4826056494874848,365.0,17.39311776949961,0.0014242647707762642,very_rare,0.14242647707762643,,peak_abundance_with_occupancy_days_modifiers,0.1739311776949961
cardov1,MX,0.003394233068015547,0.0034,0.0034,resident,0.0228,0.7455,0.6944,365.0,2.2800000000000002,0.0014155051334058092,very_rare,0.1415505133405809,rare,peak_abundance_with_occupancy_days_modifiers,0.0228
rudwoo1,MX,0.003394233068015547,0.0034,0.0034,resident,0.0299,0.569,0.6289,365.0,2.9899999999999998,0.0014155051334058092,very_rare,0.1415505133405809,rare,peak_abundance_with_occupancy_days_modifiers,0.0299
grbwre1,MX,0.0033366763634527113,0.0033422492646286,0.0033422492646286,resident,0.0285239191815408,1.0,1.0,365.0,2.85239191815408,0.0013915021232594716,very_rare,0.13915021232594715,rare,peak_abundance_with_occupancy_days_modifiers,0.0285239191815408
rehtan1,MX,0.003330991931318878,0.003336545849916,0.003336545849916,resident,0.183093317586372,1.0,1.0,365.0,18.3093317586372,0.0013891315309327555,very_rare,0.13891315309327554,,peak_abundance_with_occupancy_days_modifiers,0.183093317586372
citspa1,MX,0.0033239569378984064,0.0033294874087455,0.0033294874087455,resident,0.0627131470514859,1.0,1.0,365.0,6.27131470514859,0.0013861977108029881,very_rare,0.13861977108029883,,peak_abundance_with_occupancy_days_modifiers,0.0627131470514859
comloo,MX,0.003294566949430031,0.00195,0.0033,nonbreeding,0.007,0.0573,0.038,56.0,0.7000000000000001,0.0013739411336281234,very_rare,0.13739411336281235,very_rare,peak_abundance_with_occupancy_days_modifiers,0.007
recman1,MX,0.003294566949430031,0.0033,0.0033,resident,0.0164,0.2678,0.2221,365.0,1.6400000000000001,0.0013739411336281234,very_rare,0.13739411336281235,rare,peak_abundance_with_occupancy_days_modifiers,0.0164
whrsan,MX,0.003294566949430031,0.00165,0.0033,prebreeding_migration,0.0068,0.0083,0.0054,49.0,0.6799999999999999,0.0013739411336281234,very_rare,0.13739411336281235,very_rare,peak_abundance_with_occupancy_days_modifiers,0.0068
yebela1,MX,0.003294566949430031,0.0033,0.0033,resident,0.031,0.0109,0.0041,365.0,3.1,0.0013739411336281234,very_rare,0.13739411336281235,rare,peak_abundance_with_occupancy_days_modifiers,0.031
eyrfla1,MX,0.003294566949430031,0.0033,0.0033,resident,0.0293,0.5378,0.5593,365.0,2.93,0.0013739411336281234,very_rare,0.13739411336281235,rare,peak_abundance_with_occupancy_days_modifiers,0.0293
buwwar,MX,0.003194890896519197,0.002433333333333333,0.0032,nonbreeding,0.0942,0.3762,0.4244,119.0,9.42,0.0013323729909149931,very_rare,0.1332372990914993,,peak_abundance_with_occupancy_days_modifiers,0.0942
limpki,MX,0.003194890896519197,0.0032,0.0032,resident,0.0162,0.0146,0.0083,365.0,1.6199999999999999,0.0013323729909149931,very_rare,0.1332372990914993,rare,peak_abundance_with_occupancy_days_modifiers,0.0162
bubgro1,MX,0.003194890896519197,0.0032,0.0032,resident,0.0223,0.1626,0.151,365.0,2.23,0.0013323729909149931,very_rare,0.1332372990914993,rare,peak_abundance_with_occupancy_days_modifiers,0.0223
yebori1,MX,0.003194890896519197,0.0032,0.0032,resident,0.0229,0.1722,0.0834,365.0,2.29,0.0013323729909149931,very_rare,0.1332372990914993,rare,peak_abundance_with_occupancy_days_modifiers,0.0229
whwpuf1,MX,0.003168553019676277,0.0031735781898999,0.0031735781898999,resident,0.0240981598122266,0.0394010242612571,0.0598401308783524,365.0,2.40981598122266,0.0013213892431500848,very_rare,0.13213892431500848,rare,peak_abundance_with_occupancy_days_modifiers,0.0240981598122266
sctlea1,MX,0.0031612011636042692,0.0031662030292484,0.0031662030292484,resident,0.0567414376638296,0.129035137046806,0.1467151919045718,365.0,5.67414376638296,0.0013183232810309589,very_rare,0.1318323281030959,,peak_abundance_with_occupancy_days_modifiers,0.0567414376638296
prafal,MX,0.003095204907302419,0.001725,0.0031,nonbreeding,0.1201,0.0829,0.0591,133.0,12.01,0.001290800704440433,very_rare,0.1290800704440433,,peak_abundance_with_occupancy_days_modifiers,0.1201
fisspa,MX,0.003095204907302419,0.0031,0.0031,resident,0.0444,0.9953,0.9904,365.0,4.44,0.001290800704440433,very_rare,0.1290800704440433,rare,peak_abundance_with_occupancy_days_modifiers,0.0444
batfal1,MX,0.003095204907302419,0.0031,0.0031,resident,0.0388,0.0145,0.0191,365.0,3.88,0.001290800704440433,very_rare,0.1290800704440433,rare,peak_abundance_with_occupancy_days_modifiers,0.0388
sprpip,MX,0.003095204907302419,0.0019333333333333331,0.0031,nonbreeding,0.1,0.5096,0.5362,91.0,10.0,0.001290800704440433,very_rare,0.1290800704440433,,peak_abundance_with_occupancy_days_modifiers,0.1
coltow1,MX,0.0029990808357048373,0.0030035825778723,0.0030035825778723,resident,0.0830878858974199,1.0,1.0,365.0,8.30878858974199,0.0012507138529885965,very_rare,0.12507138529885964,,peak_abundance_with_occupancy_days_modifiers,0.0830878858974199
clagre,MX,0.002995508979798479,0.00185,0.003,postbreeding_migration,0.009,0.4274,0.2693,175.0,0.8999999999999999,0.001249224273378119,very_rare,0.12492242733781189,very_rare,peak_abundance_with_occupancy_days_modifiers,0.009
rudcra1,MX,0.002995508979798479,0.003,0.003,resident,0.0224,0.5542,0.527,365.0,2.2399999999999998,0.001249224273378119,very_rare,0.12492242733781189,rare,peak_abundance_with_occupancy_days_modifiers,0.0224
gsbfin1,MX,0.0029377208963191864,0.0029420402269785,0.0029420402269785,resident,0.0401040989779369,1.0,1.0,365.0,4.01040989779369,0.0012251247707289353,very_rare,0.12251247707289353,rare,peak_abundance_with_occupancy_days_modifiers,0.0401040989779369
plcsta,MX,0.002895803112025565,0.0029,0.0029,resident,0.0325,0.5367,0.551,365.0,3.25,0.0012076436969017555,very_rare,0.12076436969017555,rare,peak_abundance_with_occupancy_days_modifiers,0.0325
spcwoo1,MX,0.002895803112025565,0.0029,0.0029,resident,0.0225,0.7281,0.6125,365.0,2.25,0.0012076436969017555,very_rare,0.12076436969017555,rare,peak_abundance_with_occupancy_days_modifiers,0.0225
woewar1,MX,0.002895803112025565,0.002,0.0029,nonbreeding,0.0778,0.3291,0.3367,133.0,7.779999999999999,0.0012076436969017555,very_rare,0.12076436969017555,,peak_abundance_with_occupancy_days_modifiers,0.0778
cozvir1,MX,0.0028031510405278843,0.0028070835420126,0.0028070835420126,resident,0.0131091272106302,1.0,1.0,365.0,1.31091272106302,0.0011690047819547266,very_rare,0.11690047819547267,rare,peak_abundance_with_occupancy_days_modifiers,0.0131091272106302
rubspi2,MX,0.002796087302001274,0.0028,0.0028,resident,0.0215,0.6673,0.5676,365.0,2.15,0.001166058974184524,very_rare,0.1166058974184524,rare,peak_abundance_with_occupancy_days_modifiers,0.0215
chcwoo1,MX,0.002796087302001274,0.0028,0.0028,resident,0.0212,0.4905,0.421,365.0,2.12,0.001166058974184524,very_rare,0.1166058974184524,rare,peak_abundance_with_occupancy_days_modifiers,0.0212
lecthr,MX,0.002796087302001274,0.0028,0.0028,resident,0.014,0.2876,0.3506,365.0,1.4000000000000001,0.001166058974184524,very_rare,0.1166058974184524,rare,peak_abundance_with_occupancy_days_modifiers,0.014
sinqua1,MX,0.002796087302001274,0.0028,0.0028,resident,0.0276,0.8818,0.7455,365.0,2.76,0.001166058974184524,very_rare,0.1166058974184524,rare,peak_abundance_with_occupancy_days_modifiers,0.0276
brnowl,MX,0.002796087302001274,0.0028,0.0028,resident,0.0818,,,,8.18,0.001166058974184524,very_rare,0.1166058974184524,,peak_abundance_with_occupancy_days_modifiers,0.0818
gryvir,MX,0.002796087302001274,0.0016749999999999998,0.0028,prebreeding_migration,0.0946,0.7663,0.9376,112.0,9.46,0.001166058974184524,very_rare,0.1166058974184524,,peak_abundance_with_occupancy_days_modifiers,0.0946
rubsee1,MX,0.002796087302001274,0.0028,0.0028,resident,0.0041,0.0077,0.0202,365.0,0.41000000000000003,0.001166058974184524,very_rare,0.1166058974184524,very_rare,peak_abundance_with_occupancy_days_modifiers,0.0041
gyhdov1,MX,0.0026963615477426086,0.0027,0.0027,resident,0.0214,0.49,0.482,365.0,2.1399999999999997,0.0011244701043994507,very_rare,0.11244701043994507,rare,peak_abundance_with_occupancy_days_modifiers,0.0214
chswar,MX,0.0026963615477426086,0.0021333333333333334,0.0027,prebreeding_migration,0.0554,0.2776,0.0362,133.0,5.54,0.0011244701043994507,very_rare,0.11244701043994507,,peak_abundance_with_occupancy_days_modifiers,0.0554
cibflo1,MX,0.0026963615477426086,0.0027,0.0027,resident,0.0131,0.6668,0.6608,365.0,1.31,0.0011244701043994507,very_rare,0.11244701043994507,rare,peak_abundance_with_occupancy_days_modifiers,0.0131
goceme1,MX,0.002678792023909651,0.0026823831932126,0.0026823831932126,resident,0.2120867543595878,1.0,1.0,365.0,21.208675435958778,0.001117143043859225,very_rare,0.1117143043859225,,peak_abundance_with_occupancy_days_modifiers,0.2120867543595878
xanmur2,MX,0.002619160868257527,0.0013398736563597492,0.0026225938666218,breeding,0.0070733855681188,0.0059787849566055,0.0020227311664464,0.0,0.70733855681188,0.0010922749204142336,very_rare,0.10922749204142336,very_rare,peak_abundance_with_occupancy_days_modifiers,0.0070733855681188
kinvul1,MX,0.002596625847265978,0.0026,0.0026,resident,0.022,0.0072,0.0097,365.0,2.1999999999999997,0.001082877086719314,very_rare,0.1082877086719314,rare,peak_abundance_with_occupancy_days_modifiers,0.022
leagre,MX,0.002596625847265978,0.0026,0.0026,resident,0.011,0.0165,0.0299,365.0,1.0999999999999999,0.001082877086719314,very_rare,0.1082877086719314,rare,peak_abundance_with_occupancy_days_modifiers,0.011
whcman1,MX,0.002596625847265978,0.0026,0.0026,resident,0.0132,0.1472,0.0685,365.0,1.32,0.001082877086719314,very_rare,0.1082877086719314,rare,peak_abundance_with_occupancy_days_modifiers,0.0132
grsvir1,MX,0.002596625847265978,0.0026,0.0026,resident,0.0137,0.388,0.3677,365.0,1.37,0.001082877086719314,very_rare,0.1082877086719314,rare,peak_abundance_with_occupancy_days_modifiers,0.0137
rutjac1,MX,0.002596625847265978,0.0026,0.0026,resident,0.0095,0.0037,0.0047,365.0,0.95,0.001082877086719314,very_rare,0.1082877086719314,very_rare,peak_abundance_with_occupancy_days_modifiers,0.0095
ocbfly1,MX,0.002596625847265978,0.0026,0.0026,resident,0.0236,0.0094,0.0126,365.0,2.36,0.001082877086719314,very_rare,0.1082877086719314,rare,peak_abundance_with_occupancy_days_modifiers,0.0236
pecsan,MX,0.002596625847265978,0.0012,0.0026,prebreeding_migration,0.0275,0.013,0.0024,98.0,2.75,0.001082877086719314,very_rare,0.1082877086719314,rare,peak_abundance_with_occupancy_days_modifiers,0.0275
calhum,MX,0.002596625847265978,0.0015666666666666665,0.0026,postbreeding_migration,0.1656,0.9073,0.9884,133.0,16.56,0.001082877086719314,very_rare,0.1082877086719314,,peak_abundance_with_occupancy_days_modifiers,0.1656
crahaw,MX,0.002596625847265978,0.0026,0.0026,resident,0.0866,0.0214,0.0161,365.0,8.66,0.001082877086719314,very_rare,0.1082877086719314,,peak_abundance_with_occupancy_days_modifiers,0.0866
blctit1,MX,0.002596625847265978,0.0026,0.0026,resident,0.0335,0.0125,0.0238,365.0,3.35,0.001082877086719314,very_rare,0.1082877086719314,rare,peak_abundance_with_occupancy_days_modifiers,0.0335
copowl1,MX,0.0025640040685003104,0.0025672939380774,0.0025672939380774,resident,0.1347081793068973,1.0,1.0,365.0,13.47081793068973,0.0010692727483081895,very_rare,0.10692727483081896,,peak_abundance_with_occupancy_days_modifiers,0.1347081793068973
bkbwar,MX,0.002496880198587199,0.001,0.0025,prebreeding_migration,0.0993,0.0527,0.0212,70.0,9.93,0.0010412799203166443,very_rare,0.10412799203166442,,peak_abundance_with_occupancy_days_modifiers,0.0993
royfly1,MX,0.002496880198587199,0.0025,0.0025,resident,0.0224,0.0125,0.0771,365.0,2.2399999999999998,0.0010412799203166443,very_rare,0.10412799203166442,rare,peak_abundance_with_occupancy_days_modifiers,0.0224
tatlea1,MX,0.0024839730655755034,0.0024870606826607,0.0024870606826607,resident,0.0786743527940702,0.3413650144821142,0.3889805203785216,365.0,7.867435279407021,0.001035897227770411,very_rare,0.10358972277704111,,peak_abundance_with_occupancy_days_modifiers,0.0786743527940702
pucfai1,MX,0.0024680984590564584,0.0024711467213462,0.0024711467213462,resident,0.0267957227527727,0.0307099707318623,0.0264682620015343,365.0,2.6795722752772697,0.0010292770026508519,very_rare,0.10292770026508519,rare,peak_abundance_with_occupancy_days_modifiers,0.0267957227527727
simspa1,MX,0.0024012553595306753,0.0024041406821848,0.0024041406821848,resident,0.0065703995726435,1.0,1.0,365.0,0.6570399572643499,0.0010014012650053923,very_rare,0.10014012650053923,very_rare,peak_abundance_with_occupancy_days_modifiers,0.0065703995726435
snakit,MX,0.0023971245997214934,0.0024,0.0024,resident,0.011,0.0098,0.0049,365.0,1.0999999999999999,0.000999678604363726,very_rare,0.09996786043637261,rare,peak_abundance_with_occupancy_days_modifiers,0.011
prowar,MX,0.0023971245997214934,0.0010666666666666665,0.0024,postbreeding_migration,0.0793,0.1032,0.0545,105.0,7.93,0.000999678604363726,very_rare,0.09996786043637261,,peak_abundance_with_occupancy_days_modifiers,0.0793
sumwre1,MX,0.0023918252907110063,0.0023946879867229,0.0023946879867229,resident,0.0174700229560731,1.0,1.0,365.0,1.7470022956073101,0.0009974686208542173,very_rare,0.09974686208542173,rare,peak_abundance_with_occupancy_days_modifiers,0.0174700229560731
grecur1,MX,0.0022973590486834897,0.0023,0.0023,resident,0.0185,0.342,0.393,365.0,1.8499999999999999,0.0009580731380325941,very_rare,0.09580731380325941,rare,peak_abundance_with_occupancy_days_modifiers,0.0185
belspa2,MX,0.0022973590486834897,0.0012250000000000002,0.0023,nonbreeding,0.0167,0.2139,0.0588,119.0,1.67,0.0009580731380325941,very_rare,0.09580731380325941,rare,peak_abundance_with_occupancy_days_modifiers,0.0167
norful,MX,0.0022790880250650744,0.0009158541372519968,0.0022816871203253,nonbreeding,0.015154113612803,0.0008061024944393855,5.801251725591135e-07,7.0,1.5154113612803,0.000950453529359243,very_rare,0.09504535293592431,very_rare,peak_abundance_with_occupancy_days_modifiers,0.015154113612803
pubjay1,MX,0.0022761207896508187,0.0022787131190205,0.0022787131190205,resident,0.0332715161932378,1.0,1.0,365.0,3.32715161932378,0.0009492160960785262,very_rare,0.09492160960785262,rare,peak_abundance_with_occupancy_days_modifiers,0.0332715161932378
dwajay1,MX,0.0022396765376233845,0.0022421864865948,0.0022421864865948,resident,0.0134603632243025,1.0,1.0,365.0,1.34603632243025,0.000934017662501902,very_rare,0.0934017662501902,rare,peak_abundance_with_occupancy_days_modifiers,0.0134603632243025
nobwoo1,MX,0.0021975835434872217,0.0022,0.0022,resident,0.0211,0.2935,0.2833,365.0,2.11,0.0009164635204950369,very_rare,0.0916463520495037,rare,peak_abundance_with_occupancy_days_modifiers,0.0211
ltwpar1,MX,0.0021741861997208204,0.0021765514563952,0.0021765514563952,resident,0.1436096574102004,1.0,1.0,365.0,14.36096574102004,0.0009067060702711554,very_rare,0.09067060702711555,,peak_abundance_with_occupancy_days_modifiers,0.1436096574102004
commer,MX,0.002097798082146129,0.0008333333333333334,0.0021,nonbreeding,0.0007,0.0005,0.0005,0.0,0.06999999999999999,0.0008748497509225938,very_rare,0.08748497509225937,very_rare,peak_abundance_with_occupancy_days_modifiers,0.0007
banana,MX,0.002097798082146129,0.0021,0.0021,resident,0.0073,0.0017,0.0022,365.0,0.73,0.0008748497509225938,very_rare,0.08748497509225937,very_rare,peak_abundance_with_occupancy_days_modifiers,0.0073
oaktit,MX,0.002097798082146129,0.0021,0.0021,resident,0.0061,0.1116,0.0377,365.0,0.61,0.0008748497509225938,very_rare,0.08748497509225937,very_rare,peak_abundance_with_occupancy_days_modifiers,0.0061
slttro1,MX,0.002097798082146129,0.0021,0.0021,resident,0.0093,0.1295,0.1478,365.0,0.9299999999999999,0.0008748497509225938,very_rare,0.08748497509225937,very_rare,peak_abundance_with_occupancy_days_modifiers,0.0093
lesroa1,MX,0.0020462501168448223,0.0020483451153351,0.0020483451153351,resident,0.2297230881335055,0.7588296825796573,0.7474486619413804,365.0,22.97230881335055,0.000853352579679909,very_rare,0.08533525796799091,,peak_abundance_with_occupancy_days_modifiers,0.2297230881335055
bubsan,MX,0.001998002662673056,0.0013,0.002,postbreeding_migration,0.0024,0.0443,0.0362,49.0,0.24,0.000833231828486557,very_rare,0.0833231828486557,very_rare,peak_abundance_with_occupancy_days_modifiers,0.0024
plukit1,MX,0.001998002662673056,0.0010999999999999998,0.002,breeding,0.0167,0.005,0.0057,98.0,1.67,0.000833231828486557,very_rare,0.0833231828486557,rare,peak_abundance_with_occupancy_days_modifiers,0.0167
bobher1,MX,0.001998002662673056,0.002,0.002,resident,0.0265,0.0214,0.0361,365.0,2.65,0.000833231828486557,very_rare,0.0833231828486557,rare,peak_abundance_with_occupancy_days_modifiers,0.0265
varsee3,MX,0.001998002662673056,0.002,0.002,resident,0.0151,0.0599,0.012,365.0,1.51,0.000833231828486557,very_rare,0.0833231828486557,rare,peak_abundance_with_occupancy_days_modifiers,0.0151
dowant1,MX,0.0019225714346644974,0.0019244207600887,0.0019244207600887,resident,0.0247162553364634,0.0034026987763667,0.0267482394669597,365.0,2.47162553364634,0.0008017745630821242,very_rare,0.08017745630821242,rare,peak_abundance_with_occupancy_days_modifiers,0.0247162553364634
cssvir1,MX,0.0018981972830802527,0.0019,0.0019,resident,0.0135,0.8223,0.8615,365.0,1.35,0.0007916097523579702,very_rare,0.07916097523579702,rare,peak_abundance_with_occupancy_days_modifiers,0.0135
azchum1,MX,0.0018981972830802527,0.0019,0.0019,resident,0.011,0.3458,0.2354,365.0,1.0999999999999999,0.0007916097523579702,very_rare,0.07916097523579702,rare,peak_abundance_with_occupancy_days_modifiers,0.011
baffal1,MX,0.0018981972830802527,0.0019,0.0019,resident,0.0217,0.0105,0.0192,365.0,2.17,0.0007916097523579702,very_rare,0.07916097523579702,rare,peak_abundance_with_occupancy_days_modifiers,0.0217
ferhaw,MX,0.0017983819413793735,0.0010333333333333334,0.0018,nonbreeding,0.06,0.0865,0.0396,77.0,6.0,0.0007499835217076287,very_rare,0.07499835217076287,,peak_abundance_with_occupancy_days_modifiers,0.06
rcnthr1,MX,0.0017983819413793735,0.0018,0.0018,resident,0.0144,0.6715,0.3994,365.0,1.44,0.0007499835217076287,very_rare,0.07499835217076287,rare,peak_abundance_with_occupancy_days_modifiers,0.0144
gretin1,MX,0.0017983819413793735,0.0018,0.0018,resident,0.0103,0.0054,0.0076,365.0,1.03,0.0007499835217076287,very_rare,0.07499835217076287,rare,peak_abundance_with_occupancy_days_modifiers,0.0103
gockin,MX,0.0017983819413793735,0.0013,0.0018,nonbreeding,0.0132,0.0046,0.0017,98.0,1.32,0.0007499835217076287,very_rare,0.07499835217076287,rare,peak_abundance_with_occupancy_days_modifiers,0.0132
amecro,MX,0.0016985566355814774,0.001075,0.0017,nonbreeding,0.0004,0.0002,0.0003,0.0,0.04,0.00070835313570608,very_rare,0.070835313570608,very_rare,peak_abundance_with_occupancy_days_modifiers,0.0004
whsowl1,MX,0.0016985566355814774,0.0017,0.0017,resident,0.0324,0.962,0.8376,365.0,3.2399999999999998,0.00070835313570608,very_rare,0.070835313570608,rare,peak_abundance_with_occupancy_days_modifiers,0.0324
bucmot1,MX,0.0016985566355814774,0.0017,0.0017,resident,0.0062,1.0,1.0,365.0,0.62,0.00070835313570608,very_rare,0.070835313570608,very_rare,peak_abundance_with_occupancy_days_modifiers,0.0062
abetow,MX,0.0016985566355814774,0.0017,0.0017,resident,0.0028,0.1374,0.1142,365.0,0.27999999999999997,0.00070835313570608,very_rare,0.070835313570608,very_rare,peak_abundance_with_occupancy_days_modifiers,0.0028
todmot1,MX,0.0015987213636970278,0.0016,0.0016,resident,0.0116,0.4774,0.4154,365.0,1.16,0.0006667185935236227,very_rare,0.06667185935236226,rare,peak_abundance_with_occupancy_days_modifiers,0.0116
surfbi,MX,0.0015987213636970278,0.0006666666666666666,0.0016,prebreeding_migration,0.0039,0.0802,0.0432,49.0,0.38999999999999996,0.0006667185935236227,very_rare,0.06667185935236226,very_rare,peak_abundance_with_occupancy_days_modifiers,0.0039
blbori1,MX,0.0015987213636970278,0.0016,0.0016,resident,0.0082,1.0,1.0,365.0,0.8200000000000001,0.0006667185935236227,very_rare,0.06667185935236226,very_rare,peak_abundance_with_occupancy_days_modifiers,0.0082
strfly1,MX,0.0015987213636970278,0.0007666666666666667,0.0016,nonbreeding,0.036,0.0067,0.0052,63.0,3.5999999999999996,0.0006667185935236227,very_rare,0.06667185935236226,rare,peak_abundance_with_occupancy_days_modifiers,0.036
viosab1,MX,0.0015987213636970278,0.0016,0.0016,resident,0.0153,0.4977,0.2942,365.0,1.53,0.0006667185935236227,very_rare,0.06667185935236226,rare,peak_abundance_with_occupancy_days_modifiers,0.0153
crcgro,MX,0.0015987213636970278,0.0016,0.0016,resident,0.0071,0.9903,1.0,365.0,0.7100000000000001,0.0006667185935236227,very_rare,0.06667185935236226,very_rare,peak_abundance_with_occupancy_days_modifiers,0.0071
monpar,MX,0.0015987213636970278,0.0016,0.0016,resident,0.0011,0.0009,0.0002,365.0,0.11,0.0006667185935236227,very_rare,0.06667185935236226,very_rare,peak_abundance_with_occupancy_days_modifiers,0.0011
orcpar,MX,0.0015987213636970278,0.0016,0.0016,resident,0.001,0.003,0.0038,0.0,0.1,0.0006667185935236227,very_rare,0.06667185935236226,very_rare,peak_abundance_with_occupancy_days_modifiers,0.001
rhiauk,MX,0.0015680656712531904,0.0010146855868340666,0.001569295729081,prebreeding_migration,0.0030803453280517,0.0010631027412863,0.0001607034221848962,0.0,0.30803453280517,0.000653934176792956,very_rare,0.0653934176792956,very_rare,peak_abundance_with_occupancy_days_modifiers,0.0030803453280517
rufgle1,MX,0.0014988761237358919,0.0015,0.0015,resident,0.0113,,,,1.13,0.0006250798943303071,very_rare,0.06250798943303071,rare,peak_abundance_with_occupancy_days_modifiers,0.0113
ruqdov,MX,0.0014988761237358919,0.0015,0.0015,resident,0.0256,0.0104,0.0116,365.0,2.56,0.0006250798943303071,very_rare,0.06250798943303071,rare,peak_abundance_with_occupancy_days_modifiers,0.0256
grfhum1,MX,0.0014988761237358919,0.0015,0.0015,resident,0.0146,0.9772,0.9868,365.0,1.46,0.0006250798943303071,very_rare,0.06250798943303071,rare,peak_abundance_with_occupancy_days_modifiers,0.0146
sthwoo1,MX,0.0014988761237358919,0.0015,0.0015,resident,0.0175,0.0525,0.0256,365.0,1.7500000000000002,0.0006250798943303071,very_rare,0.06250798943303071,rare,peak_abundance_with_occupancy_days_modifiers,0.0175
comgol,MX,0.0014988761237358919,0.0006000000000000001,0.0015,nonbreeding,0.002,,,,0.2,0.0006250798943303071,very_rare,0.06250798943303071,very_rare,peak_abundance_with_occupancy_days_modifiers,0.002
bumhum,MX,0.001451432244859419,0.0014524860824364,0.0014524860824364,resident,0.1152528691146933,1.0,1.0,365.0,11.52528691146933,0.0006052942600639486,very_rare,0.06052942600639486,,peak_abundance_with_occupancy_days_modifiers,0.1152528691146933
blchum2,MX,0.0014111452803418222,0.0014121414143511,0.0014121414143511,resident,0.0152741710346695,1.0,1.0,365.0,1.52741710346695,0.000588493290907983,very_rare,0.0588493290907983,rare,peak_abundance_with_occupancy_days_modifiers,0.0152741710346695
grhkit1,MX,0.001399020913707341,0.0014,0.0014,resident,0.0401,0.0127,0.0201,365.0,4.01,0.0005834370372959348,very_rare,0.05834370372959348,rare,peak_abundance_with_occupancy_days_modifiers,0.0401
mouchi,MX,0.001399020913707341,0.0014,0.0014,breeding,0.0013,0.0021,0.0024,210.0,0.13,0.0005834370372959348,very_rare,0.05834370372959348,very_rare,peak_abundance_with_occupancy_days_modifiers,0.0013
towsol,MX,0.001399020913707341,0.000675,0.0014,nonbreeding,0.0138,0.0116,0.0042,105.0,1.38,0.0005834370372959348,very_rare,0.05834370372959348,rare,peak_abundance_with_occupancy_days_modifiers,0.0138
scbhum1,MX,0.0013909960805303229,0.0013919639643005,0.0013919639643005,resident,0.0248779043234906,0.0471643154835929,0.0232913200251149,365.0,2.48779043234906,0.0005800904219253241,very_rare,0.05800904219253241,rare,peak_abundance_with_occupancy_days_modifiers,0.0248779043234906
mexshe1,MX,0.0013776767873234356,0.0013786262199423,0.0013786262199423,resident,0.020636693920897,1.0,1.0,365.0,2.0636693920897,0.0005745358452271339,very_rare,0.05745358452271339,rare,peak_abundance_with_occupancy_days_modifiers,0.020636693920897
strowl1,MX,0.0013533993641438571,0.0013543156223711,0.0013543156223711,resident,0.0582422168826796,0.0034827219701482,0.0036079532567524,365.0,5.8242216882679605,0.0005644113733810108,very_rare,0.05644113733810108,,peak_abundance_with_occupancy_days_modifiers,0.0582422168826796
amthum1,MX,0.0013471384549301204,0.0013480462535362,0.0013480462535362,resident,0.0906348141251057,0.8047441489196407,0.5018691748016025,365.0,9.06348141251057,0.0005618003714390887,very_rare,0.056180037143908866,,peak_abundance_with_occupancy_days_modifiers,0.0906348141251057
earque,MX,0.0013430532357569765,0.0013439555356544,0.0013439555356544,resident,0.2228257623772036,0.9973393925478592,0.9999839988474104,365.0,22.28257623772036,0.0005600967027178344,very_rare,0.05600967027178344,,peak_abundance_with_occupancy_days_modifiers,0.2228257623772036
blarob1,MX,0.00129915573162005,0.0013,0.0013,resident,0.0103,0.7816,0.7261,365.0,1.03,0.0005417900215900586,very_rare,0.05417900215900586,rare,peak_abundance_with_occupancy_days_modifiers,0.0103
aplfal,MX,0.00129915573162005,0.0013,0.0013,resident,0.0129,0.0037,0.0055,365.0,1.29,0.0005417900215900586,very_rare,0.05417900215900586,rare,peak_abundance_with_occupancy_days_modifiers,0.0129
rinphe1,MX,0.00129915573162005,0.0013,0.0013,resident,0.0013,0.0002,0.0005,365.0,0.13,0.0005417900215900586,very_rare,0.05417900215900586,very_rare,peak_abundance_with_occupancy_days_modifiers,0.0013
lobher,MX,0.00129915573162005,0.0013,0.0013,resident,0.0071,0.0802,0.0767,365.0,0.7100000000000001,0.0005417900215900586,very_rare,0.05417900215900586,very_rare,peak_abundance_with_occupancy_days_modifiers,0.0071
pavpig2,MX,0.00129915573162005,0.0013,0.0013,resident,0.0072,0.0018,0.001,365.0,0.72,0.0005417900215900586,very_rare,0.05417900215900586,very_rare,peak_abundance_with_occupancy_days_modifiers,0.0072
casfin,MX,0.00129915573162005,0.0006000000000000001,0.0013,nonbreeding,0.0096,0.0222,0.0117,98.0,0.96,0.0005417900215900586,very_rare,0.05417900215900586,very_rare,peak_abundance_with_occupancy_days_modifiers,0.0096
brcvir1,MX,0.00129915573162005,0.0013,0.0013,resident,0.0086,0.0749,0.0671,365.0,0.86,0.0005417900215900586,very_rare,0.05417900215900586,very_rare,peak_abundance_with_occupancy_days_modifiers,0.0086
canwar,MX,0.00129915573162005,0.00085,0.0013,postbreeding_migration,0.0662,0.0378,0.0269,56.0,6.619999999999999,0.0005417900215900586,very_rare,0.05417900215900586,,peak_abundance_with_occupancy_days_modifiers,0.0662
grbhaw1,MX,0.00129915573162005,0.0013,0.0013,resident,0.0555,0.0239,0.0079,365.0,5.55,0.0005417900215900586,very_rare,0.05417900215900586,,peak_abundance_with_occupancy_days_modifiers,0.0555
butsal1,MX,0.00129915573162005,0.0013,0.0013,resident,0.0051,0.0014,0.0025,365.0,0.51,0.0005417900215900586,very_rare,0.05417900215900586,very_rare,peak_abundance_with_occupancy_days_modifiers,0.0051
blheag1,MX,0.00129915573162005,0.0013,0.0013,resident,0.0289,0.0115,0.0145,365.0,2.8899999999999997,0.0005417900215900586,very_rare,0.05417900215900586,rare,peak_abundance_with_occupancy_days_modifiers,0.0289
shtfly1,MX,0.0011992805754820971,0.0012,0.0012,resident,0.0212,0.0316,0.0184,365.0,2.12,0.0005001388463819827,very_rare,0.050013884638198274,rare,peak_abundance_with_occupancy_days_modifiers,0.0212
semsan,MX,0.0011992805754820971,0.0010333333333333334,0.0012,prebreeding_migration,0.0068,0.047,0.0007,112.0,0.6799999999999999,0.0005001388463819827,very_rare,0.050013884638198274,very_rare,peak_abundance_with_occupancy_days_modifiers,0.0068
blcchl1,MX,0.0011992805754820971,0.0012,0.0012,resident,0.0043,0.4699,0.441,365.0,0.43,0.0005001388463819827,very_rare,0.050013884638198274,very_rare,peak_abundance_with_occupancy_days_modifiers,0.0043
slbtin1,MX,0.0011992805754820971,0.0012,0.0012,resident,0.0092,0.3519,0.3513,365.0,0.9199999999999999,0.0005001388463819827,very_rare,0.050013884638198274,very_rare,peak_abundance_with_occupancy_days_modifiers,0.0092
wnbfin1,MX,0.0011992805754820971,0.0012,0.0012,resident,0.0068,0.1699,0.1224,365.0,0.6799999999999999,0.0005001388463819827,very_rare,0.050013884638198274,very_rare,peak_abundance_with_occupancy_days_modifiers,0.0068
wilsap,MX,0.0011992805754820971,0.00039999999999999996,0.0012,nonbreeding,0.0315,0.249,0.2543,77.0,3.15,0.0005001388463819827,very_rare,0.050013884638198274,rare,peak_abundance_with_occupancy_days_modifiers,0.0315
whbcha1,MX,0.0011992805754820971,0.0012,0.0012,resident,0.0016,0.1633,0.2272,365.0,0.16,0.0005001388463819827,very_rare,0.050013884638198274,very_rare,peak_abundance_with_occupancy_days_modifiers,0.0016
orheag1,MX,0.0011992805754820971,0.0012,0.0012,resident,0.0207,0.0137,0.0335,365.0,2.07,0.0005001388463819827,very_rare,0.050013884638198274,rare,peak_abundance_with_occupancy_days_modifiers,0.0207
btstan1,MX,0.0010993954433009636,0.0011,0.0011,resident,0.0065,0.4615,0.3751,365.0,0.65,0.0004584835108407622,very_rare,0.04584835108407622,very_rare,peak_abundance_with_occupancy_days_modifiers,0.0065
palwar,MX,0.0010993954433009636,0.0007333333333333333,0.0011,nonbreeding,0.005,0.014,0.0037,84.0,0.5,0.0004584835108407622,very_rare,0.04584835108407622,very_rare,peak_abundance_with_occupancy_days_modifiers,0.005
littin1,MX,0.0010993954433009636,0.0011,0.0011,resident,0.0095,0.0036,0.0032,365.0,0.95,0.0004584835108407622,very_rare,0.04584835108407622,very_rare,peak_abundance_with_occupancy_days_modifiers,0.0095
comter,MX,0.0010993954433009636,0.0005,0.0011,postbreeding_migration,0.0092,0.0015,0.0002,126.0,0.9199999999999999,0.0004584835108407622,very_rare,0.04584835108407622,very_rare,peak_abundance_with_occupancy_days_modifiers,0.0092
musduc,MX,0.0010993954433009636,0.0011,0.0011,resident,0.0102,0.0037,0.0022,365.0,1.02,0.0004584835108407622,very_rare,0.04584835108407622,rare,peak_abundance_with_occupancy_days_modifiers,0.0102
bewpar1,MX,0.0010973036345179876,0.0010979058924176,0.0010979058924176,resident,0.0613515313674752,1.0,1.0,365.0,6.13515313674752,0.00045761115882157435,very_rare,0.045761115882157435,,peak_abundance_with_occupancy_days_modifiers,0.0613515313674752
mexwoo1,MX,0.0010653306985688236,0.0010658983648837,0.0010658983648837,resident,0.0424974911267885,1.0,1.0,365.0,4.24974911267885,0.00044427740888181456,very_rare,0.04442774088818145,rare,peak_abundance_with_occupancy_days_modifiers,0.0424974911267885
barpar1,MX,0.0009995003330835331,0.001,0.001,resident,0.005,0.2096,0.0961,365.0,0.5,0.00041682401413511066,very_rare,0.04168240141351107,very_rare,peak_abundance_with_occupancy_days_modifiers,0.005
lobsta1,MX,0.0009995003330835331,0.001,0.001,resident,0.0188,0.0152,0.0283,365.0,1.8800000000000001,0.00041682401413511066,very_rare,0.04168240141351107,rare,peak_abundance_with_occupancy_days_modifiers,0.0188
wfqdov,MX,0.0009995003330835331,0.001,0.001,resident,0.0089,0.6668,0.6393,365.0,0.89,0.00041682401413511066,very_rare,0.04168240141351107,very_rare,peak_abundance_with_occupancy_days_modifiers,0.0089
wfqdov1,MX,0.0009995003330835331,0.001,0.001,resident,0.0089,0.6668,0.6393,365.0,0.89,0.00041682401413511066,very_rare,0.04168240141351107,very_rare,peak_abundance_with_occupancy_days_modifiers,0.0089
leabit,MX,0.0009995003330835331,0.000575,0.001,postbreeding_migration,0.0354,0.0483,0.0361,49.0,3.54,0.00041682401413511066,very_rare,0.04168240141351107,rare,peak_abundance_with_occupancy_days_modifiers,0.0354
reshaw,MX,0.0009995003330835331,0.0005250000000000001,0.001,nonbreeding,0.0382,0.0296,0.0038,112.0,3.82,0.00041682401413511066,very_rare,0.04168240141351107,rare,peak_abundance_with_occupancy_days_modifiers,0.0382
rebcha1,MX,0.0009568655170048771,0.0009573234588649708,0.0009573234588649708,resident,0.1646835832187438,0.9946372628153126,0.9916421203091084,365.0,16.46835832187438,0.0003990439148279124,very_rare,0.03990439148279124,,peak_abundance_with_occupancy_days_modifiers,0.1646835832187438
scaant1,MX,0.0009332498475025999,0.0009336854606429578,0.0009336854606429578,resident,0.0876756145598492,0.0548904080467653,0.0309848594168487,365.0,8.76756145598492,0.00038919541570033397,very_rare,0.0389195415700334,,peak_abundance_with_occupancy_days_modifiers,0.0876756145598492
sungre1,MX,0.0009264689149058423,0.0009268982197999624,0.0009268982197999624,resident,0.0900604744765832,0.0118699469078586,0.0060049219444007,365.0,9.00604744765832,0.00038636754716336495,very_rare,0.03863675471633649,,peak_abundance_with_occupancy_days_modifiers,0.0900604744765832
pacpar1,MX,0.000899595242836093,0.0009,0.0009,resident,0.0018,0.3861,0.1523,365.0,0.18,0.0003751603554337701,very_rare,0.03751603554337701,very_rare,peak_abundance_with_occupancy_days_modifiers,0.0018
higgua1,MX,0.000899595242836093,0.0009,0.0009,resident,0.0051,0.4115,0.3978,365.0,0.51,0.0003751603554337701,very_rare,0.03751603554337701,very_rare,peak_abundance_with_occupancy_days_modifiers,0.0051
secfly1,MX,0.000899595242836093,0.0009,0.0009,resident,0.0112,0.0065,0.0067,365.0,1.1199999999999999,0.0003751603554337701,very_rare,0.03751603554337701,rare,peak_abundance_with_occupancy_days_modifiers,0.0112
emchum1,MX,0.000899595242836093,0.0009,0.0009,resident,0.0056,0.5788,0.6648,365.0,0.5599999999999999,0.0003751603554337701,very_rare,0.03751603554337701,very_rare,peak_abundance_with_occupancy_days_modifiers,0.0056
surfly1,MX,0.000899595242836093,0.0009,0.0009,resident,0.0169,0.4184,0.3297,365.0,1.69,0.0003751603554337701,very_rare,0.03751603554337701,rare,peak_abundance_with_occupancy_days_modifiers,0.0169
phivir,MX,0.000899595242836093,0.0006666666666666666,0.0009,postbreeding_migration,0.1183,0.2208,0.0179,112.0,11.83,0.0003751603554337701,very_rare,0.03751603554337701,,peak_abundance_with_occupancy_days_modifiers,0.1183
rucspa1,MX,0.000899595242836093,0.0009,0.0009,resident,0.0015,0.0004,0.0001,365.0,0.15,0.0003751603554337701,very_rare,0.03751603554337701,very_rare,peak_abundance_with_occupancy_days_modifiers,0.0015
crctan1,MX,0.000899595242836093,0.0009,0.0009,resident,0.0043,0.208,0.1979,365.0,0.43,0.0003751603554337701,very_rare,0.03751603554337701,very_rare,peak_abundance_with_occupancy_days_modifiers,0.0043
mexher1,MX,0.0008384898955012523,0.0008388415264264728,0.0008388415264264728,resident,0.1524694451568951,1.0,1.0,365.0,15.24694451568951,0.0003496774463059387,very_rare,0.03496774463059387,,peak_abundance_with_occupancy_days_modifiers,0.1524694451568951
lotman1,MX,0.0007996801705643322,0.0008,0.0008,resident,0.0025,0.135,0.0857,365.0,0.25,0.0003334925339049559,very_rare,0.03334925339049559,very_rare,peak_abundance_with_occupancy_days_modifiers,0.0025
hoogro1,MX,0.0007996801705643322,0.0008,0.0008,resident,0.0067,0.6709,0.5274,365.0,0.67,0.0003334925339049559,very_rare,0.03334925339049559,very_rare,peak_abundance_with_occupancy_days_modifiers,0.0067
blcswa1,MX,0.0007996801705643322,0.0008,0.0008,resident,0.0013,0.1774,0.1192,365.0,0.13,0.0003334925339049559,very_rare,0.03334925339049559,very_rare,peak_abundance_with_occupancy_days_modifiers,0.0013
spwqua1,MX,0.0007996801705643322,0.0008,0.0008,resident,0.0085,0.5101,0.2359,365.0,0.8500000000000001,0.0003334925339049559,very_rare,0.03334925339049559,very_rare,peak_abundance_with_occupancy_days_modifiers,0.0085
loeowl,MX,0.0007996801705643322,0.000275,0.0008,nonbreeding,0.0292,0.0006,0.0001,14.0,2.92,0.0003334925339049559,very_rare,0.03334925339049559,rare,peak_abundance_with_occupancy_days_modifiers,0.0292
bhnthr1,MX,0.0007996801705643322,0.0008,0.0008,resident,0.0107,0.6439,0.4337,365.0,1.0699999999999998,0.0003334925339049559,very_rare,0.03334925339049559,rare,peak_abundance_with_occupancy_days_modifiers,0.0107
strcuc1,MX,0.0007996801705643322,0.0008,0.0008,resident,0.0443,0.0113,0.0017,365.0,4.43,0.0003334925339049559,very_rare,0.03334925339049559,rare,peak_abundance_with_occupancy_days_modifiers,0.0443
y00599,MX,0.0007996801705643322,0.0008,0.0008,resident,0.0108,0.1073,0.0098,365.0,1.08,0.0003334925339049559,very_rare,0.03334925339049559,rare,peak_abundance_with_occupancy_days_modifiers,0.0108
dusant1,MX,0.0007996801705643322,0.0008,0.0008,resident,0.006,0.0075,0.005,365.0,0.6,0.0003334925339049559,very_rare,0.03334925339049559,very_rare,peak_abundance_with_occupancy_days_modifiers,0.006
sheowl,MX,0.0007996801705643322,0.0002666666666666667,0.0008,nonbreeding,0.0316,,,,3.16,0.0003334925339049559,very_rare,0.03334925339049559,rare,peak_abundance_with_occupancy_days_modifiers,0.0316
oaxspa1,MX,0.0007824617923954574,0.0007827679954826012,0.0007827679954826012,resident,0.0350291786823302,1.0,1.0,365.0,3.50291786823302,0.00032631191248078047,very_rare,0.03263119124807805,rare,peak_abundance_with_occupancy_days_modifiers,0.0350291786823302
hobkit,MX,0.0006997551142733419,0.0007,0.0007,resident,0.0392,0.0154,0.0278,365.0,3.92,0.0002918205487167264,very_rare,0.02918205487167264,rare,peak_abundance_with_occupancy_days_modifiers,0.0392
nutwoo,MX,0.0006997551142733419,0.0007,0.0007,resident,0.0034,0.0518,0.0248,365.0,0.33999999999999997,0.0002918205487167264,very_rare,0.02918205487167264,very_rare,peak_abundance_with_occupancy_days_modifiers,0.0034
mouwar,MX,0.0006997551142733419,0.0005,0.0007,prebreeding_migration,0.0803,0.0536,0.0235,63.0,8.03,0.0002918205487167264,very_rare,0.02918205487167264,,peak_abundance_with_occupancy_days_modifiers,0.0803
swaspa,MX,0.0006997551142733419,0.00036666666666666667,0.0007,nonbreeding,0.0159,0.0135,0.0014,70.0,1.59,0.0002918205487167264,very_rare,0.02918205487167264,rare,peak_abundance_with_occupancy_days_modifiers,0.0159
mancuc,MX,0.0006997551142733419,0.0007,0.0007,resident,0.0609,0.6134,0.149,365.0,6.09,0.0002918205487167264,very_rare,0.02918205487167264,,peak_abundance_with_occupancy_days_modifiers,0.0609
scamac1,MX,0.0006997551142733419,0.0007,0.0007,resident,0.0018,0.0008,0.0012,365.0,0.18,0.0002918205487167264,very_rare,0.02918205487167264,very_rare,peak_abundance_with_occupancy_days_modifiers,0.0018
orbspa1,MX,0.0006997551142733419,0.0007,0.0007,resident,0.0068,0.0737,0.0429,365.0,0.6799999999999999,0.0002918205487167264,very_rare,0.02918205487167264,very_rare,peak_abundance_with_occupancy_days_modifiers,0.0068
gohtan1,MX,0.0006997551142733419,0.0007,0.0007,resident,0.0046,0.036,0.0138,365.0,0.45999999999999996,0.0002918205487167264,very_rare,0.02918205487167264,very_rare,peak_abundance_with_occupancy_days_modifiers,0.0046
yelfly1,MX,0.0006997551142733419,0.0007,0.0007,resident,0.004,0.2378,0.1887,365.0,0.4,0.0002918205487167264,very_rare,0.02918205487167264,very_rare,peak_abundance_with_occupancy_days_modifiers,0.004
btfgle1,MX,0.0006997551142733419,0.0007,0.0007,resident,0.0049,0.0026,0.0051,365.0,0.49,0.0002918205487167264,very_rare,0.02918205487167264,very_rare,peak_abundance_with_occupancy_days_modifiers,0.0049
bawowl1,MX,0.0006997551142733419,0.0007,0.0007,resident,0.0148,0.3448,0.3152,365.0,1.48,0.0002918205487167264,very_rare,0.02918205487167264,rare,peak_abundance_with_occupancy_days_modifiers,0.0148
gchwar,MX,0.0006997551142733419,0.0003333333333333333,0.0007,prebreeding_migration,0.0188,0.3914,0.2084,91.0,1.8800000000000001,0.0002918205487167264,very_rare,0.02918205487167264,rare,peak_abundance_with_occupancy_days_modifiers,0.0188
pbgdov1,MX,0.0006997551142733419,0.0007,0.0007,resident,0.0092,0.0056,0.0016,365.0,0.9199999999999999,0.0002918205487167264,very_rare,0.02918205487167264,very_rare,peak_abundance_with_occupancy_days_modifiers,0.0092
motduc,MX,0.0006997551142733419,0.0007,0.0007,resident,0.0014,0.0371,0.0331,365.0,0.13999999999999999,0.0002918205487167264,very_rare,0.02918205487167264,very_rare,peak_abundance_with_occupancy_days_modifiers,0.0014
rucrob1,MX,0.0006997551142733419,0.0007,0.0007,resident,0.0011,0.1367,0.1474,365.0,0.11,0.0002918205487167264,very_rare,0.02918205487167264,very_rare,peak_abundance_with_occupancy_days_modifiers,0.0011
navwre1,MX,0.0006933846789861884,0.000693625125713529,0.000693625125713529,resident,0.0104260081538426,1.0,1.0,365.0,1.04260081538426,0.00028916387085451914,very_rare,0.028916387085451915,rare,peak_abundance_with_occupancy_days_modifiers,0.0104260081538426
butfog9,MX,0.0006867354315672105,0.0006869712883310043,0.0006869712883310043,resident,0.061409082894167,0.2268174890215272,0.2039082939578326,365.0,6.1409082894167,0.0002863909193022596,very_rare,0.02863909193022596,,peak_abundance_with_occupancy_days_modifiers,0.061409082894167
tuqdov1,MX,0.0006836241378948065,0.000683857862132572,0.000683857862132572,resident,0.003325199812514,1.0,1.0,365.0,0.33251998125140003,0.00028509340906164365,very_rare,0.028509340906164367,very_rare,peak_abundance_with_occupancy_days_modifiers,0.003325199812514
sleshe1,MX,0.0006558865193772955,0.000656101659973814,0.000656101659973814,resident,0.047127380846308,0.2218317514783186,0.2078053643916709,365.0,4.7127380846308,0.0002735259236788173,very_rare,0.02735259236788173,rare,peak_abundance_with_occupancy_days_modifiers,0.047127380846308
commur,MX,0.0006145200335901686,0.00022915474826948118,0.0006147088897093189,nonbreeding,0.0023958241440402,3.707299849942625e-05,1.134701401018283e-06,0.0,0.23958241440401998,0.00025627475918619586,very_rare,0.025627475918619587,very_rare,peak_abundance_with_occupancy_days_modifiers,0.0023958241440402
whihaw1,MX,0.0005998200719676155,0.0006,0.0006,resident,0.0074,0.0085,0.0145,365.0,0.74,0.0002501443990368907,very_rare,0.02501443990368907,very_rare,peak_abundance_with_occupancy_days_modifiers,0.0074
gloibi,MX,0.0005998200719676155,0.00030000000000000003,0.0006,nonbreeding,0.0082,,,,0.8200000000000001,0.0002501443990368907,very_rare,0.02501443990368907,very_rare,peak_abundance_with_occupancy_days_modifiers,0.0082
gowwar,MX,0.0005998200719676155,0.0004666666666666666,0.0006,nonbreeding,0.032,0.164,0.057,140.0,3.2,0.0002501443990368907,very_rare,0.02501443990368907,rare,peak_abundance_with_occupancy_days_modifiers,0.032
chhoro1,MX,0.0005998200719676155,0.0006,0.0006,resident,0.0015,0.0198,0.0118,365.0,0.15,0.0002501443990368907,very_rare,0.02501443990368907,very_rare,peak_abundance_with_occupancy_days_modifiers,0.0015
yucvir,MX,0.0005998200719676155,0.0006,0.0006,resident,0.0016,0.7328,0.4266,365.0,0.16,0.0002501443990368907,very_rare,0.02501443990368907,very_rare,peak_abundance_with_occupancy_days_modifiers,0.0016
blktur,MX,0.0005998200719676155,0.0003,0.0006,postbreeding_migration,0.002,0.0694,0.0129,42.0,0.2,0.0002501443990368907,very_rare,0.02501443990368907,very_rare,peak_abundance_with_occupancy_days_modifiers,0.002
ridrai1,MX,0.0005998200719676155,0.0006,0.0006,resident,0.0019,0.9351,0.917,365.0,0.19,0.0002501443990368907,very_rare,0.02501443990368907,very_rare,peak_abundance_with_occupancy_days_modifiers,0.0019
foxspa,MX,0.0005998200719676155,0.0003333333333333333,0.0006,postbreeding_migration,0.0188,0.0069,0.002,84.0,1.8800000000000001,0.0002501443990368907,very_rare,0.02501443990368907,rare,peak_abundance_with_occupancy_days_modifiers,0.0188
hooyel1,MX,0.0005443530638608785,0.0005445012508774116,0.0005445012508774116,resident,0.0538818245124841,1.0,1.0,365.0,5.38818245124841,0.00022701286000099174,very_rare,0.022701286000099175,,peak_abundance_with_occupancy_days_modifiers,0.0538818245124841
rottan2,MX,0.0005195915542780995,0.0005197265653522635,0.0005197265653522635,resident,0.0709672024957711,0.2849495573399218,0.1299669193022408,365.0,7.09672024957711,0.00021668650844443676,very_rare,0.021668650844443676,,peak_abundance_with_occupancy_days_modifiers,0.0709672024957711
blchaw1,MX,0.0005173076740554059,0.0005174415007457541,0.0005174415007457541,resident,0.1080894181258177,0.0168827987197857,0.001714491819857,365.0,10.80894181258177,0.00021573405641347673,very_rare,0.021573405641347673,,peak_abundance_with_occupancy_days_modifiers,0.1080894181258177
ocethr1,MX,0.0005167675331471738,0.0005169010804921513,0.0005169010804921513,resident,0.1078419291716255,1.0,1.0,365.0,10.78419291716255,0.00021550880015878737,very_rare,0.021550880015878737,,peak_abundance_with_occupancy_days_modifiers,0.1078419291716255
pinfly1,MX,0.0005061727695556846,0.0005063008966092344,0.0005063008966092344,resident,0.1484907099397779,0.9503212785035068,0.9872006251819382,365.0,14.84907099397779,0.00021109044056166922,very_rare,0.021109044056166922,,peak_abundance_with_occupancy_days_modifiers,0.1484907099397779
gocspa,MX,0.000499875041651048,0.0002666666666666667,0.0005,nonbreeding,0.0035,0.0251,0.0025,119.0,0.35000000000000003,0.00020846408403300828,very_rare,0.020846408403300827,very_rare,peak_abundance_with_occupancy_days_modifiers,0.0035
bawmoc1,MX,0.000499875041651048,0.0005,0.0005,resident,0.0022,0.2011,0.1762,365.0,0.22,0.00020846408403300828,very_rare,0.020846408403300827,very_rare,peak_abundance_with_occupancy_days_modifiers,0.0022
ampkin1,MX,0.000499875041651048,0.0005,0.0005,resident,0.0098,0.007,0.0096,365.0,0.98,0.00020846408403300828,very_rare,0.020846408403300827,very_rare,peak_abundance_with_occupancy_days_modifiers,0.0098
greant1,MX,0.000499875041651048,0.0005,0.0005,resident,0.0062,0.0012,0.0006,365.0,0.62,0.00020846408403300828,very_rare,0.020846408403300827,very_rare,peak_abundance_with_occupancy_days_modifiers,0.0062
mouqua,MX,0.000499875041651048,0.0005,0.0005,resident,0.0026,0.026,0.0177,365.0,0.26,0.00020846408403300828,very_rare,0.020846408403300827,very_rare,peak_abundance_with_occupancy_days_modifiers,0.0026
gathum1,MX,0.000499875041651048,0.0005,0.0005,resident,0.0049,0.7322,0.6517,365.0,0.49,0.00020846408403300828,very_rare,0.020846408403300827,very_rare,peak_abundance_with_occupancy_days_modifiers,0.0049
recpar,MX,0.000499875041651048,0.0005,0.0005,resident,0.0015,0.7385,0.2158,365.0,0.15,0.00020846408403300828,very_rare,0.020846408403300827,very_rare,peak_abundance_with_occupancy_days_modifiers,0.0015
chcswi1,MX,0.0004441184127202093,0.00044421704790382783,0.00044421704790382783,resident,0.1954238245749146,0.1769250093865367,0.0100877685702594,365.0,19.54238245749146,0.00018521176373222147,very_rare,0.018521176373222148,,peak_abundance_with_occupancy_days_modifiers,0.1954238245749146
sptnig1,MX,0.0004248831887151899,0.0004249734643622985,0.0004249734643622985,resident,0.0175526428007354,0.0009875475446410823,0.0014432211200021,365.0,1.7552642800735399,0.00017719005226581828,very_rare,0.01771900522658183,rare,peak_abundance_with_occupancy_days_modifiers,0.0175526428007354
brbhum2,MX,0.0003999200213269354,0.0004,0.0004,resident,0.0008,1.0,1.0,0.0,0.08,0.00016677960287238907,very_rare,0.016677960287238905,very_rare,peak_abundance_with_occupancy_days_modifiers,0.0008
tribla,MX,0.0003999200213269354,0.0004,0.0004,resident,0.0001,0.0095,0.013,0.0,0.01,0.00016677960287238907,very_rare,0.016677960287238905,very_rare,peak_abundance_with_occupancy_days_modifiers,0.0001
webwoo1,MX,0.0003999200213269354,0.0004,0.0004,resident,0.0079,0.0029,0.001,365.0,0.79,0.00016677960287238907,very_rare,0.016677960287238905,very_rare,peak_abundance_with_occupancy_days_modifiers,0.0079
gtmgem1,MX,0.0003999200213269354,0.0004,0.0004,resident,0.0018,0.3133,0.2851,365.0,0.18,0.00016677960287238907,very_rare,0.016677960287238905,very_rare,peak_abundance_with_occupancy_days_modifiers,0.0018
chiswi,MX,0.0003999200213269354,0.00035,0.0004,postbreeding_migration,0.0026,0.0025,0.0008,35.0,0.26,0.00016677960287238907,very_rare,0.016677960287238905,very_rare,peak_abundance_with_occupancy_days_modifiers,0.0026
scatan,MX,0.0003999200213269354,0.00030000000000000003,0.0004,prebreeding_migration,0.0432,0.0211,0.0048,49.0,4.32,0.00016677960287238907,very_rare,0.016677960287238905,rare,peak_abundance_with_occupancy_days_modifiers,0.0432
wooduc,MX,0.0003999200213269354,0.0002,0.0004,nonbreeding,0.0063,0.0134,0.002,63.0,0.63,0.00016677960287238907,very_rare,0.016677960287238905,very_rare,peak_abundance_with_occupancy_days_modifiers,0.0063
blcwoo1,MX,0.0003999200213269354,0.0004,0.0004,resident,0.0033,0.0339,0.0126,365.0,0.33,0.00016677960287238907,very_rare,0.016677960287238905,very_rare,peak_abundance_with_occupancy_days_modifiers,0.0033
whtspa,MX,0.0003999200213269354,0.00013333333333333334,0.0004,nonbreeding,0.0151,0.0116,0.0002,70.0,1.51,0.00016677960287238907,very_rare,0.016677960287238905,rare,peak_abundance_with_occupancy_days_modifiers,0.0151
creowl1,MX,0.00037662308737380933,0.0003766940187532997,0.0003766940187532997,resident,0.1655243981507707,0.004035103734189,0.0002415799038675626,365.0,16.55243981507707,0.00015706402679307744,very_rare,0.015706402679307743,,peak_abundance_with_occupancy_days_modifiers,0.1655243981507707
horgua1,MX,0.0003289457561818532,0.00032899986476987573,0.00032899986476987573,resident,0.0230527165439959,0.5091878509330665,0.33001174607489,365.0,2.30527165439959,0.0001371810353494164,very_rare,0.01371810353494164,rare,peak_abundance_with_occupancy_days_modifiers,0.0230527165439959
babwar,MX,0.00029995500899797546,0.00019999999999999998,0.0003,prebreeding_migration,0.0188,0.0116,0.0051,35.0,1.8800000000000001,0.00012509095472209328,very_rare,0.012509095472209329,rare,peak_abundance_with_occupancy_days_modifiers,0.0188
flaowl,MX,0.00029995500899797546,0.0003,0.0003,breeding,0.0049,0.0811,0.1391,49.0,0.49,0.00012509095472209328,very_rare,0.012509095472209329,very_rare,peak_abundance_with_occupancy_days_modifiers,0.0049
aldfly,MX,0.00029995500899797546,0.00019999999999999998,0.0003,postbreeding_migration,0.0477,0.01,0.0006,49.0,4.77,0.00012509095472209328,very_rare,0.012509095472209329,rare,peak_abundance_with_occupancy_days_modifiers,0.0477
azhjay1,MX,0.00029995500899797546,0.0003,0.0003,resident,0.0064,0.7573,0.5649,365.0,0.64,0.00012509095472209328,very_rare,0.012509095472209329,very_rare,peak_abundance_with_occupancy_days_modifiers,0.0064
virrai,MX,0.00029995500899797546,0.00019999999999999998,0.0003,prebreeding_migration,0.0073,0.0337,0.0236,98.0,0.73,0.00012509095472209328,very_rare,0.012509095472209329,very_rare,peak_abundance_with_occupancy_days_modifiers,0.0073
azrtan1,MX,0.00029995500899797546,0.0003,0.0003,resident,0.0005,0.7491,0.6972,0.0,0.05,0.00012509095472209328,very_rare,0.012509095472209329,very_rare,peak_abundance_with_occupancy_days_modifiers,0.0005
cangoo,MX,0.00029995500899797546,9.999999999999999e-05,0.0003,nonbreeding,0.0001,0.0001,0.0,0.0,0.01,0.00012509095472209328,very_rare,0.012509095472209329,very_rare,peak_abundance_with_occupancy_days_modifiers,0.0001
yenpar1,MX,0.00029995500899797546,0.0003,0.0003,resident,0.001,0.0362,0.0201,0.0,0.1,0.00012509095472209328,very_rare,0.012509095472209329,very_rare,peak_abundance_with_occupancy_days_modifiers,0.001
dotkit1,MX,0.00029995500899797546,0.0003,0.0003,resident,0.0193,0.0088,0.0027,365.0,1.9300000000000002,0.00012509095472209328,very_rare,0.012509095472209329,rare,peak_abundance_with_occupancy_days_modifiers,0.0193
amedip,MX,0.00029995500899797546,0.0003,0.0003,resident,0.0158,0.0809,0.0119,365.0,1.58,0.00012509095472209328,very_rare,0.012509095472209329,rare,peak_abundance_with_occupancy_days_modifiers,0.0158
amakin1,MX,0.00029995500899797546,0.0003,0.0003,resident,0.0051,0.0017,0.0011,365.0,0.51,0.00012509095472209328,very_rare,0.012509095472209329,very_rare,peak_abundance_with_occupancy_days_modifiers,0.0051
gstswi1,MX,0.00029995500899797546,0.0003,0.0003,resident,0.0482,0.9553,0.7671,365.0,4.82,0.00012509095472209328,very_rare,0.012509095472209329,rare,peak_abundance_with_occupancy_days_modifiers,0.0482
colplo1,MX,0.00029995500899797546,0.0003,0.0003,resident,0.0016,0.0088,0.005,365.0,0.16,0.00012509095472209328,very_rare,0.012509095472209329,very_rare,peak_abundance_with_occupancy_days_modifiers,0.0016
tbsfin1,MX,0.00029995500899797546,0.0003,0.0003,resident,0.0073,0.0466,0.0116,365.0,0.73,0.00012509095472209328,very_rare,0.012509095472209329,very_rare,peak_abundance_with_occupancy_days_modifiers,0.0073
rufmou1,MX,0.00029995500899797546,0.0003,0.0003,resident,0.004,0.076,0.0707,365.0,0.4,0.00012509095472209328,very_rare,0.012509095472209329,very_rare,peak_abundance_with_occupancy_days_modifiers,0.004
easowl1,MX,0.00029995500899797546,0.0003,0.0003,resident,0.0181,0.0149,0.0095,365.0,1.81,0.00012509095472209328,very_rare,0.012509095472209329,rare,peak_abundance_with_occupancy_days_modifiers,0.0181
grehon1,MX,0.00029995500899797546,0.0003,0.0003,resident,0.0058,0.0028,0.0012,365.0,0.58,0.00012509095472209328,very_rare,0.012509095472209329,very_rare,peak_abundance_with_occupancy_days_modifiers,0.0058
stthum1,MX,0.00029995500899797546,0.0003,0.0003,resident,0.006,0.361,0.1733,365.0,0.6,0.00012509095472209328,very_rare,0.012509095472209329,very_rare,peak_abundance_with_occupancy_days_modifiers,0.006
bltmot1,MX,0.00029995500899797546,0.0003,0.0003,resident,0.0017,0.2376,0.2089,365.0,0.16999999999999998,0.00012509095472209328,very_rare,0.012509095472209329,very_rare,peak_abundance_with_occupancy_days_modifiers,0.0017
lstswi1,MX,0.00029995500899797546,0.0003,0.0003,resident,0.0131,0.0068,0.0042,365.0,1.31,0.00012509095472209328,very_rare,0.012509095472209329,rare,peak_abundance_with_occupancy_days_modifiers,0.0131
belfly1,MX,0.0002927857803700343,0.0002928286463100383,0.0002928286463100383,resident,0.0208209682529338,0.5119047619047619,0.7540219702360547,365.0,2.0820968252933802,0.00012210115416270225,very_rare,0.012210115416270224,rare,peak_abundance_with_occupancy_days_modifiers,0.0208209682529338
audshe,MX,0.0002807697592153997,0.00014301317374957204,0.0002808091787334278,postbreeding_migration,0.0048419070296518,0.0001849398730366267,1.0625837090495318e-05,0.0,0.48419070296517996,0.00011709008412520048,very_rare,0.011709008412520048,very_rare,peak_abundance_with_occupancy_days_modifiers,0.0048419070296518
flafly1,MX,0.00026762288008422844,0.00026765869428202905,0.00026765869428202905,resident,0.0700130962339489,1.0,1.0,365.0,7.0013096233948895,0.00011160740968136826,very_rare,0.011160740968136827,,peak_abundance_with_occupancy_days_modifiers,0.0700130962339489
asspet,MX,0.00024109905310983873,0.00014058210778985884,0.00024112811982248265,breeding,0.0022817372800383,0.0015422578655151,8.361645168411282e-05,0.0,0.22817372800383,0.00010054611468850989,very_rare,0.010054611468850989,very_rare,peak_abundance_with_occupancy_days_modifiers,0.0022817372800383
burpar,MX,0.0002362067006302743,0.0002362345996295859,0.0002362345996295859,resident,0.0015723600113686,0.00013584743850677606,3.2412073024721675e-06,0.0,0.15723600113685998,9.850584523429085e-05,very_rare,0.009850584523429086,very_rare,peak_abundance_with_occupancy_days_modifiers,0.0015723600113686
styowl1,MX,0.0002284873609895932,0.00022851346621485935,0.00022851346621485935,resident,0.0486401321922669,0.0552606512486399,0.0537604022275911,365.0,4.86401321922669,9.528663056366982e-05,very_rare,0.009528663056366982,rare,peak_abundance_with_occupancy_days_modifiers,0.0486401321922669
blkoys,MX,0.00019998000266626675,0.0002,0.0002,resident,0.0006,0.0267,0.0052,0.0,0.06,8.339813874893117e-05,very_rare,0.008339813874893118,very_rare,peak_abundance_with_occupancy_days_modifiers,0.0006
parjae,MX,0.00019998000266626675,0.0002,0.0002,postbreeding_migration,0.002,,,,0.2,8.339813874893117e-05,very_rare,0.008339813874893118,very_rare,peak_abundance_with_occupancy_days_modifiers,0.002
bltjay1,MX,0.00019998000266626675,0.0002,0.0002,resident,0.0005,0.176,0.2696,0.0,0.05,8.339813874893117e-05,very_rare,0.008339813874893118,very_rare,peak_abundance_with_occupancy_days_modifiers,0.0005
whcpig2,MX,0.00019998000266626675,0.0002,0.0002,resident,0.0002,0.0075,0.0041,0.0,0.02,8.339813874893117e-05,very_rare,0.008339813874893118,very_rare,peak_abundance_with_occupancy_days_modifiers,0.0002
acafly,MX,0.00019998000266626675,0.0001,0.0002,prebreeding_migration,0.0276,0.0247,0.0028,70.0,2.76,8.339813874893117e-05,very_rare,0.008339813874893118,rare,peak_abundance_with_occupancy_days_modifiers,0.0276
blpyel1,MX,0.00019998000266626675,0.0002,0.0002,resident,0.0006,1.0,1.0,0.0,0.06,8.339813874893117e-05,very_rare,0.008339813874893118,very_rare,peak_abundance_with_occupancy_days_modifiers,0.0006
rubwre2,MX,0.00019998000266626675,0.0002,0.0002,resident,0.0008,0.1487,0.113,0.0,0.08,8.339813874893117e-05,very_rare,0.008339813874893118,very_rare,peak_abundance_with_occupancy_days_modifiers,0.0008
veery,MX,0.00019998000266626675,0.0001,0.0002,prebreeding_migration,0.0497,0.0307,0.0015,28.0,4.97,8.339813874893117e-05,very_rare,0.008339813874893118,rare,peak_abundance_with_occupancy_days_modifiers,0.0497
lewwoo,MX,0.00019998000266626675,0.0001,0.0002,postbreeding_migration,0.0132,0.0385,0.0079,42.0,1.32,8.339813874893117e-05,very_rare,0.008339813874893118,rare,peak_abundance_with_occupancy_days_modifiers,0.0132
colwar,MX,0.00019998000266626675,0.0002,0.0002,breeding,0.0016,0.9866,0.9649,21.0,0.16,8.339813874893117e-05,very_rare,0.008339813874893118,rare,peak_abundance_with_occupancy_days_modifiers,0.0016
spthum1,MX,0.00019998000266626675,0.0002,0.0002,resident,0.0082,0.7781,0.6511,365.0,0.8200000000000001,8.339813874893117e-05,very_rare,0.008339813874893118,very_rare,peak_abundance_with_occupancy_days_modifiers,0.0082
lbbgul,MX,0.00019998000266626675,0.0001,0.0002,postbreeding_migration,0.0018,0.0011,0.0002,0.0,0.18,8.339813874893117e-05,very_rare,0.008339813874893118,very_rare,peak_abundance_with_occupancy_days_modifiers,0.0018
spowoo1,MX,0.00019998000266626675,0.0002,0.0002,resident,0.0072,0.2354,0.0613,365.0,0.72,8.339813874893117e-05,very_rare,0.008339813874893118,very_rare,peak_abundance_with_occupancy_days_modifiers,0.0072
pregrs1,MX,0.00019998000266626675,0.0002,0.0002,resident,0.0013,0.4593,0.354,365.0,0.13,8.339813874893117e-05,very_rare,0.008339813874893118,very_rare,peak_abundance_with_occupancy_days_modifiers,0.0013
spnthr1,MX,0.00019998000266626675,0.0002,0.0002,resident,0.001,0.3541,0.5334,365.0,0.1,8.339813874893117e-05,very_rare,0.008339813874893118,very_rare,peak_abundance_with_occupancy_days_modifiers,0.001
spbori,MX,0.00019998000266626675,0.0002,0.0002,resident,0.0011,0.0355,0.0341,365.0,0.11,8.339813874893117e-05,very_rare,0.008339813874893118,very_rare,peak_abundance_with_occupancy_days_modifiers,0.0011
jabiru,MX,0.00019998000266626675,0.0002,0.0002,resident,0.0035,0.0057,0.0011,365.0,0.35000000000000003,8.339813874893117e-05,very_rare,0.008339813874893118,very_rare,peak_abundance_with_occupancy_days_modifiers,0.0035
hudgod,MX,0.00019998000266626675,0.0002,0.0002,prebreeding_migration,0.0034,0.0105,0.0026,35.0,0.33999999999999997,8.339813874893117e-05,very_rare,0.008339813874893118,very_rare,peak_abundance_with_occupancy_days_modifiers,0.0034
retloo,MX,0.00019998000266626675,0.0001,0.0002,nonbreeding,0.0012,0.0033,0.0027,0.0,0.12,8.339813874893117e-05,very_rare,0.008339813874893118,very_rare,peak_abundance_with_occupancy_days_modifiers,0.0012
sedwre1,MX,0.00019998000266626675,0.00013333333333333334,0.0002,nonbreeding,0.0048,0.0127,0.005,70.0,0.48,8.339813874893117e-05,very_rare,0.008339813874893118,very_rare,peak_abundance_with_occupancy_days_modifiers,0.0048
sedwre,MX,0.00019998000266626675,0.00013333333333333334,0.0002,nonbreeding,0.0048,0.0127,0.005,70.0,0.48,8.339813874893117e-05,very_rare,0.008339813874893118,very_rare,peak_abundance_with_occupancy_days_modifiers,0.0048
resque1,MX,0.00019998000266626675,0.0002,0.0002,resident,0.001,0.1712,0.1302,0.0,0.1,8.339813874893117e-05,very_rare,0.008339813874893118,very_rare,peak_abundance_with_occupancy_days_modifiers,0.001
rawwre1,MX,0.00019998000266626675,0.0002,0.0002,resident,0.0012,0.0149,0.0117,365.0,0.12,8.339813874893117e-05,very_rare,0.008339813874893118,very_rare,peak_abundance_with_occupancy_days_modifiers,0.0012
grcdov1,MX,0.00019998000266626675,0.0002,0.0002,resident,0.0025,0.0549,0.037,365.0,0.25,8.339813874893117e-05,very_rare,0.008339813874893118,very_rare,peak_abundance_with_occupancy_days_modifiers,0.0025
rutfly2,MX,0.00019998000266626675,0.0002,0.0002,resident,0.0041,0.0018,0.0016,365.0,0.41000000000000003,8.339813874893117e-05,very_rare,0.008339813874893118,very_rare,peak_abundance_with_occupancy_days_modifiers,0.0041
rufpih1,MX,0.00019998000266626675,0.0002,0.0002,resident,0.0064,0.1015,0.0492,365.0,0.64,8.339813874893117e-05,very_rare,0.008339813874893118,very_rare,peak_abundance_with_occupancy_days_modifiers,0.0064
trimun,MX,0.00019998000266626675,0.0002,0.0002,resident,0.0012,0.0018,0.0006,365.0,0.12,8.339813874893117e-05,very_rare,0.008339813874893118,very_rare,peak_abundance_with_occupancy_days_modifiers,0.0012
spemou1,MX,0.00017026236028842213,0.00017027685574675294,0.00017027685574675294,resident,0.0305561437067694,0.0274550076714443,0.0058171792838822,365.0,3.05561437067694,7.100491928062692e-05,very_rare,0.007100491928062692,rare,peak_abundance_with_occupancy_days_modifiers,0.0305561437067694
pilfly1,MX,0.0001587957958234995,0.00015880840454328017,0.00015880840454328017,resident,0.1338944882667894,1.0,1.0,365.0,13.38944882667894,6.622299048035148e-05,very_rare,0.006622299048035148,,peak_abundance_with_occupancy_days_modifiers,0.1338944882667894
bkfalb,MX,0.00014384472121581926,0.00012602009669700453,0.00014385506736380374,nonbreeding,0.0071874724321207,0.0010164015106936,6.200662584447552e-06,0.0,0.71874724321207,5.9987908082388595e-05,very_rare,0.00599879080823886,very_rare,peak_abundance_with_occupancy_days_modifiers,0.0071874724321207
yebcra1,MX,0.00011128883855960487,0.00011129503139212776,0.00011129503139212776,resident,0.0103246291991712,0.0068318403576994,0.0161924199270768,365.0,1.03246291991712,4.6411050483359795e-05,very_rare,0.00464110504833598,rare,peak_abundance_with_occupancy_days_modifiers,0.0103246291991712
spoowl,MX,9.999500033330834e-05,0.0001,0.0001,resident,0.0258,0.4538,0.194,365.0,2.58,4.170115411946329e-05,very_rare,0.004170115411946329,rare,peak_abundance_with_occupancy_days_modifiers,0.0258
zendov,MX,9.999500033330834e-05,0.0001,0.0001,resident,0.0003,0.0062,0.0025,0.0,0.03,4.170115411946329e-05,very_rare,0.004170115411946329,very_rare,peak_abundance_with_occupancy_days_modifiers,0.0003
rucwar4,MX,9.999500033330834e-05,0.0001,0.0001,resident,0.0008,0.0075,0.0035,0.0,0.08,4.170115411946329e-05,very_rare,0.004170115411946329,very_rare,peak_abundance_with_occupancy_days_modifiers,0.0008
nigwre1,MX,9.999500033330834e-05,0.0001,0.0001,resident,0.0014,0.1038,0.0619,365.0,0.13999999999999999,4.170115411946329e-05,very_rare,0.004170115411946329,very_rare,peak_abundance_with_occupancy_days_modifiers,0.0014
rebnut,MX,9.999500033330834e-05,5e-05,0.0001,nonbreeding,0.0014,0.0006,0.0001,7.0,0.13999999999999999,4.170115411946329e-05,very_rare,0.004170115411946329,very_rare,peak_abundance_with_occupancy_days_modifiers,0.0014
altyel1,MX,9.999500033330834e-05,0.0001,0.0001,resident,0.0056,1.0,1.0,365.0,0.5599999999999999,4.170115411946329e-05,very_rare,0.004170115411946329,very_rare,peak_abundance_with_occupancy_days_modifiers,0.0056
rebsap,MX,9.999500033330834e-05,3.3333333333333335e-05,0.0001,nonbreeding,0.0024,0.015,0.005,42.0,0.24,4.170115411946329e-05,very_rare,0.004170115411946329,very_rare,peak_abundance_with_occupancy_days_modifiers,0.0024
fulowl1,MX,9.999500033330834e-05,0.0001,0.0001,resident,0.0014,0.5615,0.3527,365.0,0.13999999999999999,4.170115411946329e-05,very_rare,0.004170115411946329,very_rare,peak_abundance_with_occupancy_days_modifiers,0.0014
bichaw1,MX,9.999500033330834e-05,0.0001,0.0001,resident,0.0113,0.0109,0.0174,365.0,1.13,4.170115411946329e-05,very_rare,0.004170115411946329,rare,peak_abundance_with_occupancy_days_modifiers,0.0113
amebit,MX,9.999500033330834e-05,5e-05,0.0001,nonbreeding,0.0153,0.1881,0.0315,84.0,1.53,4.170115411946329e-05,very_rare,0.004170115411946329,rare,peak_abundance_with_occupancy_days_modifiers,0.0153
juntit1,MX,9.999500033330834e-05,0.0001,0.0001,resident,0.0004,0.0025,0.0012,0.0,0.04,4.170115411946329e-05,very_rare,0.004170115411946329,very_rare,peak_abundance_with_occupancy_days_modifiers,0.0004
mourob1,MX,9.999500033330834e-05,0.0001,0.0001,resident,0.0005,0.0597,0.0184,0.0,0.05,4.170115411946329e-05,very_rare,0.004170115411946329,very_rare,peak_abundance_with_occupancy_days_modifiers,0.0005
hoomer,MX,9.999500033330834e-05,3.3333333333333335e-05,0.0001,nonbreeding,0.0011,0.0048,0.0008,21.0,0.11,4.170115411946329e-05,very_rare,0.004170115411946329,rare,peak_abundance_with_occupancy_days_modifiers,0.0011
clarai11,MX,9.999500033330834e-05,0.0001,0.0001,breeding,0.0009,0.0327,0.0112,0.0,0.09,4.170115411946329e-05,very_rare,0.004170115411946329,very_rare,peak_abundance_with_occupancy_days_modifiers,0.0009
gycthr,MX,9.999500033330834e-05,3.3333333333333335e-05,0.0001,prebreeding_migration,0.0137,0.0083,0.0004,35.0,1.37,4.170115411946329e-05,very_rare,0.004170115411946329,rare,peak_abundance_with_occupancy_days_modifiers,0.0137
roster,MX,9.999500033330834e-05,5e-05,0.0001,postbreeding_migration,0.001,,,,0.1,4.170115411946329e-05,very_rare,0.004170115411946329,very_rare,peak_abundance_with_occupancy_days_modifiers,0.001
giacow,MX,9.999500033330834e-05,0.0001,0.0001,resident,0.0066,0.0031,0.0005,365.0,0.66,4.170115411946329e-05,very_rare,0.004170115411946329,very_rare,peak_abundance_with_occupancy_days_modifiers,0.0066
withum1,MX,9.999500033330834e-05,0.0001,0.0001,resident,0.0005,0.1645,0.2027,0.0,0.05,4.170115411946329e-05,very_rare,0.004170115411946329,very_rare,peak_abundance_with_occupancy_days_modifiers,0.0005
norgos,MX,9.999500033330834e-05,2.5e-05,0.0001,postbreeding_migration,0.0064,,,,0.64,4.170115411946329e-05,very_rare,0.004170115411946329,very_rare,peak_abundance_with_occupancy_days_modifiers,0.0064
pipplo,MX,9.999500033330834e-05,6.666666666666667e-05,0.0001,nonbreeding,0.0013,0.0884,0.0144,0.0,0.13,4.170115411946329e-05,very_rare,0.004170115411946329,very_rare,peak_abundance_with_occupancy_days_modifiers,0.0013
btbwar,MX,9.999500033330834e-05,3.3333333333333335e-05,0.0001,nonbreeding,0.0393,0.2463,0.0031,126.0,3.93,4.170115411946329e-05,very_rare,0.004170115411946329,rare,peak_abundance_with_occupancy_days_modifiers,0.0393
camwar,MX,9.999500033330834e-05,3.3333333333333335e-05,0.0001,nonbreeding,0.003,0.025,0.0015,21.0,0.3,4.170115411946329e-05,very_rare,0.004170115411946329,rare,peak_abundance_with_occupancy_days_modifiers,0.003
carela1,MX,9.999500033330834e-05,0.0001,0.0001,resident,0.0002,0.0392,0.0167,0.0,0.02,4.170115411946329e-05,very_rare,0.004170115411946329,very_rare,peak_abundance_with_occupancy_days_modifiers,0.0002
calcon,MX,9.999500033330834e-05,0.0001,0.0001,resident,0.0004,0.3241,0.3196,0.0,0.04,4.170115411946329e-05,very_rare,0.004170115411946329,very_rare,peak_abundance_with_occupancy_days_modifiers,0.0004
cinbec1,MX,9.999500033330834e-05,0.0001,0.0001,resident,0.0006,0.0052,0.0027,0.0,0.06,4.170115411946329e-05,very_rare,0.004170115411946329,very_rare,peak_abundance_with_occupancy_days_modifiers,0.0006
wesspi,MX,9.999500033330834e-05,0.0001,0.0001,resident,0.0002,0.0055,0.0041,0.0,0.02,4.170115411946329e-05,very_rare,0.004170115411946329,very_rare,peak_abundance_with_occupancy_days_modifiers,0.0002
capowl1,MX,9.999500033330834e-05,0.0001,0.0001,resident,0.0062,0.2235,0.073,365.0,0.62,4.170115411946329e-05,very_rare,0.004170115411946329,very_rare,peak_abundance_with_occupancy_days_modifiers,0.0062
blthum1,MX,9.999500033330834e-05,0.0001,0.0001,resident,0.0002,0.0146,0.0701,0.0,0.02,4.170115411946329e-05,very_rare,0.004170115411946329,very_rare,peak_abundance_with_occupancy_days_modifiers,0.0002
bucjay1,MX,9.999500033330834e-05,0.0001,0.0001,resident,0.0002,0.0064,0.0036,0.0,0.02,4.170115411946329e-05,very_rare,0.004170115411946329,very_rare,peak_abundance_with_occupancy_days_modifiers,0.0002
wantat1,MX,9.999500033330834e-05,3.3333333333333335e-05,0.0001,prebreeding_migration,0.0014,0.1085,0.0038,28.0,0.13999999999999999,4.170115411946329e-05,very_rare,0.004170115411946329,rare,peak_abundance_with_occupancy_days_modifiers,0.0014
shtnig1,MX,9.841586928420163e-05,9.147079978757256e-05,9.842071228473984e-05,breeding,0.0176144384090875,0.0007079540622943814,2.8006991546558584e-05,84.0,1.76144384090875,4.1042605321678e-05,very_rare,0.0041042605321678,rare,peak_abundance_with_occupancy_days_modifiers,0.0176144384090875
sporai,MX,8.566067107324868e-05,8.566434005329473e-05,8.566434005329473e-05,resident,0.0077958357938608,0.0036963241202133,0.0025628520324116,365.0,0.77958357938608,3.5723274508686585e-05,very_rare,0.0035723274508686585,very_rare,peak_abundance_with_occupancy_days_modifiers,0.0077958357938608
aztthr,MX,7.016409067221086e-05,7.016655222959143e-05,7.016655222959143e-05,resident,0.0982058952080243,1.0,1.0,365.0,9.820589520802429,2.9260698525134153e-05,very_rare,0.0029260698525134152,,peak_abundance_with_occupancy_days_modifiers,0.0982058952080243
lcspet,MX,5.997528266748436e-05,2.318373423872784e-05,5.997708122070595e-05,breeding,0.0014831292320249,5.20072636811608e-05,1.0904300839259893e-06,0.0,0.14831292320249,2.501163555713455e-05,very_rare,0.002501163555713455,very_rare,peak_abundance_with_occupancy_days_modifiers,0.0014831292320249
blusee1,MX,5.925327272438601e-05,5.925502823422335e-05,5.925502823422335e-05,resident,0.0782046651326213,0.4506977776536184,0.7546964281174904,365.0,7.820466513262129,2.471053402391964e-05,very_rare,0.002471053402391964,,peak_abundance_with_occupancy_days_modifiers,0.0782046651326213
blccoq1,MX,3.871245004816943e-05,3.871319938473332e-05,3.871319938473332e-05,resident,0.0833564982203078,0.3772194417352136,0.3559278299451825,365.0,8.33564982203078,1.6144345621442304e-05,very_rare,0.0016144345621442303,,peak_abundance_with_occupancy_days_modifiers,0.0833564982203078
grbcra1,MX,2.3181000913918728e-05,2.318126959539651e-05,2.318126959539651e-05,resident,0.0117461700045835,0.0017474268356815,0.0023729157688056,365.0,1.17461700045835,9.667228246757433e-06,very_rare,0.0009667228246757432,rare,peak_abundance_with_occupancy_days_modifiers,0.0117461700045835
kinrai2,MX,2.0677216988902112e-05,2.067743076402674e-05,2.067743076402674e-05,resident,0.0081513188658928,1.0,1.0,365.0,0.8151318865892799,8.623069248893787e-06,very_rare,0.0008623069248893787,very_rare,peak_abundance_with_occupancy_days_modifiers,0.0081513188658928
lovcot1,MX,2.0003385815342305e-05,2.000358588439836e-05,2.000358588439836e-05,resident,0.0517803105803599,0.2936211315271875,0.3821437939761857,365.0,5.17803105803599,8.342059823149402e-06,very_rare,0.0008342059823149402,,peak_abundance_with_occupancy_days_modifiers,0.0517803105803599
grepot1,MX,1.911571119354312e-05,1.9115893899914524e-05,1.9115893899914524e-05,resident,0.0657977845188482,0.001204938605148,1.8882838788162554e-05,365.0,6.5797784518848195,7.971870752863988e-06,very_rare,0.0007971870752863988,,peak_abundance_with_occupancy_days_modifiers,0.0657977845188482
blcsis1,MX,1.9071191700735914e-05,1.9071373557068427e-05,1.9071373557068427e-05,resident,0.0012578203266949,0.0158154212548097,0.0226738063883935,365.0,0.12578203266949,7.953304682262867e-06,very_rare,0.0007953304682262866,very_rare,peak_abundance_with_occupancy_days_modifiers,0.0012578203266949
coopet,MX,1.7372779299626802e-05,1.737293020723099e-05,1.737293020723099e-05,nonbreeding,0.0014831292320249,0.00023016589649616688,9.05798977771584e-06,0.0,0.14831292320249,7.245011697044275e-06,very_rare,0.0007245011697044275,very_rare,peak_abundance_with_occupancy_days_modifiers,0.0014831292320249
rnwrai1,MX,1.661937807829943e-05,1.6619516180928344e-05,1.6619516180928344e-05,resident,0.0134615093301459,0.1119952844090775,0.0467382781049949,365.0,1.34615093301459,6.930818984022574e-06,very_rare,0.0006930818984022574,rare,peak_abundance_with_occupancy_days_modifiers,0.0134615093301459
bklkit,MX,1.0571930146623009e-05,1.0571986029673453e-05,1.0571986029673453e-05,prebreeding_migration,0.0023958241440402,1.736617911807927e-05,2.312120707134524e-09,0.0,0.23958241440401998,4.408837311034476e-06,very_rare,0.0004408837311034476,very_rare,peak_abundance_with_occupancy_days_modifiers,0.0023958241440402
beahum1,MX,1.0452646907419083e-05,1.0452701536523108e-05,1.0452701536523108e-05,resident,0.0310150162778005,1.0,1.0,365.0,3.10150162778005,4.359092336523448e-06,very_rare,0.0004359092336523448,rare,peak_abundance_with_occupancy_days_modifiers,0.0310150162778005
layalb,MX,9.354112385945557e-06,9.354156135791235e-06,9.354156135791235e-06,breeding,0.0015715377079943,0.00027544686334884363,6.53453950919507e-07,0.0,0.15715377079943,3.900967858006962e-06,very_rare,0.00039009678580069625,very_rare,peak_abundance_with_occupancy_days_modifiers,0.0015715377079943
ocequa1,MX,2.4649205176490607e-06,2.464923555568136e-06,2.464923555568136e-06,resident,0.0021285000924207,0.0051807109282911,0.0028059541921472,365.0,0.21285000924207,1.0279516981131529e-06,very_rare,0.00010279516981131529,very_rare,peak_abundance_with_occupancy_days_modifiers,0.0021285000924207
whveup1,MX,2.038792567436634e-06,2.038794645775613e-06,2.038794645775613e-06,resident,0.0061487456049418,0.0001475468726328262,2.8597914049277377e-06,0.0,0.61487456049418,8.502425400160772e-07,very_rare,8.502425400160772e-05,very_rare,peak_abundance_with_occupancy_days_modifiers,0.0061487456049418
nutman,MX,0.0,0.0,0.0,resident,0.0001,0.0,0.0,0.0,0.01,0.0,very_rare,0.0,very_rare,peak_abundance_with_occupancy_days_modifiers,0.0001
nswowl,MX,0.0,0.0,0.0,breeding,0.0004,0.0045,0.0022,14.0,0.04,0.0,very_rare,0.0,rare,peak_abundance_with_occupancy_days_modifiers,0.0004
pacwre1,MX,0.0,0.0,0.0,nonbreeding,0.0004,0.0011,0.0,0.0,0.04,0.0,very_rare,0.0,very_rare,peak_abundance_with_occupancy_days_modifiers,0.0004
baleag,MX,0.0,0.0,0.0,breeding,0.0,0.0001,0.0,0.0,0.0,0.0,very_rare,0.0,very_rare,peak_abundance_with_occupancy_days_modifiers,0.0
grykin,MX,0.0,0.0,0.0,breeding,0.0,0.0013,0.0001,0.0,0.0,0.0,very_rare,0.0,very_rare,peak_abundance_with_occupancy_days_modifiers,0.0
pagplo,MX,0.0,0.0,0.0,nonbreeding,0.0003,0.0,0.0,0.0,0.03,0.0,very_rare,0.0,very_rare,peak_abundance_with_occupancy_days_modifiers,0.0003
kinrai4,MX,0.0,0.0,0.0,breeding,0.0004,0.032,0.0021,35.0,0.04,0.0,very_rare,0.0,very_rare,peak_abundance_with_occupancy_days_modifiers,0.0004
sabgul,MX,0.0,0.0,0.0,postbreeding_migration,0.0016,,,,0.16,0.0,very_rare,0.0,very_rare,peak_abundance_with_occupancy_days_modifiers,0.0016
brnthr,MX,0.0,0.0,0.0,nonbreeding,0.0022,0.0024,0.0003,7.0,0.22,0.0,very_rare,0.0,very_rare,peak_abundance_with_occupancy_days_modifiers,0.0022
glagul,MX,0.0,0.0,0.0,nonbreeding,0.0002,0.002,0.0,0.0,0.02,0.0,very_rare,0.0,very_rare,peak_abundance_with_occupancy_days_modifiers,0.0002
rusant1,MX,0.0,0.0,0.0,resident,0.0016,0.0487,0.0039,365.0,0.16,0.0,very_rare,0.0,very_rare,peak_abundance_with_occupancy_days_modifiers,0.0016
gresca,MX,0.0,0.0,0.0,breeding,0.0004,0.0012,0.0,0.0,0.04,0.0,very_rare,0.0,very_rare,peak_abundance_with_occupancy_days_modifiers,0.0004
amewoo,MX,0.0,0.0,0.0,postbreeding_migration,0.0002,0.0002,0.0,0.0,0.02,0.0,very_rare,0.0,very_rare,peak_abundance_with_occupancy_days_modifiers,0.0002
glwgul,MX,0.0,0.0,0.0,breeding,0.0,0.0066,0.0,0.0,0.0,0.0,very_rare,0.0,very_rare,peak_abundance_with_occupancy_days_modifiers,0.0
tunswa,MX,0.0,0.0,0.0,nonbreeding,0.0002,0.0009,0.0,0.0,0.02,0.0,very_rare,0.0,very_rare,peak_abundance_with_occupancy_days_modifiers,0.0002
ruff,MX,0.0,0.0,0.0,postbreeding_migration,0.0004,0.0,0.0,0.0,0.04,0.0,very_rare,0.0,very_rare,peak_abundance_with_occupancy_days_modifiers,0.0004
unicra1,MX,0.0,0.0,0.0,resident,0.0006,0.0013,0.0001,0.0,0.06,0.0,very_rare,0.0,very_rare,peak_abundance_with_occupancy_days_modifiers,0.0006
pelcor,MX,0.0,0.0,0.0,resident,0.0002,0.0014,0.0001,0.0,0.02,0.0,very_rare,0.0,very_rare,peak_abundance_with_occupancy_days_modifiers,0.0002
uswowl1,MX,0.0,0.0,0.0,resident,0.0001,0.0864,0.082,0.0,0.01,0.0,very_rare,0.0,very_rare,peak_abundance_with_occupancy_days_modifiers,0.0001
agaher1,MX,0.0,0.0,0.0,resident,0.0008,0.0028,0.0037,0.0,0.08,0.0,very_rare,0.0,very_rare,peak_abundance_with_occupancy_days_modifiers,0.0008
retpip,MX,0.0,0.0,0.0,postbreeding_migration,0.0001,,,,0.01,0.0,very_rare,0.0,very_rare,peak_abundance_with_occupancy_days_modifiers,0.0001
mouela1,MX,0.0,0.0,0.0,resident,0.0004,0.0086,0.0019,0.0,0.04,0.0,very_rare,0.0,very_rare,peak_abundance_with_occupancy_days_modifiers,0.0004
boboli,MX,0.0,0.0,0.0,postbreeding_migration,0.0011,0.0011,0.0001,7.0,0.11,0.0,very_rare,0.0,very_rare,peak_abundance_with_occupancy_days_modifiers,0.0011
pihwar1,MX,0.0,0.0,0.0,resident,0.0001,0.0535,0.0389,0.0,0.01,0.0,very_rare,0.0,very_rare,peak_abundance_with_occupancy_days_modifiers,0.0001
whnjac1,MX,0.0,0.0,0.0,resident,0.001,0.0004,0.0002,0.0,0.1,0.0,very_rare,0.0,very_rare,peak_abundance_with_occupancy_days_modifiers,0.001
stbwoo1,MX,0.0,0.0,0.0,resident,0.0042,0.0033,0.0008,365.0,0.42,0.0,very_rare,0.0,very_rare,peak_abundance_with_occupancy_days_modifiers,0.0042
laplon,MX,0.0,0.0,0.0,nonbreeding,0.0026,,,,0.26,0.0,very_rare,0.0,very_rare,peak_abundance_with_occupancy_days_modifiers,0.0026
comgra,MX,0.0,0.0,0.0,nonbreeding,0.0,0.0003,0.0,0.0,0.0,0.0,very_rare,0.0,very_rare,peak_abundance_with_occupancy_days_modifiers,0.0
bkwvir,MX,0.0,0.0,0.0,breeding,0.0,0.0029,0.0,0.0,0.0,0.0,very_rare,0.0,very_rare,peak_abundance_with_occupancy_days_modifiers,0.0
mewgul2,MX,0.0,0.0,0.0,nonbreeding,0.0003,0.0053,0.0,0.0,0.03,0.0,very_rare,0.0,very_rare,peak_abundance_with_occupancy_days_modifiers,0.0003
bkpwar,MX,0.0,0.0,0.0,postbreeding_migration,0.0011,0.0003,0.0,0.0,0.11,0.0,very_rare,0.0,very_rare,peak_abundance_with_occupancy_days_modifiers,0.0011
purfin,MX,0.0,0.0,0.0,nonbreeding,0.0005,0.0004,0.0001,0.0,0.05,0.0,very_rare,0.0,very_rare,peak_abundance_with_occupancy_days_modifiers,0.0005
blkrai,MX,0.0,0.0,0.0,breeding,0.0001,,,,0.01,0.0,very_rare,0.0,very_rare,peak_abundance_with_occupancy_days_modifiers,0.0001
whwbec1,MX,0.0,0.0,0.0,breeding,0.0051,0.0007,0.0001,42.0,0.51,0.0,very_rare,0.0,very_rare,peak_abundance_with_occupancy_days_modifiers,0.0051
blksco2,MX,0.0,0.0,0.0,nonbreeding,0.0005,0.0044,0.0,0.0,0.05,0.0,very_rare,0.0,very_rare,peak_abundance_with_occupancy_days_modifiers,0.0005
pasowl4,MX,0.0,0.0,0.0,resident,0.0002,0.0275,0.0204,0.0,0.02,0.0,very_rare,0.0,very_rare,peak_abundance_with_occupancy_days_modifiers,0.0002
prawar,MX,0.0,0.0,0.0,nonbreeding,0.0015,0.0086,0.0013,28.0,0.15,0.0,very_rare,0.0,rare,peak_abundance_with_occupancy_days_modifiers,0.0015
mitpar,MX,0.0,0.0,0.0,resident,0.0001,0.0009,0.0,0.0,0.01,0.0,very_rare,0.0,very_rare,peak_abundance_with_occupancy_days_modifiers,0.0001
bkbcuc,MX,0.0,0.0,0.0,postbreeding_migration,0.0004,0.0527,0.0059,21.0,0.04,0.0,very_rare,0.0,rare,peak_abundance_with_occupancy_days_modifiers,0.0004
chwwid,MX,0.0,0.0,0.0,postbreeding_migration,0.0002,0.0006,0.0002,0.0,0.02,0.0,very_rare,0.0,very_rare,peak_abundance_with_occupancy_days_modifiers,0.0002
speowl1,MX,0.0,0.0,0.0,resident,0.0013,0.0004,0.0002,365.0,0.13,0.0,very_rare,0.0,very_rare,peak_abundance_with_occupancy_days_modifiers,0.0013
besowl,MX,0.0,0.0,0.0,resident,0.0003,0.1804,0.4835,0.0,0.03,0.0,very_rare,0.0,very_rare,peak_abundance_with_occupancy_days_modifiers,0.0003
winwre3,MX,0.0,0.0,0.0,nonbreeding,0.0061,0.0052,0.0004,35.0,0.61,0.0,very_rare,0.0,very_rare,peak_abundance_with_occupancy_days_modifiers,0.0061
bltgol1,MX,0.0,0.0,0.0,resident,0.0009,0.0169,0.0009,0.0,0.09,0.0,very_rare,0.0,very_rare,peak_abundance_with_occupancy_days_modifiers,0.0009
swawar,MX,0.0,0.0,0.0,nonbreeding,0.0094,0.2237,0.1428,112.0,0.9400000000000001,0.0,very_rare,0.0,very_rare,peak_abundance_with_occupancy_days_modifiers,0.0094
belyel1,MX,0.0,0.0,0.0,resident,0.0001,1.0,1.0,0.0,0.01,0.0,very_rare,0.0,very_rare,peak_abundance_with_occupancy_days_modifiers,0.0001
pinwar,MX,0.0,0.0,0.0,nonbreeding,0.0002,0.0004,0.0,0.0,0.02,0.0,very_rare,0.0,very_rare,peak_abundance_with_occupancy_days_modifiers,0.0002
horgre,MX,0.0,0.0,0.0,nonbreeding,0.0002,,,,0.02,0.0,very_rare,0.0,very_rare,peak_abundance_with_occupancy_days_modifiers,0.0002
bcwpar1,MX,0.0,0.0,0.0,resident,0.0001,0.017,0.0165,0.0,0.01,0.0,very_rare,0.0,very_rare,peak_abundance_with_occupancy_days_modifiers,0.0001
cerwar,MX,0.0,0.0,0.0,postbreeding_migration,0.0068,0.0231,0.0031,35.0,0.6799999999999999,0.0,very_rare,0.0,very_rare,peak_abundance_with_occupancy_days_modifiers,0.0068
bawori1,MX,0.0,0.0,0.0,resident,0.0002,0.3936,0.3073,0.0,0.02,0.0,very_rare,0.0,very_rare,peak_abundance_with_occupancy_days_modifiers,0.0002
y00478,MX,0.0,0.0,0.0,nonbreeding,0.0002,0.0023,0.0,0.0,0.02,0.0,very_rare,0.0,very_rare,peak_abundance_with_occupancy_days_modifiers,0.0002
bawhae1,MX,0.0,0.0,0.0,resident,0.0013,0.0014,0.0014,365.0,0.13,0.0,very_rare,0.0,very_rare,peak_abundance_with_occupancy_days_modifiers,0.0013
whwsco2,MX,0.0,0.0,0.0,nonbreeding,0.0001,0.0006,0.0,0.0,0.01,0.0,very_rare,0.0,very_rare,peak_abundance_with_occupancy_days_modifiers,0.0001
