species_code,country_code,abundance,abundance_mean_avg,abundance_mean_max,peak_season,range_occupied_percent,range_total_percent,total_pop_percent,range_days_occupation,occupancy,score,frequency,frequency_pct,rarity_cap,commonness_basis,debug_range_occupied_max
turvul,PA,2.4499183008655225,4.01055,10.5874,postbreeding_migration,0.9606,0.004,0.0378,126.0,96.06,1.0,abundant,100.0,,peak_abundance_with_occupancy_days_modifiers,0.9606
brwhaw,PA,1.3545972743766361,1.2389666666666665,2.8752,postbreeding_migration,0.782,0.0539,0.0968,91.0,78.2,0.5649109407500544,common,56.49109407500544,,peak_abundance_with_occupancy_days_modifiers,0.782
blkvul,PA,1.2688331486728626,2.5567,2.5567,resident,0.9306,0.0046,0.0118,365.0,93.06,0.5291445223094001,common,52.914452230940014,,peak_abundance_with_occupancy_days_modifiers,0.9306
cliswa,PA,0.9984235614126774,0.604,1.714,postbreeding_migration,0.8011,0.0074,0.0205,98.0,80.11,0.41637496547024166,common,41.63749654702416,,peak_abundance_with_occupancy_days_modifiers,0.8011
swahaw,PA,0.9794157544932189,0.7517333333333333,1.6629,postbreeding_migration,0.2941,0.0357,0.0726,112.0,29.409999999999997,0.4084480942948896,common,40.84480942948896,,peak_abundance_with_occupancy_days_modifiers,0.2941
categr1,PA,0.9671307392135154,1.134838935946466,1.6303863570285866,nonbreeding,0.3965445441675883,0.0033010439228485,0.0038260031291514,140.0,39.654454416758824,0.4033248449941115,common,40.332484499411144,,peak_abundance_with_occupancy_days_modifiers,0.3965445441675883
neocor,PA,0.9490676513880921,1.5833,1.5833,resident,0.2129,0.0049,0.0219,365.0,21.29,0.395791952281769,common,39.5791952281769,,peak_abundance_with_occupancy_days_modifiers,0.2129
barswa,PA,0.8140808034555739,0.6729499999999999,1.2571,prebreeding_migration,0.5657,0.0008,0.001,154.0,56.57,0.33949806427764984,common,33.94980642776498,,peak_abundance_with_occupancy_days_modifiers,0.5657
orcpar,PA,0.7742662318447373,1.169,1.169,resident,0.7122,0.0924,0.1206,365.0,71.22,0.32289409826525073,common,32.28940982652507,,peak_abundance_with_occupancy_days_modifiers,0.7122
brnpel,PA,0.7275969152891709,0.87335,1.0701,breeding,0.1367,0.0517,0.0501,161.0,13.669999999999998,0.3034314815759477,common,30.34314815759477,,peak_abundance_with_occupancy_days_modifiers,0.1367
magfri,PA,0.7026023393307004,0.82345,1.019,prebreeding_migration,0.1606,0.0527,0.0796,140.0,16.06,0.2930079337913518,common,29.300793379135182,,peak_abundance_with_occupancy_days_modifiers,0.1606
easkin,PA,0.6420117684451749,0.4083666666666666,0.9003,prebreeding_migration,0.747,0.008,0.0465,70.0,74.7,0.2677397031172008,fairly_common,26.77397031172008,,peak_abundance_with_occupancy_days_modifiers,0.747
miskit,PA,0.6233146709612645,0.3811,0.8651,postbreeding_migration,0.2236,0.0111,0.0908,84.0,22.36,0.2599424078407933,fairly_common,25.99424078407933,,peak_abundance_with_occupancy_days_modifiers,0.2236
bbwduc,PA,0.5931610856840184,0.600425,0.8097,nonbreeding,0.0971,0.0045,0.0085,161.0,9.71,0.2473673860626084,fairly_common,24.73673860626084,,peak_abundance_with_occupancy_days_modifiers,0.0971
trokin,PA,0.5728986079637696,0.74875,0.7734,nonbreeding,0.8956,0.0055,0.0103,119.0,89.56,0.2389172765227526,fairly_common,23.89172765227526,,peak_abundance_with_occupancy_days_modifiers,0.8956
bugtan,PA,0.5630384952129249,0.756,0.756,resident,0.8006,0.0107,0.0248,365.0,80.06,0.23480529012255513,common,23.480529012255513,,peak_abundance_with_occupancy_days_modifiers,0.8006
grtgra,PA,0.520756152442899,0.605975,0.6833,nonbreeding,0.3256,0.0263,0.0175,126.0,32.56,0.21717218360215151,fairly_common,21.717218360215153,,peak_abundance_with_occupancy_days_modifiers,0.3256
rugdov,PA,0.475985700923283,0.6096,0.6096,resident,0.4792,0.0048,0.0069,365.0,47.92,0.19850145513978276,fairly_common,19.850145513978276,,peak_abundance_with_occupancy_days_modifiers,0.4792
whtdov,PA,0.43048287108345223,0.538,0.538,resident,0.7806,0.0058,0.0085,365.0,78.06,0.17952530119510762,common,17.95253011951076,,peak_abundance_with_occupancy_days_modifiers,0.7806
blkter,PA,0.42755270457216915,0.275925,0.5335,nonbreeding,0.0876,0.0019,0.0133,133.0,8.76,0.17830332684763603,fairly_common,17.830332684763604,,peak_abundance_with_occupancy_days_modifiers,0.0876
buwtea,PA,0.40459806566881334,0.2932666666666666,0.4987,nonbreeding,0.0547,0.0061,0.0177,126.0,5.47,0.16873049889148947,fairly_common,16.873049889148948,,peak_abundance_with_occupancy_days_modifiers,0.0547
varsee3,PA,0.40399736483312965,0.4978,0.4978,resident,0.8264,0.1386,0.1273,365.0,82.64,0.16847998718545376,common,16.847998718545377,,peak_abundance_with_occupancy_days_modifiers,0.8264
blhpar1,PA,0.3793264504984696,0.4613,0.4613,resident,0.6077,0.008,0.0092,365.0,60.77,0.15819141678184778,common,15.819141678184778,,peak_abundance_with_occupancy_days_modifiers,0.6077
whcswi,PA,0.37727137373738245,0.4583,0.4583,resident,0.4362,0.0113,0.0123,365.0,43.62,0.15733438320561116,fairly_common,15.733438320561117,,peak_abundance_with_occupancy_days_modifiers,0.4362
houwre,PA,0.3635313847352188,0.40380000000000005,0.4384,breeding,0.8167,0.0042,0.0048,126.0,81.67,0.15160436273389608,fairly_common,15.160436273389607,,peak_abundance_with_occupancy_days_modifiers,0.8167
gybmar,PA,0.36227921065856417,0.307875,0.4366,prebreeding_migration,0.5047,0.0037,0.0103,112.0,50.470000000000006,0.1510821655842293,fairly_common,15.10821655842293,,peak_abundance_with_occupancy_days_modifiers,0.5047
laugul,PA,0.36213998336979075,0.23677499999999999,0.4364,prebreeding_migration,0.0907,0.0396,0.016,161.0,9.07,0.15102410329504057,fairly_common,15.102410329504057,,peak_abundance_with_occupancy_days_modifiers,0.0907
clcrob,PA,0.3419571668517826,0.4077,0.4077,resident,0.5941,0.056,0.0479,365.0,59.41,0.1426072150568589,common,14.260721505685888,,peak_abundance_with_occupancy_days_modifiers,0.5941
blcjay1,PA,0.32800794392334626,0.3882,0.3882,resident,0.6486,0.1394,0.1226,365.0,64.86,0.13678993726050315,common,13.678993726050315,,peak_abundance_with_occupancy_days_modifiers,0.6486
recwoo1,PA,0.32584453354612986,0.3852,0.3852,resident,0.5494,0.0516,0.0949,365.0,54.94,0.13588772505726057,common,13.588772505726057,,peak_abundance_with_occupancy_days_modifiers,0.5494
dickci,PA,0.31859917508650243,0.17306666666666667,0.3752,postbreeding_migration,0.6924,0.0156,0.0158,119.0,69.24,0.13286617589211627,fairly_common,13.286617589211627,,peak_abundance_with_occupancy_days_modifiers,0.6924
smbani,PA,0.3176534109477655,0.3739,0.3739,resident,0.5565,0.0044,0.0038,365.0,55.65,0.13247176161161547,common,13.247176161161548,,peak_abundance_with_occupancy_days_modifiers,0.5565
grekis,PA,0.30121508673436526,0.3515,0.3515,resident,0.6072,0.0041,0.0027,365.0,60.72,0.1256164479538941,common,12.561644795389409,,peak_abundance_with_occupancy_days_modifiers,0.6072
blbgra1,PA,0.2991411655406749,0.3487,0.3487,resident,0.5285,0.0043,0.0039,365.0,52.849999999999994,0.12475155563886399,common,12.4751555638864,,peak_abundance_with_occupancy_days_modifiers,0.5285
banswa,PA,0.26704559760133845,0.11263333333333332,0.3061,postbreeding_migration,0.4975,,,,49.75,0.11136666418700317,fairly_common,11.136666418700317,,peak_abundance_with_occupancy_days_modifiers,0.4975
soulap1,PA,0.26696903085423934,0.26405,0.306,breeding,0.5801,0.0037,0.0015,175.0,58.01,0.11133473337335684,fairly_common,11.133473337335683,,peak_abundance_with_occupancy_days_modifiers,0.5801
yehcar1,PA,0.25309062768216184,0.288,0.288,resident,0.5926,0.0064,0.0167,365.0,59.260000000000005,0.10554698970935553,common,10.554698970935553,,peak_abundance_with_occupancy_days_modifiers,0.5926
yeceup1,PA,0.24974653310874378,0.2837,0.2837,resident,0.5217,0.2334,0.302,365.0,52.17,0.10415239395225415,common,10.415239395225415,,peak_abundance_with_occupancy_days_modifiers,0.5217
grbani,PA,0.23830798783398163,0.22865000000000002,0.2691,prebreeding_migration,0.365,0.0233,0.0191,133.0,36.5,0.09938215006190551,fairly_common,9.938215006190552,,peak_abundance_with_occupancy_days_modifiers,0.365
greegr,PA,0.23063541707250526,0.21097500000000002,0.2594,nonbreeding,0.3272,0.0008,0.0014,133.0,32.72,0.09618243952887533,fairly_common,9.618243952887532,,peak_abundance_with_occupancy_days_modifiers,0.3272
wessan,PA,0.2273745878420257,0.142025,0.2553,nonbreeding,0.0342,0.0096,0.0072,147.0,3.42,0.09482256811686235,rare,9.482256811686234,rare,peak_abundance_with_occupancy_days_modifiers,0.0342
yebela1,PA,0.21503073120365931,0.2399,0.2399,resident,0.5553,0.0083,0.0129,365.0,55.53,0.08967478006356634,common,8.967478006356634,,peak_abundance_with_occupancy_days_modifiers,0.5553
chbant1,PA,0.21312410088890776,0.2375382213076345,0.2375382213076345,resident,0.3995098613433872,0.2079831579585907,0.2781820269143183,365.0,39.95098613433872,0.08887965346384352,fairly_common,8.887965346384352,,peak_abundance_with_occupancy_days_modifiers,0.3995098613433872
meapar,PA,0.20961241702985822,0.2332,0.2332,resident,0.3239,0.0057,0.0088,365.0,32.39,0.08741516754617822,fairly_common,8.741516754617821,,peak_abundance_with_occupancy_days_modifiers,0.3239
socfly1,PA,0.20489811097285957,0.2274,0.2274,resident,0.4741,0.006,0.0124,365.0,47.410000000000004,0.08544914921732223,fairly_common,8.544914921732223,,peak_abundance_with_occupancy_days_modifiers,0.4741
srwswa1,PA,0.20106152816800735,0.18945,0.2227,breeding,0.7832,0.0052,0.0054,224.0,78.32000000000001,0.0838491699153176,common,8.38491699153176,,peak_abundance_with_occupancy_days_modifiers,0.7832
trsowl,PA,0.1954201506992275,0.215821707532872,0.215821707532872,resident,0.7526244021085614,0.0045619866758125,0.003076531989213,365.0,75.26244021085614,0.0814965327785854,common,8.14965327785854,,peak_abundance_with_occupancy_days_modifiers,0.7526244021085614
bobfly1,PA,0.19144646457095518,0.211,0.211,resident,0.6823,0.0056,0.0119,365.0,68.23,0.0798393769497427,common,7.98393769497427,,peak_abundance_with_occupancy_days_modifiers,0.6823
pavpig2,PA,0.18631357806349208,0.2048,0.2048,resident,0.4827,0.0051,0.0067,365.0,48.27,0.07769879701462613,fairly_common,7.769879701462614,,peak_abundance_with_occupancy_days_modifiers,0.4827
brtpar1,PA,0.186064543072789,0.2045,0.2045,resident,0.1531,0.014,0.0118,365.0,15.310000000000002,0.07759494135690484,fairly_common,7.759494135690484,,peak_abundance_with_occupancy_days_modifiers,0.1531
kebtou1,PA,0.18531706577375312,0.2036,0.2036,resident,0.5088,0.1212,0.0995,365.0,50.88,0.0772832191113526,common,7.728321911135259,,peak_abundance_with_occupancy_days_modifiers,0.5088
crfpar,PA,0.178146185383474,0.195,0.195,resident,0.2318,0.1703,0.1309,365.0,23.18,0.0742927297135773,uncommon,7.4292729713577295,,peak_abundance_with_occupancy_days_modifiers,0.2318
rtlhum,PA,0.17655496189961759,0.1931,0.1931,resident,0.5709,0.0725,0.0737,365.0,57.089999999999996,0.07362913797881422,fairly_common,7.362913797881422,,peak_abundance_with_occupancy_days_modifiers,0.5709
swathr,PA,0.1728602730044416,0.09506666666666667,0.1887,postbreeding_migration,0.8521,0.0419,0.021,91.0,85.21,0.07208833303329039,uncommon,7.208833303329039,,peak_abundance_with_occupancy_days_modifiers,0.8521
brhpar1,PA,0.17243955693950402,0.1882,0.1882,resident,0.316,0.2255,0.2173,365.0,31.6,0.07191288080661883,uncommon,7.191288080661883,,peak_abundance_with_occupancy_days_modifiers,0.316
roahaw,PA,0.1625439291852801,0.1765,0.1765,resident,0.7252,0.0043,0.0052,365.0,72.52,0.06778608349963067,fairly_common,6.778608349963067,,peak_abundance_with_occupancy_days_modifiers,0.7252
reevir1,PA,0.161608515196413,0.0861,0.1754,postbreeding_migration,0.8815,0.0066,0.0084,133.0,88.14999999999999,0.06739598556688177,uncommon,6.739598556688177,,peak_abundance_with_occupancy_days_modifiers,0.8815
yegvir,PA,0.15657630704209669,0.07525000000000001,0.1695,prebreeding_migration,0.4906,0.0357,0.0939,140.0,49.059999999999995,0.06529739176614262,uncommon,6.529739176614262,,peak_abundance_with_occupancy_days_modifiers,0.4906
lesgre1,PA,0.1540935353374002,0.1666,0.1666,resident,0.6013,0.1209,0.0787,365.0,60.129999999999995,0.06426199554477263,fairly_common,6.426199554477263,,peak_abundance_with_occupancy_days_modifiers,0.6013
blttro1,PA,0.15078919902382532,0.1627515230892643,0.1627515230892643,resident,0.5237118702966629,0.0043462223668064,0.0079612979567217,365.0,52.37118702966629,0.06288398026985247,fairly_common,6.288398026985247,,peak_abundance_with_occupancy_days_modifiers,0.5237118702966629
paltan1,PA,0.1488509467323547,0.1605,0.1605,resident,0.6691,0.0065,0.0059,365.0,66.91,0.062075666281557,fairly_common,6.2075666281557,,peak_abundance_with_occupancy_days_modifiers,0.6691
gohtan1,PA,0.1466943791508035,0.158,0.158,resident,0.4148,0.1381,0.1319,365.0,41.48,0.06117630774575466,uncommon,6.117630774575466,,peak_abundance_with_occupancy_days_modifiers,0.4148
banana,PA,0.143667349812413,0.1545,0.1545,resident,0.6112,0.006,0.0068,365.0,61.12,0.05991393846185436,fairly_common,5.991393846185436,,peak_abundance_with_occupancy_days_modifiers,0.6112
snoegr,PA,0.14106544027860282,0.098625,0.1515,nonbreeding,0.1947,0.0025,0.0032,119.0,19.470000000000002,0.05882885790669992,uncommon,5.8828857906699925,,peak_abundance_with_occupancy_days_modifiers,0.1947
latman1,PA,0.13958801420705347,0.1498,0.1498,resident,0.2132,0.1737,0.2266,365.0,21.32,0.05821272337892915,uncommon,5.821272337892915,,peak_abundance_with_occupancy_days_modifiers,0.2132
gohman1,PA,0.13893519123466386,0.1490496291026755,0.1490496291026755,resident,0.477317061312614,0.0079425905761979,0.0074943160049562,365.0,47.7317061312614,0.057940475053576856,uncommon,5.794047505357685,,peak_abundance_with_occupancy_days_modifiers,0.477317061312614
strfly1,PA,0.13784706669212513,0.10802499999999998,0.1478,postbreeding_migration,0.7811,0.0056,0.0192,112.0,78.11,0.057486691873434484,uncommon,5.748669187343449,,peak_abundance_with_occupancy_days_modifiers,0.7811
istwre1,PA,0.1364476125205708,0.1461948299448282,0.1461948299448282,resident,0.3837476987189429,0.7916662267369013,0.7404671877197491,365.0,38.37476987189429,0.056903074153582554,uncommon,5.690307415358255,,peak_abundance_with_occupancy_days_modifiers,0.3837476987189429
baywre1,PA,0.13632404126012473,0.1460532019557299,0.1460532019557299,resident,0.3820758604432031,0.1529967305221221,0.1511299141419634,365.0,38.20758604432031,0.05685154093532744,uncommon,5.685154093532744,,peak_abundance_with_occupancy_days_modifiers,0.3820758604432031
cotfly1,PA,0.1344434765494907,0.1439,0.1439,resident,0.5494,0.0085,0.0067,365.0,54.94,0.05606728453682365,fairly_common,5.606728453682365,,peak_abundance_with_occupancy_days_modifiers,0.5494
santer1,PA,0.1338313476335206,0.0769,0.1432,prebreeding_migration,0.0756,0.0227,0.0293,133.0,7.5600000000000005,0.055812006951136736,uncommon,5.581200695113673,,peak_abundance_with_occupancy_days_modifiers,0.0756
tenwar,PA,0.13208034035720786,0.0777,0.1412,nonbreeding,0.5962,0.0613,0.0571,98.0,59.62,0.055081780199294786,uncommon,5.5081780199294785,,peak_abundance_with_occupancy_days_modifiers,0.5962
libher,PA,0.13190507087993858,0.09087499999999998,0.141,nonbreeding,0.2632,0.0109,0.0186,133.0,26.32,0.05500868715004551,uncommon,5.500868715004551,,peak_abundance_with_occupancy_days_modifiers,0.2632
creoro1,PA,0.13023847692372928,0.1391,0.1391,resident,0.4305,0.0072,0.0085,365.0,43.05,0.054313663486954336,uncommon,5.431366348695434,,peak_abundance_with_occupancy_days_modifiers,0.4305
wesant1,PA,0.12733724846119512,0.1358,0.1358,resident,0.2948,0.1357,0.2292,365.0,29.48,0.053103757243155594,uncommon,5.310375724315559,,peak_abundance_with_occupancy_days_modifiers,0.2948
compau,PA,0.12636829881480666,0.1347,0.1347,resident,0.7748,0.0051,0.0034,365.0,77.48,0.05269967385495259,fairly_common,5.269967385495259,,peak_abundance_with_occupancy_days_modifiers,0.7748
barswi,PA,0.12625119609085755,0.134567131318929,0.134567131318929,resident,0.2908132240906319,0.0092755662829459,0.0038670012641075,365.0,29.081322409063194,0.05265083822594176,uncommon,5.265083822594176,,peak_abundance_with_occupancy_days_modifiers,0.2908132240906319
blsspa1,PA,0.126103876795726,0.1344,0.1344,resident,0.3955,0.0683,0.0803,365.0,39.550000000000004,0.05258940130799016,uncommon,5.258940130799016,,peak_abundance_with_occupancy_days_modifiers,0.3955
sumtan,PA,0.12539840939433364,0.09276666666666666,0.1336,nonbreeding,0.8869,0.0281,0.0368,98.0,88.69,0.0522951985505156,uncommon,5.22951985505156,,peak_abundance_with_occupancy_days_modifiers,0.8869
swtkit,PA,0.1251337307567657,0.10235,0.1333,prebreeding_migration,0.4846,0.0055,0.0111,98.0,48.46,0.05218481898533175,uncommon,5.218481898533175,,peak_abundance_with_occupancy_days_modifiers,0.4846
eawpew,PA,0.12486898204586927,0.0605,0.133,postbreeding_migration,0.9035,0.0156,0.0102,126.0,90.35,0.052074410197300136,uncommon,5.207441019730013,,peak_abundance_with_occupancy_days_modifiers,0.9035
lessca,PA,0.1239859797809912,0.04530000000000001,0.132,nonbreeding,0.023,0.0075,0.009,49.0,2.3,0.05170616965114505,rare,5.170616965114505,rare,peak_abundance_with_occupancy_days_modifiers,0.023
cocwoo1,PA,0.12106652797944359,0.1287,0.1287,resident,0.606,0.1816,0.23,365.0,60.6,0.050488663684697795,fairly_common,5.048866368469779,,peak_abundance_with_occupancy_days_modifiers,0.606
bkmtou1,PA,0.12035749666373409,0.1279,0.1279,resident,0.3496,0.1207,0.1274,365.0,34.96,0.05019297465951273,uncommon,5.019297465951273,,peak_abundance_with_occupancy_days_modifiers,0.3496
trogna2,PA,0.11635980111619529,0.1234,0.1234,resident,0.6048,0.1048,0.0623,365.0,60.480000000000004,0.04852580612513659,fairly_common,4.852580612513659,,peak_abundance_with_occupancy_days_modifiers,0.6048
y00599,PA,0.11511280710050457,0.122,0.122,resident,0.1683,0.0709,0.063,365.0,16.830000000000002,0.048005769228681335,uncommon,4.800576922868133,,peak_abundance_with_occupancy_days_modifiers,0.1683
whiibi,PA,0.11502367656878194,0.094225,0.1219,breeding,0.0903,0.0132,0.0079,105.0,9.030000000000001,0.04796859890988814,uncommon,4.796859890988814,,peak_abundance_with_occupancy_days_modifiers,0.0903
peptyr1,PA,0.11452254368031271,0.1213379198626109,0.1213379198626109,resident,0.4234109340976797,0.0476848380923665,0.0823316596565583,365.0,42.34109340976797,0.047759610262988555,uncommon,4.775961026298855,,peak_abundance_with_occupancy_days_modifiers,0.4234109340976797
squcuc1,PA,0.11332868530700317,0.12,0.12,resident,0.8014,0.0052,0.0053,365.0,80.14,0.04726173265054542,fairly_common,4.726173265054542,,peak_abundance_with_occupancy_days_modifiers,0.8014
chhoro1,PA,0.11252479084184443,0.1191,0.1191,resident,0.2543,0.1414,0.1069,365.0,25.430000000000003,0.04692648261928751,uncommon,4.692648261928751,,peak_abundance_with_occupancy_days_modifiers,0.2543
mastit1,PA,0.11091506057115519,0.1173,0.1173,resident,0.6076,0.0116,0.0179,365.0,60.760000000000005,0.04625517295495396,fairly_common,4.625517295495396,,peak_abundance_with_occupancy_days_modifiers,0.6076
fotfly,PA,0.1097508639591192,0.095775,0.116,postbreeding_migration,0.3589,0.0142,0.0038,133.0,35.89,0.045769665257748636,uncommon,4.576966525774863,,peak_abundance_with_occupancy_days_modifiers,0.3589
relhon1,PA,0.109482010616997,0.1157,0.1157,resident,0.3719,0.0075,0.0193,365.0,37.19,0.045657544705540946,uncommon,4.5657544705540944,,peak_abundance_with_occupancy_days_modifiers,0.3719
grhcha1,PA,0.10831614348345889,0.1144,0.1144,resident,0.2497,0.1761,0.2857,365.0,24.97,0.045171340346758675,uncommon,4.517134034675867,,peak_abundance_with_occupancy_days_modifiers,0.2497
greani1,PA,0.10768780541691743,0.1137,0.1137,resident,0.1344,0.0019,0.0044,365.0,13.44,0.04490930302024595,uncommon,4.490930302024595,,peak_abundance_with_occupancy_days_modifiers,0.1344
littin1,PA,0.10705907229340778,0.113,0.113,resident,0.5738,0.0093,0.0143,365.0,57.379999999999995,0.044647100942181106,fairly_common,4.464710094218111,,peak_abundance_with_occupancy_days_modifiers,0.5738
barant1,PA,0.10696922099724239,0.1129,0.1129,resident,0.3655,0.0037,0.0053,365.0,36.55,0.044609630041268694,uncommon,4.460963004126869,,peak_abundance_with_occupancy_days_modifiers,0.3655
comnig,PA,0.10678949418151776,0.0372,0.1127,postbreeding_migration,0.3023,0.0028,0.0032,112.0,30.23,0.044534678137503995,uncommon,4.453467813750399,,peak_abundance_with_occupancy_days_modifiers,0.3023
linwoo1,PA,0.10436001532424277,0.11,0.11,resident,0.6634,0.0052,0.008,365.0,66.34,0.04352150675973999,fairly_common,4.3521506759739985,,peak_abundance_with_occupancy_days_modifiers,0.6634
sittan1,PA,0.10426992117579677,0.1099,0.1099,resident,0.1265,0.2221,0.2762,365.0,12.65,0.043483934581560225,uncommon,4.348393458156022,,peak_abundance_with_occupancy_days_modifiers,0.1265
butsal1,PA,0.10363903475948592,0.1092,0.1092,resident,0.4171,0.0048,0.0089,365.0,41.71,0.04322083451064899,uncommon,4.322083451064898,,peak_abundance_with_occupancy_days_modifiers,0.4171
tactan1,PA,0.09966432311294532,0.1048,0.1048,resident,0.0801,0.1088,0.1213,365.0,8.01,0.04156325100747037,uncommon,4.156325100747036,,peak_abundance_with_occupancy_days_modifiers,0.0801
balori,PA,0.09866817179670131,0.06613333333333334,0.1037,nonbreeding,0.6031,0.0515,0.0418,119.0,60.309999999999995,0.04114782364183669,uncommon,4.114782364183669,,peak_abundance_with_occupancy_days_modifiers,0.6031
crbtan1,PA,0.09549198145922065,0.1002,0.1002,resident,0.3072,0.1037,0.0756,365.0,30.72,0.0398232493897786,uncommon,3.98232493897786,,peak_abundance_with_occupancy_days_modifiers,0.3072
blbwre1,PA,0.09341377327126793,0.0979159295606242,0.0979159295606242,resident,0.4153907229890592,0.1720815747844725,0.1739933923648557,365.0,41.53907229890592,0.03895656925927921,uncommon,3.8956569259279212,,peak_abundance_with_occupancy_days_modifiers,0.4153907229890592
pirfly1,PA,0.09194087369835728,0.04915,0.0963,prebreeding_migration,0.5983,0.0069,0.0159,112.0,59.830000000000005,0.03834232242806055,uncommon,3.834232242806055,,peak_abundance_with_occupancy_days_modifiers,0.5983
chswar,PA,0.09157594348720946,0.05343333333333333,0.0959,nonbreeding,0.5341,0.0841,0.0858,133.0,53.410000000000004,0.03819013470940263,uncommon,3.8190134709402628,,peak_abundance_with_occupancy_days_modifiers,0.5341
yefgra1,PA,0.0914846901221783,0.0958,0.0958,resident,0.1986,0.0283,0.0172,365.0,19.86,0.03815207910035818,uncommon,3.815207910035818,,peak_abundance_with_occupancy_days_modifiers,0.1986
brratt1,PA,0.09130215840678604,0.0956,0.0956,resident,0.5559,0.0081,0.0087,365.0,55.589999999999996,0.038075957462577296,fairly_common,3.8075957462577295,,peak_abundance_with_occupancy_days_modifiers,0.5559
willet1,PA,0.09020626788614897,0.059125,0.0944,postbreeding_migration,0.0502,0.0215,0.019,147.0,5.0200000000000005,0.03761893561801691,uncommon,3.7618935618016907,,peak_abundance_with_occupancy_days_modifiers,0.0502
paltyr3,PA,0.08663630665954669,0.0905,0.0905,resident,0.4377,0.2496,0.2945,365.0,43.769999999999996,0.03613014615039512,uncommon,3.6130146150395124,,peak_abundance_with_occupancy_days_modifiers,0.4377
gocman1,PA,0.08636116564804346,0.0902,0.0902,resident,0.2458,0.365,0.4124,365.0,24.58,0.03601540343638905,uncommon,3.6015403436389053,,peak_abundance_with_occupancy_days_modifiers,0.2458
norwat,PA,0.08507617235511927,0.05736666666666667,0.0888,nonbreeding,0.873,0.0382,0.048,147.0,87.3,0.03547951961047673,uncommon,3.5479519610476733,,peak_abundance_with_occupancy_days_modifiers,0.873
gareme1,PA,0.08403160857637468,0.0876632727531153,0.0876632727531153,resident,0.4205065191513842,0.8546516243364769,0.923790980371016,365.0,42.050651915138424,0.03504390267983172,uncommon,3.504390267983172,,peak_abundance_with_occupancy_days_modifiers,0.4205065191513842
thbeup1,PA,0.08286947782229463,0.0864,0.0864,resident,0.3209,0.0294,0.0355,365.0,32.09,0.03455925651231008,uncommon,3.455925651231008,,peak_abundance_with_occupancy_days_modifiers,0.3209
sposan,PA,0.0816721486440249,0.07093333333333333,0.0851,nonbreeding,0.2979,0.008,0.0198,147.0,29.79,0.034059931461774204,uncommon,3.4059931461774204,,peak_abundance_with_occupancy_days_modifiers,0.2979
souben1,PA,0.08159728581795068,0.0850187693880414,0.0850187693880414,resident,0.4077772868513956,0.3181653464460471,0.457281181003845,365.0,40.77772868513956,0.03402871123838768,uncommon,3.402871123838768,,peak_abundance_with_occupancy_days_modifiers,0.4077772868513956
bawswa1,PA,0.08047338414987679,0.073,0.0838,postbreeding_migration,0.109,0.003,0.003,133.0,10.9,0.03356000783802519,uncommon,3.3560007838025188,,peak_abundance_with_occupancy_days_modifiers,0.109
putfru1,PA,0.08010424424166145,0.0834,0.0834,resident,0.1793,0.0031,0.0073,365.0,17.93,0.033406064539331946,uncommon,3.3406064539331948,,peak_abundance_with_occupancy_days_modifiers,0.1793
ducfly,PA,0.07973496801885356,0.073025,0.083,prebreeding_migration,0.65,0.0085,0.0114,133.0,65.0,0.03325206439303828,uncommon,3.325206439303828,,peak_abundance_with_occupancy_days_modifiers,0.65
babwar,PA,0.07881118042428978,0.057100000000000005,0.082,nonbreeding,0.4636,0.1078,0.1323,105.0,46.36,0.032866815043309336,uncommon,3.2866815043309336,,peak_abundance_with_occupancy_days_modifiers,0.4636
whstan1,PA,0.07881118042428978,0.082,0.082,resident,0.2856,0.0064,0.031,365.0,28.560000000000002,0.032866815043309336,uncommon,3.2866815043309336,,peak_abundance_with_occupancy_days_modifiers,0.2856
stther2,PA,0.07733134293632346,0.0804,0.0804,resident,0.4383,0.1062,0.1177,365.0,43.830000000000005,0.03224967487678348,uncommon,3.224967487678348,,peak_abundance_with_occupancy_days_modifiers,0.4383
shbpig,PA,0.07723878034080219,0.0803,0.0803,resident,0.2851,0.1699,0.1258,365.0,28.51,0.03221107327621681,uncommon,3.2211073276216813,,peak_abundance_with_occupancy_days_modifiers,0.2851
batpig1,PA,0.07510747248680541,0.05275,0.078,breeding,0.0341,0.0058,0.011,112.0,3.4099999999999997,0.031322248865003274,rare,3.1322248865003273,rare,peak_abundance_with_occupancy_days_modifiers,0.0341
chiswi,PA,0.07492192651725926,0.0778,0.0778,postbreeding_migration,0.2589,0.0106,0.0057,63.0,25.89,0.03124487018560432,uncommon,3.124487018560432,,peak_abundance_with_occupancy_days_modifiers,0.2589
monoro1,PA,0.07427224437458746,0.0771,0.0771,resident,0.0828,0.023,0.0244,365.0,8.28,0.03097393168798021,uncommon,3.097393168798021,,peak_abundance_with_occupancy_days_modifiers,0.0828
fuveup1,PA,0.07416599864539977,0.0769855688041125,0.0769855688041125,resident,0.3254194767075133,0.1555819860946327,0.2538576088149341,365.0,32.541947670751334,0.0309296237774585,uncommon,3.09296237774585,,peak_abundance_with_occupancy_days_modifiers,0.3254194767075133
woosto,PA,0.07334339422420953,0.05827500000000001,0.0761,nonbreeding,0.1477,0.0031,0.0034,161.0,14.77,0.03058657108849338,uncommon,3.0586571088493377,,peak_abundance_with_occupancy_days_modifiers,0.1477
blcwoo1,PA,0.07334339422420953,0.0761,0.0761,resident,0.2906,0.1252,0.1062,365.0,29.060000000000002,0.03058657108849338,uncommon,3.0586571088493377,,peak_abundance_with_occupancy_days_modifiers,0.2906
panfly1,PA,0.0729716124558227,0.0757,0.0757,resident,0.4983,0.2698,0.5194,365.0,49.830000000000005,0.0304315260485351,uncommon,3.04315260485351,,peak_abundance_with_occupancy_days_modifiers,0.4983
easmea,PA,0.07213459775919911,0.065525,0.0748,prebreeding_migration,0.3007,0.0066,0.0054,119.0,30.070000000000004,0.030082463807944874,uncommon,3.0082463807944873,,peak_abundance_with_occupancy_days_modifiers,0.3007
wbwwre1,PA,0.07111062745795275,0.0737,0.0737,resident,0.2827,0.0158,0.0415,365.0,28.27,0.02965543502446875,uncommon,2.965543502446875,,peak_abundance_with_occupancy_days_modifiers,0.2827
plctan1,PA,0.0710174872352803,0.0736,0.0736,resident,0.1924,0.235,0.2788,365.0,19.24,0.02961659253466978,uncommon,2.961659253466978,,peak_abundance_with_occupancy_days_modifiers,0.1924
lobgna5,PA,0.06999237182003498,0.0725,0.0725,resident,0.3996,0.0078,0.0105,365.0,39.96,0.02918908620156422,uncommon,2.918908620156422,,peak_abundance_with_occupancy_days_modifiers,0.3996
sthwoo1,PA,0.06989912737966718,0.0724,0.0724,resident,0.4316,0.0549,0.0525,365.0,43.16,0.02915020024961062,uncommon,2.9150200249610623,,peak_abundance_with_occupancy_days_modifiers,0.4316
semplo,PA,0.06989912737966718,0.04335000000000001,0.0724,nonbreeding,0.0474,0.0141,0.0102,161.0,4.74,0.02915020024961062,rare,2.9150200249610623,rare,peak_abundance_with_occupancy_days_modifiers,0.0474
sobtyr1,PA,0.06905953593149465,0.049049999999999996,0.0715,postbreeding_migration,0.5886,0.0043,0.003,161.0,58.86,0.02880006342015984,uncommon,2.8800063420159843,,peak_abundance_with_occupancy_days_modifiers,0.5886
sctdac1,PA,0.06894743158706329,0.0713798869276662,0.0713798869276662,resident,0.2719665269515866,0.1854933692491801,0.2554510044701137,365.0,27.196652695158658,0.02875331227731265,uncommon,2.875331227731265,,peak_abundance_with_occupancy_days_modifiers,0.2719665269515866
blaoro1,PA,0.06761903648530043,0.0699576160117522,0.0699576160117522,resident,0.2088925205400461,0.4937258261892007,0.6896122858867526,365.0,20.889252054004608,0.028199328491268164,uncommon,2.8199328491268165,,peak_abundance_with_occupancy_days_modifiers,0.2088925205400461
grcfly,PA,0.06747171511501267,0.03453333333333333,0.0698,nonbreeding,0.7366,0.0641,0.0756,133.0,73.66,0.028137890707909233,uncommon,2.813789070790923,,peak_abundance_with_occupancy_days_modifiers,0.7366
lobher,PA,0.06653652380024423,0.0688,0.0688,resident,0.3262,0.156,0.1715,365.0,32.62,0.027747885637472117,uncommon,2.7747885637472116,,peak_abundance_with_occupancy_days_modifiers,0.3262
scrcac1,PA,0.06541313854823201,0.0676,0.0676,resident,0.1526,0.0831,0.1445,365.0,15.260000000000002,0.02727939759933479,uncommon,2.727939759933479,,peak_abundance_with_occupancy_days_modifiers,0.1526
vauswi,PA,0.0652257849177074,0.044425,0.0674,nonbreeding,0.2787,0.0342,0.0143,140.0,27.87,0.02720126506675502,uncommon,2.720126506675502,,peak_abundance_with_occupancy_days_modifiers,0.2787
cobtan1,PA,0.06503839617922222,0.0672,0.0672,resident,0.0467,0.0156,0.0273,365.0,4.67,0.027123117893018578,rare,2.712311789301858,rare,peak_abundance_with_occupancy_days_modifiers,0.0467
gretin1,PA,0.06485097231961631,0.067,0.067,resident,0.2651,0.0058,0.0122,365.0,26.51,0.027044956072637173,uncommon,2.704495607263717,,peak_abundance_with_occupancy_days_modifiers,0.2651
bknsti,PA,0.06485097231961631,0.04945,0.067,nonbreeding,0.0321,0.0009,0.0011,140.0,3.2099999999999995,0.027044956072637173,rare,2.704495607263717,rare,peak_abundance_with_occupancy_days_modifiers,0.0321
whfant2,PA,0.0639133257436528,0.066,0.066,resident,0.2056,0.0033,0.0054,365.0,20.560000000000002,0.026653927078752394,uncommon,2.6653927078752395,,peak_abundance_with_occupancy_days_modifiers,0.2056
plukit1,PA,0.06372569088054483,0.05356666666666667,0.0658,breeding,0.3976,0.0051,0.008,119.0,39.76,0.026575677263075925,uncommon,2.6575677263075925,,peak_abundance_with_occupancy_days_modifiers,0.3976
plupig2,PA,0.06297262236678026,0.0649976817162655,0.0649976817162655,resident,0.4193642320405231,0.0017292847421566,0.0007716887140285724,365.0,41.93642320405231,0.026261623299874314,uncommon,2.6261623299874315,,peak_abundance_with_occupancy_days_modifiers,0.4193642320405231
grehon1,PA,0.062317306064861556,0.0643,0.0643,resident,0.316,0.0064,0.0115,365.0,31.6,0.025988335175345916,uncommon,2.5988335175345916,,peak_abundance_with_occupancy_days_modifiers,0.316
scbwre1,PA,0.06100102155739895,0.0629,0.0629,resident,0.3173,0.0083,0.0158,365.0,31.730000000000004,0.02543940189940407,uncommon,2.543940189940407,,peak_abundance_with_occupancy_days_modifiers,0.3173
bludac1,PA,0.06100102155739895,0.0629,0.0629,resident,0.2859,0.003,0.0041,365.0,28.59,0.02543940189940407,uncommon,2.543940189940407,,peak_abundance_with_occupancy_days_modifiers,0.2859
laufal1,PA,0.05921185963184608,0.061,0.061,resident,0.5656,0.0045,0.0056,365.0,56.56,0.02469326342294554,fairly_common,2.469326342294554,,peak_abundance_with_occupancy_days_modifiers,0.5656
bicant2,PA,0.05798584919865327,0.0597,0.0597,resident,0.2249,0.2473,0.3894,365.0,22.49,0.024181977360080122,uncommon,2.418197736008012,,peak_abundance_with_occupancy_days_modifiers,0.2249
blfant1,PA,0.057608312620313365,0.0593,0.0593,resident,0.2371,0.0062,0.0124,365.0,23.71,0.024024532377964834,uncommon,2.4024532377964833,,peak_abundance_with_occupancy_days_modifiers,0.2371
crowoo1,PA,0.057513906200606715,0.0592,0.0592,resident,0.2995,0.1534,0.1502,365.0,29.95,0.023985161842988774,uncommon,2.3985161842988774,,peak_abundance_with_occupancy_days_modifiers,0.2995
y00678,PA,0.05723063345427171,0.0589,0.0589,resident,0.3148,0.0024,0.0008,365.0,31.480000000000004,0.023867027932159383,uncommon,2.3867027932159384,,peak_abundance_with_occupancy_days_modifiers,0.3148
ocbfly1,PA,0.05704174036719702,0.0587,0.0587,resident,0.4169,0.0071,0.0121,365.0,41.69,0.02378825339633313,uncommon,2.378825339633313,,peak_abundance_with_occupancy_days_modifiers,0.4169
watjac1,PA,0.056947280441750125,0.0586,0.0586,resident,0.0602,0.0011,0.0013,365.0,6.02,0.02374886054773026,uncommon,2.374886054773026,,peak_abundance_with_occupancy_days_modifiers,0.0602
cinwoo1,PA,0.05515084446484804,0.0567,0.0567,resident,0.2051,0.3117,0.4321,365.0,20.51,0.022999688556242227,uncommon,2.299968855624223,,peak_abundance_with_occupancy_days_modifiers,0.2051
whecon1,PA,0.05507692475952717,0.0566218919342856,0.0566218919342856,resident,0.4266809188099384,0.0981648973433736,0.1263063748656444,365.0,42.66809188099384,0.022968861644758885,uncommon,2.2968861644758887,,peak_abundance_with_occupancy_days_modifiers,0.4266809188099384
whwbec1,PA,0.05410932564703195,0.044149999999999995,0.0556,nonbreeding,0.6054,0.0045,0.006,287.0,60.540000000000006,0.022565341472935072,fairly_common,2.2565341472935074,,peak_abundance_with_occupancy_days_modifiers,0.6054
shbdow,PA,0.05410932564703195,0.0262,0.0556,nonbreeding,0.03,0.0138,0.0115,147.0,3.0,0.022565341472935072,rare,2.2565341472935074,rare,peak_abundance_with_occupancy_days_modifiers,0.03
varsol1,PA,0.05396260679185391,0.0554451349375642,0.0554451349375642,resident,0.1682829555055949,0.6895378497557496,0.7614258649741289,365.0,16.828295550559492,0.02250415495789311,uncommon,2.250415495789311,,peak_abundance_with_occupancy_days_modifiers,0.1682829555055949
bucman1,PA,0.0539136532672394,0.0553934684428106,0.0553934684428106,resident,0.2106361249343875,0.1420457463023861,0.2297449455304188,365.0,21.06361249343875,0.022483739752454462,uncommon,2.248373975245446,,peak_abundance_with_occupancy_days_modifiers,0.2106361249343875
cinbec1,PA,0.05344597570562602,0.0549,0.0549,resident,0.2788,0.1016,0.1061,365.0,27.88,0.02228870306051937,uncommon,2.2288703060519373,,peak_abundance_with_occupancy_days_modifiers,0.2788
gartro1,PA,0.05278218543896945,0.0542,0.0542,resident,0.3004,0.0602,0.0483,365.0,30.04,0.022011881018211474,uncommon,2.2011881018211477,,peak_abundance_with_occupancy_days_modifiers,0.3004
royter1,PA,0.052687322279006465,0.036775,0.0541,nonbreeding,0.111,0.0447,0.0176,126.0,11.1,0.021972320007754047,uncommon,2.1972320007754047,,peak_abundance_with_occupancy_days_modifiers,0.111
burwar1,PA,0.051453281588915704,0.0528,0.0528,resident,0.2638,0.0183,0.0336,365.0,26.38,0.021457685067650643,uncommon,2.1457685067650645,,peak_abundance_with_occupancy_days_modifiers,0.2638
cregua1,PA,0.05126329393754153,0.0526,0.0526,resident,0.2667,0.1157,0.1117,365.0,26.669999999999998,0.021378454063057006,uncommon,2.1378454063057006,,peak_abundance_with_occupancy_days_modifiers,0.2667
shihon1,PA,0.05107327018400062,0.0524,0.0524,resident,0.2275,0.293,0.3485,365.0,22.75,0.02129920800269043,uncommon,2.1299208002690433,,peak_abundance_with_occupancy_days_modifiers,0.2275
ywcpar,PA,0.05050298217310676,0.0518,0.0518,resident,0.0831,0.0019,0.0026,365.0,8.309999999999999,0.02106137942970682,uncommon,2.106137942970682,,peak_abundance_with_occupancy_days_modifiers,0.0831
blgdov1,PA,0.05050298217310676,0.0518,0.0518,resident,0.3375,0.005,0.0105,365.0,33.75,0.02106137942970682,uncommon,2.106137942970682,,peak_abundance_with_occupancy_days_modifiers,0.3375
piepuf1,PA,0.05048295523738981,0.0517789358799385,0.0517789358799385,resident,0.3472817755063692,0.007029726255084,0.023579123232217,365.0,34.72817755063692,0.021053027548811866,uncommon,2.1053027548811865,,peak_abundance_with_occupancy_days_modifiers,0.3472817755063692
bkbplo,PA,0.05021771616061742,0.029774999999999996,0.0515,nonbreeding,0.0256,0.0034,0.0041,140.0,2.56,0.020942414262326344,rare,2.0942414262326343,rare,peak_abundance_with_occupancy_days_modifiers,0.0256
whttro,PA,0.049904693468587134,0.0511709081486259,0.0511709081486259,resident,0.2897565754179763,0.142057586725819,0.1384373213222861,365.0,28.975657541797627,0.020811873660498817,uncommon,2.081187366049882,,peak_abundance_with_occupancy_days_modifiers,0.2897565754179763
whttro1,PA,0.049904693468587134,0.0511709081486259,0.0511709081486259,resident,0.2897565754179763,0.142057586725819,0.1384373213222861,365.0,28.975657541797627,0.020811873660498817,uncommon,2.081187366049882,,peak_abundance_with_occupancy_days_modifiers,0.2897565754179763
yetvir,PA,0.049456608712592526,0.029333333333333333,0.0507,nonbreeding,0.6311,0.066,0.0434,98.0,63.11,0.020625007803145662,uncommon,2.0625007803145663,,peak_abundance_with_occupancy_days_modifiers,0.6311
flrtan1,PA,0.04923822431771577,0.0504705685693369,0.0504705685693369,resident,0.1431988791358192,0.063751687192009,0.0207378074065439,365.0,14.319887913581919,0.02053393443670051,uncommon,2.0533934436700507,,peak_abundance_with_occupancy_days_modifiers,0.1431988791358192
orcman1,PA,0.04901935746963231,0.050240680545341,0.050240680545341,resident,0.138044586322114,0.3469846788071013,0.3494657367056092,365.0,13.8044586322114,0.02044265987164077,uncommon,2.044265987164077,,peak_abundance_with_occupancy_days_modifiers,0.138044586322114
rebbla1,PA,0.04831386027855063,0.0495,0.0495,resident,0.0869,0.006,0.008,365.0,8.690000000000001,0.020148444690900907,rare,2.014844469090091,,peak_abundance_with_occupancy_days_modifiers,0.0869
tbsfin1,PA,0.04812327518172827,0.0493,0.0493,resident,0.3282,0.0887,0.0806,365.0,32.82,0.020068964532203182,rare,2.0068964532203184,,peak_abundance_with_occupancy_days_modifiers,0.3282
y01204,PA,0.047804347827120654,0.04066385177514448,0.0489654028857326,nonbreeding,0.3287561134331312,0.0075737602364921,0.0065737488083766,154.0,32.875611343313125,0.019935961494820638,rare,1.9935961494820638,,peak_abundance_with_occupancy_days_modifiers,0.3287561134331312
gbwwre1,PA,0.04726519246711422,0.0484,0.0484,resident,0.0618,0.0154,0.025,365.0,6.18,0.019711116245687915,rare,1.9711116245687914,,peak_abundance_with_occupancy_days_modifiers,0.0618
yeofly1,PA,0.046979001193994605,0.0481,0.0481,resident,0.3361,0.0037,0.005,365.0,33.61,0.019591765214654108,rare,1.9591765214654107,,peak_abundance_with_occupancy_days_modifiers,0.3361
yectyr1,PA,0.046788161498758925,0.0479,0.0479,resident,0.272,0.0039,0.004,365.0,27.200000000000003,0.019512178880171305,rare,1.9512178880171305,,peak_abundance_with_occupancy_days_modifiers,0.272
bubgro1,PA,0.046788161498758925,0.0479,0.0479,resident,0.3399,0.105,0.0974,365.0,33.989999999999995,0.019512178880171305,rare,1.9512178880171305,,peak_abundance_with_occupancy_days_modifiers,0.3399
rumfly1,PA,0.046788161498758925,0.0479,0.0479,resident,0.2327,0.0026,0.0021,365.0,23.27,0.019512178880171305,rare,1.9512178880171305,,peak_abundance_with_occupancy_days_modifiers,0.2327
blheag1,PA,0.04611993561355312,0.0472,0.0472,resident,0.4177,0.007,0.0233,365.0,41.77,0.019233507041252287,rare,1.9233507041252287,,peak_abundance_with_occupancy_days_modifiers,0.4177
taceup1,PA,0.045428021051732916,0.0464756776843379,0.0464756776843379,resident,0.1632590569144473,0.6744689172478313,0.6699934763080665,365.0,16.32590569144473,0.01894495625687514,rare,1.894495625687514,,peak_abundance_with_occupancy_days_modifiers,0.1632590569144473
webwoo1,PA,0.04526013140486457,0.0463,0.0463,resident,0.3233,0.005,0.0043,365.0,32.33,0.018874940835946305,rare,1.8874940835946306,,peak_abundance_with_occupancy_days_modifiers,0.3233
grnher,PA,0.04459088332787514,0.03862500000000001,0.0456,postbreeding_migration,0.2414,0.0256,0.0181,119.0,24.14,0.018595842709943355,rare,1.8595842709943355,,peak_abundance_with_occupancy_days_modifiers,0.2414
prowar,PA,0.04449523988655121,0.02783333333333333,0.0455,nonbreeding,0.3171,0.041,0.0665,105.0,31.71,0.018555956296884,rare,1.8555956296883998,,peak_abundance_with_occupancy_days_modifiers,0.3171
slttro1,PA,0.044208254664320365,0.0452,0.0452,resident,0.2184,0.1286,0.132,365.0,21.84,0.018436274163353576,rare,1.8436274163353576,,peak_abundance_with_occupancy_days_modifiers,0.2184
kinvul1,PA,0.04411257461832096,0.0451,0.0451,resident,0.3278,0.0045,0.0072,365.0,32.78,0.018396372484958862,rare,1.8396372484958863,,peak_abundance_with_occupancy_days_modifiers,0.3278
brctyr,PA,0.04392118705792815,0.0449,0.0449,resident,0.2221,0.2367,0.4042,365.0,22.21,0.018316557672959404,rare,1.8316557672959404,,peak_abundance_with_occupancy_days_modifiers,0.2221
bubwre1,PA,0.04325104199431494,0.0442,0.0442,resident,0.1279,0.0017,0.0025,365.0,12.790000000000001,0.01803708547447967,rare,1.8037085474479668,,peak_abundance_with_occupancy_days_modifiers,0.1279
chtant1,PA,0.04305948946044697,0.044,0.044,resident,0.1857,0.3058,0.4841,365.0,18.57,0.017957201863197346,rare,1.7957201863197345,,peak_abundance_with_occupancy_days_modifiers,0.1857
bkbwar,PA,0.04190940307720961,0.027200000000000002,0.0428,postbreeding_migration,0.4571,0.0211,0.0153,98.0,45.71,0.01747757858845137,rare,1.7477578588451372,,peak_abundance_with_occupancy_days_modifiers,0.4571
bahtan1,PA,0.04181350281341039,0.0427,0.0427,resident,0.1331,0.01,0.0216,365.0,13.309999999999999,0.01743758507210097,rare,1.743758507210097,,peak_abundance_with_occupancy_days_modifiers,0.1331
whcpar,PA,0.04162167469081946,0.0425,0.0425,resident,0.0845,0.0258,0.0169,365.0,8.450000000000001,0.017357586531394457,rare,1.7357586531394458,,peak_abundance_with_occupancy_days_modifiers,0.0845
recman1,PA,0.04142980976313955,0.0423,0.0423,resident,0.1622,0.112,0.121,365.0,16.220000000000002,0.017277572641773677,rare,1.7277572641773677,,peak_abundance_with_occupancy_days_modifiers,0.1622
olbeup1,PA,0.0413338634929772,0.0422,0.0422,resident,0.1024,0.064,0.0608,365.0,10.24,0.017237559939279636,rare,1.7237559939279636,,peak_abundance_with_occupancy_days_modifiers,0.1024
wilplo,PA,0.0413338634929772,0.0196,0.0422,nonbreeding,0.0304,0.0191,0.0688,119.0,3.04,0.017237559939279636,rare,1.7237559939279636,rare,peak_abundance_with_occupancy_days_modifiers,0.0304
blswoo1,PA,0.04110858308788008,0.041965239206304,0.041965239206304,resident,0.2459348793271272,0.1559766858066625,0.3474883831970914,365.0,24.59348793271272,0.01714361071320092,rare,1.7143610713200919,,peak_abundance_with_occupancy_days_modifiers,0.2459348793271272
yebfly3,PA,0.04073963418978647,0.041580878188594,0.041580878188594,resident,0.2032205754700538,0.0015695051072345,0.0007650234996611804,365.0,20.32205754700538,0.016989747071915643,rare,1.6989747071915644,,peak_abundance_with_occupancy_days_modifiers,0.2032205754700538
pabher1,PA,0.04047146368056362,0.0413015943636099,0.0413015943636099,resident,0.3542528540502284,0.0606992819311577,0.0897422619393064,365.0,35.42528540502284,0.01687791128314498,rare,1.687791128314498,,peak_abundance_with_occupancy_days_modifiers,0.3542528540502284
manswa1,PA,0.04046993255371322,0.0413,0.0413,resident,0.0753,0.0373,0.0256,365.0,7.53,0.016877272753653024,rare,1.6877272753653023,,peak_abundance_with_occupancy_days_modifiers,0.0753
sonwre1,PA,0.04003951665657146,0.040851904366966,0.040851904366966,resident,0.2178541846278958,0.2151099357157471,0.6174009583905801,365.0,21.78541846278958,0.016697775382760918,rare,1.6697775382760918,,peak_abundance_with_occupancy_days_modifiers,0.2178541846278958
comblh1,PA,0.039893563661676665,0.035675,0.0407,nonbreeding,0.3435,0.0193,0.0739,98.0,34.35,0.016636908256264415,rare,1.6636908256264415,,peak_abundance_with_occupancy_days_modifiers,0.3435
duftan1,PA,0.038932210001787475,0.0397,0.0397,resident,0.0975,0.1455,0.131,365.0,9.75,0.016235992640476416,rare,1.6235992640476415,,peak_abundance_with_occupancy_days_modifiers,0.0975
orcori1,PA,0.03872221454533543,0.0394816906467152,0.0394816906467152,resident,0.2917371488945107,0.034581846174681,0.0493553981356886,365.0,29.17371488945107,0.016148417733083988,rare,1.6148417733083988,,peak_abundance_with_occupancy_days_modifiers,0.2917371488945107
purgal2,PA,0.03854740961223893,0.032375,0.0393,breeding,0.2044,0.0035,0.0105,112.0,20.44,0.016075518413801934,rare,1.6075518413801935,,peak_abundance_with_occupancy_days_modifiers,0.2044
tromoc,PA,0.03845118637425273,0.0392,0.0392,resident,0.1662,0.0113,0.0055,365.0,16.619999999999997,0.016035390206753968,rare,1.6035390206753968,,peak_abundance_with_occupancy_days_modifiers,0.1662
yebsis1,PA,0.038433502620279926,0.0391816232053573,0.0391816232053573,resident,0.1104824421489936,0.0129969266185815,0.0496441176414319,365.0,11.04824421489936,0.016028015508545348,rare,1.6028015508545348,,peak_abundance_with_occupancy_days_modifiers,0.1104824421489936
rinkin1,PA,0.03825871211709034,0.039,0.039,resident,0.2652,0.0034,0.0038,365.0,26.52,0.015955122207001946,rare,1.5955122207001946,,peak_abundance_with_occupancy_days_modifiers,0.2652
yeltyr1,PA,0.037295784743696894,0.038,0.038,resident,0.2,0.0085,0.0175,365.0,20.0,0.01555355030170785,rare,1.555355030170785,,peak_abundance_with_occupancy_days_modifiers,0.2
retcar2,PA,0.03719944098910626,0.0379,0.0379,resident,0.187,0.0036,0.0031,365.0,18.7,0.01551337183533213,rare,1.551337183533213,,peak_abundance_with_occupancy_days_modifiers,0.187
lottyr1,PA,0.03719944098910626,0.0379,0.0379,resident,0.242,0.0114,0.0192,365.0,24.2,0.01551337183533213,rare,1.551337183533213,,peak_abundance_with_occupancy_days_modifiers,0.242
leasan,PA,0.03700672562909567,0.028733333333333333,0.0377,nonbreeding,0.0418,0.0036,0.0023,133.0,4.18,0.015433003287882741,rare,1.543300328788274,rare,peak_abundance_with_occupancy_days_modifiers,0.0418
grgmac,PA,0.036717582935162765,0.0374,0.0374,resident,0.1533,0.1747,0.2964,365.0,15.329999999999998,0.015312421418769066,rare,1.5312421418769067,,peak_abundance_with_occupancy_days_modifiers,0.1533
pbgdov1,PA,0.0366211834556453,0.0373,0.0373,resident,0.1025,0.0026,0.0035,365.0,10.25,0.015272219713293851,rare,1.527221971329385,,peak_abundance_with_occupancy_days_modifiers,0.1025
orbspa1,PA,0.036524774682372266,0.0372,0.0372,resident,0.2241,0.1027,0.0977,365.0,22.41,0.015232014132021432,rare,1.5232014132021432,,peak_abundance_with_occupancy_days_modifiers,0.2241
grrswi1,PA,0.03604259134692935,0.0367,0.0367,resident,0.1319,0.0028,0.0037,365.0,13.19,0.015030928062536775,rare,1.5030928062536775,,peak_abundance_with_occupancy_days_modifiers,0.1319
scrgre1,PA,0.035656677208034684,0.0363,0.0363,resident,0.1497,0.0216,0.0271,365.0,14.97,0.01486998936630912,rare,1.486998936630912,,peak_abundance_with_occupancy_days_modifiers,0.1497
bawwar,PA,0.03556017539855087,0.0236,0.0362,nonbreeding,0.3356,0.0144,0.0116,98.0,33.56,0.014829744985923321,rare,1.482974498592332,,peak_abundance_with_occupancy_days_modifiers,0.3356
grnkin,PA,0.035174075007654036,0.0358,0.0358,resident,0.3527,0.0046,0.0063,365.0,35.27,0.014668728616577798,rare,1.4668728616577797,,peak_abundance_with_occupancy_days_modifiers,0.3527
whrman1,PA,0.03488440185350179,0.0355,0.0355,resident,0.1271,0.3014,0.4316,365.0,12.709999999999999,0.0145479255283703,rare,1.45479255283703,,peak_abundance_with_occupancy_days_modifiers,0.1271
phivir,PA,0.03488440185350179,0.0166,0.0355,nonbreeding,0.4401,0.0877,0.0856,112.0,44.01,0.0145479255283703,rare,1.45479255283703,,peak_abundance_with_occupancy_days_modifiers,0.4401
norjac,PA,0.03478782548566393,0.0354,0.0354,resident,0.0376,0.0179,0.0168,365.0,3.7600000000000002,0.014507650054735808,rare,1.4507650054735808,rare,peak_abundance_with_occupancy_days_modifiers,0.0376
lesgol,PA,0.03459464476449907,0.0238,0.0352,breeding,0.144,0.0045,0.0016,105.0,14.399999999999999,0.014427087436611287,rare,1.4427087436611288,,peak_abundance_with_occupancy_days_modifiers,0.144
bucmot2,PA,0.033724869401620894,0.0343,0.0343,resident,0.1846,0.0381,0.0203,365.0,18.459999999999997,0.01406436293702835,rare,1.406436293702835,,peak_abundance_with_occupancy_days_modifiers,0.1846
spoant1,PA,0.03343477608623739,0.034,0.034,resident,0.1505,0.1967,0.3334,365.0,15.049999999999999,0.013943384627977793,rare,1.3943384627977793,,peak_abundance_with_occupancy_days_modifiers,0.1505
barpar1,PA,0.03324133377980188,0.0338,0.0338,resident,0.0203,0.036,0.1405,365.0,2.03,0.013862712920322382,rare,1.3862712920322382,rare,peak_abundance_with_occupancy_days_modifiers,0.0203
lesela1,PA,0.03297756652730806,0.0335273533735784,0.0335273533735784,resident,0.3788043543212971,0.0083025764271318,0.011093460123903,365.0,37.88043543212971,0.01375271343223549,rare,1.375271343223549,,peak_abundance_with_occupancy_days_modifiers,0.3788043543212971
acafly,PA,0.032660782239548374,0.030100000000000002,0.0332,postbreeding_migration,0.8358,0.0944,0.1056,91.0,83.58,0.013620604123145367,rare,1.3620604123145368,,peak_abundance_with_occupancy_days_modifiers,0.8358
crebob1,PA,0.032467190137501496,0.033,0.033,resident,0.1019,0.0101,0.006,365.0,10.190000000000001,0.01353986994586792,rare,1.353986994586792,,peak_abundance_with_occupancy_days_modifiers,0.1019
rufmot1,PA,0.032370380030450716,0.0329,0.0329,resident,0.1597,0.0085,0.0184,365.0,15.97,0.0134994969954105,rare,1.34994969954105,,peak_abundance_with_occupancy_days_modifiers,0.1597
strcuc1,PA,0.03207989346341168,0.0326,0.0326,resident,0.3533,0.0038,0.003,365.0,35.33,0.013378354687681606,rare,1.3378354687681606,,peak_abundance_with_occupancy_days_modifiers,0.3533
whihaw1,PA,0.031886188862321745,0.0324,0.0324,resident,0.2592,0.0127,0.0316,365.0,25.919999999999998,0.0132975735946592,rare,1.32975735946592,,peak_abundance_with_occupancy_days_modifiers,0.2592
blhant2,PA,0.031741785700031,0.0322509289386764,0.0322509289386764,resident,0.1011460200700318,0.3111308952277537,0.2237607728428932,365.0,10.11460200700318,0.013237352798559835,rare,1.3237352798559836,,peak_abundance_with_occupancy_days_modifiers,0.1011460200700318
plbwoo1,PA,0.03159556158975056,0.0321,0.0321,resident,0.2139,0.0034,0.0061,365.0,21.39,0.013176372608165746,rare,1.3176372608165745,,peak_abundance_with_occupancy_days_modifiers,0.2139
brocow,PA,0.031110995025052664,0.0316,0.0316,resident,0.2191,0.009,0.003,365.0,21.91,0.01297429265488557,rare,1.2974292654885569,,peak_abundance_with_occupancy_days_modifiers,0.2191
chfmac1,PA,0.030917102634721517,0.0314,0.0314,resident,0.1296,0.0021,0.0012,365.0,12.959999999999999,0.01289343324766682,rare,1.2893433247666821,,peak_abundance_with_occupancy_days_modifiers,0.1296
crcwoo1,PA,0.030820142339886263,0.0313,0.0313,resident,0.2212,0.002,0.0027,365.0,22.12,0.012852997664038477,rare,1.2852997664038477,,peak_abundance_with_occupancy_days_modifiers,0.2212
shicow,PA,0.029947076367952116,0.0304,0.0304,resident,0.1261,0.0012,0.0003,365.0,12.61,0.012488900873891595,rare,1.2488900873891595,,peak_abundance_with_occupancy_days_modifiers,0.1261
rubspi5,PA,0.02980042593607743,0.0302489024745258,0.0302489024745258,resident,0.0538698226326369,1.0,1.0,365.0,5.38698226326369,0.012427742893583515,rare,1.2427742893583515,,peak_abundance_with_occupancy_days_modifiers,0.0538698226326369
sltred,PA,0.02946171014961901,0.0299,0.0299,resident,0.0583,0.0082,0.0109,365.0,5.83,0.01228648743914362,rare,1.2286487439143619,,peak_abundance_with_occupancy_days_modifiers,0.0583
semsan,PA,0.029364608629903935,0.015349999999999999,0.0298,postbreeding_migration,0.025,0.0135,0.0004,133.0,2.5,0.012245992960165918,rare,1.224599296016592,rare,peak_abundance_with_occupancy_days_modifiers,0.025
rufpih1,PA,0.029267497680568088,0.0297,0.0297,resident,0.2252,0.1515,0.2602,365.0,22.52,0.012205494548730916,rare,1.2205494548730915,,peak_abundance_with_occupancy_days_modifiers,0.2252
olifla2,PA,0.029079737949029412,0.0295066819536748,0.0295066819536748,resident,0.2470191800226822,0.0182818746165458,0.2672973715225221,365.0,24.70191800226822,0.012127192658874183,rare,1.2127192658874182,,peak_abundance_with_occupancy_days_modifiers,0.2470191800226822
brbmot1,PA,0.028976108236517098,0.0294,0.0294,resident,0.1462,0.0096,0.0305,365.0,14.62,0.012083975712042562,rare,1.2083975712042563,,peak_abundance_with_occupancy_days_modifiers,0.1462
rubsee1,PA,0.028976108236517098,0.0294,0.0294,resident,0.1133,0.0091,0.009,365.0,11.33,0.012083975712042562,rare,1.2083975712042563,,peak_abundance_with_occupancy_days_modifiers,0.1133
bhtfly1,PA,0.028684633859908954,0.0291,0.0291,resident,0.1967,0.1492,0.1926,365.0,19.67,0.0119624214557267,rare,1.19624214557267,,peak_abundance_with_occupancy_days_modifiers,0.1967
bkttro7,PA,0.028122838079120575,0.0285220183310238,0.0285220183310238,resident,0.1662192804389255,0.2152067555225735,0.3043159597048744,365.0,16.62192804389255,0.01172813441777249,rare,1.1728134417772489,,peak_abundance_with_occupancy_days_modifiers,0.1662192804389255
oceant1,PA,0.028004196409597365,0.0284,0.0284,resident,0.1346,0.1904,0.3546,365.0,13.459999999999999,0.011678656998608672,rare,1.1678656998608672,,peak_abundance_with_occupancy_days_modifiers,0.1346
gloibi,PA,0.027712438566535786,0.0224,0.0281,prebreeding_migration,0.0163,,,,1.63,0.011556984527599937,rare,1.1556984527599936,rare,peak_abundance_with_occupancy_days_modifiers,0.0163
yercac1,PA,0.027517886036739245,0.0279,0.0279,resident,0.0734,0.0009,0.0005,365.0,7.340000000000001,0.011475849820841258,rare,1.1475849820841257,,peak_abundance_with_occupancy_days_modifiers,0.0734
suwpar1,PA,0.027517886036739245,0.0279,0.0279,resident,0.023,0.3223,0.2852,365.0,2.3,0.011475849820841258,rare,1.1475849820841257,rare,peak_abundance_with_occupancy_days_modifiers,0.023
greher1,PA,0.027225986253591457,0.0276,0.0276,resident,0.1181,0.0916,0.1472,365.0,11.81,0.01135411815621893,rare,1.135411815621893,,peak_abundance_with_occupancy_days_modifiers,0.1181
forela1,PA,0.026836653953559674,0.0272,0.0272,resident,0.1078,0.0013,0.0016,365.0,10.780000000000001,0.011191753976077901,rare,1.11917539760779,,peak_abundance_with_occupancy_days_modifiers,0.1078
gycwor1,PA,0.02664193094642118,0.027,0.027,resident,0.1432,0.0026,0.0039,365.0,14.32,0.011110548174745622,rare,1.1110548174745623,,peak_abundance_with_occupancy_days_modifiers,0.1432
scatan,PA,0.026252371144065742,0.01576666666666667,0.0266,postbreeding_migration,0.7152,0.023,0.0128,84.0,71.52,0.010948089118766595,rare,1.0948089118766595,,peak_abundance_with_occupancy_days_modifiers,0.7152
mawqua1,PA,0.026242335785231764,0.0265896977523145,0.0265896977523145,resident,0.2724810793263871,0.0046423220957649,0.0073245898262679,365.0,27.24810793263871,0.010943904049073305,rare,1.0943904049073305,,peak_abundance_with_occupancy_days_modifiers,0.2724810793263871
sander,PA,0.02615495747685121,0.02236666666666667,0.0265,postbreeding_migration,0.0321,0.0039,0.002,77.0,3.2099999999999995,0.010907464464170718,rare,1.0907464464170717,rare,peak_abundance_with_occupancy_days_modifiers,0.0321
whwpuf1,PA,0.026138129724759294,0.0264827264578155,0.0264827264578155,resident,0.1855258689347988,0.1251324484004328,0.205990818308072,365.0,18.55258689347988,0.010900446746473577,rare,1.0900446746473578,,peak_abundance_with_occupancy_days_modifiers,0.1855258689347988
baytan2,PA,0.02586265952572737,0.0262,0.0262,resident,0.0599,0.6874,0.6174,365.0,5.99,0.010785566750605149,rare,1.078556675060515,,peak_abundance_with_occupancy_days_modifiers,0.0599
rucspa1,PA,0.025765207886026414,0.0261,0.0261,resident,0.0384,0.0004,0.0001,365.0,3.84,0.010744926260252448,rare,1.0744926260252448,rare,peak_abundance_with_occupancy_days_modifiers,0.0384
baymac,PA,0.02557027611153001,0.0259,0.0259,resident,0.1544,0.0024,0.0008,365.0,15.440000000000001,0.010663633396169651,rare,1.0663633396169652,,peak_abundance_with_occupancy_days_modifiers,0.1544
pucfai1,PA,0.02552034352789289,0.0258487754413446,0.0258487754413446,resident,0.2176909899335327,0.1029191563346844,0.1142112022088267,365.0,21.76909899335327,0.010642809891405442,rare,1.0642809891405443,,peak_abundance_with_occupancy_days_modifiers,0.2176909899335327
grcfly1,PA,0.025472795973031023,0.0258,0.0258,resident,0.1462,0.0075,0.0103,365.0,14.62,0.010622981020895057,rare,1.0622981020895057,,peak_abundance_with_occupancy_days_modifiers,0.1462
blchum1,PA,0.02534467478911045,0.0256685817084476,0.0256685817084476,resident,0.1929330023245597,0.1057036986864838,0.1625979437561759,365.0,19.29330023245597,0.010569550337172561,rare,1.0569550337172562,,peak_abundance_with_occupancy_days_modifiers,0.1929330023245597
blctit1,PA,0.025180298530298247,0.0255,0.0255,resident,0.2415,0.0038,0.0097,365.0,24.15,0.010501000112866745,rare,1.0501000112866745,,peak_abundance_with_occupancy_days_modifiers,0.2415
rubpep1,PA,0.025180298530298247,0.0255,0.0255,resident,0.1053,0.0007,0.0009,365.0,10.530000000000001,0.010501000112866745,rare,1.0501000112866745,,peak_abundance_with_occupancy_days_modifiers,0.1053
rcqdov1,PA,0.02506688005316598,0.0253836959473398,0.0253836959473398,resident,0.2222395110814052,0.756604909378869,0.7670878109081152,365.0,22.22395110814052,0.010453700934116591,rare,1.0453700934116592,,peak_abundance_with_occupancy_days_modifiers,0.2222395110814052
scptyr1,PA,0.0249852526939085,0.0253,0.0253,resident,0.0896,0.0318,0.0359,365.0,8.959999999999999,0.010419659681279796,rare,1.0419659681279796,,peak_abundance_with_occupancy_days_modifiers,0.0896
dusant1,PA,0.0246926125903715,0.025,0.025,resident,0.1557,0.0081,0.0064,365.0,15.57,0.010297619279075043,rare,1.0297619279075043,,peak_abundance_with_occupancy_days_modifiers,0.1557
rutfly2,PA,0.0246926125903715,0.025,0.025,resident,0.2469,0.0046,0.0078,365.0,24.69,0.010297619279075043,rare,1.0297619279075043,,peak_abundance_with_occupancy_days_modifiers,0.2469
olipic1,PA,0.024518480938392522,0.0248215305957586,0.0248215305957586,resident,0.229337404272663,0.0538052702853549,0.0444338616054168,365.0,22.9337404272663,0.01022500073982765,rare,1.022500073982765,,peak_abundance_with_occupancy_days_modifiers,0.229337404272663
olitan1,PA,0.024497471600387438,0.0248,0.0248,resident,0.0293,0.0549,0.2054,365.0,2.93,0.010216239165357105,rare,1.0216239165357104,rare,peak_abundance_with_occupancy_days_modifiers,0.0293
versco2,PA,0.024447272363047706,0.0247485571127819,0.0247485571127819,resident,0.4209271016005131,0.2028209989700412,0.427313998004849,365.0,42.09271016005131,0.01019530445736167,rare,1.019530445736167,,peak_abundance_with_occupancy_days_modifiers,0.4209271016005131
rudtur,PA,0.024399886823535173,0.013175,0.0247,postbreeding_migration,0.0612,0.0047,0.0018,119.0,6.12,0.010175543152499808,rare,1.0175543152499809,,peak_abundance_with_occupancy_days_modifiers,0.0612
tafgna1,PA,0.024399886823535173,0.0247,0.0247,resident,0.1381,0.0875,0.1953,365.0,13.81,0.010175543152499808,rare,1.0175543152499809,,peak_abundance_with_occupancy_days_modifiers,0.1381
grbher3,PA,0.024302292522964862,0.012375,0.0246,nonbreeding,0.1006,0.0039,0.0031,175.0,10.059999999999999,0.010134843167943598,rare,1.0134843167943597,,peak_abundance_with_occupancy_days_modifiers,0.1006
rudpig,PA,0.024302292522964862,0.0246,0.0246,resident,0.2201,0.0034,0.002,365.0,22.009999999999998,0.010134843167943598,rare,1.0134843167943597,,peak_abundance_with_occupancy_days_modifiers,0.2201
blaant1,PA,0.024302292522964862,0.0246,0.0246,resident,0.0814,0.1901,0.3259,365.0,8.14,0.010134843167943598,rare,1.0134843167943597,,peak_abundance_with_occupancy_days_modifiers,0.0814
tropew4,PA,0.02418975618191438,0.0244847017527028,0.0244847017527028,resident,0.6098028615934981,0.0800197407619164,0.0201481279530905,365.0,60.9802861593498,0.010087911868513193,uncommon,1.0087911868513193,,peak_abundance_with_occupancy_days_modifiers,0.6098028615934981
ycnher,PA,0.023521195041345824,0.018525,0.0238,nonbreeding,0.1068,0.016,0.0236,147.0,10.68,0.00980910021724859,rare,0.980910021724859,,peak_abundance_with_occupancy_days_modifiers,0.1068
osprey,PA,0.02332582530349669,0.0152,0.0236,nonbreeding,0.1588,0.0022,0.0043,147.0,15.879999999999999,0.009727624708261448,rare,0.9727624708261449,,peak_abundance_with_occupancy_days_modifiers,0.1588
yebsee1,PA,0.023228126119207167,0.0235,0.0235,resident,0.2066,0.0061,0.0031,365.0,20.66,0.009686880983796994,rare,0.9686880983796994,,peak_abundance_with_occupancy_days_modifiers,0.2066
tropar,PA,0.02293497128249588,0.019825,0.0232,prebreeding_migration,0.132,0.0033,0.0027,203.0,13.200000000000001,0.009564625921185715,rare,0.9564625921185714,,peak_abundance_with_occupancy_days_modifiers,0.132
bufpar1,PA,0.02289220566822706,0.0231562431591309,0.0231562431591309,resident,0.2006847628715983,0.0981649390455779,0.1813353809842094,365.0,20.068476287159832,0.00954679127479646,rare,0.954679127479646,,peak_abundance_with_occupancy_days_modifiers,0.2006847628715983
whveup1,PA,0.021847091849945776,0.0220874870143324,0.0220874870143324,resident,0.3110181258191027,0.0078305415655976,0.032506468845267,365.0,31.10181258191027,0.009110944959848042,rare,0.9110944959848042,,peak_abundance_with_occupancy_days_modifiers,0.3110181258191027
whfnun1,PA,0.021693670199276184,0.0219306886933821,0.0219306886933821,resident,0.229058535388936,0.0054191531923645,0.0022369572155357,365.0,22.9058535388936,0.009046963161973056,rare,0.9046963161973056,,peak_abundance_with_occupancy_days_modifiers,0.229058535388936
moudov,PA,0.021565777914560547,0.01435,0.0218,postbreeding_migration,0.0843,0.001,0.0002,119.0,8.43,0.008993627936633396,rare,0.8993627936633396,,peak_abundance_with_occupancy_days_modifiers,0.0843
anhing,PA,0.021565777914560547,0.017150000000000002,0.0218,postbreeding_migration,0.1402,0.002,0.003,105.0,14.02,0.008993627936633396,rare,0.8993627936633396,,peak_abundance_with_occupancy_days_modifiers,0.1402
spcbar1,PA,0.021467906615240923,0.0217,0.0217,resident,0.116,0.3255,0.3249,365.0,11.600000000000001,0.008952812434626341,rare,0.8952812434626342,,peak_abundance_with_occupancy_days_modifiers,0.116
gobchl1,PA,0.021467906615240923,0.0217,0.0217,resident,0.0342,0.2763,0.2671,365.0,3.42,0.008952812434626341,rare,0.8952812434626342,rare,peak_abundance_with_occupancy_days_modifiers,0.0342
wewpew,PA,0.021370025736192483,0.011166666666666667,0.0216,postbreeding_migration,0.6595,0.0322,0.0053,147.0,65.95,0.008911992937562067,rare,0.8911992937562067,,peak_abundance_with_occupancy_days_modifiers,0.6595
blfsol1,PA,0.02097840638519171,0.0212,0.0212,resident,0.0342,0.2959,0.3039,365.0,3.42,0.00874867498308622,rare,0.874867498308622,rare,peak_abundance_with_occupancy_days_modifiers,0.0342
spbwoo1,PA,0.020929885389261018,0.0211504515610351,0.0211504515610351,resident,0.1200018712083464,0.0034700027063832,0.0040505523258882,365.0,12.00018712083464,0.008728440156118877,rare,0.8728440156118877,,peak_abundance_with_occupancy_days_modifiers,0.1200018712083464
fibara1,PA,0.020626637754231656,0.020840837048897,0.020840837048897,resident,0.0714038589509662,0.1004434256476501,0.0424198665762737,365.0,7.140385895096619,0.008601976069688896,rare,0.8601976069688896,,peak_abundance_with_occupancy_days_modifiers,0.0714038589509662
wlswar,PA,0.020390689647734026,0.013533333333333333,0.0206,nonbreeding,0.0578,0.0033,0.0032,105.0,5.779999999999999,0.008503578066584123,rare,0.8503578066584123,,peak_abundance_with_occupancy_days_modifiers,0.0578
shthaw,PA,0.020194707285519278,0.0204,0.0204,resident,0.3066,0.0053,0.0131,365.0,30.659999999999997,0.008421847073392743,rare,0.8421847073392743,,peak_abundance_with_occupancy_days_modifiers,0.3066
strsal1,PA,0.019998686506689126,0.0202,0.0202,resident,0.0882,0.0251,0.0198,365.0,8.82,0.008340100059228372,rare,0.8340100059228371,,peak_abundance_with_occupancy_days_modifiers,0.0882
lyhvul1,PA,0.019900661706336167,0.0201,0.0201,resident,0.0473,0.0008,0.0015,365.0,4.73,0.008299220542318296,rare,0.8299220542318295,rare,peak_abundance_with_occupancy_days_modifiers,0.0473
bucmot3,PA,0.019704583274335403,0.0199,0.0199,resident,0.1182,0.0597,0.0595,365.0,11.82,0.00821744948491431,rare,0.821744948491431,,peak_abundance_with_occupancy_days_modifiers,0.1182
bcptyr1,PA,0.019704583274335403,0.0199,0.0199,resident,0.1381,0.3156,0.3612,365.0,13.81,0.00821744948491431,rare,0.821744948491431,,peak_abundance_with_occupancy_days_modifiers,0.1381
rucwar4,PA,0.019704583274335403,0.0199,0.0199,resident,0.0512,0.0196,0.0233,365.0,5.12,0.00821744948491431,rare,0.821744948491431,,peak_abundance_with_occupancy_days_modifiers,0.0512
greant1,PA,0.01960652963891831,0.0198,0.0198,resident,0.1828,0.0015,0.001,365.0,18.279999999999998,0.008176557942848484,rare,0.8176557942848485,,peak_abundance_with_occupancy_days_modifiers,0.1828
rufmou1,PA,0.01950846638804296,0.0197,0.0197,resident,0.2092,0.1676,0.1786,365.0,20.919999999999998,0.008135662390825105,rare,0.8135662390825105,,peak_abundance_with_occupancy_days_modifiers,0.2092
grhtan1,PA,0.019494815479951823,0.0196860802640282,0.0196860802640282,resident,0.1574677156796418,0.0042844962260601,0.0054664350814753,365.0,15.74677156796418,0.008129969519978717,rare,0.8129969519978717,,peak_abundance_with_occupancy_days_modifiers,0.1574677156796418
orcori,PA,0.019410393519823325,0.010833333333333334,0.0196,nonbreeding,0.1642,0.023,0.0114,140.0,16.42,0.00809476282805764,rare,0.809476282805764,,peak_abundance_with_occupancy_days_modifiers,0.1642
ragmac1,PA,0.019410393519823325,0.0196,0.0196,resident,0.1051,0.0023,0.0017,365.0,10.51,0.00809476282805764,rare,0.809476282805764,,peak_abundance_with_occupancy_days_modifiers,0.1051
whhwre1,PA,0.019410393519823325,0.0196,0.0196,resident,0.1024,0.3339,0.4034,365.0,10.24,0.00809476282805764,rare,0.809476282805764,,peak_abundance_with_occupancy_days_modifiers,0.1024
spepar1,PA,0.019400575302515627,0.0195899893947763,0.0195899893947763,resident,0.0888890593520678,0.0085399527455948,0.0017625158028133,365.0,8.888905935206779,0.008090668313414307,rare,0.8090668313414308,,peak_abundance_with_occupancy_days_modifiers,0.0888890593520678
sltgna1,PA,0.019382252179746644,0.0195713074933825,0.0195713074933825,resident,0.364187999043446,0.2036299165603034,0.3052943061158738,365.0,36.4187999043446,0.008083026977707568,rare,0.8083026977707568,,peak_abundance_with_occupancy_days_modifiers,0.364187999043446
swatan1,PA,0.01927144458556802,0.01692762179756565,0.0194583375087873,postbreeding_migration,0.0943486874910714,0.00033143352296423405,0.00022035891040348557,203.0,9.43486874910714,0.00803681662171929,rare,0.8036816621719289,,peak_abundance_with_occupancy_days_modifiers,0.0943486874910714
yebfly,PA,0.019214218923804288,0.014166666666666666,0.0194,postbreeding_migration,0.3716,0.049,0.02,168.0,37.16,0.008012951667143145,rare,0.8012951667143146,,peak_abundance_with_occupancy_days_modifiers,0.3716
spemou1,PA,0.019092910582344517,0.0192763457770119,0.0192763457770119,resident,0.3352460868241184,0.1607595819824876,0.3514565651279901,365.0,33.52460868241184,0.007962362159404466,rare,0.7962362159404466,,peak_abundance_with_occupancy_days_modifiers,0.3352460868241184
snbhum1,PA,0.01882175424058776,0.019,0.019,resident,0.1104,0.8014,0.7607,365.0,11.04,0.007849281181751724,rare,0.7849281181751724,,peak_abundance_with_occupancy_days_modifiers,0.1104
grcdov1,PA,0.018723613998102594,0.0189,0.0189,resident,0.2012,0.185,0.1676,365.0,20.119999999999997,0.007808353521733183,rare,0.7808353521733183,,peak_abundance_with_occupancy_days_modifiers,0.2012
capher1,PA,0.01872256528916061,0.0188989314710193,0.0188989314710193,resident,0.2855066087939535,0.0039496619746991,0.0041886051148437,365.0,28.550660879395352,0.007807916176135229,rare,0.7807916176135229,,peak_abundance_with_occupancy_days_modifiers,0.2855066087939535
lifgle1,PA,0.01856080607220816,0.0187341285072694,0.0187341285072694,resident,0.1642042219005322,0.0493592752644227,0.1308427235502553,365.0,16.42042219005322,0.0077404573430545996,rare,0.77404573430546,,peak_abundance_with_occupancy_days_modifiers,0.1642042219005322
pacant,PA,0.018330956684723457,0.0185,0.0185,resident,0.1369,0.211,0.1351,365.0,13.69,0.007644602703324481,rare,0.764460270332448,,peak_abundance_with_occupancy_days_modifiers,0.1369
olsfly,PA,0.018330956684723457,0.0099,0.0185,postbreeding_migration,0.6041,0.0132,0.008,98.0,60.41,0.007644602703324481,rare,0.764460270332448,,peak_abundance_with_occupancy_days_modifiers,0.6041
slcgro1,PA,0.018232768261059712,0.0184,0.0184,resident,0.1192,0.0028,0.0029,365.0,11.92,0.0076036549501938165,rare,0.7603654950193817,,peak_abundance_with_occupancy_days_modifiers,0.1192
robgro,PA,0.018232768261059712,0.011633333333333334,0.0184,prebreeding_migration,0.5183,0.0154,0.0065,98.0,51.83,0.0076036549501938165,rare,0.7603654950193817,,peak_abundance_with_occupancy_days_modifiers,0.5183
cargra1,PA,0.018232768261059712,0.0184,0.0184,resident,0.0345,0.0048,0.002,365.0,3.45,0.0076036549501938165,rare,0.7603654950193817,rare,peak_abundance_with_occupancy_days_modifiers,0.0345
lestan,PA,0.01813457019548269,0.0183,0.0183,resident,0.0827,0.2142,0.3604,365.0,8.27,0.007562703176073003,rare,0.7562703176073003,,peak_abundance_with_occupancy_days_modifiers,0.0827
whnjac1,PA,0.017938145131012995,0.0181,0.0181,resident,0.1374,0.0026,0.0049,365.0,13.74,0.007480787561701551,rare,0.7480787561701551,,peak_abundance_with_occupancy_days_modifiers,0.1374
gocspa1,PA,0.017938145131012995,0.0181,0.0181,resident,0.148,0.0062,0.0251,365.0,14.799999999999999,0.007480787561701551,rare,0.7480787561701551,,peak_abundance_with_occupancy_days_modifiers,0.148
siryst3,PA,0.017753064593328798,0.0179115869409167,0.0179115869409167,resident,0.3028899388259307,0.2497891346699661,0.5078052643196047,365.0,30.28899388259307,0.007403602982465052,rare,0.7403602982465052,,peak_abundance_with_occupancy_days_modifiers,0.3028899388259307
subfly,PA,0.017545179215748816,0.005975,0.0177,postbreeding_migration,0.6482,0.0203,0.0206,91.0,64.82,0.007316908046310731,rare,0.731690804631073,,peak_abundance_with_occupancy_days_modifiers,0.6482
gobfly1,PA,0.01750634921739222,0.0176604834778907,0.0176604834778907,resident,0.1476262147667927,0.0212977062737107,0.0156127909723428,365.0,14.76262147667927,0.007300714679237027,rare,0.7300714679237027,,peak_abundance_with_occupancy_days_modifiers,0.1476262147667927
lesyel,PA,0.017446913603720648,0.011600000000000001,0.0176,nonbreeding,0.039,0.0008,0.0008,126.0,3.9,0.007275928103131861,rare,0.7275928103131861,rare,peak_abundance_with_occupancy_days_modifiers,0.039
mouant,PA,0.017279919423117185,0.0174300809099624,0.0174300809099624,resident,0.2318986724617508,0.0093389272436094,0.0166481704479907,365.0,23.18986724617508,0.007206286120640818,rare,0.7206286120640818,,peak_abundance_with_occupancy_days_modifiers,0.2318986724617508
stcant2,PA,0.0172140294720845,0.0173630447002826,0.0173630447002826,resident,0.1978692758489124,0.1449227337496464,0.4863946676854116,365.0,19.786927584891238,0.007178807876790856,rare,0.7178807876790856,,peak_abundance_with_occupancy_days_modifiers,0.1978692758489124
canwar,PA,0.01715205881756557,0.0112,0.0173,prebreeding_migration,0.4765,0.0307,0.0205,112.0,47.65,0.007152964106538737,rare,0.7152964106538737,,peak_abundance_with_occupancy_days_modifiers,0.4765
oncbec1,PA,0.017060116671285114,0.0172064715542578,0.0172064715542578,resident,0.3947432401450803,0.1051814932180328,0.0989926303786629,365.0,39.47432401450803,0.007114621253402641,rare,0.7114621253402641,,peak_abundance_with_occupancy_days_modifiers,0.3947432401450803
amekes,PA,0.017053754565827518,0.014325000000000001,0.0172,postbreeding_migration,0.3306,0.0016,0.0007,105.0,33.06,0.007111968049349252,rare,0.7111968049349252,,peak_abundance_with_occupancy_days_modifiers,0.3306
cocher1,PA,0.016955440649413473,0.0171,0.0171,resident,0.0323,0.0007,0.0013,365.0,3.2300000000000004,0.007070967961676732,rare,0.7070967961676732,rare,peak_abundance_with_occupancy_days_modifiers,0.0323
yehbla2,PA,0.016833231772687668,0.0169757089463719,0.0169757089463719,resident,0.0807481065742525,0.0056838139029919,0.0011953252868267,365.0,8.074810657425251,0.007020002901562499,rare,0.7020002901562499,,peak_abundance_with_occupancy_days_modifiers,0.0807481065742525
olsfly1,PA,0.016562088298978293,0.0167,0.0167,resident,0.1501,0.0442,0.0509,365.0,15.010000000000002,0.006906927290302419,rare,0.6906927290302418,,peak_abundance_with_occupancy_days_modifiers,0.1501
batfal1,PA,0.01646372603066508,0.0166,0.0166,resident,0.3402,0.0054,0.0043,365.0,34.02,0.006865907038321851,rare,0.6865907038321851,,peak_abundance_with_occupancy_days_modifiers,0.3402
amakin1,PA,0.016168581161583706,0.0163,0.0163,resident,0.1539,0.0022,0.0022,365.0,15.39,0.006742822067752263,rare,0.6742822067752263,,peak_abundance_with_occupancy_days_modifiers,0.1539
brcmar1,PA,0.016070180177494467,0.008666666666666666,0.0162,nonbreeding,0.0732,0.0007,0.0001,77.0,7.32,0.006701785670039033,rare,0.6701785670039033,,peak_abundance_with_occupancy_days_modifiers,0.0732
whrfly,PA,0.01594975665473947,0.0160776329842578,0.0160776329842578,resident,0.5313095820022856,0.1664152192740537,0.0893381335080499,365.0,53.13095820022856,0.0066515651603607845,uncommon,0.6651565160360784,,peak_abundance_with_occupancy_days_modifiers,0.5313095820022856
refspi1,PA,0.015798884367996483,0.0159243465918861,0.0159243465918861,resident,0.0655969980303407,0.0833047426795903,0.0703613850465377,365.0,6.5596998030340705,0.006588646529820726,rare,0.6588646529820725,,peak_abundance_with_occupancy_days_modifiers,0.0655969980303407
blkpho,PA,0.015578029963318415,0.013949999999999999,0.0157,nonbreeding,0.1856,0.007,0.0033,112.0,18.56,0.006496543089281262,rare,0.6496543089281261,,peak_abundance_with_occupancy_days_modifiers,0.1856
olcyel1,PA,0.015400854806172776,0.0155200591338835,0.0155200591338835,resident,0.1956607462226409,0.04453512534136,0.0328440252465523,365.0,19.56607462226409,0.006422655309795849,rare,0.6422655309795849,,peak_abundance_with_occupancy_days_modifiers,0.1956607462226409
vihhum1,PA,0.015381102038302324,0.0155,0.0155,resident,0.138,0.1117,0.2888,365.0,13.8,0.006414417765773596,rare,0.6414417765773596,,peak_abundance_with_occupancy_days_modifiers,0.138
whnpuf2,PA,0.0153377149557655,0.0154559413734784,0.0154559413734784,resident,0.1628897534870459,0.0034400409713363,0.0090812488426254,365.0,16.28897534870459,0.006396323946986355,rare,0.6396323946986355,,peak_abundance_with_occupancy_days_modifiers,0.1628897534870459
mouwar,PA,0.015184135325039965,0.0112,0.0153,nonbreeding,0.3156,0.0738,0.0821,140.0,31.56,0.00633227626631083,rare,0.633227626631083,,peak_abundance_with_occupancy_days_modifiers,0.3156
sttwre1,PA,0.015184135325039965,0.0153,0.0153,resident,0.1446,0.2939,0.457,365.0,14.46,0.00633227626631083,rare,0.633227626631083,,peak_abundance_with_occupancy_days_modifiers,0.1446
sharpb1,PA,0.014879198285396248,0.0149904446234985,0.0149904446234985,resident,0.1084730758835463,0.0127394816729119,0.0331241266835235,365.0,10.84730758835463,0.0062051076434343514,rare,0.6205107643434351,,peak_abundance_with_occupancy_days_modifiers,0.1084730758835463
gowwar,PA,0.01479008547263543,0.0070999999999999995,0.0149,nonbreeding,0.2226,0.0483,0.0619,140.0,22.259999999999998,0.0061679447140221225,rare,0.6167944714022122,,peak_abundance_with_occupancy_days_modifiers,0.2226
mourob1,PA,0.01479008547263543,0.0149,0.0149,resident,0.0273,0.1425,0.2016,365.0,2.73,0.0061679447140221225,rare,0.6167944714022122,rare,peak_abundance_with_occupancy_days_modifiers,0.0273
greyel,PA,0.014691548742989757,0.008324999999999999,0.0148,nonbreeding,0.0344,0.0015,0.0015,168.0,3.44,0.006126851706014866,rare,0.6126851706014866,rare,peak_abundance_with_occupancy_days_modifiers,0.0344
coltro1,PA,0.01459300230290015,0.0147,0.0147,resident,0.0635,0.0016,0.0051,365.0,6.35,0.006085754648437957,rare,0.6085754648437957,,peak_abundance_with_occupancy_days_modifiers,0.0635
nrwswa,PA,0.01459300230290015,0.00955,0.0147,prebreeding_migration,0.1642,0.0105,0.001,140.0,16.42,0.006085754648437957,rare,0.6085754648437957,,peak_abundance_with_occupancy_days_modifiers,0.1642
comter,PA,0.01459300230290015,0.008125,0.0147,postbreeding_migration,0.0944,0.0007,0.0001,133.0,9.44,0.006085754648437957,rare,0.6085754648437957,,peak_abundance_with_occupancy_days_modifiers,0.0944
spcant1,PA,0.014100124378781637,0.0142,0.0142,resident,0.098,0.2815,0.3119,365.0,9.8,0.005880208589062617,rare,0.5880208589062617,,peak_abundance_with_occupancy_days_modifiers,0.098
whwdov,PA,0.014001519635813609,0.009425,0.0141,breeding,0.0502,0.002,0.0002,119.0,5.0200000000000005,0.005839087217296892,rare,0.5839087217296892,,peak_abundance_with_occupancy_days_modifiers,0.0502
heptan,PA,0.014001519635813609,0.012425,0.0141,postbreeding_migration,0.1025,0.0037,0.0042,140.0,10.25,0.005839087217296892,rare,0.5839087217296892,,peak_abundance_with_occupancy_days_modifiers,0.1025
ochwre1,PA,0.014001519635813609,0.0141,0.0141,resident,0.0654,0.4464,0.2813,365.0,6.54,0.005839087217296892,rare,0.5839087217296892,,peak_abundance_with_occupancy_days_modifiers,0.0654
rufnig1,PA,0.013962102943849438,0.01406002832046,0.01406002832046,resident,0.6369304610800766,0.0086622598250353,0.0050110790992676,365.0,63.69304610800766,0.005822649179985016,uncommon,0.5822649179985016,,peak_abundance_with_occupancy_days_modifiers,0.6369304610800766
purhon1,PA,0.013808682271709765,0.0139044624831379,0.0139044624831379,resident,0.1787122945829242,0.0015824055100638,0.0006400479316972217,365.0,17.87122945829242,0.005758667790188727,rare,0.5758667790188727,,peak_abundance_with_occupancy_days_modifiers,0.1787122945829242
whtcra1,PA,0.013804280976397056,0.0139,0.0139,resident,0.0961,0.0455,0.0456,365.0,9.610000000000001,0.005756832307479104,rare,0.5756832307479104,,peak_abundance_with_occupancy_days_modifiers,0.0961
yemfly2,PA,0.013659296745970165,0.0137530111445607,0.0137530111445607,resident,0.2207813280432473,0.1361415633569094,0.2426880607734036,365.0,22.078132804324728,0.005696369187145377,rare,0.5696369187145377,,peak_abundance_with_occupancy_days_modifiers,0.2207813280432473
dotkit1,PA,0.013607003406216902,0.0137,0.0137,resident,0.2448,0.0047,0.0057,365.0,24.48,0.005674561170612519,rare,0.5674561170612519,,peak_abundance_with_occupancy_days_modifiers,0.2448
yebcac1,PA,0.013508350024792243,0.0136,0.0136,resident,0.1737,0.0334,0.0171,365.0,17.37,0.0056334195150349094,rare,0.563341951503491,,peak_abundance_with_occupancy_days_modifiers,0.1737
savhaw1,PA,0.013409686909917675,0.0135,0.0135,resident,0.0641,0.0011,0.0015,365.0,6.41,0.005592273800293407,rare,0.5592273800293407,,peak_abundance_with_occupancy_days_modifiers,0.0641
corswi,PA,0.012945847107684262,0.0130300073695073,0.0130300073695073,resident,0.0166939074749246,0.0226375576491016,0.0184796010402571,365.0,1.66939074749246,0.00539883757833024,rare,0.539883757833024,rare,peak_abundance_with_occupancy_days_modifiers,0.0166939074749246
siftap1,PA,0.012916225266546328,0.013,0.013,resident,0.033,0.3157,0.2943,365.0,3.3000000000000003,0.005386484311082047,rare,0.5386484311082047,rare,peak_abundance_with_occupancy_days_modifiers,0.033
prbbar1,PA,0.012916225266546328,0.013,0.013,resident,0.0203,0.3658,0.3227,365.0,2.03,0.005386484311082047,rare,0.5386484311082047,rare,peak_abundance_with_occupancy_days_modifiers,0.0203
barbec1,PA,0.012873129061967208,0.0129563444854616,0.0129563444854616,resident,0.0898835499379668,0.008213472457485,0.0126624200499538,365.0,8.98835499379668,0.005368511797825181,rare,0.5368511797825182,,peak_abundance_with_occupancy_days_modifiers,0.0898835499379668
noremt1,PA,0.012718772407774689,0.0128,0.0128,resident,0.0678,0.0729,0.0416,365.0,6.78,0.0053041400731949654,rare,0.5304140073194965,,peak_abundance_with_occupancy_days_modifiers,0.0678
rivwre1,PA,0.012646706875535832,0.0127270146588438,0.0127270146588438,resident,0.0323229258140981,0.031574522349888,0.0208635170458036,365.0,3.23229258140981,0.005274086411946185,rare,0.5274086411946185,rare,peak_abundance_with_occupancy_days_modifiers,0.0323229258140981
rocpig,PA,0.012620031356102263,0.0127,0.0127,resident,0.0095,0.0,0.0,365.0,0.95,0.0052629618562842735,very_rare,0.5262961856284274,very_rare,peak_abundance_with_occupancy_days_modifiers,0.0095
lesnig,PA,0.012620031356102263,0.009,0.0127,postbreeding_migration,0.2995,0.0066,0.0024,140.0,29.95,0.0052629618562842735,rare,0.5262961856284274,,peak_abundance_with_occupancy_days_modifiers,0.2995
broher,PA,0.012436503609881017,0.0125141585054587,0.0125141585054587,resident,0.1485020025127641,0.0182571534567584,0.0409660573106145,365.0,14.85020025127641,0.00518642484138494,rare,0.518642484138494,,peak_abundance_with_occupancy_days_modifiers,0.1485020025127641
yeetou1,PA,0.012126179797840565,0.0122,0.0122,resident,0.119,0.3181,0.5263,365.0,11.899999999999999,0.00505700975993383,rare,0.5057009759933829,,peak_abundance_with_occupancy_days_modifiers,0.119
gryhaw3,PA,0.012126179797840565,0.0122,0.0122,resident,0.1342,0.0022,0.0043,365.0,13.420000000000002,0.00505700975993383,rare,0.5057009759933829,,peak_abundance_with_occupancy_days_modifiers,0.1342
rubwre1,PA,0.012027380212718455,0.0121,0.0121,resident,0.0339,0.0395,0.0472,365.0,3.39,0.005015807132678637,rare,0.5015807132678637,rare,peak_abundance_with_occupancy_days_modifiers,0.0339
spowoo1,PA,0.012027380212718455,0.0121,0.0121,resident,0.0783,0.1084,0.1438,365.0,7.829999999999999,0.005015807132678637,rare,0.5015807132678637,,peak_abundance_with_occupancy_days_modifiers,0.0783
spctan1,PA,0.011928570865273802,0.012,0.012,resident,0.0244,0.2935,0.2217,365.0,2.44,0.004974600434218729,rare,0.4974600434218729,rare,peak_abundance_with_occupancy_days_modifiers,0.0244
triher,PA,0.011928570865273802,0.00995,0.012,nonbreeding,0.0503,0.0127,0.0081,196.0,5.029999999999999,0.004974600434218729,rare,0.4974600434218729,,peak_abundance_with_occupancy_days_modifiers,0.0503
nobwoo1,PA,0.011928570865273802,0.012,0.012,resident,0.1385,0.0816,0.065,365.0,13.850000000000001,0.004974600434218729,rare,0.4974600434218729,,peak_abundance_with_occupancy_days_modifiers,0.1385
lstswi1,PA,0.0118297517535772,0.0119,0.0119,resident,0.1368,0.003,0.0062,365.0,13.68,0.004933389663749479,rare,0.4933389663749479,,peak_abundance_with_occupancy_days_modifiers,0.1368
rubher,PA,0.011730922875698666,0.0118,0.0118,resident,0.1336,0.0023,0.0048,365.0,13.36,0.004892174820466024,rare,0.4892174820466024,,peak_abundance_with_occupancy_days_modifiers,0.1336
emetan1,PA,0.011632084229707653,0.0117,0.0117,resident,0.0538,0.2019,0.2291,365.0,5.38,0.004850955903563262,rare,0.4850955903563262,,peak_abundance_with_occupancy_days_modifiers,0.0538
giacow,PA,0.011434377625663104,0.0115,0.0115,resident,0.1818,0.0036,0.0023,365.0,18.18,0.004768505845678206,rare,0.47685058456782065,,peak_abundance_with_occupancy_days_modifiers,0.1818
mouela1,PA,0.011335509663745602,0.0114,0.0114,resident,0.0293,0.0242,0.0443,365.0,2.93,0.004727274703084514,rare,0.4727274703084514,rare,peak_abundance_with_occupancy_days_modifiers,0.0293
sctlea1,PA,0.011209074517739568,0.0112721315770312,0.0112721315770312,resident,0.2150715378149308,0.1545006583323069,0.1649993059210897,365.0,21.50715378149308,0.004674547151785519,rare,0.4674547151785519,,peak_abundance_with_occupancy_days_modifiers,0.2150715378149308
olsfly2,PA,0.011199399291528515,0.0112623473377297,0.0112623473377297,resident,0.1679274008725115,0.2563241283319506,0.1828744353070148,365.0,16.79274008725115,0.004670512269061185,rare,0.46705122690611844,,peak_abundance_with_occupancy_days_modifiers,0.1679274008725115
tuffly,PA,0.011137744410455924,0.0112,0.0112,resident,0.056,0.0175,0.0163,365.0,5.6000000000000005,0.004644800186564507,rare,0.4644800186564507,,peak_abundance_with_occupancy_days_modifiers,0.056
scbtan2,PA,0.011137744410455924,0.0112,0.0112,resident,0.0763,0.2993,0.3402,365.0,7.630000000000001,0.004644800186564507,rare,0.4644800186564507,,peak_abundance_with_occupancy_days_modifiers,0.0763
veery,PA,0.011038847115216341,0.0111,0.0111,postbreeding_migration,0.3902,0.0114,0.0121,70.0,39.019999999999996,0.004603556811025358,rare,0.4603556811025358,,peak_abundance_with_occupancy_days_modifiers,0.3902
scapig2,PA,0.011038847115216341,0.0111,0.0111,resident,0.0592,0.0011,0.0016,365.0,5.92,0.004603556811025358,rare,0.4603556811025358,,peak_abundance_with_occupancy_days_modifiers,0.0592
whtswa1,PA,0.010979443333822917,0.0110399386205873,0.0110399386205873,resident,0.1737417926789864,0.0111036828385346,0.0118457763436098,365.0,17.37417926789864,0.00457878351001116,rare,0.457878351001116,,peak_abundance_with_occupancy_days_modifiers,0.1737417926789864
whtrob1,PA,0.010939940038334364,0.011,0.011,resident,0.0966,0.039,0.0182,365.0,9.66,0.004562309356224399,rare,0.4562309356224399,,peak_abundance_with_occupancy_days_modifiers,0.0966
solsan,PA,0.010939940038334364,0.008966666666666666,0.011,nonbreeding,0.1255,0.0016,0.0019,126.0,12.55,0.004562309356224399,rare,0.4562309356224399,,peak_abundance_with_occupancy_days_modifiers,0.1255
batbar1,PA,0.010841023177874857,0.0109,0.0109,resident,0.1814,0.2657,0.3108,365.0,18.14,0.004521057821354797,rare,0.4521057821354797,,peak_abundance_with_occupancy_days_modifiers,0.1814
rusant1,PA,0.010742096531902109,0.0108,0.0108,resident,0.1355,0.1795,0.2601,365.0,13.55,0.004479802205609206,rare,0.4479802205609206,,peak_abundance_with_occupancy_days_modifiers,0.1355
obnthr1,PA,0.010643160098479827,0.0107,0.0107,resident,0.0279,0.0068,0.0134,365.0,2.79,0.004438542508180131,rare,0.4438542508180131,rare,peak_abundance_with_occupancy_days_modifiers,0.0279
eleeup1,PA,0.010643160098479827,0.0107,0.0107,resident,0.0352,0.0106,0.0183,365.0,3.52,0.004438542508180131,rare,0.4438542508180131,rare,peak_abundance_with_occupancy_days_modifiers,0.0352
greibi1,PA,0.010643160098479827,0.0107,0.0107,resident,0.0421,0.0006,0.0009,365.0,4.21,0.004438542508180131,rare,0.4438542508180131,rare,peak_abundance_with_occupancy_days_modifiers,0.0421
whbant1,PA,0.010544213875671154,0.0106,0.0106,resident,0.0421,0.0219,0.0292,365.0,4.21,0.004397278728259838,rare,0.4397278728259838,rare,peak_abundance_with_occupancy_days_modifiers,0.0421
oltpar1,PA,0.010544213875671154,0.0106,0.0106,resident,0.0125,0.0024,0.0018,365.0,1.25,0.004397278728259838,rare,0.4397278728259838,rare,peak_abundance_with_occupancy_days_modifiers,0.0125
scbtan1,PA,0.010445257861538649,0.0105,0.0105,resident,0.0108,0.2347,0.1889,365.0,1.08,0.004356010865040352,rare,0.43560108650403523,rare,peak_abundance_with_occupancy_days_modifiers,0.0108
ltsfly1,PA,0.010445257861538649,0.0105,0.0105,resident,0.0135,0.2288,0.1839,365.0,1.35,0.004356010865040352,rare,0.43560108650403523,rare,peak_abundance_with_occupancy_days_modifiers,0.0135
btther1,PA,0.010445257861538649,0.0105,0.0105,resident,0.0598,0.0218,0.0244,365.0,5.9799999999999995,0.004356010865040352,rare,0.43560108650403523,,peak_abundance_with_occupancy_days_modifiers,0.0598
ruwtan1,PA,0.010445257861538649,0.0105,0.0105,resident,0.0753,0.1334,0.1693,365.0,7.53,0.004356010865040352,rare,0.43560108650403523,,peak_abundance_with_occupancy_days_modifiers,0.0753
whcsee1,PA,0.0103462920541443,0.0104,0.0104,resident,0.0361,0.0053,0.002,365.0,3.61,0.004314738917713461,rare,0.4314738917713461,rare,peak_abundance_with_occupancy_days_modifiers,0.0361
gycthr,PA,0.010247316451549523,0.0036333333333333335,0.0103,postbreeding_migration,0.4891,0.0154,0.0098,56.0,48.91,0.0042734628854707085,rare,0.42734628854707085,,peak_abundance_with_occupancy_days_modifiers,0.4891
bkcdon,PA,0.010197410245255625,0.0102495810179018,0.0102495810179018,resident,0.0745164372109251,0.0004801083179629591,0.0003126385363047219,365.0,7.45164372109251,0.004252650380913039,rare,0.4252650380913039,,peak_abundance_with_occupancy_days_modifiers,0.0745164372109251
dowant1,PA,0.010168436274110662,0.0102203104997358,0.0102203104997358,resident,0.2003505670838261,0.0104875208756333,0.0540132972897576,365.0,20.03505670838261,0.004240567296437431,rare,0.4240567296437431,,peak_abundance_with_occupancy_days_modifiers,0.2003505670838261
creowl1,PA,0.009978917619440112,0.0100288730466263,0.0100288730466263,resident,0.3865048471931985,0.0074256705196466,0.0050688828896852,365.0,38.65048471931985,0.004161531878660637,rare,0.4161531878660637,,peak_abundance_with_occupancy_days_modifiers,0.3865048471931985
grecur1,PA,0.009950330853168083,0.01,0.01,resident,0.1851,0.1448,0.0738,365.0,18.509999999999998,0.0041496102711591504,very_rare,0.41496102711591504,,peak_abundance_with_occupancy_days_modifiers,0.1851
musduc,PA,0.009950330853168083,0.01,0.01,resident,0.0497,0.0008,0.0008,365.0,4.97,0.0041496102711591504,very_rare,0.41496102711591504,rare,peak_abundance_with_occupancy_days_modifiers,0.0497
sapayo1,PA,0.009752291442678272,0.0098,0.0098,resident,0.0917,0.2465,0.517,365.0,9.17,0.004067021422206345,very_rare,0.4067021422206345,,peak_abundance_with_occupancy_days_modifiers,0.0917
whteme1,PA,0.009677542586421404,0.0097245214259555,0.0097245214259555,resident,0.088179776461493,0.6233410169047432,0.608404827365657,365.0,8.8179776461493,0.0040358487279253405,very_rare,0.4035848727925341,,peak_abundance_with_occupancy_days_modifiers,0.088179776461493
peakit1,PA,0.009668464290056583,0.0097153548891115,0.0097153548891115,resident,0.1766550143332744,0.0023981310132443,0.0056036458925997,365.0,17.665501433327442,0.004032062784282254,very_rare,0.40320627842822543,,peak_abundance_with_occupancy_days_modifiers,0.1766550143332744
thwbel,PA,0.009653257028138304,0.00615,0.0097,breeding,0.0341,0.3326,0.4328,70.0,3.4099999999999997,0.0040257208634774475,very_rare,0.4025720863477448,rare,peak_abundance_with_occupancy_days_modifiers,0.0341
thlsch4,PA,0.009653257028138304,0.0097,0.0097,resident,0.0948,0.3349,0.4851,365.0,9.48,0.0040257208634774475,very_rare,0.4025720863477448,,peak_abundance_with_occupancy_days_modifiers,0.0948
wilfly,PA,0.009653257028138304,0.004533333333333334,0.0097,postbreeding_migration,0.7185,0.0554,0.0131,168.0,71.85000000000001,0.0040257208634774475,very_rare,0.4025720863477448,,peak_abundance_with_occupancy_days_modifiers,0.7185
ruqdov,PA,0.009554212804811658,0.0096,0.0096,resident,0.1825,0.0031,0.0031,365.0,18.25,0.0039844162141667834,very_rare,0.3984416214166783,,peak_abundance_with_occupancy_days_modifiers,0.1825
btnwar,PA,0.009554212804811658,0.005399999999999999,0.0096,nonbreeding,0.0588,0.0061,0.0045,98.0,5.88,0.0039844162141667834,very_rare,0.3984416214166783,,peak_abundance_with_occupancy_days_modifiers,0.0588
grcbri1,PA,0.009493489542107169,0.0095386956552923,0.0095386956552923,resident,0.1086628028779681,0.1500201973140482,0.1237325852749734,365.0,10.86628028779681,0.003959092646706028,very_rare,0.39590926467060283,,peak_abundance_with_occupancy_days_modifiers,0.1086628028779681
btfgle1,PA,0.009455158770755135,0.0095,0.0095,resident,0.1352,0.0031,0.003,365.0,13.52,0.003943107473463978,very_rare,0.39431074734639776,,peak_abundance_with_occupancy_days_modifiers,0.1352
yebori1,PA,0.009356094924024954,0.0094,0.0094,resident,0.0601,0.0192,0.0104,365.0,6.01,0.00390179464055841,very_rare,0.390179464055841,,peak_abundance_with_occupancy_days_modifiers,0.0601
wnbfin1,PA,0.009356094924024954,0.0094,0.0094,resident,0.0288,0.0304,0.0392,365.0,2.88,0.00390179464055841,very_rare,0.390179464055841,rare,peak_abundance_with_occupancy_days_modifiers,0.0288
yetfin1,PA,0.009257021262676763,0.0093,0.0093,resident,0.014,0.2374,0.2072,365.0,1.4000000000000001,0.003860477714639222,very_rare,0.3860477714639222,rare,peak_abundance_with_occupancy_days_modifiers,0.014
compot1,PA,0.009257021262676763,0.0029999999999999996,0.0093,postbreeding_migration,0.4478,0.0031,0.0024,105.0,44.78,0.003860477714639222,very_rare,0.3860477714639222,,peak_abundance_with_occupancy_days_modifiers,0.4478
strowl1,PA,0.00918621045988576,0.0092285331870841,0.0092285331870841,resident,0.3225210523242505,0.0043815617888353,0.0055855205822918,365.0,32.25210523242505,0.0038309473162125643,very_rare,0.3830947316212564,,peak_abundance_with_occupancy_days_modifiers,0.3225210523242505
ptmgem,PA,0.009084153053279705,0.0091255391960534,0.0091255391960534,resident,0.0591406319591887,0.4865787817017479,0.2303014781582895,365.0,5.91406319591887,0.003788386071873109,very_rare,0.3788386071873109,,peak_abundance_with_occupancy_days_modifiers,0.0591406319591887
leskis1,PA,0.009058844488346039,0.0091,0.0091,resident,0.0485,0.0012,0.0018,365.0,4.8500000000000005,0.0037778315805153456,very_rare,0.37778315805153456,rare,peak_abundance_with_occupancy_days_modifiers,0.0485
colred1,PA,0.009058844488346039,0.0091,0.0091,resident,0.0184,0.2778,0.2162,365.0,1.8399999999999999,0.0037778315805153456,very_rare,0.37778315805153456,rare,peak_abundance_with_occupancy_days_modifiers,0.0184
crahaw,PA,0.008959741371471904,0.009,0.009,resident,0.1048,0.0011,0.0024,365.0,10.48,0.003736502370687642,very_rare,0.3736502370687642,,peak_abundance_with_occupancy_days_modifiers,0.1048
rutjac1,PA,0.008959741371471904,0.009,0.009,resident,0.0823,0.0014,0.0007,365.0,8.23,0.003736502370687642,very_rare,0.3736502370687642,,peak_abundance_with_occupancy_days_modifiers,0.0823
orheag1,PA,0.008860628432196557,0.0089,0.0089,resident,0.203,0.0057,0.0102,365.0,20.3,0.003695169064600562,very_rare,0.3695169064600562,,peak_abundance_with_occupancy_days_modifiers,0.203
gycnun1,PA,0.008860628432196557,0.0089,0.0089,resident,0.0819,0.2866,0.4723,365.0,8.19,0.003695169064600562,very_rare,0.3695169064600562,,peak_abundance_with_occupancy_days_modifiers,0.0819
pabspi1,PA,0.008860628432196557,0.0089,0.0089,resident,0.0563,0.0008,0.0009,365.0,5.63,0.003695169064600562,very_rare,0.3695169064600562,,peak_abundance_with_occupancy_days_modifiers,0.0563
coffal1,PA,0.00876150566857275,0.0088,0.0088,resident,0.1251,0.0017,0.0039,365.0,12.509999999999998,0.0036538316614419504,very_rare,0.365383166144195,,peak_abundance_with_occupancy_days_modifiers,0.1251
rtatan1,PA,0.008662373078652657,0.0087,0.0087,resident,0.0418,0.0131,0.006,365.0,4.18,0.003612490160399499,very_rare,0.3612490160399499,rare,peak_abundance_with_occupancy_days_modifiers,0.0418
rawwre1,PA,0.008464078412129412,0.0085,0.0085,resident,0.0404,0.0211,0.0247,365.0,4.04,0.003529794861412646,very_rare,0.35297948614126456,rare,peak_abundance_with_occupancy_days_modifiers,0.0404
scbhum1,PA,0.00843930817620865,0.0084750195264613,0.0084750195264613,resident,0.1010361881179106,0.0736916552515711,0.0545567428726987,365.0,10.10361881179106,0.0035194648706905066,very_rare,0.3519464870690507,,peak_abundance_with_occupancy_days_modifiers,0.1010361881179106
buftuf1,PA,0.008438350885740969,0.0084740541234003,0.0084740541234003,resident,0.070621625700017,0.2475771319369112,0.1864908993449823,365.0,7.0621625700017,0.0035190656495574625,very_rare,0.35190656495574624,,peak_abundance_with_occupancy_days_modifiers,0.070621625700017
tortyr1,PA,0.008411646496048713,0.008447123798845,0.008447123798845,resident,0.1365313840157138,0.0221657947341312,0.0153724501490831,365.0,13.653138401571379,0.0035079290540625955,very_rare,0.35079290540625957,,peak_abundance_with_occupancy_days_modifiers,0.1365313840157138
ccbfin,PA,0.008364916331627708,0.0084,0.0084,resident,0.0363,0.0216,0.0263,365.0,3.63,0.003488441061842421,very_rare,0.3488441061842421,rare,peak_abundance_with_occupancy_days_modifiers,0.0363
sbnthr1,PA,0.008364916331627708,0.0084,0.0084,resident,0.0528,0.0558,0.1267,365.0,5.28,0.003488441061842421,very_rare,0.3488441061842421,,peak_abundance_with_occupancy_days_modifiers,0.0528
blcwar1,PA,0.008364916331627708,0.0084,0.0084,resident,0.0141,0.2725,0.2637,365.0,1.41,0.003488441061842421,very_rare,0.3488441061842421,rare,peak_abundance_with_occupancy_days_modifiers,0.0141
rerwoo1,PA,0.008166562666393417,0.0082,0.0082,resident,0.0676,0.0273,0.04,365.0,6.76,0.003405721158482009,very_rare,0.3405721158482009,,peak_abundance_with_occupancy_days_modifiers,0.0676
amered,PA,0.008067371077758796,0.0050999999999999995,0.0081,postbreeding_migration,0.361,0.0113,0.0014,119.0,36.1,0.0033643550530645483,very_rare,0.33643550530645483,,peak_abundance_with_occupancy_days_modifiers,0.361
sooshe,PA,0.007999749299446671,0.004119734162370672,0.0080318327901035,nonbreeding,0.0701065706062975,0.0003440891371964885,2.2645302431980187e-06,28.0,7.01065706062975,0.0033361545811426614,very_rare,0.33361545811426613,rare,peak_abundance_with_occupancy_days_modifiers,0.0701065706062975
spetan1,PA,0.00786895837869518,0.0079,0.0079,resident,0.0406,0.0382,0.0325,365.0,4.06,0.0032816105306851177,very_rare,0.3281610530685118,rare,peak_abundance_with_occupancy_days_modifiers,0.0406
slaspi1,PA,0.00783625442463064,0.0078670382236915,0.0078670382236915,resident,0.071540497126698,0.0156845717209058,0.0079454037485985,365.0,7.154049712669799,0.003267971922512503,very_rare,0.3267971922512503,,peak_abundance_with_occupancy_days_modifiers,0.071540497126698
ameoys,PA,0.007670506304219701,0.00565,0.0077,postbreeding_migration,0.037,0.0176,0.0045,98.0,3.6999999999999997,0.0031988495874835155,very_rare,0.31988495874835154,rare,peak_abundance_with_occupancy_days_modifiers,0.037
viosab1,PA,0.007670506304219701,0.0077,0.0077,resident,0.0511,0.0703,0.0612,365.0,5.11,0.0031988495874835155,very_rare,0.31988495874835154,,peak_abundance_with_occupancy_days_modifiers,0.0511
whtspa1,PA,0.007668034766865961,0.0076975094348864,0.0076975094348864,resident,0.1056391035064579,0.0079971311254959,0.0105741446058141,365.0,10.56391035064579,0.0031978188763503498,very_rare,0.31978188763503496,,peak_abundance_with_occupancy_days_modifiers,0.1056391035064579
spceup1,PA,0.00765838247895348,0.0076877828953384,0.0076877828953384,resident,0.0242269834334967,0.0236660330284104,0.0212357638046375,365.0,2.42269834334967,0.0031937935596394905,very_rare,0.31937935596394906,rare,peak_abundance_with_occupancy_days_modifiers,0.0242269834334967
stfgle1,PA,0.007643909536385907,0.0076731987934682,0.0076731987934682,resident,0.1371913570844066,0.0437976977751365,0.0288839017759366,365.0,13.71913570844066,0.003187757873789605,very_rare,0.3187757873789605,,peak_abundance_with_occupancy_days_modifiers,0.1371913570844066
rebscy1,PA,0.007611881882211903,0.0076409259015521,0.0076409259015521,resident,0.1633048858970367,0.0027589439989476,0.0010106617125468,365.0,16.33048858970367,0.003174401304577759,very_rare,0.3174401304577759,,peak_abundance_with_occupancy_days_modifiers,0.1633048858970367
blkski,PA,0.007571265496318075,0.00255,0.0076,postbreeding_migration,0.0206,0.0006,0.0008,126.0,2.06,0.0031574629560374313,very_rare,0.3157462956037431,rare,peak_abundance_with_occupancy_days_modifiers,0.0206
spwqua1,PA,0.007372754329413085,0.0074,0.0074,resident,0.0108,0.0274,0.0981,365.0,1.08,0.003074677369378634,very_rare,0.3074677369378634,rare,peak_abundance_with_occupancy_days_modifiers,0.0108
whcman1,PA,0.007372754329413085,0.0074,0.0074,resident,0.0246,0.0116,0.0083,365.0,2.46,0.003074677369378634,very_rare,0.3074677369378634,rare,peak_abundance_with_occupancy_days_modifiers,0.0246
pavthr1,PA,0.00735085300572746,0.0073779368481261,0.0073779368481261,resident,0.1156886942008973,0.1179951978811677,0.1956081295474683,365.0,11.56886942008973,0.003065543807986654,very_rare,0.3065543807986654,,peak_abundance_with_occupancy_days_modifiers,0.1156886942008973
scamac1,PA,0.007273483966498386,0.0073,0.0073,resident,0.0181,0.0003,0.0006,365.0,1.81,0.0030332784125347693,very_rare,0.30332784125347695,rare,peak_abundance_with_occupancy_days_modifiers,0.0181
pecsan,PA,0.007174203748000358,0.0028666666666666667,0.0072,postbreeding_migration,0.0446,0.0007,0.0002,119.0,4.46,0.0029918753455934195,very_rare,0.29918753455934194,rare,peak_abundance_with_occupancy_days_modifiers,0.0446
yebcuc,PA,0.00707491367196188,0.002766666666666667,0.0071,postbreeding_migration,0.3971,0.0051,0.002,105.0,39.71,0.002950468167738402,very_rare,0.2950468167738402,,peak_abundance_with_occupancy_days_modifiers,0.3971
gcrwar,PA,0.00707491367196188,0.0071,0.0071,resident,0.0277,0.0008,0.0006,365.0,2.77,0.002950468167738402,very_rare,0.2950468167738402,rare,peak_abundance_with_occupancy_days_modifiers,0.0277
fepowl,PA,0.00707491367196188,0.0071,0.0071,resident,0.0455,0.0005,0.0008,365.0,4.55,0.002950468167738402,very_rare,0.2950468167738402,rare,peak_abundance_with_occupancy_days_modifiers,0.0455
lobsta1,PA,0.00707491367196188,0.0071,0.0071,resident,0.0723,0.0025,0.0089,365.0,7.23,0.002950468167738402,very_rare,0.2950468167738402,,peak_abundance_with_occupancy_days_modifiers,0.0723
bacant1,PA,0.00707491367196188,0.0071,0.0071,resident,0.1204,0.283,0.388,365.0,12.04,0.002950468167738402,very_rare,0.2950468167738402,,peak_abundance_with_occupancy_days_modifiers,0.1204
surtan1,PA,0.006975613736425242,0.007,0.007,resident,0.0321,0.8338,0.9173,365.0,3.2099999999999995,0.0029090568781531974,very_rare,0.2909056878153197,rare,peak_abundance_with_occupancy_days_modifiers,0.0321
blfgro1,PA,0.006876303939432157,0.0069,0.0069,resident,0.0216,0.0233,0.0133,365.0,2.16,0.0028676414760213194,very_rare,0.2867641476021319,rare,peak_abundance_with_occupancy_days_modifiers,0.0216
fltwar1,PA,0.006876303939432157,0.0069,0.0069,resident,0.0133,0.2436,0.2289,365.0,1.3299999999999998,0.0028676414760213194,very_rare,0.2867641476021319,rare,peak_abundance_with_occupancy_days_modifiers,0.0133
grflan1,PA,0.006790777092423917,0.0068138867002994,0.0068138867002994,resident,0.1561422332759188,0.0243186602139896,0.0221069106914211,365.0,15.61422332759188,0.002831974010482522,very_rare,0.2831974010482522,,peak_abundance_with_occupancy_days_modifiers,0.1561422332759188
brnjay,PA,0.006776984279023751,0.0068,0.0068,resident,0.0238,0.004,0.001,365.0,2.3800000000000003,0.0028262219605257625,very_rare,0.28262219605257627,rare,peak_abundance_with_occupancy_days_modifiers,0.0238
acowoo,PA,0.006776984279023751,0.0068,0.0068,resident,0.0158,0.0022,0.0011,365.0,1.58,0.0028262219605257625,very_rare,0.28262219605257627,rare,peak_abundance_with_occupancy_days_modifiers,0.0158
snakit,PA,0.006677654753240569,0.0067,0.0067,resident,0.0051,0.0002,0.0006,365.0,0.51,0.00278479833084937,very_rare,0.27847983308493696,very_rare,peak_abundance_with_occupancy_days_modifiers,0.0051
brcvir1,PA,0.006578315360122567,0.0066,0.0066,resident,0.0225,0.0083,0.0143,365.0,2.25,0.002743370586174741,very_rare,0.2743370586174741,rare,peak_abundance_with_occupancy_days_modifiers,0.0225
aldfly,PA,0.006478966097709122,0.0029999999999999996,0.0065,postbreeding_migration,0.7495,0.0067,0.0006,63.0,74.95,0.002701938725684232,very_rare,0.2701938725684232,,peak_abundance_with_occupancy_days_modifiers,0.7495
blcant1,PA,0.006478966097709122,0.0065,0.0065,resident,0.1153,0.7937,0.8496,365.0,11.53,0.002701938725684232,very_rare,0.2701938725684232,,peak_abundance_with_occupancy_days_modifiers,0.1153
thiant1,PA,0.006280237957150483,0.0063,0.0063,resident,0.1233,0.1109,0.1282,365.0,12.33,0.002619062653983778,very_rare,0.2619062653983778,,peak_abundance_with_occupancy_days_modifiers,0.1233
zothaw,PA,0.006280237957150483,0.005125,0.0063,nonbreeding,0.3906,0.009,0.0102,126.0,39.06,0.002619062653983778,very_rare,0.2619062653983778,,peak_abundance_with_occupancy_days_modifiers,0.3906
flctan,PA,0.006280237957150483,0.0063,0.0063,resident,0.0184,0.0113,0.0273,365.0,1.8399999999999999,0.002619062653983778,very_rare,0.2619062653983778,rare,peak_abundance_with_occupancy_days_modifiers,0.0184
shtnig1,PA,0.006196134376660071,0.0045616956398568005,0.0062153701258401,breeding,0.3961943136510641,0.0068904979090873,0.0006253353626055649,161.0,39.61943136510641,0.002583988736684514,very_rare,0.2583988736684514,,peak_abundance_with_occupancy_days_modifiers,0.3961943136510641
margod,PA,0.00608147031586796,0.0039000000000000003,0.0061,nonbreeding,0.0115,0.0133,0.0008,133.0,1.15,0.002536170109201979,very_rare,0.2536170109201979,rare,peak_abundance_with_occupancy_days_modifiers,0.0115
slaflo1,PA,0.005882663158155495,0.0059,0.0059,resident,0.015,0.2588,0.2191,365.0,1.5,0.002453261084788902,very_rare,0.2453261084788902,rare,peak_abundance_with_occupancy_days_modifiers,0.015
royfly1,PA,0.005882663158155495,0.0059,0.0059,resident,0.1529,0.0036,0.0078,365.0,15.290000000000001,0.002453261084788902,very_rare,0.2453261084788902,,peak_abundance_with_occupancy_days_modifiers,0.1529
zelant1,PA,0.005882663158155495,0.0059,0.0059,resident,0.0934,0.2021,0.0819,365.0,9.34,0.002453261084788902,very_rare,0.2453261084788902,,peak_abundance_with_occupancy_days_modifiers,0.0934
whwtan1,PA,0.005783244755727333,0.0058,0.0058,resident,0.0282,0.0152,0.027,365.0,2.82,0.002411800390672712,very_rare,0.2411800390672712,rare,peak_abundance_with_occupancy_days_modifiers,0.0282
yelfly1,PA,0.005683816468297671,0.0057,0.0057,resident,0.0254,0.0647,0.063,365.0,2.54,0.002370335574190707,very_rare,0.2370335574190707,rare,peak_abundance_with_occupancy_days_modifiers,0.0254
dobgra1,PA,0.005683816468297671,0.0057,0.0057,resident,0.0435,0.1843,0.6153,365.0,4.35,0.002370335574190707,very_rare,0.2370335574190707,rare,peak_abundance_with_occupancy_days_modifiers,0.0435
shtfly1,PA,0.005484930230569685,0.0055,0.0055,resident,0.1222,0.0077,0.0034,365.0,12.22,0.0022873935708496436,very_rare,0.22873935708496435,,peak_abundance_with_occupancy_days_modifiers,0.1222
barhaw1,PA,0.005484930230569685,0.0055,0.0055,resident,0.0992,0.1137,0.0853,365.0,9.92,0.0022873935708496436,very_rare,0.22873935708496435,,peak_abundance_with_occupancy_days_modifiers,0.0992
grbhaw1,PA,0.005484930230569685,0.0055,0.0055,resident,0.2042,0.0037,0.0014,365.0,20.419999999999998,0.0022873935708496436,very_rare,0.22873935708496435,,peak_abundance_with_occupancy_days_modifiers,0.2042
rcnthr1,PA,0.005484930230569685,0.0055,0.0055,resident,0.0151,0.0298,0.0506,365.0,1.51,0.0022873935708496436,very_rare,0.22873935708496435,rare,peak_abundance_with_occupancy_days_modifiers,0.0151
stcwoo1,PA,0.005484930230569685,0.0055,0.0055,resident,0.0461,0.8009,0.8254,365.0,4.61,0.0022873935708496436,very_rare,0.22873935708496435,rare,peak_abundance_with_occupancy_days_modifiers,0.0461
bltman1,PA,0.005484930230569685,0.0055,0.0055,resident,0.078,0.0016,0.0019,365.0,7.8,0.0022873935708496436,very_rare,0.22873935708496435,,peak_abundance_with_occupancy_days_modifiers,0.078
sunbit1,PA,0.005438025789025082,0.005452838690073,0.005452838690073,resident,0.3130686828107344,0.008129848785675,0.0029321280498067,365.0,31.30686828107344,0.0022678328994238366,very_rare,0.22678328994238367,,peak_abundance_with_occupancy_days_modifiers,0.3130686828107344
piwtyr1,PA,0.005385472276337817,0.0054,0.0054,resident,0.0171,0.0027,0.0021,365.0,1.71,0.0022459163823501686,very_rare,0.22459163823501685,rare,peak_abundance_with_occupancy_days_modifiers,0.0171
lesvio1,PA,0.005385472276337817,0.0054,0.0054,resident,0.016,0.0147,0.0294,365.0,1.6,0.0022459163823501686,very_rare,0.22459163823501685,rare,peak_abundance_with_occupancy_days_modifiers,0.016
scihum1,PA,0.005385472276337817,0.0054,0.0054,resident,0.0192,0.2809,0.2948,365.0,1.92,0.0022459163823501686,very_rare,0.22459163823501685,rare,peak_abundance_with_occupancy_days_modifiers,0.0192
obqdov1,PA,0.0053580978778024315,0.0053724781564112,0.0053724781564112,resident,0.3222660419483949,0.2835211110104179,0.3563199153044345,365.0,32.226604194839496,0.0022345003714651633,very_rare,0.22345003714651632,,peak_abundance_with_occupancy_days_modifiers,0.3222660419483949
plaant1,PA,0.005340694019350494,0.0053549809483698,0.0053549809483698,resident,0.0398716421516181,0.0035362801838086,0.0027091019691685,365.0,3.98716421516181,0.002227242398754876,very_rare,0.2227242398754876,rare,peak_abundance_with_occupancy_days_modifiers,0.0398716421516181
spobar1,PA,0.005286004429237355,0.0053,0.0053,resident,0.0318,0.022,0.0419,365.0,3.18,0.0022044350682040464,very_rare,0.22044350682040464,rare,peak_abundance_with_occupancy_days_modifiers,0.0318
bltfly1,PA,0.0052756128989443875,0.0052895534488744,0.0052895534488744,resident,0.2453102532766013,0.0238318901960878,0.0500824050824937,365.0,24.53102532766013,0.002200101463475372,very_rare,0.2200101463475372,,peak_abundance_with_occupancy_days_modifiers,0.2453102532766013
shtswi1,PA,0.005186526687300061,0.0052,0.0052,resident,0.0132,0.0003,0.0005,365.0,1.32,0.0021629496275904574,very_rare,0.21629496275904575,rare,peak_abundance_with_occupancy_days_modifiers,0.0132
wtmgem1,PA,0.005186526687300061,0.0052,0.0052,resident,0.0119,0.3348,0.341,365.0,1.1900000000000002,0.0021629496275904574,very_rare,0.21629496275904575,rare,peak_abundance_with_occupancy_days_modifiers,0.0119
rosspo1,PA,0.005186526687300061,0.00395,0.0052,breeding,0.0362,0.0013,0.0005,189.0,3.62,0.0021629496275904574,very_rare,0.21629496275904575,rare,peak_abundance_with_occupancy_days_modifiers,0.0362
bcnher,PA,0.005186526687300061,0.004625,0.0052,postbreeding_migration,0.0348,0.0003,0.0001,112.0,3.4799999999999995,0.0021629496275904574,very_rare,0.21629496275904575,rare,peak_abundance_with_occupancy_days_modifiers,0.0348
sohtyr1,PA,0.00501445591523658,0.0050270493402253,0.0050270493402253,resident,0.1196091543621119,0.0080674597040664,0.0055175595796065,365.0,11.96091543621119,0.002091190542022591,very_rare,0.2091190542022591,,peak_abundance_with_occupancy_days_modifiers,0.1196091543621119
grhkit1,PA,0.004987541511039074,0.005,0.005,resident,0.1085,0.0015,0.0032,365.0,10.85,0.0020799663636762796,very_rare,0.20799663636762797,,peak_abundance_with_occupancy_days_modifiers,0.1085
roltyr1,PA,0.004916645662974492,0.0049287521983116,0.0049287521983116,resident,0.1561098042658649,0.0301515375361443,0.0814170908522119,365.0,15.61098042658649,0.0020504004986159354,very_rare,0.20504004986159355,,peak_abundance_with_occupancy_days_modifiers,0.1561098042658649
spcwoo1,PA,0.004888034072775962,0.0049,0.0049,resident,0.0156,0.0214,0.0432,365.0,1.5599999999999998,0.002038468538732918,very_rare,0.2038468538732918,rare,peak_abundance_with_occupancy_days_modifiers,0.0156
blkswi,PA,0.004888034072775962,0.0035666666666666663,0.0049,breeding,0.1089,0.022,0.0062,112.0,10.89,0.002038468538732918,very_rare,0.2038468538732918,,peak_abundance_with_occupancy_days_modifiers,0.1089
pabwoo1,PA,0.004888034072775962,0.0049,0.0049,resident,0.0328,0.0094,0.0072,365.0,3.2800000000000002,0.002038468538732918,very_rare,0.2038468538732918,rare,peak_abundance_with_occupancy_days_modifiers,0.0328
perfal,PA,0.004888034072775962,0.003966666666666666,0.0049,prebreeding_migration,0.2727,,,,27.27,0.002038468538732918,very_rare,0.2038468538732918,,peak_abundance_with_occupancy_days_modifiers,0.2727
stbwre1,PA,0.004888034072775962,0.0049,0.0049,resident,0.0624,0.2146,0.1187,365.0,6.239999999999999,0.002038468538732918,very_rare,0.2038468538732918,,peak_abundance_with_occupancy_days_modifiers,0.0624
gagtan1,PA,0.004888034072775962,0.0049,0.0049,resident,0.0538,0.1709,0.1365,365.0,5.38,0.002038468538732918,very_rare,0.2038468538732918,,peak_abundance_with_occupancy_days_modifiers,0.0538
haiwoo,PA,0.004788516731797177,0.0048,0.0048,resident,0.0172,0.0002,0.0004,365.0,1.72,0.001996966584036358,very_rare,0.19969665840363582,rare,peak_abundance_with_occupancy_days_modifiers,0.0172
slaant1,PA,0.004688989486131542,0.0047,0.0047,resident,0.0441,0.0553,0.0744,365.0,4.41,0.0019554604987645544,very_rare,0.19554604987645544,rare,peak_abundance_with_occupancy_days_modifiers,0.0441
darpew1,PA,0.0045894523338072864,0.0046,0.0046,resident,0.0188,0.2693,0.2634,365.0,1.8800000000000001,0.0019139502820952148,very_rare,0.19139502820952148,rare,peak_abundance_with_occupancy_days_modifiers,0.0188
audshe,PA,0.0045310290220995034,0.0045413096555172,0.0045413096555172,postbreeding_migration,0.0266578515027978,0.0005634214736697232,9.508830625830918e-05,28.0,2.66578515027978,0.0018895858686987924,very_rare,0.18895858686987924,rare,peak_abundance_with_occupancy_days_modifiers,0.0266578515027978
blucot1,PA,0.004489905272852052,0.0045,0.0045,resident,0.0515,0.1345,0.4537,365.0,5.1499999999999995,0.0018724359332058032,very_rare,0.18724359332058033,,peak_abundance_with_occupancy_days_modifiers,0.0515
snowca1,PA,0.004399893070970826,0.0044095868124164,0.0044095868124164,resident,0.1232903191599427,0.1287783969172971,0.0719903107607864,365.0,12.32903191599427,0.001834897929397902,very_rare,0.1834897929397902,,peak_abundance_with_occupancy_days_modifiers,0.1232903191599427
gretho1,PA,0.004398773628018765,0.0044084624338128,0.0044084624338128,resident,0.1663121021892149,0.1700681727539846,0.0722120972804529,365.0,16.631210218921492,0.0018344310854265594,very_rare,0.18344310854265594,,peak_abundance_with_occupancy_days_modifiers,0.1663121021892149
bewqua1,PA,0.004390348301292895,0.0044,0.0044,resident,0.0938,,,,9.379999999999999,0.0018309174512735364,very_rare,0.18309174512735363,,peak_abundance_with_occupancy_days_modifiers,0.0938
whtkit,PA,0.004390348301292895,0.0044,0.0044,resident,0.0365,0.0017,0.0036,365.0,3.65,0.0018309174512735364,very_rare,0.18309174512735363,rare,peak_abundance_with_occupancy_days_modifiers,0.0365
dumant1,PA,0.004390348301292895,0.0044,0.0044,resident,0.0515,0.8491,0.813,365.0,5.1499999999999995,0.0018309174512735364,very_rare,0.18309174512735363,,peak_abundance_with_occupancy_days_modifiers,0.0515
blagua1,PA,0.004390348301292895,0.0044,0.0044,resident,0.0265,0.3033,0.2376,365.0,2.65,0.0018309174512735364,very_rare,0.18309174512735363,rare,peak_abundance_with_occupancy_days_modifiers,0.0265
whltan1,PA,0.004390348301292895,0.0044,0.0044,resident,0.0464,0.0014,0.0009,365.0,4.64,0.0018309174512735364,very_rare,0.18309174512735363,rare,peak_abundance_with_occupancy_days_modifiers,0.0464
gubter2,PA,0.004360988715255083,0.003644287130421175,0.0043705116646684,breeding,0.0818990168353235,0.0093015461945618,0.0004412094120456937,140.0,8.18990168353235,0.0018186735528969776,very_rare,0.18186735528969775,,peak_abundance_with_occupancy_days_modifiers,0.0818990168353235
bltgol1,PA,0.004290781417156275,0.0043,0.0043,resident,0.0627,0.0512,0.0365,365.0,6.2700000000000005,0.0017893948354753858,very_rare,0.17893948354753858,,peak_abundance_with_occupancy_days_modifiers,0.0627
resque1,PA,0.004191204618468071,0.0042,0.0042,resident,0.0138,0.1026,0.1135,365.0,1.38,0.0017478680849880779,very_rare,0.1747868084988078,rare,peak_abundance_with_occupancy_days_modifiers,0.0138
speowl1,PA,0.004091617903253565,0.0041,0.0041,resident,0.0983,0.0014,0.0018,365.0,9.83,0.0017063371989880915,very_rare,0.17063371989880916,,peak_abundance_with_occupancy_days_modifiers,0.0983
thswar5,PA,0.004091617903253565,0.0041,0.0041,resident,0.0175,0.3249,0.2014,365.0,1.7500000000000002,0.0017063371989880915,very_rare,0.17063371989880916,rare,peak_abundance_with_occupancy_days_modifiers,0.0175
chahum1,PA,0.004078444012630127,0.0040867721835561,0.0040867721835561,resident,0.0143674774131517,0.0217015177251847,0.0204939750553108,365.0,1.4367477413151701,0.0017008432598770073,very_rare,0.17008432598770074,rare,peak_abundance_with_occupancy_days_modifiers,0.0143674774131517
butfog4,PA,0.004055259837060498,0.0040634935293919,0.0040634935293919,resident,0.0302200246004735,0.0342956561345262,0.0318102487488992,365.0,3.02200246004735,0.0016911747076960588,very_rare,0.16911747076960587,rare,peak_abundance_with_occupancy_days_modifiers,0.0302200246004735
greela,PA,0.003992021269537453,0.0027250000000000004,0.004,breeding,0.3095,0.0036,0.0009,154.0,30.95,0.0016648021766516613,very_rare,0.16648021766516613,,peak_abundance_with_occupancy_days_modifiers,0.3095
gryela1,PA,0.003981319990656562,0.0039892559734911,0.0039892559734911,resident,0.134622968746244,0.0653226931147497,0.1540076206437678,365.0,13.4622968746244,0.00166033939672866,very_rare,0.166033939672866,,peak_abundance_with_occupancy_days_modifiers,0.134622968746244
rcatan1,PA,0.0038924147153438387,0.0039,0.0039,resident,0.0135,0.0005,0.0019,365.0,1.35,0.001623263017154774,very_rare,0.1623263017154774,rare,peak_abundance_with_occupancy_days_modifiers,0.0135
comgal1,PA,0.0038924147153438387,0.0022500000000000003,0.0039,nonbreeding,0.0135,0.0005,0.0002,126.0,1.35,0.001623263017154774,very_rare,0.1623263017154774,rare,peak_abundance_with_occupancy_days_modifiers,0.0135
gyhdov1,PA,0.003792798238696237,0.0038,0.0038,resident,0.0131,0.0127,0.0287,365.0,1.31,0.0015817197196731716,very_rare,0.15817197196731717,rare,peak_abundance_with_occupancy_days_modifiers,0.0131
houspa,PA,0.003792798238696237,0.0038,0.0038,resident,0.0051,0.0,0.0,365.0,0.51,0.0015817197196731716,very_rare,0.15817197196731717,very_rare,peak_abundance_with_occupancy_days_modifiers,0.0051
rudtre1,PA,0.003792798238696237,0.0038,0.0038,resident,0.0152,0.2696,0.1997,365.0,1.52,0.0015817197196731716,very_rare,0.15817197196731717,rare,peak_abundance_with_occupancy_days_modifiers,0.0152
pebfin1,PA,0.0037755123270997726,0.0037826485519077,0.0037826485519077,resident,0.0869289942566686,0.2404476054363574,0.1723103252365761,365.0,8.69289942566686,0.0015745109346221333,very_rare,0.15745109346221334,,peak_abundance_with_occupancy_days_modifiers,0.0869289942566686
gofgre1,PA,0.0037449633278354316,0.0037519844648965,0.0037519844648965,resident,0.0260296631566892,0.015404752315747,0.0053798360458678,365.0,2.6029663156689202,0.001561771012403335,very_rare,0.15617710124033352,rare,peak_abundance_with_occupancy_days_modifiers,0.0260296631566892
grejac2,PA,0.0036931718376175702,0.0037,0.0037,resident,0.0896,0.0024,0.0014,365.0,8.959999999999999,0.0015401722833823486,very_rare,0.15401722833823486,,peak_abundance_with_occupancy_days_modifiers,0.0896
limpki,PA,0.0036931718376175702,0.0037,0.0037,resident,0.0193,0.0007,0.0004,365.0,1.9300000000000002,0.0015401722833823486,very_rare,0.15401722833823486,rare,peak_abundance_with_occupancy_days_modifiers,0.0193
crbwoo1,PA,0.0035935355101301704,0.0036,0.0036,resident,0.162,0.1914,0.2004,365.0,16.2,0.0014986207074575537,very_rare,0.14986207074575536,,peak_abundance_with_occupancy_days_modifiers,0.162
paipar1,PA,0.00349388925425578,0.0035,0.0035,resident,0.0208,0.0017,0.0003,365.0,2.08,0.0014570649910737887,very_rare,0.14570649910737887,rare,peak_abundance_with_occupancy_days_modifiers,0.0208
slcfly1,PA,0.00349388925425578,0.0035,0.0035,resident,0.0551,0.0148,0.0049,365.0,5.510000000000001,0.0014570649910737887,very_rare,0.14570649910737887,,peak_abundance_with_occupancy_days_modifiers,0.0551
bssowl,PA,0.0034625528355250648,0.0034685543965026,0.0034685543965026,resident,0.1648492222537865,0.5211822248806808,0.1414912381388567,365.0,16.48492222537865,0.0014439966894317854,very_rare,0.14439966894317854,,peak_abundance_with_occupancy_days_modifiers,0.1648492222537865
grykin,PA,0.003394233068015547,0.002033333333333333,0.0034,postbreeding_migration,0.042,0.0077,0.0008,91.0,4.2,0.0014155051334058092,very_rare,0.1415505133405809,rare,peak_abundance_with_occupancy_days_modifiers,0.042
kenwar,PA,0.003394233068015547,0.0022666666666666664,0.0034,nonbreeding,0.275,0.072,0.0116,126.0,27.500000000000004,0.0014155051334058092,very_rare,0.1415505133405809,,peak_abundance_with_occupancy_days_modifiers,0.275
surfly1,PA,0.003394233068015547,0.0034,0.0034,resident,0.0759,0.0798,0.0523,365.0,7.59,0.0014155051334058092,very_rare,0.1415505133405809,,peak_abundance_with_occupancy_days_modifiers,0.0759
swfgle,PA,0.003394233068015547,0.0034,0.0034,resident,0.1326,0.4036,0.4557,365.0,13.26,0.0014155051334058092,very_rare,0.1415505133405809,,peak_abundance_with_occupancy_days_modifiers,0.1326
strxen1,PA,0.00322520089255917,0.0032304074488498,0.0032304074488498,resident,0.2446133999795615,0.0095553927066272,0.0015955348509389,365.0,24.46133999795615,0.0013450132410475796,very_rare,0.13450132410475796,,peak_abundance_with_occupancy_days_modifiers,0.2446133999795615
sohwre1,PA,0.003194890896519197,0.0032,0.0032,resident,0.0247,0.1402,0.1202,365.0,2.4699999999999998,0.0013323729909149931,very_rare,0.1332372990914993,rare,peak_abundance_with_occupancy_days_modifiers,0.0247
barpuf1,PA,0.003194890896519197,0.0032,0.0032,resident,0.0284,0.1363,0.1386,365.0,2.8400000000000003,0.0013323729909149931,very_rare,0.1332372990914993,rare,peak_abundance_with_occupancy_days_modifiers,0.0284
litcuc2,PA,0.0031461948805462485,0.0031511493462017,0.0031511493462017,resident,0.3238533065106254,0.0059712911407875,0.0017720387577528,365.0,32.38533065106254,0.0013120651749209452,very_rare,0.13120651749209453,,peak_abundance_with_occupancy_days_modifiers,0.3238533065106254
fragul,PA,0.003095204907302419,0.0010249999999999999,0.0031,nonbreeding,0.0289,0.0507,0.0001,56.0,2.8899999999999997,0.001290800704440433,very_rare,0.1290800704440433,rare,peak_abundance_with_occupancy_days_modifiers,0.0289
capowl1,PA,0.003095204907302419,0.0031,0.0031,resident,0.1168,0.179,0.148,365.0,11.68,0.001290800704440433,very_rare,0.1290800704440433,,peak_abundance_with_occupancy_days_modifiers,0.1168
bltcot1,PA,0.003095204907302419,0.0031,0.0031,resident,0.0841,0.2069,0.179,365.0,8.41,0.001290800704440433,very_rare,0.1290800704440433,,peak_abundance_with_occupancy_days_modifiers,0.0841
strwoo,PA,0.002995508979798479,0.003,0.003,resident,0.141,0.0061,0.0078,365.0,14.099999999999998,0.001249224273378119,very_rare,0.12492242733781189,,peak_abundance_with_occupancy_days_modifiers,0.141
verman1,PA,0.002995508979798479,0.003,0.003,resident,0.0361,0.9305,0.904,365.0,3.61,0.001249224273378119,very_rare,0.12492242733781189,rare,peak_abundance_with_occupancy_days_modifiers,0.0361
blbpuf1,PA,0.002995508979798479,0.003,0.003,resident,0.0273,0.0667,0.1094,365.0,2.73,0.001249224273378119,very_rare,0.12492242733781189,rare,peak_abundance_with_occupancy_days_modifiers,0.0273
jetant1,PA,0.002895803112025565,0.0029,0.0029,resident,0.0521,0.024,0.0247,365.0,5.21,0.0012076436969017555,very_rare,0.12076436969017555,,peak_abundance_with_occupancy_days_modifiers,0.0521
eyrfla1,PA,0.002895803112025565,0.0029,0.0029,resident,0.0471,0.0367,0.0204,365.0,4.71,0.0012076436969017555,very_rare,0.12076436969017555,rare,peak_abundance_with_occupancy_days_modifiers,0.0471
louwat,PA,0.002895803112025565,0.002333333333333333,0.0029,nonbreeding,0.3039,0.0206,0.0044,119.0,30.39,0.0012076436969017555,very_rare,0.12076436969017555,,peak_abundance_with_occupancy_days_modifiers,0.3039
yewvir1,PA,0.002895803112025565,0.0029,0.0029,resident,0.0124,0.2457,0.1868,365.0,1.24,0.0012076436969017555,very_rare,0.12076436969017555,rare,peak_abundance_with_occupancy_days_modifiers,0.0124
grsvir1,PA,0.002796087302001274,0.0028,0.0028,resident,0.0151,0.0181,0.0169,365.0,1.51,0.001166058974184524,very_rare,0.1166058974184524,rare,peak_abundance_with_occupancy_days_modifiers,0.0151
melbla1,PA,0.002796087302001274,0.0028,0.0028,resident,0.0199,0.0023,0.0003,365.0,1.9900000000000002,0.001166058974184524,very_rare,0.1166058974184524,rare,peak_abundance_with_occupancy_days_modifiers,0.0199
tafqua1,PA,0.002796087302001274,0.0028,0.0028,resident,0.1392,0.1569,0.2548,365.0,13.919999999999998,0.001166058974184524,very_rare,0.1166058974184524,,peak_abundance_with_occupancy_days_modifiers,0.1392
spfswi1,PA,0.0027212309045711917,0.002724936814172,0.002724936814172,resident,0.1311959683578029,0.0315333621428239,0.0269341327883012,365.0,13.119596835780289,0.0011348414317508737,very_rare,0.11348414317508737,,peak_abundance_with_occupancy_days_modifiers,0.1311959683578029
ruccoq1,PA,0.0026264974436738214,0.0026299497098791,0.0026299497098791,resident,0.1709085957717497,0.1020199524402172,0.0620666548550443,365.0,17.090859577174967,0.001095334510004995,very_rare,0.1095334510004995,,peak_abundance_with_occupancy_days_modifiers,0.1709085957717497
brnowl,PA,0.002596625847265978,0.0026,0.0026,resident,0.066,,,,6.6000000000000005,0.001082877086719314,very_rare,0.1082877086719314,,peak_abundance_with_occupancy_days_modifiers,0.066
rethaw,PA,0.002596625847265978,0.00245,0.0026,postbreeding_migration,0.0367,0.0003,0.0001,112.0,3.6700000000000004,0.001082877086719314,very_rare,0.1082877086719314,rare,peak_abundance_with_occupancy_days_modifiers,0.0367
bayfly1,PA,0.002596625847265978,0.0026,0.0026,resident,0.0143,0.2948,0.1726,365.0,1.43,0.001082877086719314,very_rare,0.1082877086719314,rare,peak_abundance_with_occupancy_days_modifiers,0.0143
fithum1,PA,0.002496880198587199,0.0025,0.0025,resident,0.0056,0.2104,0.1242,365.0,0.5599999999999999,0.0010412799203166443,very_rare,0.10412799203166442,very_rare,peak_abundance_with_occupancy_days_modifiers,0.0056
whbman1,PA,0.002496880198587199,0.0025,0.0025,resident,0.0316,0.0007,0.0005,365.0,3.16,0.0010412799203166443,very_rare,0.10412799203166442,rare,peak_abundance_with_occupancy_days_modifiers,0.0316
pluhaw,PA,0.002496880198587199,0.0025,0.0025,resident,0.1658,0.4265,0.5049,365.0,16.580000000000002,0.0010412799203166443,very_rare,0.10412799203166442,,peak_abundance_with_occupancy_days_modifiers,0.1658
bltgro1,PA,0.002496880198587199,0.0025,0.0025,resident,0.027,0.2818,0.1868,365.0,2.7,0.0010412799203166443,very_rare,0.10412799203166442,rare,peak_abundance_with_occupancy_days_modifiers,0.027
nosfly1,PA,0.0023971245997214934,0.0024,0.0024,resident,0.0201,0.007,0.0065,365.0,2.01,0.000999678604363726,very_rare,0.09996786043637261,rare,peak_abundance_with_occupancy_days_modifiers,0.0201
saffin,PA,0.0023971245997214934,0.0024,0.0024,resident,0.0067,0.0001,0.0,365.0,0.67,0.000999678604363726,very_rare,0.09996786043637261,very_rare,peak_abundance_with_occupancy_days_modifiers,0.0067
wtgfin1,PA,0.002394261390559964,0.0023971299232453,0.0023971299232453,resident,0.0481052194433917,0.0005663474943135961,0.00018478915976676764,365.0,4.81052194433917,0.0009984845533999448,very_rare,0.09984845533999448,rare,peak_abundance_with_occupancy_days_modifiers,0.0481052194433917
lbsfin1,PA,0.002316597244885415,0.0023192826295341,0.0023192826295341,resident,0.2349186159752098,0.0131835875973755,0.0067402478197228,365.0,23.49186159752098,0.0009660960890014184,very_rare,0.09660960890014184,,peak_abundance_with_occupancy_days_modifiers,0.2349186159752098
tatlea1,PA,0.0023074052309758936,0.0023100693390908,0.0023100693390908,resident,0.231056962338765,0.2155213064435054,0.0776697322375649,365.0,23.1056962338765,0.0009622627214586614,very_rare,0.09622627214586614,,peak_abundance_with_occupancy_days_modifiers,0.231056962338765
stisan,PA,0.0022973590486834897,0.0013,0.0023,postbreeding_migration,0.0154,0.0022,0.0004,98.0,1.54,0.0009580731380325941,very_rare,0.09580731380325941,rare,peak_abundance_with_occupancy_days_modifiers,0.0154
colplo1,PA,0.0022973590486834897,0.0023,0.0023,resident,0.0119,0.0028,0.0017,365.0,1.1900000000000002,0.0009580731380325941,very_rare,0.09580731380325941,rare,peak_abundance_with_occupancy_days_modifiers,0.0119
baffal1,PA,0.0022973590486834897,0.0023,0.0023,resident,0.0447,0.0009,0.001,365.0,4.47,0.0009580731380325941,very_rare,0.09580731380325941,rare,peak_abundance_with_occupancy_days_modifiers,0.0447
whtsic1,PA,0.0021975835434872217,0.0022,0.0022,resident,0.0509,0.0747,0.1025,365.0,5.09,0.0009164635204950369,very_rare,0.0916463520495037,,peak_abundance_with_occupancy_days_modifiers,0.0509
belkin1,PA,0.0021975835434872217,0.0011666666666666668,0.0022,nonbreeding,0.0608,0.0018,0.0007,91.0,6.08,0.0009164635204950369,very_rare,0.0916463520495037,,peak_abundance_with_occupancy_days_modifiers,0.0608
slcsee1,PA,0.0021416191948935392,0.0021439140992595,0.0021439140992595,resident,0.193929915179342,0.0239086422049852,0.0180284336040135,365.0,19.3929915179342,0.0008931245743664813,very_rare,0.08931245743664813,,peak_abundance_with_occupancy_days_modifiers,0.193929915179342
bobher1,PA,0.002097798082146129,0.0021,0.0021,resident,0.0293,0.001,0.0016,365.0,2.93,0.0008748497509225938,very_rare,0.08748497509225937,rare,peak_abundance_with_occupancy_days_modifiers,0.0293
gycyel,PA,0.002097798082146129,0.0021,0.0021,resident,0.0335,0.0066,0.0029,365.0,3.35,0.0008748497509225938,very_rare,0.08748497509225937,rare,peak_abundance_with_occupancy_days_modifiers,0.0335
todmot1,PA,0.002097798082146129,0.0021,0.0021,resident,0.0331,0.0579,0.0234,365.0,3.3099999999999996,0.0008748497509225938,very_rare,0.08748497509225937,rare,peak_abundance_with_occupancy_days_modifiers,0.0331
stbwoo2,PA,0.002097798082146129,0.0021,0.0021,resident,0.012,0.0002,0.0002,365.0,1.2,0.0008748497509225938,very_rare,0.08748497509225937,rare,peak_abundance_with_occupancy_days_modifiers,0.012
tobhum1,PA,0.002097798082146129,0.0021,0.0021,resident,0.0572,0.1577,0.0965,365.0,5.72,0.0008748497509225938,very_rare,0.08748497509225937,,peak_abundance_with_occupancy_days_modifiers,0.0572
fasant1,PA,0.002097798082146129,0.0021,0.0021,resident,0.0241,0.0004,0.0003,365.0,2.41,0.0008748497509225938,very_rare,0.08748497509225937,rare,peak_abundance_with_occupancy_days_modifiers,0.0241
ochpew1,PA,0.002074977896711995,0.0020771321531017,0.0020771321531017,resident,0.0696299100577687,0.2775067079218512,0.2073068277334953,365.0,6.962991005776869,0.0008653329944182474,very_rare,0.08653329944182474,,peak_abundance_with_occupancy_days_modifiers,0.0696299100577687
chcswi1,PA,0.002055515326953842,0.0020576293468021,0.0020576293468021,resident,0.3424670872888334,0.0224331123945643,0.0033808508152432,365.0,34.24670872888334,0.0008572164724087951,very_rare,0.08572164724087951,,peak_abundance_with_occupancy_days_modifiers,0.3424670872888334
norben1,PA,0.001998002662673056,0.002,0.002,resident,0.021,0.0061,0.0023,365.0,2.1,0.000833231828486557,very_rare,0.0833231828486557,rare,peak_abundance_with_occupancy_days_modifiers,0.021
merlin,PA,0.001998002662673056,0.0015666666666666667,0.002,nonbreeding,0.2828,,,,28.28,0.000833231828486557,very_rare,0.0833231828486557,,peak_abundance_with_occupancy_days_modifiers,0.2828
brbscy1,PA,0.001998002662673056,0.002,0.002,resident,0.0245,0.0449,0.1077,365.0,2.45,0.000833231828486557,very_rare,0.0833231828486557,rare,peak_abundance_with_occupancy_days_modifiers,0.0245
stthum1,PA,0.0018981972830802527,0.0019,0.0019,resident,0.0124,0.0318,0.044,365.0,1.24,0.0007916097523579702,very_rare,0.07916097523579702,rare,peak_abundance_with_occupancy_days_modifiers,0.0124
brcfly1,PA,0.0018981972830802527,0.0013499999999999999,0.0019,prebreeding_migration,0.0167,0.0005,0.0003,133.0,1.67,0.0007916097523579702,very_rare,0.07916097523579702,rare,peak_abundance_with_occupancy_days_modifiers,0.0167
y00475,PA,0.0018981972830802527,0.0012333333333333335,0.0019,nonbreeding,0.0066,0.001,0.0,70.0,0.66,0.0007916097523579702,very_rare,0.07916097523579702,very_rare,peak_abundance_with_occupancy_days_modifiers,0.0066
bltwre1,PA,0.0018981972830802527,0.0019,0.0019,resident,0.0141,0.0443,0.0693,365.0,1.41,0.0007916097523579702,very_rare,0.07916097523579702,rare,peak_abundance_with_occupancy_days_modifiers,0.0141
bkcori,PA,0.0018981972830802527,0.0019,0.0019,resident,0.0124,0.0063,0.0051,365.0,1.24,0.0007916097523579702,very_rare,0.07916097523579702,rare,peak_abundance_with_occupancy_days_modifiers,0.0124
maghum2,PA,0.0018981972830802527,0.0019,0.0019,resident,0.0053,0.2034,0.1524,365.0,0.53,0.0007916097523579702,very_rare,0.07916097523579702,very_rare,peak_abundance_with_occupancy_days_modifiers,0.0053
bafibi1,PA,0.0018981972830802527,0.0019,0.0019,resident,0.0042,0.0001,0.0001,365.0,0.42,0.0007916097523579702,very_rare,0.07916097523579702,very_rare,peak_abundance_with_occupancy_days_modifiers,0.0042
bawbec7,PA,0.0018603215552408985,0.0018620530269169,0.0018620530269169,resident,0.2152788777256998,0.0501558451234688,0.0314748423140696,365.0,21.527887772569983,0.00077581434700018,very_rare,0.07758143470001799,,peak_abundance_with_occupancy_days_modifiers,0.2152788777256998
cogdov,PA,0.0017983819413793735,0.0018,0.0018,resident,0.0096,0.0004,0.0001,365.0,0.96,0.0007499835217076287,very_rare,0.07499835217076287,very_rare,peak_abundance_with_occupancy_days_modifiers,0.0096
grepuf1,PA,0.0017983819413793735,0.0018,0.0018,resident,0.0273,0.0835,0.0542,365.0,2.73,0.0007499835217076287,very_rare,0.07499835217076287,rare,peak_abundance_with_occupancy_days_modifiers,0.0273
vibhum1,PA,0.0017983819413793735,0.0018,0.0018,resident,0.0213,0.0483,0.0597,365.0,2.13,0.0007499835217076287,very_rare,0.07499835217076287,rare,peak_abundance_with_occupancy_days_modifiers,0.0213
ruther1,PA,0.0017983819413793735,0.0018,0.0018,resident,0.0187,0.0003,0.0002,365.0,1.87,0.0007499835217076287,very_rare,0.07499835217076287,rare,peak_abundance_with_occupancy_days_modifiers,0.0187
oliwoo1,PA,0.0017983819413793735,0.0018,0.0018,resident,0.0277,0.0003,0.0002,365.0,2.77,0.0007499835217076287,very_rare,0.07499835217076287,rare,peak_abundance_with_occupancy_days_modifiers,0.0277
ampkin1,PA,0.0017983819413793735,0.0018,0.0018,resident,0.03,0.0009,0.0015,365.0,3.0,0.0007499835217076287,very_rare,0.07499835217076287,rare,peak_abundance_with_occupancy_days_modifiers,0.03
rthhum,PA,0.0017983819413793735,0.0009333333333333333,0.0018,nonbreeding,0.0762,0.0058,0.001,91.0,7.62,0.0007499835217076287,very_rare,0.07499835217076287,,peak_abundance_with_occupancy_days_modifiers,0.0762
yegtyr1,PA,0.001738434161250941,0.0017399461139339,0.0017399461139339,resident,0.0892503267131838,0.6542155548423317,0.7031645893179861,365.0,8.92503267131838,0.0007249833556000417,very_rare,0.07249833556000417,,peak_abundance_with_occupancy_days_modifiers,0.0892503267131838
rotbec,PA,0.0016985566355814774,0.00085,0.0017,nonbreeding,0.0429,0.0031,0.0011,210.0,4.29,0.00070835313570608,very_rare,0.070835313570608,rare,peak_abundance_with_occupancy_days_modifiers,0.0429
aplfal,PA,0.0016985566355814774,0.0017,0.0017,resident,0.0236,0.0003,0.0003,365.0,2.36,0.00070835313570608,very_rare,0.070835313570608,rare,peak_abundance_with_occupancy_days_modifiers,0.0236
stbtre1,PA,0.0016985566355814774,0.0017,0.0017,resident,0.0178,0.2896,0.2214,365.0,1.78,0.00070835313570608,very_rare,0.070835313570608,rare,peak_abundance_with_occupancy_days_modifiers,0.0178
grepot1,PA,0.0016633133979145457,0.0016646974709204,0.0016646974709204,resident,0.1958621150268792,0.0025499286520568,0.0011690468993994,365.0,19.58621150268792,0.0006936555640203178,very_rare,0.06936555640203178,,peak_abundance_with_occupancy_days_modifiers,0.1958621150268792
vesowl,PA,0.0016014364872130532,0.0016027194714055,0.0016027194714055,resident,0.1493061861977105,0.0045833246082861,0.0003686392877454438,365.0,14.93061861977105,0.0006678508879764812,very_rare,0.06678508879764812,,peak_abundance_with_occupancy_days_modifiers,0.1493061861977105
thlsch2,PA,0.0015987213636970278,0.0016,0.0016,resident,0.0432,0.0416,0.007,365.0,4.32,0.0006667185935236227,very_rare,0.06667185935236226,rare,peak_abundance_with_occupancy_days_modifiers,0.0432
refpar1,PA,0.0015987213636970278,0.0016,0.0016,resident,0.0243,0.4437,0.4431,365.0,2.4299999999999997,0.0006667185935236227,very_rare,0.06667185935236226,rare,peak_abundance_with_occupancy_days_modifiers,0.0243
gogwoo1,PA,0.0015987213636970278,0.0016,0.0016,resident,0.0191,0.0003,0.001,365.0,1.91,0.0006667185935236227,very_rare,0.06667185935236226,rare,peak_abundance_with_occupancy_days_modifiers,0.0191
whvplu1,PA,0.0015987213636970278,0.0016,0.0016,resident,0.0077,0.0055,0.0067,365.0,0.77,0.0006667185935236227,very_rare,0.06667185935236226,very_rare,peak_abundance_with_occupancy_days_modifiers,0.0077
cerwar,PA,0.0015987213636970278,0.0011,0.0016,postbreeding_migration,0.1137,0.0338,0.0176,126.0,11.37,0.0006667185935236227,very_rare,0.06667185935236226,,peak_abundance_with_occupancy_days_modifiers,0.1137
wtstan1,PA,0.0015987213636970278,0.0016,0.0016,resident,0.0111,0.0467,0.0992,365.0,1.11,0.0006667185935236227,very_rare,0.06667185935236226,rare,peak_abundance_with_occupancy_days_modifiers,0.0111
shtstr1,PA,0.0015007407119097778,0.0015018673867971,0.0015018673867971,resident,0.0943486874910714,0.0009695926198340482,0.0001809810640659543,365.0,9.43486874910714,0.0006258574879954309,very_rare,0.0625857487995431,,peak_abundance_with_occupancy_days_modifiers,0.0943486874910714
father1,PA,0.0014988761237358919,0.0015,0.0015,resident,0.1148,0.0534,0.0285,365.0,11.48,0.0006250798943303071,very_rare,0.06250798943303071,,peak_abundance_with_occupancy_days_modifiers,0.1148
chqdov1,PA,0.0014988761237358919,0.0015,0.0015,resident,0.0223,0.2784,0.3363,365.0,2.23,0.0006250798943303071,very_rare,0.06250798943303071,rare,peak_abundance_with_occupancy_days_modifiers,0.0223
goowoo1,PA,0.001399020913707341,0.0014,0.0014,resident,0.0143,0.0016,0.001,365.0,1.43,0.0005834370372959348,very_rare,0.05834370372959348,rare,peak_abundance_with_occupancy_days_modifiers,0.0143
rudwoo1,PA,0.001399020913707341,0.0014,0.0014,resident,0.0487,0.0393,0.0111,365.0,4.87,0.0005834370372959348,very_rare,0.05834370372959348,rare,peak_abundance_with_occupancy_days_modifiers,0.0487
wibant1,PA,0.001399020913707341,0.0014,0.0014,resident,0.0768,0.0056,0.0054,365.0,7.68,0.0005834370372959348,very_rare,0.05834370372959348,,peak_abundance_with_occupancy_days_modifiers,0.0768
rehbar1,PA,0.001399020913707341,0.0014,0.0014,resident,0.0095,0.0092,0.0065,365.0,0.95,0.0005834370372959348,very_rare,0.05834370372959348,very_rare,peak_abundance_with_occupancy_days_modifiers,0.0095
tawwoo1,PA,0.0013144864994747451,0.0013153508155225,0.0013153508155225,resident,0.0145192098745814,0.0006924188480025492,0.0004282366153208929,365.0,1.45192098745814,0.0005481834483708753,very_rare,0.05481834483708753,rare,peak_abundance_with_occupancy_days_modifiers,0.0145192098745814
bawhae1,PA,0.00129915573162005,0.0013,0.0013,resident,0.1142,0.0052,0.0074,365.0,11.42,0.0005417900215900586,very_rare,0.05417900215900586,,peak_abundance_with_occupancy_days_modifiers,0.1142
cattyr,PA,0.00129915573162005,0.0013,0.0013,resident,0.0104,0.0002,0.0001,365.0,1.04,0.0005417900215900586,very_rare,0.05417900215900586,rare,peak_abundance_with_occupancy_days_modifiers,0.0104
bbnthr1,PA,0.00129915573162005,0.0013,0.0013,resident,0.0045,0.2018,0.1051,365.0,0.44999999999999996,0.0005417900215900586,very_rare,0.05417900215900586,very_rare,peak_abundance_with_occupancy_days_modifiers,0.0045
woothr,PA,0.00129915573162005,0.0007999999999999999,0.0013,nonbreeding,0.1311,0.0284,0.0014,112.0,13.11,0.0005417900215900586,very_rare,0.05417900215900586,,peak_abundance_with_occupancy_days_modifiers,0.1311
purmar,PA,0.00129915573162005,0.0005666666666666666,0.0013,postbreeding_migration,0.04,0.0006,0.0,91.0,4.0,0.0005417900215900586,very_rare,0.05417900215900586,rare,peak_abundance_with_occupancy_days_modifiers,0.04
killde,PA,0.00129915573162005,0.0009333333333333332,0.0013,prebreeding_migration,0.0295,0.001,0.0,56.0,2.9499999999999997,0.0005417900215900586,very_rare,0.05417900215900586,rare,peak_abundance_with_occupancy_days_modifiers,0.0295
lsspet,PA,0.0012479906912263256,0.000739628312986372,0.0012487697556637,nonbreeding,0.0445539823707505,0.0024391176358145,8.46934073104784e-05,70.0,4.45539823707505,0.000520452542437351,very_rare,0.0520452542437351,rare,peak_abundance_with_occupancy_days_modifiers,0.0445539823707505
strwoo5,PA,0.001216185151086968,0.0012169250041502,0.0012169250041502,resident,0.1301487781288665,0.1624269112224725,0.0585392007537487,365.0,13.014877812886649,0.0005071886019724862,very_rare,0.05071886019724862,,peak_abundance_with_occupancy_days_modifiers,0.1301487781288665
lattro1,PA,0.0011992805754820971,0.0012,0.0012,resident,0.0507,0.8672,0.5938,365.0,5.07,0.0005001388463819827,very_rare,0.050013884638198274,,peak_abundance_with_occupancy_days_modifiers,0.0507
laffin1,PA,0.0011992805754820971,0.0012,0.0012,resident,0.0033,0.1947,0.1261,365.0,0.33,0.0005001388463819827,very_rare,0.050013884638198274,very_rare,peak_abundance_with_occupancy_days_modifiers,0.0033
gnbman,PA,0.0011992805754820971,0.00085,0.0012,breeding,0.0381,0.0096,0.0037,280.0,3.81,0.0005001388463819827,very_rare,0.050013884638198274,rare,peak_abundance_with_occupancy_days_modifiers,0.0381
rottan2,PA,0.0011821045520286864,0.0011828035130025,0.0011828035130025,resident,0.042111050504015,0.0556951176234836,0.0974274338129101,365.0,4.2111050504015,0.00049297588824605,very_rare,0.049297588824605006,rare,peak_abundance_with_occupancy_days_modifiers,0.042111050504015
yelpip2,PA,0.0011459210429825496,0.0011465778613643,0.0011465778613643,resident,0.0354520732040649,0.0002810370266282583,4.501558148849646e-05,365.0,3.54520732040649,0.00047788619293842355,very_rare,0.04778861929384236,rare,peak_abundance_with_occupancy_days_modifiers,0.0354520732040649
whcpig2,PA,0.0010993954433009636,0.0011,0.0011,resident,0.0216,0.0281,0.001,365.0,2.16,0.0004584835108407622,very_rare,0.04584835108407622,rare,peak_abundance_with_occupancy_days_modifiers,0.0216
brtplu1,PA,0.0010993954433009636,0.0011,0.0011,resident,0.0118,0.0154,0.031,365.0,1.18,0.0004584835108407622,very_rare,0.04584835108407622,rare,peak_abundance_with_occupancy_days_modifiers,0.0118
volhum1,PA,0.0010993954433009636,0.0011,0.0011,resident,0.0031,0.1808,0.1009,365.0,0.31,0.0004584835108407622,very_rare,0.04584835108407622,very_rare,peak_abundance_with_occupancy_days_modifiers,0.0031
bagtan1,PA,0.0009995003330835331,0.001,0.001,resident,0.0223,0.6145,0.3121,365.0,2.23,0.00041682401413511066,very_rare,0.04168240141351107,rare,peak_abundance_with_occupancy_days_modifiers,0.0223
garkin1,PA,0.0009995003330835331,0.001,0.001,resident,0.0359,0.0011,0.001,365.0,3.5900000000000003,0.00041682401413511066,very_rare,0.04168240141351107,rare,peak_abundance_with_occupancy_days_modifiers,0.0359
plawre3,PA,0.0009995003330835331,0.001,0.001,resident,0.0045,0.0491,0.0478,365.0,0.44999999999999996,0.00041682401413511066,very_rare,0.04168240141351107,very_rare,peak_abundance_with_occupancy_days_modifiers,0.0045
dubjac1,PA,0.0009995003330835331,0.001,0.001,resident,0.0086,0.5067,0.5613,365.0,0.86,0.00041682401413511066,very_rare,0.04168240141351107,very_rare,peak_abundance_with_occupancy_days_modifiers,0.0086
whthaw,PA,0.0009995003330835331,0.001,0.001,resident,0.1474,0.0023,0.0003,365.0,14.74,0.00041682401413511066,very_rare,0.04168240141351107,,peak_abundance_with_occupancy_days_modifiers,0.1474
smbwoo1,PA,0.000899595242836093,0.0009,0.0009,resident,0.0117,0.0025,0.0024,365.0,1.17,0.0003751603554337701,very_rare,0.03751603554337701,rare,peak_abundance_with_occupancy_days_modifiers,0.0117
blbfly1,PA,0.000899595242836093,0.0009,0.0009,resident,0.1551,0.4477,0.3005,365.0,15.509999999999998,0.0003751603554337701,very_rare,0.03751603554337701,,peak_abundance_with_occupancy_days_modifiers,0.1551
yerwar,PA,0.000899595242836093,0.0003333333333333333,0.0009,nonbreeding,0.1089,0.0019,0.0,91.0,10.89,0.0003751603554337701,very_rare,0.03751603554337701,,peak_abundance_with_occupancy_days_modifiers,0.1089
motowl,PA,0.000899595242836093,0.0009,0.0009,resident,0.0232,0.0013,0.0023,365.0,2.32,0.0003751603554337701,very_rare,0.03751603554337701,rare,peak_abundance_with_occupancy_days_modifiers,0.0232
soorob1,PA,0.000899595242836093,0.0009,0.0009,resident,0.0029,0.2764,0.1242,365.0,0.29,0.0003751603554337701,very_rare,0.03751603554337701,very_rare,peak_abundance_with_occupancy_days_modifiers,0.0029
rubant1,PA,0.000899595242836093,0.0009,0.0009,resident,0.035,0.0525,0.0218,365.0,3.5000000000000004,0.0003751603554337701,very_rare,0.03751603554337701,rare,peak_abundance_with_occupancy_days_modifiers,0.035
ovenbi1,PA,0.000899595242836093,0.0006333333333333333,0.0009,postbreeding_migration,0.1028,0.0075,0.0008,112.0,10.280000000000001,0.0003751603554337701,very_rare,0.03751603554337701,,peak_abundance_with_occupancy_days_modifiers,0.1028
blchaw1,PA,0.0008626821774295391,0.0008630543947265473,0.0008630543947265473,resident,0.118853954620529,0.0019773883379371,0.00030459964720535763,365.0,11.8853954620529,0.0003597664114925215,very_rare,0.03597664114925215,,peak_abundance_with_occupancy_days_modifiers,0.118853954620529
phecuc1,PA,0.0008334054696392715,0.0008337528484734548,0.0008337528484734548,resident,0.0644803159042048,0.0005922630225637766,0.000418205064839573,365.0,6.448031590420481,0.0003475570760296995,very_rare,0.03475570760296995,,peak_abundance_with_occupancy_days_modifiers,0.0644803159042048
yecchl1,PA,0.0007996801705643322,0.0008,0.0008,resident,0.0337,0.216,0.0352,365.0,3.37,0.0003334925339049559,very_rare,0.03334925339049559,rare,peak_abundance_with_occupancy_days_modifiers,0.0337
indbun,PA,0.0007996801705643322,0.0004,0.0008,nonbreeding,0.1332,0.0086,0.0002,98.0,13.320000000000002,0.0003334925339049559,very_rare,0.03334925339049559,,peak_abundance_with_occupancy_days_modifiers,0.1332
lobdow,PA,0.0007996801705643322,0.00030000000000000003,0.0008,nonbreeding,0.0038,0.0009,0.0001,42.0,0.38,0.0003334925339049559,very_rare,0.03334925339049559,very_rare,peak_abundance_with_occupancy_days_modifiers,0.0038
bicwre1,PA,0.0007996801705643322,0.0008,0.0008,resident,0.0024,0.0003,0.0002,365.0,0.24,0.0003334925339049559,very_rare,0.03334925339049559,very_rare,peak_abundance_with_occupancy_days_modifiers,0.0024
wrenth1,PA,0.0007996801705643322,0.0008,0.0008,resident,0.0074,0.2494,0.125,365.0,0.74,0.0003334925339049559,very_rare,0.03334925339049559,very_rare,peak_abundance_with_occupancy_days_modifiers,0.0074
brofly1,PA,0.0007996801705643322,0.0008,0.0008,resident,0.0466,0.0031,0.0019,365.0,4.66,0.0003334925339049559,very_rare,0.03334925339049559,rare,peak_abundance_with_occupancy_days_modifiers,0.0466
atbtan1,PA,0.0007582838536509742,0.0007585714235342679,0.0007585714235342679,resident,0.0698573889795874,0.0166506564201088,0.001238079755297,365.0,6.985738897958741,0.0003162289288664742,very_rare,0.03162289288664742,,peak_abundance_with_occupancy_days_modifiers,0.0698573889795874
bffgle,PA,0.0007079702457989582,0.0007082209158855905,0.0007082209158855905,resident,0.0925195691017129,0.0043950602986418,0.00028712231809810423,365.0,9.25195691017129,0.0002952465246627198,very_rare,0.029524652466271978,,peak_abundance_with_occupancy_days_modifiers,0.0925195691017129
whtfly1,PA,0.0007038401803826284,0.0003615159321929803,0.0007040879340052976,breeding,0.1776507951104609,0.0163055162511658,0.0015996885377488,56.0,17.76507951104609,0.00029352415360541076,very_rare,0.029352415360541076,,peak_abundance_with_occupancy_days_modifiers,0.1776507951104609
woewar1,PA,0.0006997551142733419,0.0003333333333333333,0.0007,postbreeding_migration,0.205,0.0277,0.0016,133.0,20.5,0.0002918205487167264,very_rare,0.02918205487167264,,peak_abundance_with_occupancy_days_modifiers,0.205
bbwqua1,PA,0.0006997551142733419,0.0007,0.0007,resident,0.0089,0.37,0.1325,365.0,0.89,0.0002918205487167264,very_rare,0.02918205487167264,very_rare,peak_abundance_with_occupancy_days_modifiers,0.0089
semhaw,PA,0.0006997551142733419,0.0007,0.0007,resident,0.0201,0.0749,0.235,365.0,2.01,0.0002918205487167264,very_rare,0.02918205487167264,rare,peak_abundance_with_occupancy_days_modifiers,0.0201
rufgle1,PA,0.0006997551142733419,0.0007,0.0007,resident,0.0177,,,,1.77,0.0002918205487167264,very_rare,0.02918205487167264,rare,peak_abundance_with_occupancy_days_modifiers,0.0177
bawowl1,PA,0.0006997551142733419,0.0007,0.0007,resident,0.0212,0.021,0.0139,365.0,2.12,0.0002918205487167264,very_rare,0.02918205487167264,rare,peak_abundance_with_occupancy_days_modifiers,0.0212
yetori1,PA,0.0006997551142733419,0.0007,0.0007,resident,0.0362,0.0123,0.0018,365.0,3.62,0.0002918205487167264,very_rare,0.02918205487167264,rare,peak_abundance_with_occupancy_days_modifiers,0.0362
whccoq1,PA,0.000660753406992159,0.0006609717526128076,0.0006609717526128076,resident,0.0132626259052273,0.0136963108026442,0.0143123012255232,365.0,1.3262625905227299,0.00027555557345961543,very_rare,0.027555557345961542,rare,peak_abundance_with_occupancy_days_modifiers,0.0132626259052273
amedip,PA,0.0005998200719676155,0.0006,0.0006,resident,0.0061,0.0013,0.0011,365.0,0.61,0.0002501443990368907,very_rare,0.02501443990368907,very_rare,peak_abundance_with_occupancy_days_modifiers,0.0061
mancuc,PA,0.0005998200719676155,0.0006,0.0006,resident,0.0235,0.01,0.0049,365.0,2.35,0.0002501443990368907,very_rare,0.02501443990368907,rare,peak_abundance_with_occupancy_days_modifiers,0.0235
wilpha,PA,0.0005998200719676155,0.0003,0.0006,postbreeding_migration,0.0123,0.0005,0.0,63.0,1.23,0.0002501443990368907,very_rare,0.02501443990368907,rare,peak_abundance_with_occupancy_days_modifiers,0.0123
rurant1,PA,0.0005998200719676155,0.0006,0.0006,resident,0.0774,0.0913,0.0295,365.0,7.739999999999999,0.0002501443990368907,very_rare,0.02501443990368907,,peak_abundance_with_occupancy_days_modifiers,0.0774
eleter1,PA,0.0005998200719676155,0.00027499999999999996,0.0006,nonbreeding,0.0147,0.0424,0.0003,63.0,1.47,0.0002501443990368907,very_rare,0.02501443990368907,rare,peak_abundance_with_occupancy_days_modifiers,0.0147
higtin1,PA,0.0005998200719676155,0.0006,0.0006,resident,0.0181,0.0285,0.0513,365.0,1.81,0.0002501443990368907,very_rare,0.02501443990368907,rare,peak_abundance_with_occupancy_days_modifiers,0.0181
crctan1,PA,0.0005998200719676155,0.0006,0.0006,resident,0.0071,0.0146,0.0059,365.0,0.7100000000000001,0.0002501443990368907,very_rare,0.02501443990368907,very_rare,peak_abundance_with_occupancy_days_modifiers,0.0071
tinhaw1,PA,0.0005922950007713699,0.0005924704420913018,0.0005924704420913018,resident,0.1106562069151029,0.0021251190527327,0.0024619736270918,365.0,11.06562069151029,0.00024700620060027134,very_rare,0.024700620060027136,,peak_abundance_with_occupancy_days_modifiers,0.1106562069151029
yebtyr1,PA,0.0005678850266626453,0.0005680463038919288,0.0005680463038919288,resident,0.0115653815879612,0.00095261129967681,0.0004585513085191798,365.0,1.15653815879612,0.0002368264507231561,very_rare,0.02368264507231561,rare,peak_abundance_with_occupancy_days_modifiers,0.0115653815879612
banumb1,PA,0.0005192369786838534,0.0005193718055385562,0.0005193718055385562,resident,0.0249975744505856,0.2476851851851851,0.2512487256870486,365.0,2.49975744505856,0.0002165386389364108,very_rare,0.02165386389364108,rare,peak_abundance_with_occupancy_days_modifiers,0.0249975744505856
ytbtan1,PA,0.000499875041651048,0.0005,0.0005,resident,0.029,0.0264,0.0012,365.0,2.9000000000000004,0.00020846408403300828,very_rare,0.020846408403300827,rare,peak_abundance_with_occupancy_days_modifiers,0.029
grasal2,PA,0.000499875041651048,0.0005,0.0005,resident,0.0032,0.0005,0.0003,365.0,0.32,0.00020846408403300828,very_rare,0.020846408403300827,very_rare,peak_abundance_with_occupancy_days_modifiers,0.0032
snocot1,PA,0.000499875041651048,0.0005,0.0005,resident,0.0033,0.0177,0.0501,365.0,0.33,0.00020846408403300828,very_rare,0.020846408403300827,very_rare,peak_abundance_with_occupancy_days_modifiers,0.0033
scaant1,PA,0.00046815983287756,0.0004682694367955033,0.0004682694367955033,resident,0.1529544041709376,0.0207866217421334,0.003373253915015,365.0,15.295440417093761,0.00019523781467368392,very_rare,0.01952378146736839,,peak_abundance_with_occupancy_days_modifiers,0.1529544041709376
whcswi1,PA,0.00045172348974407603,0.0004518255321640769,0.0004518255321640769,resident,0.1517243499628252,0.0097800146357481,0.00021139511951999657,365.0,15.172434996282519,0.00018838332719051386,very_rare,0.018838332719051387,,peak_abundance_with_occupancy_days_modifiers,0.1517243499628252
pinbit1,PA,0.0004273951253652797,0.00042748647167506503,0.00042748647167506503,resident,0.1054918827113376,0.0033472302847168,0.0008894602469929658,365.0,10.54918827113376,0.0001782376112141712,very_rare,0.01782376112141712,,peak_abundance_with_occupancy_days_modifiers,0.1054918827113376
wbmgem1,PA,0.0003999200213269354,0.0004,0.0004,resident,0.0052,0.4,0.1812,365.0,0.52,0.00016677960287238907,very_rare,0.016677960287238905,very_rare,peak_abundance_with_occupancy_days_modifiers,0.0052
redkno,PA,0.0003999200213269354,0.00025,0.0004,postbreeding_migration,0.0049,,,,0.49,0.00016677960287238907,very_rare,0.016677960287238905,very_rare,peak_abundance_with_occupancy_days_modifiers,0.0049
bkpwar,PA,0.0003999200213269354,0.00013333333333333334,0.0004,nonbreeding,0.1277,0.0028,0.0002,112.0,12.770000000000001,0.00016677960287238907,very_rare,0.016677960287238905,,peak_abundance_with_occupancy_days_modifiers,0.1277
blhsal1,PA,0.0003999200213269354,0.0004,0.0004,resident,0.0051,0.0008,0.0001,365.0,0.51,0.00016677960287238907,very_rare,0.016677960287238905,very_rare,peak_abundance_with_occupancy_days_modifiers,0.0051
leafly,PA,0.0003999200213269354,0.00013333333333333334,0.0004,postbreeding_migration,0.1485,0.0015,0.0,49.0,14.85,0.00016677960287238907,very_rare,0.016677960287238905,,peak_abundance_with_occupancy_days_modifiers,0.1485
bfqdov1,PA,0.0003999200213269354,0.0004,0.0004,resident,0.0109,0.2479,0.1308,365.0,1.09,0.00016677960287238907,very_rare,0.016677960287238905,rare,peak_abundance_with_occupancy_days_modifiers,0.0109
fuwduc,PA,0.0003999200213269354,0.00025,0.0004,breeding,0.0078,,,,0.7799999999999999,0.00016677960287238907,very_rare,0.016677960287238905,very_rare,peak_abundance_with_occupancy_days_modifiers,0.0078
incdov,PA,0.0003999200213269354,0.0004,0.0004,resident,0.0078,0.0007,0.0,365.0,0.7799999999999999,0.00016677960287238907,very_rare,0.016677960287238905,very_rare,peak_abundance_with_occupancy_days_modifiers,0.0078
crpowl,PA,0.0003999200213269354,0.0004,0.0004,resident,0.0077,0.2517,0.16,365.0,0.77,0.00016677960287238907,very_rare,0.016677960287238905,very_rare,peak_abundance_with_occupancy_days_modifiers,0.0077
ruthum1,PA,0.0003208657125266762,0.00017481779152593552,0.0003209171954356334,breeding,0.0396706212489817,0.0003538959641512953,2.3915047383819627e-05,112.0,3.96706212489817,0.000133811395421072,very_rare,0.013381139542107201,rare,peak_abundance_with_occupancy_days_modifiers,0.0396706212489817
surfbi,PA,0.00029995500899797546,0.0001333333333333333,0.0003,postbreeding_migration,0.0068,0.0066,0.0006,42.0,0.6799999999999999,0.00012509095472209328,very_rare,0.012509095472209329,very_rare,peak_abundance_with_occupancy_days_modifiers,0.0068
rewbla,PA,0.00029995500899797546,0.00025,0.0003,prebreeding_migration,0.0019,0.0,0.0,35.0,0.19,0.00012509095472209328,very_rare,0.012509095472209329,very_rare,peak_abundance_with_occupancy_days_modifiers,0.0019
sthbrf3,PA,0.00029995500899797546,0.0003,0.0003,resident,0.0014,0.0749,0.1224,365.0,0.13999999999999999,0.00012509095472209328,very_rare,0.012509095472209329,very_rare,peak_abundance_with_occupancy_days_modifiers,0.0014
hobkit,PA,0.00029995500899797546,0.0003,0.0003,resident,0.0336,0.0006,0.0005,365.0,3.36,0.00012509095472209328,very_rare,0.012509095472209329,rare,peak_abundance_with_occupancy_days_modifiers,0.0336
ruwwoo1,PA,0.00029995500899797546,0.0003,0.0003,resident,0.0055,0.0225,0.0155,365.0,0.5499999999999999,0.00012509095472209328,very_rare,0.012509095472209329,very_rare,peak_abundance_with_occupancy_days_modifiers,0.0055
bichaw1,PA,0.00029995500899797546,0.0003,0.0003,resident,0.0586,0.0024,0.0016,365.0,5.86,0.00012509095472209328,very_rare,0.012509095472209329,,peak_abundance_with_occupancy_days_modifiers,0.0586
soffin1,PA,0.0002909723861024975,0.0002910147226733927,0.0002910147226733927,resident,0.0698573889795874,0.2785714285714286,0.0104361369903606,365.0,6.985738897958741,0.00012134491001472334,very_rare,0.012134491001472333,,peak_abundance_with_occupancy_days_modifiers,0.0698573889795874
babwre1,PA,0.0002797640191643231,0.00027980315676721186,0.00027980315676721186,resident,0.1562110180593426,0.0127513287143042,0.0001744739946935435,365.0,15.62110180593426,0.00011667065794656524,very_rare,0.011667065794656524,,peak_abundance_with_occupancy_days_modifiers,0.1562110180593426
amhgul1,PA,0.00021231749762566494,0.0001526980862013901,0.00021234003858081545,nonbreeding,0.0078518172595015,0.00042382388870883296,1.7260579508782205e-06,28.0,0.7851817259501501,8.854327377600601e-05,very_rare,0.0088543273776006,rare,peak_abundance_with_occupancy_days_modifiers,0.0078518172595015
grycat,PA,0.00019998000266626675,0.0002,0.0002,nonbreeding,0.0102,0.0006,0.0,98.0,1.02,8.339813874893117e-05,very_rare,0.008339813874893118,rare,peak_abundance_with_occupancy_days_modifiers,0.0102
blcfly1,PA,0.00019998000266626675,0.0002,0.0002,resident,0.0012,0.0876,0.0343,365.0,0.12,8.339813874893117e-05,very_rare,0.008339813874893118,very_rare,peak_abundance_with_occupancy_days_modifiers,0.0012
azhjay1,PA,0.00019998000266626675,0.0002,0.0002,resident,0.0054,0.0271,0.0155,365.0,0.54,8.339813874893117e-05,very_rare,0.008339813874893118,very_rare,peak_abundance_with_occupancy_days_modifiers,0.0054
sctfly,PA,0.00019998000266626675,6.666666666666667e-05,0.0002,nonbreeding,0.008,0.0039,0.0001,49.0,0.8,8.339813874893117e-05,very_rare,0.008339813874893118,very_rare,peak_abundance_with_occupancy_days_modifiers,0.008
shshaw,PA,0.00019998000266626675,0.00013333333333333334,0.0002,postbreeding_migration,0.0746,0.0007,0.0001,63.0,7.46,8.339813874893117e-05,very_rare,0.008339813874893118,,peak_abundance_with_occupancy_days_modifiers,0.0746
magwar,PA,0.00019998000266626675,0.0001,0.0002,nonbreeding,0.0282,0.0027,0.0001,119.0,2.82,8.339813874893117e-05,very_rare,0.008339813874893118,rare,peak_abundance_with_occupancy_days_modifiers,0.0282
secfly1,PA,0.00019998000266626675,0.0002,0.0002,resident,0.0022,0.0001,0.0001,365.0,0.22,8.339813874893117e-05,very_rare,0.008339813874893118,very_rare,peak_abundance_with_occupancy_days_modifiers,0.0022
leagre,PA,0.00019998000266626675,0.0002,0.0002,resident,0.0009,0.0001,0.0001,0.0,0.09,8.339813874893117e-05,very_rare,0.008339813874893118,very_rare,peak_abundance_with_occupancy_days_modifiers,0.0009
pibgre,PA,0.00019998000266626675,0.0001,0.0002,nonbreeding,0.0075,0.0003,0.0,98.0,0.75,8.339813874893117e-05,very_rare,0.008339813874893118,very_rare,peak_abundance_with_occupancy_days_modifiers,0.0075
whcman2,PA,0.00019998000266626675,0.0002,0.0002,resident,0.0145,0.0004,0.0001,365.0,1.4500000000000002,8.339813874893117e-05,very_rare,0.008339813874893118,rare,peak_abundance_with_occupancy_days_modifiers,0.0145
amewig,PA,0.00019998000266626675,0.00013333333333333334,0.0002,nonbreeding,0.0047,0.0004,0.0,42.0,0.47000000000000003,8.339813874893117e-05,very_rare,0.008339813874893118,very_rare,peak_abundance_with_occupancy_days_modifiers,0.0047
pbqdov1,PA,0.00019998000266626675,0.0002,0.0002,resident,0.0077,0.5873,0.4075,365.0,0.77,8.339813874893117e-05,very_rare,0.008339813874893118,very_rare,peak_abundance_with_occupancy_days_modifiers,0.0077
wilsni1,PA,0.00019998000266626675,6.666666666666667e-05,0.0002,postbreeding_migration,0.0149,0.0004,0.0,56.0,1.49,8.339813874893117e-05,very_rare,0.008339813874893118,rare,peak_abundance_with_occupancy_days_modifiers,0.0149
caster1,PA,0.00019998000266626675,0.00016666666666666666,0.0002,nonbreeding,0.0228,0.0014,0.0,105.0,2.2800000000000002,8.339813874893117e-05,very_rare,0.008339813874893118,rare,peak_abundance_with_occupancy_days_modifiers,0.0228
wantat1,PA,0.00019998000266626675,0.0001,0.0002,postbreeding_migration,0.0241,0.0187,0.0004,98.0,2.41,8.339813874893117e-05,very_rare,0.008339813874893118,rare,peak_abundance_with_occupancy_days_modifiers,0.0241
sora,PA,0.00019998000266626675,6.666666666666667e-05,0.0002,nonbreeding,0.0257,0.0034,0.0004,91.0,2.5700000000000003,8.339813874893117e-05,very_rare,0.008339813874893118,rare,peak_abundance_with_occupancy_days_modifiers,0.0257
agaher1,PA,0.00019998000266626675,0.0002,0.0002,resident,0.011,0.0017,0.0016,365.0,1.0999999999999999,8.339813874893117e-05,very_rare,0.008339813874893118,rare,peak_abundance_with_occupancy_days_modifiers,0.011
gonwoo1,PA,0.00019998000266626675,0.0002,0.0002,resident,0.0009,0.021,0.0131,365.0,0.09,8.339813874893117e-05,very_rare,0.008339813874893118,very_rare,peak_abundance_with_occupancy_days_modifiers,0.0009
butfog9,PA,0.00018941625845069333,0.00018943419884289217,0.00018943419884289217,resident,0.1510614416341225,0.04210415283988,0.0042430883235912,365.0,15.10614416341225,7.899271523631855e-05,very_rare,0.007899271523631856,,peak_abundance_with_occupancy_days_modifiers,0.1510614416341225
grbcra1,PA,0.00017886576749521937,0.00017888176493039383,0.00017888176493039383,resident,0.0698183356087903,0.002231468441306,0.0039339579606943,365.0,6.98183356087903,7.459281876247396e-05,very_rare,0.007459281876247397,,peak_abundance_with_occupancy_days_modifiers,0.0698183356087903
sungre1,PA,0.00011397781251127453,0.00011398430822893384,0.00011398430822893384,resident,0.0396418145277855,0.00031025499357359383,4.385015123478381e-05,365.0,3.96418145277855,4.753243972088951e-05,very_rare,0.004753243972088951,rare,peak_abundance_with_occupancy_days_modifiers,0.0396418145277855
yebsap,PA,9.999500033330834e-05,0.0001,0.0001,nonbreeding,0.0289,0.0008,0.0,105.0,2.8899999999999997,4.170115411946329e-05,very_rare,0.004170115411946329,rare,peak_abundance_with_occupancy_days_modifiers,0.0289
yeteup1,PA,9.999500033330834e-05,0.0001,0.0001,resident,0.0112,0.0024,0.0,365.0,1.1199999999999999,4.170115411946329e-05,very_rare,0.004170115411946329,rare,peak_abundance_with_occupancy_days_modifiers,0.0112
blbhum1,PA,9.999500033330834e-05,0.0001,0.0001,resident,0.0019,0.2278,0.0918,365.0,0.19,4.170115411946329e-05,very_rare,0.004170115411946329,very_rare,peak_abundance_with_occupancy_days_modifiers,0.0019
amgplo,PA,9.999500033330834e-05,5e-05,0.0001,postbreeding_migration,0.0121,0.0003,0.0,42.0,1.21,4.170115411946329e-05,very_rare,0.004170115411946329,rare,peak_abundance_with_occupancy_days_modifiers,0.0121
baisan,PA,9.999500033330834e-05,0.0001,0.0001,postbreeding_migration,0.0109,0.0002,0.0,63.0,1.09,4.170115411946329e-05,very_rare,0.004170115411946329,rare,peak_abundance_with_occupancy_days_modifiers,0.0109
bhnthr1,PA,9.999500033330834e-05,0.0001,0.0001,resident,0.0037,0.0094,0.0031,365.0,0.37,4.170115411946329e-05,very_rare,0.004170115411946329,very_rare,peak_abundance_with_occupancy_days_modifiers,0.0037
ocbant1,PA,9.999500033330834e-05,0.0001,0.0001,resident,0.018,0.0194,0.0369,365.0,1.7999999999999998,4.170115411946329e-05,very_rare,0.004170115411946329,rare,peak_abundance_with_occupancy_days_modifiers,0.018
grasal4,PA,9.999500033330834e-05,0.0001,0.0001,resident,0.0005,0.0001,0.0,0.0,0.05,4.170115411946329e-05,very_rare,0.004170115411946329,very_rare,peak_abundance_with_occupancy_days_modifiers,0.0005
nisfin1,PA,9.999500033330834e-05,0.0001,0.0001,resident,0.0053,0.147,0.0165,365.0,0.53,4.170115411946329e-05,very_rare,0.004170115411946329,very_rare,peak_abundance_with_occupancy_days_modifiers,0.0053
unicra1,PA,9.999500033330834e-05,0.0001,0.0001,resident,0.02,0.002,0.0002,365.0,2.0,4.170115411946329e-05,very_rare,0.004170115411946329,rare,peak_abundance_with_occupancy_days_modifiers,0.02
sitjay1,PA,9.999500033330834e-05,0.0001,0.0001,resident,0.0028,0.2955,0.0843,365.0,0.27999999999999997,4.170115411946329e-05,very_rare,0.004170115411946329,very_rare,peak_abundance_with_occupancy_days_modifiers,0.0028
matwoo1,PA,9.999500033330834e-05,0.0001,0.0001,resident,0.0031,0.2593,0.2517,365.0,0.31,4.170115411946329e-05,very_rare,0.004170115411946329,very_rare,peak_abundance_with_occupancy_days_modifiers,0.0031
trimun,PA,9.999500033330834e-05,0.0001,0.0001,resident,0.0005,0.0,0.0,0.0,0.05,4.170115411946329e-05,very_rare,0.004170115411946329,very_rare,peak_abundance_with_occupancy_days_modifiers,0.0005
towwar,PA,9.999500033330834e-05,3.3333333333333335e-05,0.0001,nonbreeding,0.0073,0.0011,0.0001,91.0,0.73,4.170115411946329e-05,very_rare,0.004170115411946329,very_rare,peak_abundance_with_occupancy_days_modifiers,0.0073
chwwid,PA,9.999500033330834e-05,5e-05,0.0001,postbreeding_migration,0.0774,0.0093,0.0013,56.0,7.739999999999999,4.170115411946329e-05,very_rare,0.004170115411946329,,peak_abundance_with_occupancy_days_modifiers,0.0774
timwre1,PA,9.999500033330834e-05,0.0001,0.0001,resident,0.0035,0.5081,0.1202,365.0,0.35000000000000003,4.170115411946329e-05,very_rare,0.004170115411946329,very_rare,peak_abundance_with_occupancy_days_modifiers,0.0035
comyel,PA,9.999500033330834e-05,3.3333333333333335e-05,0.0001,nonbreeding,0.0193,0.0009,0.0,77.0,1.9300000000000002,4.170115411946329e-05,very_rare,0.004170115411946329,rare,peak_abundance_with_occupancy_days_modifiers,0.0193
dusnig1,PA,9.999500033330834e-05,0.0001,0.0001,resident,0.0039,0.1836,0.0576,365.0,0.38999999999999996,4.170115411946329e-05,very_rare,0.004170115411946329,very_rare,peak_abundance_with_occupancy_days_modifiers,0.0039
macwar,PA,9.999500033330834e-05,6.666666666666667e-05,0.0001,nonbreeding,0.0122,0.0012,0.0001,105.0,1.22,4.170115411946329e-05,very_rare,0.004170115411946329,rare,peak_abundance_with_occupancy_days_modifiers,0.0122
sttspa1,PA,9.999500033330834e-05,0.0001,0.0001,resident,0.0008,0.0008,0.0005,0.0,0.08,4.170115411946329e-05,very_rare,0.004170115411946329,very_rare,peak_abundance_with_occupancy_days_modifiers,0.0008
leater1,PA,9.999500033330834e-05,0.0001,0.0001,postbreeding_migration,0.0059,0.0024,0.0,14.0,0.59,4.170115411946329e-05,very_rare,0.004170115411946329,rare,peak_abundance_with_occupancy_days_modifiers,0.0059
leabit,PA,9.999500033330834e-05,2.5e-05,0.0001,breeding,0.0095,0.0016,0.0004,49.0,0.95,4.170115411946329e-05,very_rare,0.004170115411946329,very_rare,peak_abundance_with_occupancy_days_modifiers,0.0095
gryfin1,PA,9.999500033330834e-05,0.0001,0.0001,nonbreeding,0.0001,0.0,0.0,0.0,0.01,4.170115411946329e-05,very_rare,0.004170115411946329,very_rare,peak_abundance_with_occupancy_days_modifiers,0.0001
gryhaw2,PA,9.999500033330834e-05,5e-05,0.0001,nonbreeding,0.0037,0.0004,0.0001,56.0,0.37,4.170115411946329e-05,very_rare,0.004170115411946329,very_rare,peak_abundance_with_occupancy_days_modifiers,0.0037
uplsan,PA,9.999500033330834e-05,0.0001,0.0001,postbreeding_migration,0.0185,0.0004,0.0,42.0,1.8499999999999999,4.170115411946329e-05,very_rare,0.004170115411946329,rare,peak_abundance_with_occupancy_days_modifiers,0.0185
humsap2,PA,9.999500033330834e-05,0.0001,0.0001,resident,0.0027,0.0613,0.1029,365.0,0.27,4.170115411946329e-05,very_rare,0.004170115411946329,very_rare,peak_abundance_with_occupancy_days_modifiers,0.0027
boboli,PA,9.999500033330834e-05,0.0001,0.0001,postbreeding_migration,0.0243,0.0006,0.0,21.0,2.4299999999999997,4.170115411946329e-05,very_rare,0.004170115411946329,rare,peak_abundance_with_occupancy_days_modifiers,0.0243
westan,PA,9.999500033330834e-05,3.3333333333333335e-05,0.0001,nonbreeding,0.0497,0.0039,0.0,84.0,4.97,4.170115411946329e-05,very_rare,0.004170115411946329,rare,peak_abundance_with_occupancy_days_modifiers,0.0497
blugrb1,PA,9.999500033330834e-05,3.3333333333333335e-05,0.0001,nonbreeding,0.0288,0.0025,0.0001,91.0,2.88,4.170115411946329e-05,very_rare,0.004170115411946329,rare,peak_abundance_with_occupancy_days_modifiers,0.0288
norsho,PA,9.999500033330834e-05,3.3333333333333335e-05,0.0001,nonbreeding,0.0016,0.0,0.0,21.0,0.16,4.170115411946329e-05,very_rare,0.004170115411946329,rare,peak_abundance_with_occupancy_days_modifiers,0.0016
voljun1,PA,9.999500033330834e-05,0.0001,0.0001,resident,0.0032,0.3765,0.0609,365.0,0.32,4.170115411946329e-05,very_rare,0.004170115411946329,very_rare,peak_abundance_with_occupancy_days_modifiers,0.0032
paibun,PA,9.999500033330834e-05,0.0001,0.0001,nonbreeding,0.0247,0.0023,0.0001,98.0,2.4699999999999998,4.170115411946329e-05,very_rare,0.004170115411946329,rare,peak_abundance_with_occupancy_days_modifiers,0.0247
whtnig1,PA,6.582114387178674e-05,6.582331013080532e-05,6.582331013080532e-05,resident,0.0147304054068748,0.000513540155791415,4.6698124107834225e-05,365.0,1.47304054068748,2.7449549035094722e-05,very_rare,0.002744954903509472,rare,peak_abundance_with_occupancy_days_modifiers,0.0147304054068748
grhpip1,PA,5.2188298518541906e-05,5.2189660351483514e-05,5.2189660351483514e-05,resident,0.1313926594989254,0.1502973502295177,0.0252421820195585,365.0,13.13926594989254,2.176421093559314e-05,very_rare,0.002176421093559314,,peak_abundance_with_occupancy_days_modifiers,0.1313926594989254
yebcra1,PA,4.042552716909078e-05,4.042634429172507e-05,4.042634429172507e-05,resident,0.0222998050739143,0.0035826152504764,0.0014280266402184,365.0,2.22998050739143,1.6858754269896548e-05,very_rare,0.0016858754269896549,rare,peak_abundance_with_occupancy_days_modifiers,0.0222998050739143
blusee1,PA,1.8048103961179943e-05,1.804826682918806e-05,1.804826682918806e-05,resident,0.1743068043661502,0.1717826059427344,0.0393092427918322,365.0,17.43068043661502,7.5266439556399685e-06,very_rare,0.0007526643955639968,,peak_abundance_with_occupancy_days_modifiers,0.1743068043661502
norscr1,PA,1.0557781905119598e-05,1.0557837638695116e-05,1.0557837638695116e-05,resident,0.0007045605007469752,8.680555555555556e-05,2.1321816433396184e-06,0.0,0.07045605007469752,4.402937035984554e-06,very_rare,0.00044029370359845545,very_rare,peak_abundance_with_occupancy_days_modifiers,0.0007045605007469752
turcot1,PA,1.0495800729808267e-05,1.0495855810917454e-05,1.0495855810917454e-05,resident,0.0014262430505895,0.0051199306771365,0.00039366726155752905,0.0,0.14262430505895,4.377088878265931e-06,very_rare,0.0004377088878265931,very_rare,peak_abundance_with_occupancy_days_modifiers,0.0014262430505895
labter1,PA,8.455281197359353e-06,8.455316943350164e-06,8.455316943350164e-06,resident,0.0094361437908592,0.0001833852924995415,1.2780638878154968e-07,365.0,0.94361437908592,3.5261261378648594e-06,very_rare,0.00035261261378648597,very_rare,peak_abundance_with_occupancy_days_modifiers,0.0094361437908592
yebcot1,PA,6.651296802284966e-06,6.6513189222085835e-06,6.6513189222085835e-06,resident,0.0011780238945881,0.0081967213114754,0.0008243040070058916,0.0,0.11780238945881,2.7738062115681493e-06,very_rare,0.0002773806211568149,very_rare,peak_abundance_with_occupancy_days_modifiers,0.0011780238945881
lovcot1,PA,8.777114000342222e-07,8.777117852229857e-07,8.777117852229857e-07,resident,0.038650442984513,0.0060928208458378,0.0004661354804796987,365.0,3.8650442984513,3.660340841487319e-07,very_rare,3.660340841487319e-05,rare,peak_abundance_with_occupancy_days_modifiers,0.038650442984513
palwar,PA,0.0,0.0,0.0,postbreeding_migration,0.0013,0.0,0.0,14.0,0.13,0.0,very_rare,0.0,rare,peak_abundance_with_occupancy_days_modifiers,0.0013
ruff,PA,0.0,0.0,0.0,prebreeding_migration,0.0015,0.0,0.0,21.0,0.15,0.0,very_rare,0.0,rare,peak_abundance_with_occupancy_days_modifiers,0.0015
jabiru,PA,0.0,0.0,0.0,resident,0.0018,0.0001,0.0,365.0,0.18,0.0,very_rare,0.0,very_rare,peak_abundance_with_occupancy_days_modifiers,0.0018
redegr,PA,0.0,0.0,0.0,resident,0.0025,0.0046,0.0001,365.0,0.25,0.0,very_rare,0.0,very_rare,peak_abundance_with_occupancy_days_modifiers,0.0025
lbbgul,PA,0.0,0.0,0.0,nonbreeding,0.0002,0.0,0.0,0.0,0.02,0.0,very_rare,0.0,very_rare,peak_abundance_with_occupancy_days_modifiers,0.0002
amwpel,PA,0.0,0.0,0.0,breeding,0.0009,0.0002,0.0,0.0,0.09,0.0,very_rare,0.0,very_rare,peak_abundance_with_occupancy_days_modifiers,0.0009
norpin,PA,0.0,0.0,0.0,nonbreeding,0.0005,0.0,0.0,0.0,0.05,0.0,very_rare,0.0,very_rare,peak_abundance_with_occupancy_days_modifiers,0.0005
runwor1,PA,0.0,0.0,0.0,resident,0.0002,0.0002,0.0001,0.0,0.02,0.0,very_rare,0.0,very_rare,peak_abundance_with_occupancy_days_modifiers,0.0002
yetwar,PA,0.0,0.0,0.0,nonbreeding,0.0271,0.0046,0.0001,35.0,2.71,0.0,very_rare,0.0,rare,peak_abundance_with_occupancy_days_modifiers,0.0271
ribgul,PA,0.0,0.0,0.0,nonbreeding,0.0002,0.0,0.0,0.0,0.02,0.0,very_rare,0.0,very_rare,peak_abundance_with_occupancy_days_modifiers,0.0002
sbffal1,PA,0.0,0.0,0.0,resident,0.003,0.0001,0.0,365.0,0.3,0.0,very_rare,0.0,very_rare,peak_abundance_with_occupancy_days_modifiers,0.003
rinduc,PA,0.0,0.0,0.0,nonbreeding,0.0001,0.0,0.0,21.0,0.01,0.0,very_rare,0.0,rare,peak_abundance_with_occupancy_days_modifiers,0.0001
ocecra1,PA,0.0,0.0,0.0,resident,0.0001,0.0001,0.0001,0.0,0.01,0.0,very_rare,0.0,very_rare,peak_abundance_with_occupancy_days_modifiers,0.0001
norhar2,PA,0.0,0.0,0.0,nonbreeding,0.0021,0.0,0.0,42.0,0.21,0.0,very_rare,0.0,very_rare,peak_abundance_with_occupancy_days_modifiers,0.0021
masduc,PA,0.0,0.0,0.0,resident,0.0001,0.0,0.0,0.0,0.01,0.0,very_rare,0.0,very_rare,peak_abundance_with_occupancy_days_modifiers,0.0001
norpar,PA,0.0,0.0,0.0,nonbreeding,0.0029,0.0004,0.0,42.0,0.29,0.0,very_rare,0.0,very_rare,peak_abundance_with_occupancy_days_modifiers,0.0029
whrsan,PA,0.0,0.0,0.0,postbreeding_migration,0.0134,0.0004,0.0,42.0,1.34,0.0,very_rare,0.0,rare,peak_abundance_with_occupancy_days_modifiers,0.0134
hoowar,PA,0.0,0.0,0.0,nonbreeding,0.0018,0.0007,0.0,42.0,0.18,0.0,very_rare,0.0,very_rare,peak_abundance_with_occupancy_days_modifiers,0.0018
baitro1,PA,0.0,0.0,0.0,resident,0.0003,0.0114,0.008,0.0,0.03,0.0,very_rare,0.0,very_rare,peak_abundance_with_occupancy_days_modifiers,0.0003
blbwoo1,PA,0.0,0.0,0.0,resident,0.0153,0.0003,0.0,365.0,1.53,0.0,very_rare,0.0,rare,peak_abundance_with_occupancy_days_modifiers,0.0153
bncfly,PA,0.0,0.0,0.0,nonbreeding,0.0138,0.0001,0.0,28.0,1.38,0.0,very_rare,0.0,rare,peak_abundance_with_occupancy_days_modifiers,0.0138
whcpin,PA,0.0,0.0,0.0,breeding,0.0012,0.0001,0.0,21.0,0.12,0.0,very_rare,0.0,rare,peak_abundance_with_occupancy_days_modifiers,0.0012
weskin,PA,0.0,0.0,0.0,nonbreeding,0.0028,0.0006,0.0,7.0,0.27999999999999997,0.0,very_rare,0.0,very_rare,peak_abundance_with_occupancy_days_modifiers,0.0028
wesgul,PA,0.0,0.0,0.0,resident,0.0129,0.0274,0.0,365.0,1.29,0.0,very_rare,0.0,rare,peak_abundance_with_occupancy_days_modifiers,0.0129
bkwvir,PA,0.0,0.0,0.0,postbreeding_migration,0.0127,0.0025,0.0,35.0,1.27,0.0,very_rare,0.0,rare,peak_abundance_with_occupancy_days_modifiers,0.0127
brvear1,PA,0.0,0.0,0.0,resident,0.0008,0.0021,0.0026,0.0,0.08,0.0,very_rare,0.0,very_rare,peak_abundance_with_occupancy_days_modifiers,0.0008
btbwar,PA,0.0,0.0,0.0,postbreeding_migration,0.0002,0.0,0.0,0.0,0.02,0.0,very_rare,0.0,very_rare,peak_abundance_with_occupancy_days_modifiers,0.0002
bkbcuc,PA,0.0,0.0,0.0,postbreeding_migration,0.0141,0.0005,0.0001,49.0,1.41,0.0,very_rare,0.0,rare,peak_abundance_with_occupancy_days_modifiers,0.0141
bubsan,PA,0.0,0.0,0.0,postbreeding_migration,0.0013,0.0002,0.0,14.0,0.13,0.0,very_rare,0.0,rare,peak_abundance_with_occupancy_days_modifiers,0.0013
vigswa,PA,0.0,0.0,0.0,nonbreeding,0.0001,0.0,0.0,0.0,0.01,0.0,very_rare,0.0,very_rare,peak_abundance_with_occupancy_days_modifiers,0.0001
buwwar,PA,0.0,0.0,0.0,nonbreeding,0.0244,0.0041,0.0002,98.0,2.44,0.0,very_rare,0.0,rare,peak_abundance_with_occupancy_days_modifiers,0.0244
calgul,PA,0.0,0.0,0.0,breeding,0.0001,0.0,0.0,0.0,0.01,0.0,very_rare,0.0,very_rare,peak_abundance_with_occupancy_days_modifiers,0.0001
camwar,PA,0.0,0.0,0.0,nonbreeding,0.0026,0.0009,0.0,49.0,0.26,0.0,very_rare,0.0,very_rare,peak_abundance_with_occupancy_days_modifiers,0.0026
uswowl1,PA,0.0,0.0,0.0,resident,0.0029,0.1051,0.0083,365.0,0.29,0.0,very_rare,0.0,very_rare,peak_abundance_with_occupancy_days_modifiers,0.0029
chcwoo1,PA,0.0,0.0,0.0,resident,0.0003,0.0003,0.0001,0.0,0.03,0.0,very_rare,0.0,very_rare,peak_abundance_with_occupancy_days_modifiers,0.0003
chivir1,PA,0.0,0.0,0.0,prebreeding_migration,0.0004,0.0,0.0,0.0,0.04,0.0,very_rare,0.0,very_rare,peak_abundance_with_occupancy_days_modifiers,0.0004
coohaw,PA,0.0,0.0,0.0,postbreeding_migration,0.0245,0.0003,0.0,42.0,2.45,0.0,very_rare,0.0,rare,peak_abundance_with_occupancy_days_modifiers,0.0245
eucdov,PA,0.0,0.0,0.0,resident,0.0033,0.0,0.0,365.0,0.33,0.0,very_rare,0.0,very_rare,peak_abundance_with_occupancy_days_modifiers,0.0033
stbwoo1,PA,0.0,0.0,0.0,resident,0.0035,0.0001,0.0,365.0,0.35000000000000003,0.0,very_rare,0.0,very_rare,peak_abundance_with_occupancy_days_modifiers,0.0035
goftyr1,PA,0.0,0.0,0.0,resident,0.0002,0.0001,0.0,0.0,0.02,0.0,very_rare,0.0,very_rare,peak_abundance_with_occupancy_days_modifiers,0.0002
whiher1,PA,0.0,0.0,0.0,resident,0.0051,0.0001,0.0,365.0,0.51,0.0,very_rare,0.0,very_rare,peak_abundance_with_occupancy_days_modifiers,0.0051
yebcha,PA,0.0,0.0,0.0,nonbreeding,0.0048,0.0005,0.0,28.0,0.48,0.0,very_rare,0.0,rare,peak_abundance_with_occupancy_days_modifiers,0.0048
grygul,PA,0.0,0.0,0.0,nonbreeding,0.0003,0.0015,0.0,0.0,0.03,0.0,very_rare,0.0,very_rare,peak_abundance_with_occupancy_days_modifiers,0.0003
herwar,PA,0.0,0.0,0.0,nonbreeding,0.0004,0.0001,0.0,0.0,0.04,0.0,very_rare,0.0,very_rare,peak_abundance_with_occupancy_days_modifiers,0.0004
rebpig1,PA,0.0,0.0,0.0,resident,0.0008,0.0001,0.0,0.0,0.08,0.0,very_rare,0.0,very_rare,peak_abundance_with_occupancy_days_modifiers,0.0008
