species_code,country_code,abundance,abundance_mean_avg,abundance_mean_max,peak_season,range_occupied_percent,range_total_percent,total_pop_percent,range_days_occupation,occupancy,score,frequency,frequency_pct,rarity_cap,commonness_basis,debug_range_occupied_max
perboo1,PE,2.7562179493888355,10.2629,14.7402,nonbreeding,0.0086,0.4212,0.9799,154.0,0.86,1.0,very_rare,100.0,very_rare,peak_abundance_with_occupancy_days_modifiers,0.0086
guacor1,PE,4.037662568042923,55.69367021277641,55.69367021277641,resident,0.0478014644363218,0.3485240247254986,0.949414400041395,365.0,4.78014644363218,1.0,rare,100.0,rare,peak_abundance_with_occupancy_days_modifiers,0.0478014644363218
incter1,PE,1.2359806524689017,2.441752028939709,2.441752028939709,resident,0.054570522567719,0.3825747403056761,0.818577476179003,365.0,5.4570522567719,0.5154439672532063,common,51.54439672532063,,peak_abundance_with_occupancy_days_modifiers,0.054570522567719
fragul,PE,0.9560882017482211,0.72305,1.6015,nonbreeding,0.0074,0.1997,0.8164,105.0,0.74,0.39871974918756786,very_rare,39.871974918756784,very_rare,peak_abundance_with_occupancy_days_modifiers,0.0074
rayfin1,PE,0.7766459169826205,1.174167683355034,1.174167683355034,resident,0.3209419640075155,0.8974605006130886,0.9285552105852264,365.0,32.09419640075155,0.32388650404913893,common,32.388650404913896,,peak_abundance_with_occupancy_days_modifiers,0.3209419640075155
maspet,PE,0.7329733748058944,0.5415972648781363,1.0812597820213594,breeding,0.0588097605840859,0.0471955984359706,0.0287862070933487,21.0,5.88097605840859,0.3056736393456026,rare,30.56736393456026,rare,peak_abundance_with_occupancy_days_modifiers,0.0588097605840859
pacpar2,PE,0.5309751647016884,0.7005898554957233,0.7005898554957233,resident,0.2726319319360976,0.5162665123839651,0.5715881638313958,365.0,27.26319319360976,0.22143384272242816,fairly_common,22.143384272242816,,peak_abundance_with_occupancy_days_modifiers,0.2726319319360976
absfin1,PE,0.5205544449473991,0.6829605000138222,0.6829605000138222,resident,0.439685393530034,0.3997575482198749,0.2706292717186616,365.0,43.9685393530034,0.21708806504293504,fairly_common,21.708806504293506,,peak_abundance_with_occupancy_days_modifiers,0.439685393530034
ftpswi1,PE,0.4938878262741196,0.638674734233251,0.638674734233251,resident,0.6563660417528967,0.1679843564565135,0.253436411938338,365.0,65.63660417528968,0.20596722128641878,common,20.59672212864188,,peak_abundance_with_occupancy_days_modifiers,0.6563660417528967
andgul1,PE,0.49383559004757493,0.41179134826000846,0.6385891382842248,prebreeding_migration,0.2392880915234596,0.3488420171770007,0.5343266265915286,154.0,23.92880915234596,0.20594543708794388,fairly_common,20.59454370879439,,peak_abundance_with_occupancy_days_modifiers,0.2392880915234596
yercac1,PE,0.4864919467505378,0.6266,0.6266,resident,0.5105,0.0914,0.1869,365.0,51.05,0.20288289996201386,common,20.288289996201385,,peak_abundance_with_occupancy_days_modifiers,0.5105
sooshe,PE,0.4855055156331718,0.4094790223444777,0.624996262262939,nonbreeding,0.0403759535571064,0.0006814972662986848,0.0005760977394782019,112.0,4.03759535571064,0.20247152623416342,rare,20.24715262341634,rare,peak_abundance_with_occupancy_days_modifiers,0.0403759535571064
bryfin1,PE,0.48226186430100637,0.6197338802522085,0.6197338802522085,resident,0.3917449136661157,0.3882580445103975,0.3093640256255121,365.0,39.17449136661157,0.20111881856216404,fairly_common,20.111881856216403,,peak_abundance_with_occupancy_days_modifiers,0.3917449136661157
rebmac2,PE,0.46764104663489836,0.5962243297453562,0.5962243297453562,resident,0.5586094139108341,0.1288897997942322,0.192882225993677,365.0,55.86094139108341,0.19502146400628914,common,19.502146400628913,,peak_abundance_with_occupancy_days_modifiers,0.5586094139108341
belgul,PE,0.40468749459983994,0.4988340331320601,0.4988340331320601,resident,0.0482711615339999,0.594943697620684,0.8348676736122748,365.0,4.82711615339999,0.16876779365245806,rare,16.876779365245806,rare,peak_abundance_with_occupancy_days_modifiers,0.0482711615339999
slccoo1,PE,0.4031137364513116,0.4964770859779787,0.4964770859779787,resident,0.0537387697851509,0.4490359430065394,0.4654148162105002,365.0,5.37387697851509,0.1681114855282538,fairly_common,16.81114855282538,,peak_abundance_with_occupancy_days_modifiers,0.0537387697851509
blkvul,PE,0.3744559212338194,0.4542,0.4542,resident,0.6294,0.0475,0.0321,365.0,62.94,0.15616024831510888,common,15.616024831510888,,peak_abundance_with_occupancy_days_modifiers,0.6294
perpel1,PE,0.36956155376180994,0.4471,0.4471,resident,0.0094,0.2851,0.6722,365.0,0.9400000000000001,0.15411913854374779,very_rare,15.41191385437478,very_rare,peak_abundance_with_occupancy_days_modifiers,0.0094
punibi1,PE,0.3645383323379947,0.4398491229048064,0.4398491229048064,resident,0.2258906832803291,0.5937205865737029,0.6725019270908184,365.0,22.58906832803291,0.1520242925007206,fairly_common,15.202429250072061,,peak_abundance_with_occupancy_days_modifiers,0.2258906832803291
faswre1,PE,0.35211155969075736,0.422067160242325,0.422067160242325,resident,0.3308698433121965,0.6387249883176229,0.6664297683619492,365.0,33.08698433121965,0.14684192578595776,fairly_common,14.684192578595775,,peak_abundance_with_occupancy_days_modifiers,0.3308698433121965
whcswi,PE,0.34323503157203017,0.4095,0.4095,resident,0.3625,0.1436,0.1687,365.0,36.25,0.14314012603706042,fairly_common,14.314012603706042,,peak_abundance_with_occupancy_days_modifiers,0.3625
turvul,PE,0.3310288769551468,0.33899999999999997,0.3924,nonbreeding,0.7429,0.0481,0.0367,126.0,74.29,0.13804976418708748,fairly_common,13.804976418708748,,peak_abundance_with_occupancy_days_modifiers,0.7429
whepar2,PE,0.3301666840579362,0.3912,0.3912,resident,0.4737,0.0819,0.0865,365.0,47.370000000000005,0.1376902018212947,fairly_common,13.769020182129472,,peak_abundance_with_occupancy_days_modifiers,0.4737
bawswa1,PE,0.3299510196309474,0.29935,0.3909,prebreeding_migration,0.4231,0.1608,0.2209,133.0,42.309999999999995,0.13760026276956244,fairly_common,13.760026276956244,,peak_abundance_with_occupancy_days_modifiers,0.4231
giacoo1,PE,0.3242199923842266,0.3829515124573192,0.3829515124573192,resident,0.2930332781914249,0.6588446887922869,0.6809428629338571,365.0,29.30332781914249,0.13521023877154492,fairly_common,13.521023877154493,,peak_abundance_with_occupancy_days_modifiers,0.2930332781914249
sutfin1,PE,0.32157612409933717,0.3793,0.3793,resident,0.017,0.8979,0.9586,365.0,1.7000000000000002,0.13410766005808675,rare,13.410766005808675,rare,peak_abundance_with_occupancy_days_modifiers,0.017
rucspa1,PE,0.316998126785834,0.373,0.373,resident,0.3118,0.0548,0.0327,365.0,31.180000000000003,0.13219848689050276,fairly_common,13.219848689050275,,peak_abundance_with_occupancy_days_modifiers,0.3118
whttou1,PE,0.3165323291998159,0.3723606088393873,0.3723606088393873,resident,0.6576836638520667,0.1135557263948052,0.0907099275036639,365.0,65.76836638520666,0.13200423420928603,common,13.200423420928603,,peak_abundance_with_occupancy_days_modifiers,0.6576836638520667
grhgul,PE,0.31026409128449983,0.31701514670866054,0.3637852303715754,breeding,0.0639329350300625,0.0414252851560527,0.0857148972917424,224.0,6.393293503006251,0.1293901759614456,fairly_common,12.939017596144561,,peak_abundance_with_occupancy_days_modifiers,0.0639329350300625
blhpar1,PE,0.30202866615870255,0.3526,0.3526,resident,0.5256,0.1058,0.1073,365.0,52.559999999999995,0.12595573692683906,common,12.595573692683907,,peak_abundance_with_occupancy_days_modifiers,0.5256
crwcin1,PE,0.2998106045191856,0.3496031746267375,0.3496031746267375,resident,0.3183540326381456,0.4899030068509046,0.6601955905011863,365.0,31.83540326381456,0.12503073337698495,fairly_common,12.503073337698495,,peak_abundance_with_occupancy_days_modifiers,0.3183540326381456
plupig2,PE,0.28338266295063147,0.3276130929711954,0.3276130929711954,resident,0.6771836583070258,0.1424884944531942,0.1984740523204639,365.0,67.71836583070258,0.11817974961847298,common,11.817974961847298,,peak_abundance_with_occupancy_days_modifiers,0.6771836583070258
greegr,PE,0.2779347209969009,0.17325000000000002,0.3204,breeding,0.3592,0.0145,0.0288,133.0,35.92,0.11590778135716827,fairly_common,11.590778135716826,,peak_abundance_with_occupancy_days_modifiers,0.3592
scrpih1,PE,0.2633379746452308,0.3012664397036156,0.3012664397036156,resident,0.6623984262338373,0.1188889713882382,0.0581273712900303,365.0,66.23984262338372,0.10982046531911811,common,10.982046531911811,,peak_abundance_with_occupancy_days_modifiers,0.6623984262338373
supwre1,PE,0.25890381466936924,0.2955091898553168,0.2955091898553168,resident,0.3293073170200473,0.6464549850300124,0.8384106742768912,365.0,32.93073170200473,0.1079712769804269,fairly_common,10.79712769804269,,peak_abundance_with_occupancy_days_modifiers,0.3293073170200473
sibtan2,PE,0.2588967210200276,0.2955,0.2955,resident,0.545,0.0834,0.1043,365.0,54.50000000000001,0.10796831869887807,common,10.796831869887807,,peak_abundance_with_occupancy_days_modifiers,0.545
lotmoc1,PE,0.2532458951306533,0.2882,0.2882,resident,0.0888,0.814,0.8792,365.0,8.88,0.10561174126471023,fairly_common,10.561174126471023,,peak_abundance_with_occupancy_days_modifiers,0.0888
neocor,PE,0.252391625673195,0.2871,0.2871,resident,0.0837,0.0296,0.0607,365.0,8.37,0.10525548322994575,fairly_common,10.525548322994576,,peak_abundance_with_occupancy_days_modifiers,0.0837
mosfin1,PE,0.24837935810184505,0.2819461566222457,0.2819461566222457,resident,0.2984493628214598,0.1104530020795145,0.0432798088814904,365.0,29.84493628214598,0.10358223768963166,fairly_common,10.358223768963166,,peak_abundance_with_occupancy_days_modifiers,0.2984493628214598
trokin,PE,0.24670381572322284,0.2553,0.2798,postbreeding_migration,0.6487,0.0641,0.0566,119.0,64.87,0.1028834822445422,fairly_common,10.28834822445422,,peak_abundance_with_occupancy_days_modifiers,0.6487
andlap1,PE,0.2465923793677037,0.2796573916982289,0.2796573916982289,resident,0.3402867127081212,0.4769532521643848,0.6008198785571222,365.0,34.02867127081212,0.10283700967470841,fairly_common,10.28370096747084,,peak_abundance_with_occupancy_days_modifiers,0.3402867127081212
partan1,PE,0.2304765986810017,0.2592,0.2592,resident,0.5094,0.1524,0.2168,365.0,50.94,0.0961162071152644,common,9.61162071152644,,peak_abundance_with_occupancy_days_modifiers,0.5094
gilbar1,PE,0.22839330698274174,0.2565794497266541,0.2565794497266541,resident,0.6723764948651918,0.2688843510109608,0.2968566881005677,365.0,67.23764948651917,0.09524740699630478,common,9.524740699630478,,peak_abundance_with_occupancy_days_modifiers,0.6723764948651918
andfli1,PE,0.22738046189127575,0.2553073737156804,0.2553073737156804,resident,0.390926255257458,0.5305696883438329,0.6367382465758883,365.0,39.0926255257458,0.0948250177856684,fairly_common,9.48250177856684,,peak_abundance_with_occupancy_days_modifiers,0.390926255257458
crgdov1,PE,0.2254580687576452,0.2528964975082557,0.2528964975082557,resident,0.1582136244415459,0.6381831640208268,0.8212575082688786,365.0,15.821362444154591,0.09402331757989292,fairly_common,9.402331757989293,,peak_abundance_with_occupancy_days_modifiers,0.1582136244415459
trsowl,PE,0.2159358120394868,0.2410227177268503,0.2410227177268503,resident,0.6729047696551821,0.047153683525084,0.0397201235304444,365.0,67.29047696551821,0.09005222808896372,common,9.005222808896372,,peak_abundance_with_occupancy_days_modifiers,0.6729047696551821
srwswa1,PE,0.21503073120365931,0.2313,0.2399,breeding,0.5866,0.0609,0.0891,224.0,58.660000000000004,0.08967478006356634,common,8.967478006356634,,peak_abundance_with_occupancy_days_modifiers,0.5866
moucar1,PE,0.2104506807876997,0.2342341802635284,0.2342341802635284,resident,0.3713664310273168,0.2847659177705379,0.4420034643332962,365.0,37.13664310273168,0.08776475068575508,fairly_common,8.776475068575508,,peak_abundance_with_occupancy_days_modifiers,0.3713664310273168
bwgdov1,PE,0.20760066196694446,0.1857710217037835,0.2307215974617158,nonbreeding,0.4602616561256943,0.3039323368190727,0.2976395978597456,112.0,46.02616561256943,0.08657620052133143,fairly_common,8.657620052133144,,peak_abundance_with_occupancy_days_modifiers,0.4602616561256943
andgoo1,PE,0.20685155453723228,0.209675,0.2298,prebreeding_migration,0.1626,0.4094,0.4853,126.0,16.259999999999998,0.08626379845848488,fairly_common,8.626379845848488,,peak_abundance_with_occupancy_days_modifiers,0.1626
blasis1,PE,0.20473963216475466,0.21285419396384275,0.2272054985235202,nonbreeding,0.3864865425246985,0.3337791364136598,0.3772277347163754,133.0,38.648654252469846,0.08538305842098814,fairly_common,8.538305842098815,,peak_abundance_with_occupancy_days_modifiers,0.3864865425246985
houwre,PE,0.20130685670503531,0.21075000000000002,0.223,postbreeding_migration,0.9004,0.0548,0.0435,126.0,90.03999999999999,0.08395147986179896,fairly_common,8.395147986179897,,peak_abundance_with_occupancy_days_modifiers,0.9004
wwdfin1,PE,0.1976802457280824,0.2185726876973308,0.2185726876973308,resident,0.260156827039486,0.8314940086070871,0.8683120797344362,365.0,26.0156827039486,0.08243906561331488,fairly_common,8.243906561331487,,peak_abundance_with_occupancy_days_modifiers,0.260156827039486
cincon1,PE,0.18931308940806413,0.2084192365249052,0.2084192365249052,resident,0.3227334972333073,0.8327934283721976,0.8910163985806526,365.0,32.27334972333073,0.0789496904037571,fairly_common,7.89496904037571,,peak_abundance_with_occupancy_days_modifiers,0.3227334972333073
categr1,PE,0.18885866318598085,0.17291824514142,0.2078702238888752,prebreeding_migration,0.0891917891566382,0.0120822493006494,0.0085448296965511,140.0,8.919178915663819,0.07876017994963586,fairly_common,7.876017994963585,,peak_abundance_with_occupancy_days_modifiers,0.0891917891566382
gybsee1,PE,0.18081376696993035,0.13924778083703526,0.1981920155839503,nonbreeding,0.3346977989309509,0.6225408361406854,0.6586093977918243,112.0,33.469779893095094,0.07540519764189645,uncommon,7.540519764189645,,peak_abundance_with_occupancy_days_modifiers,0.3346977989309509
plsfin1,PE,0.17929616248018174,0.1963750130958178,0.1963750130958178,resident,0.3053663580838358,0.2335995666033526,0.2264593052359083,365.0,30.53663580838358,0.07477230741230038,uncommon,7.477230741230039,,peak_abundance_with_occupancy_days_modifiers,0.3053663580838358
pesfin1,PE,0.17915149941372832,0.1962019543357024,0.1962019543357024,resident,0.3674025310341842,0.9206854602317158,0.9501256955302344,365.0,36.74025310341842,0.07471197822774654,uncommon,7.471197822774654,,peak_abundance_with_occupancy_days_modifiers,0.3674025310341842
meapar,PE,0.17655496189961759,0.1931,0.1931,resident,0.4014,0.1084,0.112,365.0,40.14,0.07362913797881422,uncommon,7.362913797881422,,peak_abundance_with_occupancy_days_modifiers,0.4014
baifly1,PE,0.17654846007030825,0.1930922426926694,0.1930922426926694,resident,0.2791091910288482,0.6496840125860229,0.8226648185133721,365.0,27.91091910288482,0.07362642650538868,uncommon,7.362642650538868,,peak_abundance_with_occupancy_days_modifiers,0.2791091910288482
gnbtro1,PE,0.1719738543696187,0.1876467810342078,0.1876467810342078,resident,0.6344679533264176,0.1088746804331115,0.081261487319235,365.0,63.446795332641756,0.07171866775020713,fairly_common,7.171866775020713,,peak_abundance_with_occupancy_days_modifiers,0.6344679533264176
whwpar,PE,0.16948957797857636,0.1847,0.1847,resident,0.1001,0.6591,0.7074,365.0,10.01,0.070682644025892,uncommon,7.0682644025892,,peak_abundance_with_occupancy_days_modifiers,0.1001
gryfin3,PE,0.1669900367474793,0.13554010794107862,0.1817424912508529,nonbreeding,0.247217224042701,0.1980902809869723,0.0471225438228895,133.0,24.7217224042701,0.06964025436882408,uncommon,6.964025436882408,,peak_abundance_with_occupancy_days_modifiers,0.247217224042701
smbani,PE,0.1658533640866473,0.1804,0.1804,resident,0.4832,0.0581,0.0278,365.0,48.32,0.06916622505081077,uncommon,6.916622505081077,,peak_abundance_with_occupancy_days_modifiers,0.4832
tacpyt2,PE,0.16327460208375882,0.1773599507981719,0.1773599507981719,resident,0.2748505278211646,0.6885628666438892,0.7922134365539649,365.0,27.48505278211646,0.06809079776583213,uncommon,6.8090797765832125,,peak_abundance_with_occupancy_days_modifiers,0.2748505278211646
permea1,PE,0.16209534900688627,0.1759723637725439,0.1759723637725439,resident,0.1904506886668873,0.6234636035796612,0.6875413185395988,365.0,19.04506886668873,0.0675990110350896,uncommon,6.75990110350896,,peak_abundance_with_occupancy_days_modifiers,0.1904506886668873
greani1,PE,0.1619487669860175,0.1758,0.1758,resident,0.2839,0.0619,0.1034,365.0,28.389999999999997,0.0675378815843869,uncommon,6.75378815843869,,peak_abundance_with_occupancy_days_modifiers,0.2839
yebtea1,PE,0.1597350581211589,0.1729,0.1732,nonbreeding,0.1017,0.0638,0.0601,217.0,10.17,0.06661469328255788,uncommon,6.661469328255788,,peak_abundance_with_occupancy_days_modifiers,0.1017
andswa2,PE,0.15527272718203206,0.1679764565996498,0.1679764565996498,resident,0.4001726921029572,0.4515287786427324,0.5204212034034549,365.0,40.01726921029572,0.06475375673968739,uncommon,6.475375673968739,,peak_abundance_with_occupancy_days_modifiers,0.4001726921029572
commin1,PE,0.1545808356415617,0.13784638071859326,0.1671686230686798,nonbreeding,0.4455008375537064,0.1630568911964384,0.3502778877401196,147.0,44.550083755370636,0.06446521555595881,uncommon,6.446521555595881,,peak_abundance_with_occupancy_days_modifiers,0.4455008375537064
baymac,PE,0.15452203943617093,0.1671,0.1671,resident,0.3713,0.0891,0.0745,365.0,37.13,0.06444069563381807,uncommon,6.444069563381808,,peak_abundance_with_occupancy_days_modifiers,0.3713
bfgdov1,PE,0.1539210938228716,0.1663988470732071,0.1663988470732071,resident,0.2594410414914177,0.5902473665163427,0.6088411563012437,365.0,25.944104149141772,0.06419008184758797,uncommon,6.4190081847587965,,peak_abundance_with_occupancy_days_modifiers,0.2594410414914177
perwaa1,PE,0.15280998539167254,0.1651035712093079,0.1651035712093079,resident,0.646178048101197,0.3493530103924692,0.3114013036320015,365.0,64.6178048101197,0.06372671364139332,fairly_common,6.3726713641393316,,peak_abundance_with_occupancy_days_modifiers,0.646178048101197
grfdov1,PE,0.1519883808692023,0.1641467099806387,0.1641467099806387,resident,0.6783716662370508,0.1005603408005674,0.116968361469631,365.0,67.83716662370509,0.06338407794258256,fairly_common,6.338407794258257,,peak_abundance_with_occupancy_days_modifiers,0.6783716662370508
chfmac1,PE,0.15091688531686046,0.1629,0.1629,resident,0.4174,0.1028,0.0975,365.0,41.74,0.06293722958998907,uncommon,6.293722958998907,,peak_abundance_with_occupancy_days_modifiers,0.4174
humpen1,PE,0.14905198104444609,0.1550883343134262,0.1607333237714382,nonbreeding,0.0416926832447936,0.4125578304601113,0.7622348562450111,126.0,4.1692683244793605,0.06215950410148675,rare,6.215950410148674,rare,peak_abundance_with_occupancy_days_modifiers,0.0416926832447936
grygul,PE,0.14686707580955238,0.1582,0.1582,nonbreeding,0.0047,0.3543,0.6385,119.0,0.47000000000000003,0.06124832784634365,very_rare,6.124832784634365,very_rare,peak_abundance_with_occupancy_days_modifiers,0.0047
andswi1,PE,0.1466378635931772,0.1579345568335647,0.1579345568335647,resident,0.2522795466388201,0.3116014258869539,0.2310265189070936,365.0,25.227954663882006,0.06115273892760508,uncommon,6.115273892760508,,peak_abundance_with_occupancy_days_modifiers,0.2522795466388201
bugtan,PE,0.14591687490015473,0.1571,0.1571,resident,0.5735,0.1175,0.079,365.0,57.35,0.06085206328876413,fairly_common,6.085206328876413,,peak_abundance_with_occupancy_days_modifiers,0.5735
chifla1,PE,0.14539820268935683,0.10675,0.1565,breeding,0.026,0.0262,0.042,133.0,2.6,0.06063576017632978,rare,6.063576017632978,rare,peak_abundance_with_occupancy_days_modifiers,0.026
chbtou1,PE,0.1390765315736871,0.1492120476446829,0.1492120476446829,resident,0.643842462577645,0.1169700200990368,0.0683524587378766,365.0,64.3842462577645,0.057999418553164456,fairly_common,5.799941855316446,,peak_abundance_with_occupancy_days_modifiers,0.643842462577645
thlwre1,PE,0.12988726083442226,0.1387,0.1387,resident,0.4686,0.1538,0.2234,365.0,46.86,0.05416719500132398,uncommon,5.416719500132397,,peak_abundance_with_occupancy_days_modifiers,0.4686
snoegr,PE,0.12962376779350557,0.10629999999999999,0.1384,breeding,0.3348,0.0578,0.047,119.0,33.48,0.05405730986834685,uncommon,5.405730986834685,,peak_abundance_with_occupancy_days_modifiers,0.3348
wepdov1,PE,0.12724920091546355,0.1357,0.1357,resident,0.045,0.7941,0.8783,365.0,4.5,0.053067038564600134,rare,5.306703856460014,rare,peak_abundance_with_occupancy_days_modifiers,0.045
paltan1,PE,0.12319061055519832,0.1311,0.1311,resident,0.5233,0.0781,0.074,365.0,52.33,0.05137447492084735,fairly_common,5.1374474920847355,,peak_abundance_with_occupancy_days_modifiers,0.5233
blttro1,PE,0.11934732716055023,0.1267612051021366,0.1267612051021366,resident,0.6410460257785814,0.120678073646953,0.1406581197982978,365.0,64.10460257785815,0.04977170125585613,fairly_common,4.977170125585613,,peak_abundance_with_occupancy_days_modifiers,0.6410460257785814
yectyr1,PE,0.1164488126432468,0.1235,0.1235,resident,0.4961,0.1099,0.1567,365.0,49.61,0.0485629268151272,uncommon,4.85629268151272,,peak_abundance_with_occupancy_days_modifiers,0.4961
gramin1,PE,0.11529724948051415,0.1222069634361984,0.1222069634361984,resident,0.224391912213255,0.2749883935733955,0.3525154343288856,365.0,22.4391912213255,0.04808268767549676,uncommon,4.808268767549676,,peak_abundance_with_occupancy_days_modifiers,0.224391912213255
squcuc1,PE,0.11422114409002286,0.121,0.121,resident,0.5652,0.0562,0.0814,365.0,56.52,0.04763391687107565,fairly_common,4.763391687107565,,peak_abundance_with_occupancy_days_modifiers,0.5652
gubter2,PE,0.11361735821879797,0.05745976827764418,0.1203233603316489,prebreeding_migration,0.1068520367476858,0.0100747140125228,0.0084115491214722,70.0,10.68520367476858,0.04738211860529057,uncommon,4.738211860529057,,peak_abundance_with_occupancy_days_modifiers,0.1068520367476858
eardov1,PE,0.11163081617118537,0.1181,0.1181,resident,0.1275,0.0229,0.0053,365.0,12.75,0.0465536662245099,uncommon,4.655366622450989,,peak_abundance_with_occupancy_days_modifiers,0.1275
fotfly,PE,0.11127300240942878,0.0402,0.1177,postbreeding_migration,0.2821,0.0397,0.0321,105.0,28.21,0.046404446295759974,uncommon,4.640444629575997,,peak_abundance_with_occupancy_days_modifiers,0.2821
hoosis1,PE,0.11046745302597097,0.1168,0.1168,resident,0.1745,0.0963,0.1327,365.0,17.45,0.046068506109966274,uncommon,4.606850610996627,,peak_abundance_with_occupancy_days_modifiers,0.1745
swtkit,PE,0.11010922268003005,0.09565,0.1164,postbreeding_migration,0.5447,0.1092,0.1384,98.0,54.47,0.04591911245211781,uncommon,4.591911245211781,,peak_abundance_with_occupancy_days_modifiers,0.5447
jamfla1,PE,0.10986546429189994,0.10517743261693276,0.1161279013000091,nonbreeding,0.0586991680968966,0.1404203179242706,0.0112653125628376,91.0,5.86991680968966,0.04581745730858619,uncommon,4.581745730858619,,peak_abundance_with_occupancy_days_modifiers,0.0586991680968966
grrswi1,PE,0.10921308497331628,0.1154,0.1154,resident,0.4852,0.1565,0.1804,365.0,48.52,0.04554539400124149,uncommon,4.554539400124149,,peak_abundance_with_occupancy_days_modifiers,0.4852
gsgdov1,PE,0.10876815136151584,0.0842489549600349,0.1149038314386182,nonbreeding,0.4013832025983792,0.2389309249182599,0.1096010546713626,126.0,40.13832025983792,0.04535984227308732,uncommon,4.535984227308732,,peak_abundance_with_occupancy_days_modifiers,0.4013832025983792
roahaw,PE,0.1084058738437865,0.1145,0.1145,resident,0.5772,0.0527,0.0514,365.0,57.720000000000006,0.04520876081350945,fairly_common,4.520876081350945,,peak_abundance_with_occupancy_days_modifiers,0.5772
ywcpar,PE,0.10813665860457805,0.1142,0.1142,resident,0.3843,0.1346,0.0883,365.0,38.43,0.045096489338494514,uncommon,4.509648933849451,,peak_abundance_with_occupancy_days_modifiers,0.3843
puntea1,PE,0.10652121953783414,0.1124015308416169,0.1124015308416169,resident,0.0904457751927844,0.4688434556644773,0.3171919912627631,365.0,9.044577519278441,0.0444227989212901,uncommon,4.44227989212901,,peak_abundance_with_occupancy_days_modifiers,0.0904457751927844
andfla2,PE,0.10585074215795402,0.07660610601940483,0.111655940756418,postbreeding_migration,0.0318942050752425,0.1214132515781564,0.0163121396915652,147.0,3.1894205075242503,0.044143188136162824,rare,4.4143188136162825,rare,peak_abundance_with_occupancy_days_modifiers,0.0318942050752425
chtsee1,PE,0.1053859236313722,0.1111393425514791,0.1111393425514791,resident,0.1230779879446798,0.4791119438142704,0.4933285949339336,365.0,12.307798794467981,0.04394934375444413,uncommon,4.394934375444413,,peak_abundance_with_occupancy_days_modifiers,0.1230779879446798
andduc1,PE,0.10500943465961347,0.1107210895816769,0.1107210895816769,resident,0.0709628535173742,0.2260153052748664,0.5160886996632537,365.0,7.0962853517374205,0.043792335658206706,uncommon,4.3792335658206705,,peak_abundance_with_occupancy_days_modifiers,0.0709628535173742
ongtyr1,PE,0.10476006170571901,0.0575993501232777,0.1104441403158785,nonbreeding,0.3644636930711977,0.8927270546714395,0.9145117847160594,105.0,36.44636930711977,0.04368833905888759,uncommon,4.368833905888759,,peak_abundance_with_occupancy_days_modifiers,0.3644636930711977
wilpha,PE,0.10354887562855887,0.0374,0.1091,postbreeding_migration,0.0111,0.0076,0.0213,98.0,1.11,0.04318323523266975,rare,4.318323523266975,rare,peak_abundance_with_occupancy_days_modifiers,0.0111
creoro1,PE,0.10345870836822998,0.109,0.109,resident,0.3463,0.0886,0.1018,365.0,34.63,0.04314563256446663,uncommon,4.314563256446663,,peak_abundance_with_occupancy_days_modifiers,0.3463
gybmar,PE,0.10183430588126807,0.09475,0.1072,breeding,0.4246,0.0499,0.0489,112.0,42.46,0.0424682041106934,uncommon,4.24682041106934,,peak_abundance_with_occupancy_days_modifiers,0.4246
grekis,PE,0.10020726041702552,0.1054,0.1054,resident,0.3957,0.0407,0.0126,365.0,39.57,0.04178967344978435,uncommon,4.178967344978435,,peak_abundance_with_occupancy_days_modifiers,0.3957
relcor1,PE,0.09990019718010705,0.1050606244054612,0.1050606244054612,resident,0.040097623368971,0.2266330948186115,0.1272892143352088,365.0,4.0097623368971,0.041661618133773816,rare,4.166161813377381,rare,peak_abundance_with_occupancy_days_modifiers,0.040097623368971
kelgul,PE,0.09794307432996417,0.1029,0.1029,resident,0.0095,0.0238,0.0172,365.0,0.95,0.04084543451126767,very_rare,4.084543451126767,very_rare,peak_abundance_with_occupancy_days_modifiers,0.0095
shtswi1,PE,0.09685444136388219,0.1017,0.1017,resident,0.3586,0.1193,0.1466,365.0,35.86,0.040391439302039193,uncommon,4.039143930203919,,peak_abundance_with_occupancy_days_modifiers,0.3586
whfant2,PE,0.09558286989372994,0.1003,0.1003,resident,0.4504,0.1113,0.1261,365.0,45.04,0.03986115281097481,uncommon,3.986115281097481,,peak_abundance_with_occupancy_days_modifiers,0.4504
pucwoo1,PE,0.09460005124466853,0.0992191358741512,0.0992191358741512,resident,0.3270094612211779,0.9280609217381676,0.9776546606516922,365.0,32.70094612211779,0.03945128559942037,uncommon,3.945128559942037,,peak_abundance_with_occupancy_days_modifiers,0.3270094612211779
rudpig,PE,0.09458264248594783,0.0992,0.0992,resident,0.5061,0.1196,0.1261,365.0,50.61,0.039444025583139336,fairly_common,3.9444025583139335,,peak_abundance_with_occupancy_days_modifiers,0.5061
chithr1,PE,0.09294374564273797,0.0974,0.0974,resident,0.1401,0.2957,0.2815,365.0,14.01,0.03876055251331786,uncommon,3.8760552513317856,,peak_abundance_with_occupancy_days_modifiers,0.1401
spvear1,PE,0.09221448398781104,0.0601,0.0966,breeding,0.1724,0.5493,0.6576,119.0,17.24,0.03845642678138971,uncommon,3.845642678138971,,peak_abundance_with_occupancy_days_modifiers,0.1724
soumar,PE,0.09130215840678604,0.04466666666666667,0.0956,nonbreeding,0.0092,0.2569,0.0632,70.0,0.9199999999999999,0.038075957462577296,very_rare,3.8075957462577295,very_rare,peak_abundance_with_occupancy_days_modifiers,0.0092
whbpar1,PE,0.09061976791453029,0.0948526280054578,0.0948526280054578,resident,0.3465344088360368,0.1714811152427006,0.1984578419811619,365.0,34.65344088360368,0.03779137852370675,uncommon,3.7791378523706753,,peak_abundance_with_occupancy_days_modifiers,0.3465344088360368
socfly1,PE,0.09020626788614897,0.0944,0.0944,resident,0.5282,0.1028,0.0789,365.0,52.82,0.03761893561801691,fairly_common,3.7618935618016907,,peak_abundance_with_occupancy_days_modifiers,0.5282
andneg1,PE,0.08935491208270294,0.0696993109642379,0.0934686727104078,nonbreeding,0.2581171367740254,0.3585600177542207,0.4610375062896464,147.0,25.811713677402544,0.03726389267135285,uncommon,3.7263892671352847,,peak_abundance_with_occupancy_days_modifiers,0.2581171367740254
leasee1,PE,0.08893015883355804,0.07195278675066,0.0930043169641233,breeding,0.4009351932457378,0.1305417137015808,0.0899767970221286,189.0,40.093519324573776,0.03708675680809675,uncommon,3.708675680809675,,peak_abundance_with_occupancy_days_modifiers,0.4009351932457378
retcar2,PE,0.08617769624105233,0.09,0.09,resident,0.4787,0.1417,0.1137,365.0,47.870000000000005,0.035938890750838365,uncommon,3.5938890750838364,,peak_abundance_with_occupancy_days_modifiers,0.4787
whwcin1,PE,0.085452060690528,0.0892093441486186,0.0892093441486186,resident,0.3937459462970419,0.3196255445124673,0.3733788730929968,365.0,39.37459462970419,0.03563627722190072,uncommon,3.563627722190072,,peak_abundance_with_occupancy_days_modifiers,0.3937459462970419
brbswa1,PE,0.08544348181746748,0.0892,0.0892,resident,0.1371,0.6526,0.6011,365.0,13.71,0.03563269955395255,uncommon,3.563269955395255,,peak_abundance_with_occupancy_days_modifiers,0.1371
putfru1,PE,0.08480060169246507,0.0885,0.0885,resident,0.4004,0.1071,0.1192,365.0,40.04,0.03536459771802371,uncommon,3.5364597718023707,,peak_abundance_with_occupancy_days_modifiers,0.4004
scamac1,PE,0.08406537511766754,0.0877,0.0877,resident,0.3443,0.1009,0.1025,365.0,34.43,0.03505798442129718,uncommon,3.5057984421297177,,peak_abundance_with_occupancy_days_modifiers,0.3443
yewbla2,PE,0.08384794477618816,0.0716284715380662,0.0874635267267368,nonbreeding,0.0412017011062959,0.0146591394358125,0.013253982171544,140.0,4.120170110629591,0.03496730892602187,rare,3.496730892602187,rare,peak_abundance_with_occupancy_days_modifiers,0.0412017011062959
plukit1,PE,0.08369755902156674,0.0694,0.0873,postbreeding_migration,0.5286,0.1063,0.1025,133.0,52.86,0.03490459319513595,uncommon,3.4904593195135947,,peak_abundance_with_occupancy_days_modifiers,0.5286
rebhaw2,PE,0.0836055838547969,0.0704,0.0872,nonbreeding,0.4006,0.1733,0.1635,196.0,40.06,0.03486623657138629,uncommon,3.4866236571386287,,peak_abundance_with_occupancy_days_modifiers,0.4006
ybttyr1,PE,0.08314222151621672,0.0765345782380866,0.0866963491609223,nonbreeding,0.2769902151572147,0.2504051965899597,0.4261227745016352,126.0,27.699021515721473,0.034672999467232284,uncommon,3.4672999467232284,,peak_abundance_with_occupancy_days_modifiers,0.2769902151572147
bkfibi2,PE,0.0823532516401712,0.0858393166079159,0.0858393166079159,resident,0.2899720261517355,0.7692553432566162,0.8523946493048119,365.0,28.99720261517355,0.034343973473063324,uncommon,3.4343973473063323,,peak_abundance_with_occupancy_days_modifiers,0.2899720261517355
orwpar,PE,0.08121125542482321,0.0846,0.0846,resident,0.2405,0.0451,0.0344,365.0,24.05,0.03386772406037933,uncommon,3.3867724060379327,,peak_abundance_with_occupancy_days_modifiers,0.2405
pirfly1,PE,0.0809346174959992,0.0555,0.0843,nonbreeding,0.5551,0.0935,0.088,112.0,55.510000000000005,0.03375235708336321,uncommon,3.3752357083363207,,peak_abundance_with_occupancy_days_modifiers,0.5551
corcan1,PE,0.08059317190779305,0.0839298337481212,0.0839298337481212,resident,0.400212185589471,0.1395464050064642,0.1135250804852327,365.0,40.021218558947105,0.0336099632131723,uncommon,3.36099632131723,,peak_abundance_with_occupancy_days_modifiers,0.400212185589471
bubwre1,PE,0.07862632045518954,0.0818,0.0818,resident,0.2234,0.0466,0.0721,365.0,22.34,0.032789722448316856,uncommon,3.2789722448316856,,peak_abundance_with_occupancy_days_modifiers,0.2234
whfnun1,PE,0.07854158078216328,0.0817083325057118,0.0817083325057118,resident,0.401537842836964,0.1640001122233114,0.1438813388220082,365.0,40.153784283696396,0.03275438325982615,uncommon,3.275438325982615,,peak_abundance_with_occupancy_days_modifiers,0.401537842836964
shicow,PE,0.07807153542015548,0.0812,0.0812,resident,0.0793,0.0113,0.0128,365.0,7.93,0.03255835911843017,uncommon,3.255835911843017,,peak_abundance_with_occupancy_days_modifiers,0.0793
batpig1,PE,0.07797904131658864,0.07125000000000001,0.0811,breeding,0.1412,0.2423,0.1841,112.0,14.12,0.03251978608122705,uncommon,3.251978608122705,,peak_abundance_with_occupancy_days_modifiers,0.1412
compau,PE,0.07770150766385205,0.0808,0.0808,resident,0.4825,0.0488,0.0311,365.0,48.25,0.032404045558325614,uncommon,3.2404045558325616,,peak_abundance_with_occupancy_days_modifiers,0.4825
scrbla1,PE,0.07705362944229141,0.0801,0.0801,resident,0.0826,0.5785,0.3534,365.0,8.260000000000002,0.03213385935423652,uncommon,3.2133859354236525,,peak_abundance_with_occupancy_days_modifiers,0.0826
scbwre1,PE,0.07705362944229141,0.0801,0.0801,resident,0.3935,0.1575,0.3075,365.0,39.35,0.03213385935423652,uncommon,3.2133859354236525,,peak_abundance_with_occupancy_days_modifiers,0.3935
labter1,PE,0.07704526337253804,0.080090963845858,0.080090963845858,resident,0.0676432322136877,0.0501506340477452,0.0461836567849922,365.0,6.7643232213687705,0.03213037043216044,uncommon,3.213037043216044,,peak_abundance_with_occupancy_days_modifiers,0.0676432322136877
pugtyr1,PE,0.07592381211794452,0.0788803734153317,0.0788803734153317,resident,0.3698290078872467,0.502166654140194,0.5720008821758209,365.0,36.98290078872467,0.03166268893359154,uncommon,3.166268893359154,,peak_abundance_with_occupancy_days_modifiers,0.3698290078872467
swatan1,PE,0.07559494921094634,0.0627689010991896,0.0785256280139262,prebreeding_migration,0.2660274561469151,0.0674102464887784,0.0647381453298607,203.0,26.602745614691507,0.03152554244903538,uncommon,3.152554244903538,,peak_abundance_with_occupancy_days_modifiers,0.2660274561469151
yersis1,PE,0.07506253872917985,0.03630171172008325,0.0779515624975273,prebreeding_migration,0.4475821862408402,0.6850743589648849,0.4741123351929864,126.0,44.758218624084016,0.031303510032604995,uncommon,3.1303510032604995,,peak_abundance_with_occupancy_days_modifiers,0.4475821862408402
wfgtyr1,PE,0.07466394782694472,0.0775219864299092,0.0775219864299092,resident,0.3025571068172337,0.7976190502533921,0.8481189549037225,365.0,30.255710681723368,0.031137284715445933,uncommon,3.113728471544593,,peak_abundance_with_occupancy_days_modifiers,0.3025571068172337
bktflo1,PE,0.07351885669578401,0.076288831731618,0.076288831731618,resident,0.27131126411514,0.8593614770231784,0.8948803331729497,365.0,27.131126411514,0.03065974462261924,uncommon,3.065974462261924,,peak_abundance_with_occupancy_days_modifiers,0.27131126411514
crcwoo1,PE,0.07092433833669866,0.0735,0.0735,resident,0.4886,0.0676,0.0984,365.0,48.86,0.029577746426735756,uncommon,2.957774642673576,,peak_abundance_with_occupancy_days_modifiers,0.4886
easkin,PE,0.06999237182003498,0.04523333333333333,0.0725,postbreeding_migration,0.4001,0.1882,0.17,112.0,40.01,0.02918908620156422,uncommon,2.918908620156422,,peak_abundance_with_occupancy_days_modifiers,0.4001
butsal1,PE,0.06961934188005701,0.0721,0.0721,resident,0.4568,0.0806,0.0902,365.0,45.68,0.02903352063362238,uncommon,2.903352063362238,,peak_abundance_with_occupancy_days_modifiers,0.4568
rinkin1,PE,0.06775210205081847,0.0701,0.0701,resident,0.3712,0.0718,0.1037,365.0,37.12,0.028254821142272433,uncommon,2.8254821142272433,,peak_abundance_with_occupancy_days_modifiers,0.3712
slbfin3,PE,0.06746797791675323,0.0697960019527728,0.0697960019527728,resident,0.2068918359057814,0.7345809472560406,0.6611403127156102,365.0,20.68918359057814,0.028136332175181838,uncommon,2.8136332175181837,,peak_abundance_with_occupancy_days_modifiers,0.2068918359057814
linwoo1,PE,0.06672363204290818,0.069,0.069,resident,0.5331,0.0635,0.0771,365.0,53.31,0.027825915835365443,fairly_common,2.7825915835365445,,peak_abundance_with_occupancy_days_modifiers,0.5331
grethr1,PE,0.06634938054153391,0.0686,0.0686,resident,0.1183,0.4575,0.3926,365.0,11.83,0.02766984083675324,uncommon,2.766984083675324,,peak_abundance_with_occupancy_days_modifiers,0.1183
whwswa1,PE,0.06597498892353289,0.0682,0.0682,resident,0.2003,0.0803,0.084,365.0,20.03,0.02751370740496909,uncommon,2.751370740496909,,peak_abundance_with_occupancy_days_modifiers,0.2003
cingrt1,PE,0.06487716892519611,0.041082429964459724,0.0670279521442777,nonbreeding,0.3578856196189712,0.3191058626387476,0.4193404647052314,168.0,35.788561961897116,0.027055880905709293,uncommon,2.7055880905709295,,peak_abundance_with_occupancy_days_modifiers,0.3578856196189712
greant1,PE,0.06438225892926822,0.0665,0.0665,resident,0.4692,0.0602,0.0499,365.0,46.92,0.026849487406567753,uncommon,2.6849487406567754,,peak_abundance_with_occupancy_days_modifiers,0.4692
whtdov,PE,0.06381951271295404,0.0659,0.0659,resident,0.2978,0.0339,0.0159,365.0,29.78,0.026614804006213338,uncommon,2.661480400621334,,peak_abundance_with_occupancy_days_modifiers,0.2978
blfant1,PE,0.0631625749576401,0.0652,0.0652,resident,0.4152,0.167,0.2083,365.0,41.52,0.02634083968309784,uncommon,2.634083968309784,,peak_abundance_with_occupancy_days_modifiers,0.4152
whwbec1,PE,0.06306869146698298,0.06165,0.0651,nonbreeding,0.527,0.0599,0.1075,287.0,52.7,0.02630168722647384,fairly_common,2.630168722647384,,peak_abundance_with_occupancy_days_modifiers,0.527
webwoo1,PE,0.06269306933842342,0.0647,0.0647,resident,0.4761,0.1126,0.0912,365.0,47.61,0.026145040631928802,uncommon,2.6145040631928804,,peak_abundance_with_occupancy_days_modifiers,0.4761
eleter1,PE,0.06259914175651997,0.026525,0.0646,nonbreeding,0.0048,0.2128,0.5154,105.0,0.48,0.026105869787826908,very_rare,2.610586978782691,very_rare,peak_abundance_with_occupancy_days_modifiers,0.0048
brcmar1,PE,0.0619414015401833,0.040275,0.0639,postbreeding_migration,0.3904,0.0402,0.0142,126.0,39.04,0.02583157081247216,uncommon,2.583157081247216,,peak_abundance_with_occupancy_days_modifiers,0.3904
purhon1,PE,0.061904831632414996,0.0638610939865243,0.0638610939865243,resident,0.3714169478816234,0.0981620671234187,0.0877431599465815,365.0,37.14169478816234,0.025816319976381348,uncommon,2.581631997638135,,peak_abundance_with_occupancy_days_modifiers,0.3714169478816234
grbani,PE,0.06184740332608015,0.055,0.0638,breeding,0.0836,0.0685,0.067,133.0,8.36,0.025792370512455122,uncommon,2.5792370512455123,,peak_abundance_with_occupancy_days_modifiers,0.0836
gohman1,PE,0.06117115279969548,0.0630808478809381,0.0630808478809381,resident,0.2691717765295836,0.0664757905324857,0.0470735981768244,365.0,26.917177652958358,0.02551035213823501,uncommon,2.551035213823501,,peak_abundance_with_occupancy_days_modifiers,0.2691717765295836
bobfly1,PE,0.06015392281974709,0.062,0.062,resident,0.4799,0.0606,0.0534,365.0,47.99,0.02508613428706869,uncommon,2.508613428706869,,peak_abundance_with_occupancy_days_modifiers,0.4799
sobtyr1,PE,0.05940034328144753,0.050425000000000005,0.0612,prebreeding_migration,0.3013,0.0383,0.0328,161.0,30.130000000000003,0.024771867210083197,uncommon,2.47718672100832,,peak_abundance_with_occupancy_days_modifiers,0.3013
forela1,PE,0.05911760448308881,0.0609,0.0609,resident,0.4616,0.0838,0.0548,365.0,46.160000000000004,0.02465395597285525,uncommon,2.465395597285525,,peak_abundance_with_occupancy_days_modifiers,0.4616
verfly,PE,0.058929067529287484,0.04815,0.0607,breeding,0.2047,0.047,0.0572,112.0,20.47,0.024575329956139653,uncommon,2.4575329956139655,,peak_abundance_with_occupancy_days_modifiers,0.2047
rubsee2,PE,0.05878547070559907,0.0605476977844326,0.0605476977844326,resident,0.2463653224122674,0.1886460556166209,0.1938533179856846,365.0,24.636532241226742,0.02451544542935595,uncommon,2.451544542935595,,peak_abundance_with_occupancy_days_modifiers,0.2463653224122674
comgal1,PE,0.05817456405107217,0.0429,0.0599,breeding,0.0197,0.0079,0.0447,126.0,1.97,0.024260677566281644,rare,2.4260677566281643,rare,peak_abundance_with_occupancy_days_modifiers,0.0197
barswa,PE,0.0568528115927828,0.04446666666666666,0.0585,prebreeding_migration,0.2059,0.0034,0.0007,112.0,20.59,0.02370946397773032,uncommon,2.370946397773032,,peak_abundance_with_occupancy_days_modifiers,0.2059
stftyr1,PE,0.05684849223951307,0.0584954279744381,0.0584954279744381,resident,0.2553138871552065,0.8751260578447663,0.9332536660075283,365.0,25.53138871552065,0.023707662667506832,uncommon,2.370766266750683,,peak_abundance_with_occupancy_days_modifiers,0.2553138871552065
grcfly1,PE,0.056663847117541744,0.0583,0.0583,resident,0.3812,0.2974,0.3557,365.0,38.12,0.023630659670726327,uncommon,2.363065967072633,,peak_abundance_with_occupancy_days_modifiers,0.3812
blbgra1,PE,0.05562390374799708,0.0572,0.0572,resident,0.2112,0.026,0.0097,365.0,21.12,0.023196969600379286,uncommon,2.3196969600379287,,peak_abundance_with_occupancy_days_modifiers,0.2112
bludac1,PE,0.055529309792480296,0.0571,0.0571,resident,0.3817,0.0612,0.0569,365.0,38.17,0.023157520856895847,uncommon,2.3157520856895846,,peak_abundance_with_occupancy_days_modifiers,0.3817
pepowl1,PE,0.05522439856505345,0.0567777274762393,0.0567777274762393,resident,0.2645884930964533,0.7073260164491194,0.6381608032471721,365.0,26.458849309645334,0.023030362998549967,uncommon,2.303036299854997,,peak_abundance_with_occupancy_days_modifiers,0.2645884930964533
blkski,PE,0.054866901440840096,0.041975,0.0564,prebreeding_migration,0.0121,0.0484,0.0976,140.0,1.21,0.02288127511791197,rare,2.288127511791197,rare,peak_abundance_with_occupancy_days_modifiers,0.0121
bhsfin1,PE,0.05485501053093024,0.0563874385174551,0.0563874385174551,resident,0.1713100821783496,0.0636842230479317,0.0382711581937407,365.0,17.13100821783496,0.022876316223316092,uncommon,2.287631622331609,,peak_abundance_with_occupancy_days_modifiers,0.1713100821783496
mastit1,PE,0.05410932564703195,0.0556,0.0556,resident,0.4603,0.1341,0.1297,365.0,46.03,0.022565341472935072,uncommon,2.2565341472935074,,peak_abundance_with_occupancy_days_modifiers,0.4603
pavpig2,PE,0.05401458830623825,0.0555,0.0555,resident,0.2955,0.0477,0.028,365.0,29.549999999999997,0.02252583293314671,uncommon,2.2525832933146708,,peak_abundance_with_occupancy_days_modifiers,0.2955
petkne1,PE,0.05395883761396707,0.055441156784598,0.055441156784598,resident,0.1837743550108256,0.9453052555914002,0.9750246751782812,365.0,18.37743550108256,0.022502583088625273,uncommon,2.250258308862527,,peak_abundance_with_occupancy_days_modifiers,0.1837743550108256
bubear2,PE,0.053930728626115455,0.0554114898189,0.0554114898189,resident,0.3921781686214243,0.4350309709272456,0.4514533662011598,365.0,39.21781686214243,0.02249086073020098,uncommon,2.249086073020098,,peak_abundance_with_occupancy_days_modifiers,0.3921781686214243
brratt1,PE,0.05391984198943043,0.0554,0.0554,resident,0.3974,0.0883,0.0773,365.0,39.739999999999995,0.022486320650069624,uncommon,2.248632065006962,,peak_abundance_with_occupancy_days_modifiers,0.3974
bknsti,PE,0.05373032242096779,0.051025,0.0552,breeding,0.0237,0.0079,0.013,140.0,2.37,0.02240728485121196,rare,2.2407284851211964,rare,peak_abundance_with_occupancy_days_modifiers,0.0237
littin1,PE,0.05344597570562602,0.0549,0.0549,resident,0.3869,0.0957,0.1064,365.0,38.690000000000005,0.02228870306051937,uncommon,2.2288703060519373,,peak_abundance_with_occupancy_days_modifiers,0.3869
turtan1,PE,0.05335197905848163,0.0548008475969971,0.0548008475969971,resident,0.3520404948217251,0.1790370975495415,0.1517371453810325,365.0,35.204049482172515,0.02224950341397486,uncommon,2.224950341397486,,peak_abundance_with_occupancy_days_modifiers,0.3520404948217251
andhil3,PE,0.05326176907891374,0.0547056983258586,0.0547056983258586,resident,0.412943976735763,0.3508252264790957,0.3502880619396801,365.0,41.2943976735763,0.02221188293046541,uncommon,2.221188293046541,,peak_abundance_with_occupancy_days_modifiers,0.412943976735763
oliwoo1,PE,0.05297188476610572,0.0544,0.0544,resident,0.514,0.0845,0.0826,365.0,51.4,0.022090991782258672,fairly_common,2.209099178225867,,peak_abundance_with_occupancy_days_modifiers,0.514
trogna2,PE,0.05278218543896945,0.0542,0.0542,resident,0.0523,0.1387,0.419,365.0,5.2299999999999995,0.022011881018211474,uncommon,2.2011881018211477,,peak_abundance_with_occupancy_days_modifiers,0.0523
grasal3,PE,0.05135829227514207,0.0527,0.0527,resident,0.423,0.1479,0.0707,365.0,42.3,0.02141807144696788,uncommon,2.141807144696788,,peak_abundance_with_occupancy_days_modifiers,0.423
wbctyr1,PE,0.05085664551918104,0.0521720488935513,0.0521720488935513,resident,0.2179731168538961,0.5231768257388275,0.6773112881615329,365.0,21.79731168538961,0.021208868500679254,uncommon,2.1208868500679254,,peak_abundance_with_occupancy_days_modifiers,0.2179731168538961
batsee1,PE,0.05078816683210506,0.0521,0.0521,resident,0.093,0.2852,0.3804,365.0,9.3,0.021180310670046373,uncommon,2.118031067004637,,peak_abundance_with_occupancy_days_modifiers,0.093
wvspet1,PE,0.05041007014435933,0.0517022796679309,0.0517022796679309,breeding,0.0283741336846509,0.0040332762311114,0.0010240586356175,196.0,2.83741336846509,0.021022632104166192,rare,2.1022632104166195,rare,peak_abundance_with_occupancy_days_modifiers,0.0283741336846509
spwpig3,PE,0.050027493599648164,0.0513,0.0513,resident,0.0516,0.0346,0.0174,365.0,5.16,0.02086308529282241,uncommon,2.086308529282241,,peak_abundance_with_occupancy_days_modifiers,0.0516
amakin1,PE,0.04917104400644938,0.0504,0.0504,resident,0.3641,0.0783,0.104,365.0,36.41,0.020505918070836435,uncommon,2.0505918070836437,,peak_abundance_with_occupancy_days_modifiers,0.3641
kinvul1,PE,0.04879016416943201,0.05,0.05,resident,0.4165,0.0882,0.1228,365.0,41.65,0.020347078841559823,rare,2.0347078841559822,,peak_abundance_with_occupancy_days_modifiers,0.4165
pcttyr1,PE,0.048599814226262916,0.0498001515808435,0.0498001515808435,resident,0.3620885491630877,0.9639611257305588,0.9815269089148528,365.0,36.208854916308766,0.02026769674955253,rare,2.026769674955253,,peak_abundance_with_occupancy_days_modifiers,0.3620885491630877
ragmac1,PE,0.04783732941416013,0.049,0.049,resident,0.2663,0.0882,0.0646,365.0,26.63,0.019949715884936606,rare,1.9949715884936607,,peak_abundance_with_occupancy_days_modifiers,0.2663
tyrmet1,PE,0.047561935000057266,0.0487111510351274,0.0487111510351274,resident,0.17858960069165,0.4651364061376934,0.4032424130104056,365.0,17.858960069165,0.019834867493838466,rare,1.9834867493838466,,peak_abundance_with_occupancy_days_modifiers,0.17858960069165
bkcdon,PE,0.04684195042676878,0.0479563669336064,0.0479563669336064,resident,0.2269938558066125,0.0813856256719931,0.0814008850883452,365.0,22.69938558066125,0.019534610605451416,rare,1.9534610605451415,,peak_abundance_with_occupancy_days_modifiers,0.2269938558066125
chivir1,PE,0.046597285376782184,0.0405,0.0477,nonbreeding,0.5661,0.0864,0.0792,182.0,56.61000000000001,0.019432577354557567,uncommon,1.9432577354557568,,peak_abundance_with_occupancy_days_modifiers,0.5661
bfgtyr1,PE,0.04639441608255403,0.0326439639653478,0.047487475398524,prebreeding_migration,0.3820095065998867,0.8118934836582252,0.8287193184036816,63.0,38.20095065998867,0.019347974287638993,rare,1.9347974287638994,,peak_abundance_with_occupancy_days_modifiers,0.3820095065998867
grehon1,PE,0.04554681495597039,0.0466,0.0466,resident,0.366,0.1143,0.1277,365.0,36.6,0.018994497162845948,rare,1.8994497162845947,,peak_abundance_with_occupancy_days_modifiers,0.366
sbgtyr1,PE,0.04325104199431494,0.022875,0.0442,nonbreeding,0.2593,0.3106,0.3602,98.0,25.929999999999996,0.01803708547447967,rare,1.8037085474479668,,peak_abundance_with_occupancy_days_modifiers,0.2593
masflo1,PE,0.04306018867521766,0.0440007299804758,0.0440007299804758,resident,0.1110503436465008,0.3502170021158825,0.3495942412477456,365.0,11.105034364650079,0.0179574934584053,rare,1.79574934584053,,peak_abundance_with_occupancy_days_modifiers,0.1110503436465008
bkbsht1,PE,0.042735642763809784,0.03530526118901245,0.04366195878843,nonbreeding,0.380525280290593,0.1933848321127664,0.1447525245465979,259.0,38.0525280290593,0.01782214730084385,rare,1.782214730084385,,peak_abundance_with_occupancy_days_modifiers,0.380525280290593
fasant1,PE,0.0424846116061553,0.0434,0.0434,resident,0.4167,0.1142,0.0924,365.0,41.67,0.017717459176845276,rare,1.7717459176845276,,peak_abundance_with_occupancy_days_modifiers,0.4167
sttspi1,PE,0.04238441659769171,0.0432954617653612,0.0432954617653612,resident,0.3774311589132725,0.8179320920641733,0.8293583792956003,365.0,37.74311589132725,0.01767567461285687,rare,1.7675674612856869,,peak_abundance_with_occupancy_days_modifiers,0.3774311589132725
giacow,PE,0.04219704869978835,0.0431,0.0431,resident,0.3332,0.1002,0.1309,365.0,33.32,0.017597536130318087,rare,1.7597536130318088,,peak_abundance_with_occupancy_days_modifiers,0.3332
woosto,PE,0.04114194333117518,0.02545,0.042,prebreeding_migration,0.1554,0.0458,0.0264,161.0,15.540000000000001,0.01715752301524082,rare,1.715752301524082,,peak_abundance_with_occupancy_days_modifiers,0.1554
amekes,PE,0.04104596943600097,0.038625,0.0419,postbreeding_migration,0.289,0.0215,0.0244,105.0,28.9,0.017117498792222026,rare,1.7117498792222026,,peak_abundance_with_occupancy_days_modifiers,0.289
sltred,PE,0.04094998632895411,0.0418,0.0418,resident,0.0866,0.1871,0.2339,365.0,8.66,0.017077470727553952,rare,1.7077470727553952,,peak_abundance_with_occupancy_days_modifiers,0.0866
banana,PE,0.04027784649857016,0.0411,0.0411,resident,0.122,0.0184,0.0278,365.0,12.2,0.016797166646717387,rare,1.6797166646717387,,peak_abundance_with_occupancy_days_modifiers,0.122
magfri,PE,0.04018178963283183,0.0312,0.041,postbreeding_migration,0.0055,0.0295,0.0406,140.0,0.5499999999999999,0.016757107822285816,very_rare,1.6757107822285815,very_rare,peak_abundance_with_occupancy_days_modifiers,0.0055
orntin1,PE,0.04016237588212,0.0409797904816809,0.0409797904816809,resident,0.4250780782841913,0.5034366808383038,0.3311032326579373,365.0,42.50780782841913,0.01674901165939997,rare,1.674901165939997,,peak_abundance_with_occupancy_days_modifiers,0.4250780782841913
chewoo2,PE,0.03994439258616095,0.0407528990060992,0.0407528990060992,resident,0.5568350041527492,0.1184586059224451,0.1866942648807847,365.0,55.68350041527492,0.01665810556419565,uncommon,1.665810556419565,,peak_abundance_with_occupancy_days_modifiers,0.5568350041527492
strfly1,PE,0.03970136685155207,0.031475,0.0405,prebreeding_migration,0.5581,0.0685,0.0833,112.0,55.81,0.01655675596091405,rare,1.655675596091405,,peak_abundance_with_occupancy_days_modifiers,0.5581
ducfly,PE,0.03970136685155207,0.029400000000000003,0.0405,postbreeding_migration,0.6103,0.1152,0.0779,133.0,61.029999999999994,0.01655675596091405,rare,1.655675596091405,,peak_abundance_with_occupancy_days_modifiers,0.6103
btfgle1,PE,0.039605254592359425,0.0404,0.0404,resident,0.3975,0.1394,0.1976,365.0,39.75,0.01651667403561776,rare,1.651667403561776,,peak_abundance_with_occupancy_days_modifiers,0.3975
coltro1,PE,0.03950913309471249,0.0403,0.0403,resident,0.4391,0.1666,0.2143,365.0,43.91,0.01647658825758678,rare,1.647658825758678,,peak_abundance_with_occupancy_days_modifiers,0.4391
rufmot1,PE,0.038932210001787475,0.0397,0.0397,resident,0.3051,0.2478,0.339,365.0,30.509999999999998,0.016235992640476416,rare,1.6235992640476415,,peak_abundance_with_occupancy_days_modifiers,0.3051
yehcar1,PE,0.038643623592204426,0.0394,0.0394,resident,0.1881,0.031,0.035,365.0,18.81,0.016115642759955476,rare,1.6115642759955477,,peak_abundance_with_occupancy_days_modifiers,0.1881
dorcht1,PE,0.038561376416511,0.0393145158010494,0.0393145158010494,resident,0.3248353948313275,0.4743745722656486,0.4049378871938005,365.0,32.48353948313275,0.016081343023588154,rare,1.6081343023588153,,peak_abundance_with_occupancy_days_modifiers,0.3248353948313275
creduc1,PE,0.03845118637425273,0.0392,0.0392,resident,0.0269,0.1461,0.1042,365.0,2.69,0.016035390206753968,rare,1.6035390206753968,rare,peak_abundance_with_occupancy_days_modifiers,0.0269
eawpew,PE,0.03806620080645633,0.03783333333333333,0.0388,nonbreeding,0.5172,0.2119,0.2979,84.0,51.72,0.015874838754752034,rare,1.5874838754752034,,peak_abundance_with_occupancy_days_modifiers,0.5172
slcgro1,PE,0.03768106696768849,0.0384,0.0384,resident,0.382,0.1376,0.0916,365.0,38.2,0.015714225468952302,rare,1.5714225468952303,,peak_abundance_with_occupancy_days_modifiers,0.382
capher1,PE,0.03738599216294619,0.0380936395246072,0.0380936395246072,resident,0.3663074761759122,0.1097490495970085,0.1828503763418632,365.0,36.63074761759122,0.015591169717481583,rare,1.5591169717481583,,peak_abundance_with_occupancy_days_modifiers,0.3663074761759122
laufal1,PE,0.037295784743696894,0.038,0.038,resident,0.4593,0.0556,0.0532,365.0,45.93,0.01555355030170785,rare,1.555355030170785,,peak_abundance_with_occupancy_days_modifiers,0.4593
baytan3,PE,0.037295784743696894,0.03075,0.038,breeding,0.1164,0.0867,0.1087,301.0,11.64,0.01555355030170785,rare,1.555355030170785,,peak_abundance_with_occupancy_days_modifiers,0.1164
ocbfly1,PE,0.036524774682372266,0.0372,0.0372,resident,0.3962,0.1028,0.1173,365.0,39.62,0.015232014132021432,rare,1.5232014132021432,,peak_abundance_with_occupancy_days_modifiers,0.3962
rngtyr1,PE,0.03604259134692935,0.028900000000000002,0.0367,nonbreeding,0.2152,0.32,0.2699,119.0,21.52,0.015030928062536775,rare,1.5030928062536775,,peak_abundance_with_occupancy_days_modifiers,0.2152
tropar,PE,0.03604259134692935,0.0264,0.0367,postbreeding_migration,0.1495,0.0441,0.059,203.0,14.95,0.015030928062536775,rare,1.5030928062536775,,peak_abundance_with_occupancy_days_modifiers,0.1495
cocher1,PE,0.03498096889524552,0.0356,0.0356,resident,0.168,0.052,0.0423,365.0,16.8,0.014588197112721444,rare,1.4588197112721444,,peak_abundance_with_occupancy_days_modifiers,0.168
palhor3,PE,0.03471525899794887,0.0353248673847078,0.0353248673847078,resident,0.2921062536033093,0.1445856585747568,0.095199029484448,365.0,29.210625360330926,0.01447738747882668,rare,1.447738747882668,,peak_abundance_with_occupancy_days_modifiers,0.2921062536033093
swathr,PE,0.03459464476449907,0.026866666666666667,0.0352,nonbreeding,0.1728,0.1536,0.2054,91.0,17.28,0.014427087436611287,rare,1.4427087436611288,,peak_abundance_with_occupancy_days_modifiers,0.1728
azaspi1,PE,0.0344014267173324,0.035,0.035,resident,0.0774,0.262,0.2604,365.0,7.739999999999999,0.014346509252335056,rare,1.4346509252335056,,peak_abundance_with_occupancy_days_modifiers,0.0774
yebter2,PE,0.03385314282786655,0.034432681714353,0.034432681714353,resident,0.0615868904761911,0.0623658589455899,0.0882089635295252,365.0,6.15868904761911,0.014117857110731753,rare,1.4117857110731753,,peak_abundance_with_occupancy_days_modifiers,0.0615868904761911
barant1,PE,0.03382154847551067,0.0344,0.0344,resident,0.3405,0.0528,0.0248,365.0,34.050000000000004,0.014104681242413281,rare,1.4104681242413282,,peak_abundance_with_occupancy_days_modifiers,0.3405
scbant3,PE,0.03362818097998405,0.0342,0.0342,resident,0.3528,0.1107,0.1337,365.0,35.28,0.014024040733330106,rare,1.4024040733330105,,peak_abundance_with_occupancy_days_modifiers,0.3528
btsfin1,PE,0.03333805961051037,0.0339,0.0339,resident,0.0971,0.2959,0.2866,365.0,9.71,0.013903050724815232,rare,1.3903050724815231,,peak_abundance_with_occupancy_days_modifiers,0.0971
watjac1,PE,0.03324133377980188,0.0338,0.0338,resident,0.0725,0.0202,0.0119,365.0,7.249999999999999,0.013862712920322382,rare,1.3862712920322382,,peak_abundance_with_occupancy_days_modifiers,0.0725
lesrhe2,PE,0.03318853267744407,0.0337454156614518,0.0337454156614518,resident,0.1158111520298761,0.0129021533369574,0.004103856043834,365.0,11.58111520298761,0.013840693150336262,rare,1.3840693150336263,,peak_abundance_with_occupancy_days_modifiers,0.1158111520298761
blttit1,PE,0.03306905173070209,0.0336219101589225,0.0336219101589225,resident,0.4460772817923772,0.0785799789695969,0.0684313109941886,365.0,44.60772817923772,0.013790865725386835,rare,1.3790865725386836,,peak_abundance_with_occupancy_days_modifiers,0.4460772817923772
pedpet1,PE,0.03275984196881643,0.03153632578488805,0.0333023535817551,nonbreeding,0.0430564344503597,0.0097870325391029,0.0025072156318543,189.0,4.30564344503597,0.013661915238935923,rare,1.3661915238935922,rare,peak_abundance_with_occupancy_days_modifiers,0.0430564344503597
gobsal1,PE,0.03275756423817219,0.0333,0.0333,resident,0.0818,0.0541,0.0342,365.0,8.18,0.01366096535147836,rare,1.366096535147836,,peak_abundance_with_occupancy_days_modifiers,0.0818
sander,PE,0.03256399087326267,0.026933333333333333,0.0331,nonbreeding,0.0019,0.0059,0.0384,77.0,0.19,0.013580238988194026,very_rare,1.3580238988194027,very_rare,peak_abundance_with_occupancy_days_modifiers,0.0019
fepowl,PE,0.03256399087326267,0.0331,0.0331,resident,0.4475,0.0734,0.0546,365.0,44.75,0.013580238988194026,rare,1.3580238988194027,,peak_abundance_with_occupancy_days_modifiers,0.4475
grnkin,PE,0.0322735605502957,0.0328,0.0328,resident,0.3749,0.0752,0.089,365.0,37.49,0.013459120136065003,rare,1.3459120136065004,,peak_abundance_with_occupancy_days_modifiers,0.3749
giahum1,PE,0.03198304585305077,0.027925,0.0325,postbreeding_migration,0.1613,0.5904,0.6789,161.0,16.13,0.013337966097129075,rare,1.3337966097129075,,peak_abundance_with_occupancy_days_modifiers,0.1613
wtsfin1,PE,0.03174982732804034,0.032259229950036,0.032259229950036,resident,0.2145660988580574,0.7894201098665583,0.8738591854435561,365.0,21.45660988580574,0.013240706417919527,rare,1.3240706417919528,,peak_abundance_with_occupancy_days_modifiers,0.2145660988580574
rugdov,PE,0.03149866705937099,0.032,0.032,resident,0.1288,0.0196,0.0055,365.0,12.879999999999999,0.013135964450445627,rare,1.3135964450445627,,peak_abundance_with_occupancy_days_modifiers,0.1288
rempar,PE,0.030432207120201987,0.0309,0.0309,resident,0.0131,0.3836,0.5361,365.0,1.31,0.01269121611165578,rare,1.269121611165578,rare,peak_abundance_with_occupancy_days_modifiers,0.0131
cancan1,PE,0.030261889205425215,0.0307244342130804,0.0307244342130804,resident,0.2890452301847628,0.8948176751550817,0.9406185772150136,365.0,28.90452301847628,0.012620188024354042,rare,1.2620188024354042,,peak_abundance_with_occupancy_days_modifiers,0.2890452301847628
burwar1,PE,0.030238183060609998,0.0307,0.0307,resident,0.2661,0.283,0.2981,365.0,26.61,0.012610301794090301,rare,1.2610301794090302,,peak_abundance_with_occupancy_days_modifiers,0.2661
stbwoo2,PE,0.030238183060609998,0.0307,0.0307,resident,0.33,0.0764,0.048,365.0,33.0,0.012610301794090301,rare,1.2610301794090302,,peak_abundance_with_occupancy_days_modifiers,0.33
whcela1,PE,0.030044121348376668,0.019725,0.0305,postbreeding_migration,0.2043,0.1636,0.0569,105.0,20.43,0.012529371774153763,rare,1.2529371774153764,,peak_abundance_with_occupancy_days_modifiers,0.2043
anhing,PE,0.029170377299779858,0.02735,0.0296,breeding,0.2835,0.0667,0.0671,105.0,28.349999999999998,0.01216499220407477,rare,1.216499220407477,,peak_abundance_with_occupancy_days_modifiers,0.2835
plbwoo1,PE,0.029073247485707086,0.0295,0.0295,resident,0.4287,0.1031,0.0863,365.0,42.870000000000005,0.012124485925433415,rare,1.2124485925433415,,peak_abundance_with_occupancy_days_modifiers,0.4287
grnjay,PE,0.029073247485707086,0.0295,0.0295,resident,0.0735,0.1664,0.1485,365.0,7.35,0.012124485925433415,rare,1.2124485925433415,,peak_abundance_with_occupancy_days_modifiers,0.0735
slftyr1,PE,0.029073247485707086,0.0295,0.0295,resident,0.3772,0.1295,0.1328,365.0,37.72,0.012124485925433415,rare,1.2124485925433415,,peak_abundance_with_occupancy_days_modifiers,0.3772
batfal1,PE,0.028976108236517098,0.0294,0.0294,resident,0.4086,0.0991,0.1162,365.0,40.86,0.012083975712042562,rare,1.2083975712042563,,peak_abundance_with_occupancy_days_modifiers,0.4086
ruqdov,PE,0.028490270399627496,0.0289,0.0289,resident,0.3926,0.1035,0.1439,365.0,39.26,0.011881365597080043,rare,1.1881365597080042,,peak_abundance_with_occupancy_days_modifiers,0.3926
punsni1,PE,0.02831081526086995,0.0287153751741647,0.0287153751741647,resident,0.3469658673361527,0.4208518540546876,0.6775635335033628,365.0,34.69658673361527,0.01180652699141063,rare,1.180652699141063,,peak_abundance_with_occupancy_days_modifiers,0.3469658673361527
rwbtyr1,PE,0.028091873108142828,0.0284901706696597,0.0284901706696597,resident,0.273603457619554,0.566693877079543,0.649419158346325,365.0,27.3603457619554,0.011715221021875253,rare,1.1715221021875253,,peak_abundance_with_occupancy_days_modifiers,0.273603457619554
gbwwre1,PE,0.027906953253007873,0.0283,0.0283,resident,0.0537,0.2051,0.2234,365.0,5.37,0.01163810345246652,rare,1.163810345246652,,peak_abundance_with_occupancy_days_modifiers,0.0537
leskis1,PE,0.027712438566535786,0.0281,0.0281,resident,0.1968,0.0735,0.0871,365.0,19.68,0.011556984527599937,rare,1.1556984527599936,,peak_abundance_with_occupancy_days_modifiers,0.1968
whcman2,PE,0.027712438566535786,0.0281,0.0281,resident,0.3249,0.1323,0.1057,365.0,32.49,0.011556984527599937,rare,1.1556984527599936,,peak_abundance_with_occupancy_days_modifiers,0.3249
silant1,PE,0.026781019269109575,0.0271428536418074,0.0271428536418074,resident,0.5433167328504627,0.1605237837296189,0.1135678376734337,365.0,54.331673285046264,0.011168552510575611,uncommon,1.1168552510575611,,peak_abundance_with_occupancy_days_modifiers,0.5433167328504627
puntin1,PE,0.026762432951905328,0.0271237630163283,0.0271237630163283,resident,0.2965247424238615,0.3180956645164853,0.2357269773216335,365.0,29.652474242386152,0.01116080141426415,rare,1.116080141426415,,peak_abundance_with_occupancy_days_modifiers,0.2965247424238615
compot1,PE,0.02615495747685121,0.0214,0.0265,prebreeding_migration,0.4679,0.0585,0.0846,105.0,46.79,0.010907464464170718,rare,1.0907464464170717,,peak_abundance_with_occupancy_days_modifiers,0.4679
epaori1,PE,0.025838246371634323,0.0261749475270759,0.0261749475270759,resident,0.5678683527231152,0.1675483126667012,0.1389016523058612,365.0,56.78683527231152,0.010775385674571489,uncommon,1.077538567457149,,peak_abundance_with_occupancy_days_modifiers,0.5678683527231152
cowfin1,PE,0.02566774674857779,0.026,0.026,resident,0.0507,0.9471,0.9652,365.0,5.07,0.010704281809031328,rare,1.0704281809031329,,peak_abundance_with_occupancy_days_modifiers,0.0507
perter2,PE,0.02546315500983131,0.02225408435665205,0.0257901103476227,breeding,0.0430915858475508,1.0,1.0,133.0,4.30915858475508,0.010618960426956267,rare,1.0618960426956268,rare,peak_abundance_with_occupancy_days_modifiers,0.0430915858475508
reevir1,PE,0.025375306331228243,0.021033333333333334,0.0257,prebreeding_migration,0.5557,0.2279,0.2147,112.0,55.57,0.010582324682434953,rare,1.0582324682434954,,peak_abundance_with_occupancy_days_modifiers,0.5557
mitpar,PE,0.025277807184268544,0.0256,0.0256,resident,0.018,0.1446,0.0522,365.0,1.7999999999999998,0.010541664380016531,rare,1.054166438001653,rare,peak_abundance_with_occupancy_days_modifiers,0.018
spbwoo1,PE,0.024933214891004828,0.0252466470288806,0.0252466470288806,resident,0.27788910812525,0.1981401633171138,0.119222303183099,365.0,27.788910812524996,0.010397958231890362,rare,1.039795823189036,,peak_abundance_with_occupancy_days_modifiers,0.27788910812525
ruhcha1,PE,0.02484413927710723,0.0251553266216711,0.0251553266216711,resident,0.0352039832933901,0.028775926581055,0.0333590692709777,365.0,3.52039832933901,0.010360810815609066,rare,1.0360810815609067,rare,peak_abundance_with_occupancy_days_modifiers,0.0352039832933901
tamcon1,PE,0.024666089128326813,0.017848486998448203,0.0249728138119417,nonbreeding,0.1858423646346506,0.2234253695706271,0.2934615965571844,126.0,18.58423646346506,0.010286558136269695,rare,1.0286558136269695,,peak_abundance_with_occupancy_days_modifiers,0.1858423646346506
gretin1,PE,0.024497471600387438,0.0248,0.0248,resident,0.3422,0.1154,0.0692,365.0,34.22,0.010216239165357105,rare,1.0216239165357104,,peak_abundance_with_occupancy_days_modifiers,0.3422
punmin1,PE,0.024443803958728232,0.0247450028766238,0.0247450028766238,resident,0.1311713142999139,0.0352774555108403,0.0056972067031077,365.0,13.11713142999139,0.01019385802041391,rare,1.019385802041391,,peak_abundance_with_occupancy_days_modifiers,0.1311713142999139
brcfly1,PE,0.024302292522964862,0.014875,0.0246,nonbreeding,0.5054,0.0754,0.0643,133.0,50.54,0.010134843167943598,rare,1.0134843167943597,,peak_abundance_with_occupancy_days_modifiers,0.5054
redpha1,PE,0.023709859128969737,0.0239931725146945,0.0239931725146945,postbreeding_migration,0.0168390314785022,0.0006545648673783572,0.00048400750021012885,28.0,1.68390314785022,0.00988777925288623,rare,0.9887779252886231,rare,peak_abundance_with_occupancy_days_modifiers,0.0168390314785022
sposan,PE,0.02332582530349669,0.019633333333333332,0.0236,nonbreeding,0.3655,0.151,0.084,126.0,36.55,0.009727624708261448,rare,0.9727624708261449,,peak_abundance_with_occupancy_days_modifiers,0.3655
bahtan1,PE,0.023130417388854383,0.0234,0.0234,resident,0.1003,0.1154,0.1805,365.0,10.03,0.009646133278314949,rare,0.9646133278314949,,peak_abundance_with_occupancy_days_modifiers,0.1003
soulap1,PE,0.023130417388854383,0.017499999999999998,0.0234,nonbreeding,0.1274,0.0135,0.0017,175.0,12.740000000000002,0.009646133278314949,rare,0.9646133278314949,,peak_abundance_with_occupancy_days_modifiers,0.1274
oilbir1,PE,0.02310193306127299,0.0233708495543206,0.0233708495543206,resident,0.1340991197394864,0.3097832264314032,0.4422350914125375,365.0,13.40991197394864,0.009634254391065519,rare,0.9634254391065519,,peak_abundance_with_occupancy_days_modifiers,0.1340991197394864
spered1,PE,0.023032699110572687,0.0233,0.0233,resident,0.0434,0.5743,0.6095,365.0,4.34,0.009605381591037278,rare,0.9605381591037278,rare,peak_abundance_with_occupancy_days_modifiers,0.0434
saffin,PE,0.02293497128249588,0.0232,0.0232,resident,0.035,0.006,0.0039,365.0,3.5000000000000004,0.009564625921185715,rare,0.9564625921185714,rare,peak_abundance_with_occupancy_days_modifiers,0.035
sungre1,PE,0.022607537282605433,0.0228650243755092,0.0228650243755092,resident,0.5696167411081385,0.1256136947706445,0.2478487236119494,365.0,56.96167411081385,0.00942807533717779,uncommon,0.942807533717779,,peak_abundance_with_occupancy_days_modifiers,0.5696167411081385
blheag1,PE,0.022446188829830054,0.0227,0.0227,resident,0.441,0.1134,0.171,365.0,44.1,0.009360787806064207,rare,0.9360787806064207,,peak_abundance_with_occupancy_days_modifiers,0.441
thbeup1,PE,0.02185933435289352,0.0221,0.0221,resident,0.1303,0.1825,0.139,365.0,13.03,0.009116050480129367,rare,0.9116050480129367,,peak_abundance_with_occupancy_days_modifiers,0.1303
rubpep1,PE,0.02176149178151269,0.022,0.022,resident,0.2269,0.0237,0.0115,365.0,22.689999999999998,0.009075246958603327,rare,0.9075246958603327,,peak_abundance_with_occupancy_days_modifiers,0.2269
whnjac1,PE,0.02176149178151269,0.022,0.022,resident,0.3236,0.0943,0.0911,365.0,32.36,0.009075246958603327,rare,0.9075246958603327,,peak_abundance_with_occupancy_days_modifiers,0.3236
cotfly1,PE,0.021467906615240923,0.0217,0.0217,resident,0.1056,0.025,0.0154,365.0,10.56,0.008952812434626341,rare,0.8952812434626342,,peak_abundance_with_occupancy_days_modifiers,0.1056
sptfly1,PE,0.021325610326572517,0.0215546262251871,0.0215546262251871,resident,0.145219382931098,0.1731355819603049,0.0575339364267147,365.0,14.521938293109802,0.008893470273072145,rare,0.8893470273072145,,peak_abundance_with_occupancy_days_modifiers,0.145219382931098
scatan,PE,0.021272135275539696,0.018166666666666668,0.0215,prebreeding_migration,0.3791,0.3189,0.4039,77.0,37.91,0.008871169444658418,rare,0.8871169444658418,,peak_abundance_with_occupancy_days_modifiers,0.3791
cintea,PE,0.021174235231406484,0.017325,0.0214,postbreeding_migration,0.0089,0.0178,0.083,168.0,0.89,0.00883034195513301,very_rare,0.883034195513301,very_rare,peak_abundance_with_occupancy_days_modifiers,0.0089
greibi1,PE,0.021076325601916215,0.0213,0.0213,resident,0.2268,0.0492,0.0289,365.0,22.68,0.008789510468203225,rare,0.8789510468203224,,peak_abundance_with_occupancy_days_modifiers,0.2268
rutfly2,PE,0.021076325601916215,0.0213,0.0213,resident,0.3964,0.1123,0.1009,365.0,39.64,0.008789510468203225,rare,0.8789510468203224,,peak_abundance_with_occupancy_days_modifiers,0.3964
diaplo1,PE,0.020998823132614173,0.0212208497953096,0.0212208497953096,resident,0.1915624000266123,0.2556287684313985,0.3632880920982259,365.0,19.156240002661228,0.00875718942808891,rare,0.875718942808891,,peak_abundance_with_occupancy_days_modifiers,0.1915624000266123
dotkit1,PE,0.02097840638519171,0.0212,0.0212,resident,0.4312,0.1274,0.1355,365.0,43.120000000000005,0.00874867498308622,rare,0.874867498308622,,peak_abundance_with_occupancy_days_modifiers,0.4312
blatap1,PE,0.0207041401409733,0.0209199577162323,0.0209199577162323,resident,0.1211351817467235,0.1157964804116328,0.1004716886313718,365.0,12.11351817467235,0.008634297075372799,rare,0.8634297075372799,,peak_abundance_with_occupancy_days_modifiers,0.1211351817467235
rubher,PE,0.020684591192832683,0.0209,0.0209,resident,0.3785,0.1019,0.1307,365.0,37.85,0.008626144530779884,rare,0.8626144530779885,,peak_abundance_with_occupancy_days_modifiers,0.3785
sunbit1,PE,0.020454475898845408,0.0206651023241788,0.0206651023241788,resident,0.4763613529684635,0.1537369911305599,0.138101010856702,365.0,47.63613529684635,0.008530178999425127,rare,0.8530178999425128,,peak_abundance_with_occupancy_days_modifiers,0.4763613529684635
mouant,PE,0.020444769574294863,0.0206551954655179,0.0206551954655179,resident,0.6097236022234145,0.3532588226232168,0.2838296100831035,365.0,60.97236022234145,0.00852613114768584,uncommon,0.852613114768584,,peak_abundance_with_occupancy_days_modifiers,0.6097236022234145
eulfly1,PE,0.019910649909901986,0.012411793070421624,0.0201101890173424,breeding,0.5392121525147645,0.1556802561894492,0.0749932260544268,112.0,53.921215251476454,0.008303385946737338,rare,0.8303385946737338,,peak_abundance_with_occupancy_days_modifiers,0.5392121525147645
brnpel,PE,0.019900661706336167,0.0138,0.0201,nonbreeding,0.0029,0.0143,0.0152,161.0,0.29,0.008299220542318296,very_rare,0.8299220542318295,very_rare,peak_abundance_with_occupancy_days_modifiers,0.0029
andeme1,PE,0.019627880916396775,0.0198217742652259,0.0198217742652259,resident,0.1036684137052673,0.3987325260451482,0.404301010624906,365.0,10.36684137052673,0.008185462117155233,rare,0.8185462117155232,,peak_abundance_with_occupancy_days_modifiers,0.1036684137052673
croslf1,PE,0.018723613998102594,0.01255,0.0189,postbreeding_migration,0.4369,0.126,0.1667,119.0,43.69,0.007808353521733183,rare,0.7808353521733183,,peak_abundance_with_occupancy_days_modifiers,0.4369
secfly1,PE,0.018527304613883622,0.0187,0.0187,resident,0.3259,0.1217,0.0953,365.0,32.59,0.007726486149773333,rare,0.7726486149773333,,peak_abundance_with_occupancy_days_modifiers,0.3259
puyfin1,PE,0.018296446841137036,0.018464852330781,0.018464852330781,resident,0.2131161295945269,0.2285023386810436,0.0594928699751198,365.0,21.311612959452688,0.007630210980726015,rare,0.7630210980726015,,peak_abundance_with_occupancy_days_modifiers,0.2131161295945269
speowl1,PE,0.018232768261059712,0.0184,0.0184,resident,0.3954,0.0843,0.1213,365.0,39.54,0.0076036549501938165,rare,0.7603654950193817,,peak_abundance_with_occupancy_days_modifiers,0.3954
puteup1,PE,0.018036362486098582,0.0182,0.0182,resident,0.1424,0.0251,0.015,365.0,14.24,0.007521747380172253,rare,0.7521747380172252,,peak_abundance_with_occupancy_days_modifiers,0.1424
bawnig1,PE,0.017994230196348424,0.013806983606228774,0.0181571018062823,postbreeding_migration,0.4010075238903118,0.2465815824095185,0.1489152320107072,98.0,40.10075238903118,0.007504176850621556,rare,0.7504176850621557,,peak_abundance_with_occupancy_days_modifiers,0.4010075238903118
masyel4,PE,0.01792097008863035,0.01808251423951,0.01808251423951,resident,0.2645066398096017,0.616511411125826,0.8196215210494072,365.0,26.450663980960172,0.00747362501270391,rare,0.747362501270391,,peak_abundance_with_occupancy_days_modifiers,0.2645066398096017
slcfly1,PE,0.017839918128331,0.018,0.018,resident,0.0752,0.3088,0.3809,365.0,7.5200000000000005,0.007439823719870647,rare,0.7439823719870647,,peak_abundance_with_occupancy_days_modifiers,0.0752
yehbla2,PE,0.017768741107452628,0.0179275443713643,0.0179275443713643,resident,0.0221550352164592,0.0223873907017118,0.0181218496946934,365.0,2.2155035216459202,0.007410140596639252,rare,0.7410140596639252,rare,peak_abundance_with_occupancy_days_modifiers,0.0221550352164592
andtin1,PE,0.017741681476157102,0.0179,0.0179,resident,0.1097,0.4558,0.5188,365.0,10.97,0.0073988558538890595,rare,0.7398855853889059,,peak_abundance_with_occupancy_days_modifiers,0.1097
stbear2,PE,0.01770550830996337,0.0178631800000834,0.0178631800000834,resident,0.1723324880002155,0.0428511876759964,0.0366708018965369,365.0,17.23324880002155,0.007383770471885915,rare,0.7383770471885915,,peak_abundance_with_occupancy_days_modifiers,0.1723324880002155
andgua1,PE,0.017642754069127096,0.0177993067731262,0.0177993067731262,resident,0.0839311533681352,0.3569746866900983,0.3360463324896825,365.0,8.39311533681352,0.007357599920757898,rare,0.7357599920757898,,peak_abundance_with_occupancy_days_modifiers,0.0839311533681352
thswar1,PE,0.017545179215748816,0.0177,0.0177,resident,0.0494,0.3683,0.3505,365.0,4.9399999999999995,0.007316908046310731,rare,0.731690804631073,rare,peak_abundance_with_occupancy_days_modifiers,0.0494
shtnig1,PE,0.01750620634851429,0.0150398484389334,0.0176603380858897,nonbreeding,0.5065560082488991,0.1025965983492935,0.0257932355050725,161.0,50.655600824889916,0.007300655098287252,rare,0.7300655098287252,,peak_abundance_with_occupancy_days_modifiers,0.5065560082488991
oashum1,PE,0.017446913603720648,0.0176,0.0176,resident,0.0505,0.86,0.875,365.0,5.050000000000001,0.007275928103131861,rare,0.7275928103131861,,peak_abundance_with_occupancy_days_modifiers,0.0505
blkpho,PE,0.017348638334613004,0.0145,0.0175,prebreeding_migration,0.1462,0.0847,0.06,112.0,14.62,0.007234944132638043,rare,0.7234944132638043,,peak_abundance_with_occupancy_days_modifiers,0.1462
royter1,PE,0.01715205881756557,0.009275,0.0173,prebreeding_migration,0.0027,0.0188,0.0828,7.0,0.27,0.007152964106538737,very_rare,0.7152964106538737,very_rare,peak_abundance_with_occupancy_days_modifiers,0.0027
goltan1,PE,0.017053754565827518,0.0172,0.0172,resident,0.0509,0.3182,0.2326,365.0,5.09,0.007111968049349252,rare,0.7111968049349252,,peak_abundance_with_occupancy_days_modifiers,0.0509
giacon1,PE,0.017032031971246208,0.0171779040167838,0.0171779040167838,resident,0.2291431905481929,0.7619105902067506,0.7732163484093018,365.0,22.91431905481929,0.007102909023783055,rare,0.7102909023783055,,peak_abundance_with_occupancy_days_modifiers,0.2291431905481929
strxen1,PE,0.016910827418740153,0.0170546248952547,0.0170546248952547,resident,0.1226881523919359,0.1013688659642568,0.1781659997170366,365.0,12.26881523919359,0.007052362799399952,rare,0.7052362799399952,,peak_abundance_with_occupancy_days_modifiers,0.1226881523919359
whcpin,PE,0.016758783814954704,0.015549999999999998,0.0169,breeding,0.006,0.0127,0.0272,105.0,0.6,0.0069889556917124805,very_rare,0.6988955691712481,very_rare,peak_abundance_with_occupancy_days_modifiers,0.006
ruther1,PE,0.016562088298978293,0.0167,0.0167,resident,0.2609,0.0599,0.0354,365.0,26.090000000000003,0.006906927290302419,rare,0.6906927290302418,,peak_abundance_with_occupancy_days_modifiers,0.2609
brbmot1,PE,0.01626697246387197,0.0164,0.0164,resident,0.1902,0.1918,0.2593,365.0,19.02,0.006783854427840878,rare,0.6783854427840877,,peak_abundance_with_occupancy_days_modifiers,0.1902
mawqua1,PE,0.016258830002708842,0.0163917240361672,0.0163917240361672,resident,0.5214714925575448,0.0919953896946962,0.0467553288189594,365.0,52.14714925575448,0.006780458757789988,uncommon,0.6780458757789989,,peak_abundance_with_occupancy_days_modifiers,0.5214714925575448
lebfly2,PE,0.015866969971837484,0.0159935187692686,0.0159935187692686,resident,0.1243570891478915,0.6338269467342641,0.6343448492951642,365.0,12.43570891478915,0.006617040432012084,rare,0.6617040432012085,,peak_abundance_with_occupancy_days_modifiers,0.1243570891478915
grhtan1,PE,0.015820274838195987,0.0159460779237677,0.0159460779237677,resident,0.1394578694708426,0.0420525275990485,0.0490726675595149,365.0,13.94578694708426,0.006597567048761693,rare,0.6597567048761693,,peak_abundance_with_occupancy_days_modifiers,0.1394578694708426
whnpuf2,PE,0.0157729552884656,0.0158980049502147,0.0158980049502147,resident,0.5484809803960525,0.1658655833020689,0.1337573332401207,365.0,54.848098039605254,0.006577833263776502,uncommon,0.6577833263776502,,peak_abundance_with_occupancy_days_modifiers,0.5484809803960525
andcon1,PE,0.015578029963318415,0.0157,0.0157,resident,0.0935,0.1115,0.0376,365.0,9.35,0.006496543089281262,rare,0.6496543089281261,,peak_abundance_with_occupancy_days_modifiers,0.0935
burowl,PE,0.015479570848386318,0.012424999999999999,0.0156,prebreeding_migration,0.1269,0.0197,0.0121,112.0,12.690000000000001,0.006455482449123619,rare,0.6455482449123618,,peak_abundance_with_occupancy_days_modifiers,0.1269
scptyr1,PE,0.015479570848386318,0.0156,0.0156,resident,0.0553,0.3007,0.3374,365.0,5.53,0.006455482449123619,rare,0.6455482449123618,,peak_abundance_with_occupancy_days_modifiers,0.0553
banswa,PE,0.015381102038302324,0.013333333333333334,0.0155,prebreeding_migration,0.2222,,,,22.220000000000002,0.006414417765773596,rare,0.6414417765773596,,peak_abundance_with_occupancy_days_modifiers,0.2222
blctit1,PE,0.014987129808248345,0.0151,0.0151,resident,0.3322,0.0805,0.0881,365.0,33.22,0.0062501185845193685,rare,0.6250118584519369,,peak_abundance_with_occupancy_days_modifiers,0.3322
grepot1,PE,0.014938627104793035,0.0150507660997208,0.0150507660997208,resident,0.6337057505289696,0.1055301322719266,0.1351968168968855,365.0,63.37057505289696,0.006229891386106897,uncommon,0.6229891386106897,,peak_abundance_with_occupancy_days_modifiers,0.6337057505289696
musduc,PE,0.014888612493750654,0.015,0.015,resident,0.1352,0.0315,0.0189,365.0,13.52,0.006209033673257707,rare,0.6209033673257707,,peak_abundance_with_occupancy_days_modifiers,0.1352
rcatan1,PE,0.014888612493750654,0.015,0.015,resident,0.3898,0.205,0.1117,365.0,38.98,0.006209033673257707,rare,0.6209033673257707,,peak_abundance_with_occupancy_days_modifiers,0.3898
aplfal,PE,0.014691548742989757,0.0148,0.0148,resident,0.1841,0.0343,0.0409,365.0,18.41,0.006126851706014866,rare,0.6126851706014866,,peak_abundance_with_occupancy_days_modifiers,0.1841
thswar2,PE,0.014329563760407827,0.0144327241178632,0.0144327241178632,resident,0.0452236576057365,0.0593797711620882,0.0706080425383194,365.0,4.52236576057365,0.005975892243069103,rare,0.5975892243069103,rare,peak_abundance_with_occupancy_days_modifiers,0.0452236576057365
grttra1,PE,0.014126192600193094,0.0142264387347594,0.0142264387347594,resident,0.153542345322546,0.5473484054225621,0.6301482946061115,365.0,15.3542345322546,0.005891079881778052,rare,0.5891079881778052,,peak_abundance_with_occupancy_days_modifiers,0.153542345322546
baisan,PE,0.014100124378781637,0.0096,0.0142,postbreeding_migration,0.0211,0.011,0.0083,98.0,2.11,0.005880208589062617,rare,0.5880208589062617,rare,peak_abundance_with_occupancy_days_modifiers,0.0211
bcbeag1,PE,0.014100124378781637,0.0142,0.0142,resident,0.1184,0.102,0.0981,365.0,11.84,0.005880208589062617,rare,0.5880208589062617,,peak_abundance_with_occupancy_days_modifiers,0.1184
sulfly1,PE,0.014092634843530146,0.0141924041417927,0.0141924041417927,resident,0.4839674078371729,0.1664953818836882,0.1143271542784208,365.0,48.39674078371729,0.005877085210266028,rare,0.5877085210266029,,peak_abundance_with_occupancy_days_modifiers,0.4839674078371729
chcswi1,PE,0.014013592283430376,0.0141122429458504,0.0141122429458504,resident,0.1864710403199038,0.2406394192184649,0.4568141954586628,365.0,18.64710403199038,0.005844121902403355,rare,0.5844121902403355,,peak_abundance_with_occupancy_days_modifiers,0.1864710403199038
strsal1,PE,0.014001519635813609,0.0141,0.0141,resident,0.0364,0.1585,0.2113,365.0,3.64,0.005839087217296892,rare,0.5839087217296892,rare,peak_abundance_with_occupancy_days_modifiers,0.0364
plaant1,PE,0.013715873333561888,0.0138103674530889,0.0138103674530889,resident,0.1174114432045948,0.1424108184242498,0.0955482346257411,365.0,11.74114432045948,0.005719963456767382,rare,0.5719963456767383,,peak_abundance_with_occupancy_days_modifiers,0.1174114432045948
rucwar1,PE,0.013705647056111932,0.0138,0.0138,resident,0.0391,0.4046,0.4505,365.0,3.91,0.0057156987678270545,rare,0.5715698767827054,rare,peak_abundance_with_occupancy_days_modifiers,0.0391
whbman1,PE,0.013607003406216902,0.0137,0.0137,resident,0.2018,0.0685,0.0396,365.0,20.18,0.005674561170612519,rare,0.5674561170612519,,peak_abundance_with_occupancy_days_modifiers,0.2018
thbsis1,PE,0.013347697282901581,0.0134371754602742,0.0134371754602742,resident,0.2605522358146752,0.3709881726735573,0.299215007167626,365.0,26.05522358146752,0.005566422117895374,rare,0.5566422117895373,,peak_abundance_with_occupancy_days_modifiers,0.2605522358146752
cobtan1,PE,0.013311014059672338,0.0134,0.0134,resident,0.033,0.1681,0.0834,365.0,3.3000000000000003,0.005551124025586953,rare,0.5551124025586953,rare,peak_abundance_with_occupancy_days_modifiers,0.033
ameoys,PE,0.013014937077494654,0.012499999999999999,0.0131,nonbreeding,0.0055,0.0433,0.1274,98.0,0.5499999999999999,0.005427650333663732,very_rare,0.5427650333663732,very_rare,peak_abundance_with_occupancy_days_modifiers,0.0055
laugul,PE,0.013014937077494654,0.004125,0.0131,prebreeding_migration,0.0012,0.0056,0.0068,7.0,0.12,0.005427650333663732,very_rare,0.5427650333663732,very_rare,peak_abundance_with_occupancy_days_modifiers,0.0012
buwtea,PE,0.012916225266546328,0.007899999999999999,0.013,nonbreeding,0.0068,0.0116,0.0071,77.0,0.6799999999999999,0.005386484311082047,very_rare,0.5386484311082047,very_rare,peak_abundance_with_occupancy_days_modifiers,0.0068
bcnher,PE,0.012817503710614431,0.0083,0.0129,breeding,0.0877,0.0109,0.0037,112.0,8.77,0.00534531422452665,rare,0.534531422452665,,peak_abundance_with_occupancy_days_modifiers,0.0877
yegvir,PE,0.012718772407774689,0.009266666666666666,0.0128,nonbreeding,0.3316,0.331,0.3435,98.0,33.160000000000004,0.0053041400731949654,rare,0.5304140073194965,,peak_abundance_with_occupancy_days_modifiers,0.3316
grejac2,PE,0.012620031356102263,0.0127,0.0127,resident,0.2878,0.1194,0.0708,365.0,28.78,0.0052629618562842735,rare,0.5262961856284274,,peak_abundance_with_occupancy_days_modifiers,0.2878
silgre1,PE,0.012521280553671745,0.0081,0.0126,prebreeding_migration,0.0183,0.0832,0.0414,105.0,1.83,0.005221779572991616,rare,0.5221779572991616,rare,peak_abundance_with_occupancy_days_modifiers,0.0183
whtswa1,PE,0.012410278060669184,0.0124876051137573,0.0124876051137573,resident,0.4434310741396423,0.4911460056365014,0.2322190100681799,365.0,44.343107413964226,0.005175487937880702,rare,0.5175487937880702,,peak_abundance_with_occupancy_days_modifiers,0.4434310741396423
rocpig,PE,0.012323749688831936,0.0124,0.0124,resident,0.0062,0.0005,0.0003,365.0,0.62,0.00513940280404738,very_rare,0.513940280404738,very_rare,peak_abundance_with_occupancy_days_modifiers,0.0062
sobcac1,PE,0.012323749688831936,0.0124,0.0124,resident,0.2278,0.1415,0.0473,365.0,22.78,0.00513940280404738,rare,0.513940280404738,,peak_abundance_with_occupancy_days_modifiers,0.2278
ytbtan1,PE,0.01222496962256897,0.0123,0.0123,resident,0.0361,0.5051,0.445,365.0,3.61,0.005098208316788695,rare,0.5098208316788695,rare,peak_abundance_with_occupancy_days_modifiers,0.0361
blbman1,PE,0.012149106272644004,0.012223206443816,0.012223206443816,resident,0.2877166143731506,0.118624592273452,0.0389805315274068,365.0,28.77166143731506,0.005066570842548006,rare,0.5066570842548006,,peak_abundance_with_occupancy_days_modifiers,0.2877166143731506
whnrob1,PE,0.012046948801302271,0.0121198055622885,0.0121198055622885,resident,0.5172006338248375,0.1184679519894665,0.0355734971194575,365.0,51.72006338248375,0.005023967867972511,uncommon,0.5023967867972512,,peak_abundance_with_occupancy_days_modifiers,0.5172006338248375
wewpew,PE,0.012027380212718455,0.009300000000000001,0.0121,postbreeding_migration,0.131,0.35,0.408,98.0,13.100000000000001,0.005015807132678637,rare,0.5015807132678637,,peak_abundance_with_occupancy_days_modifiers,0.131
andsol1,PE,0.012027380212718455,0.0121,0.0121,resident,0.0516,0.2917,0.2467,365.0,5.16,0.005015807132678637,rare,0.5015807132678637,,peak_abundance_with_occupancy_days_modifiers,0.0516
phecuc1,PE,0.011806502824132302,0.011876474681765,0.011876474681765,resident,0.548186257723598,0.1750272089706374,0.2070758562967568,365.0,54.818625772359795,0.004923694107105013,uncommon,0.49236941071050133,,peak_abundance_with_occupancy_days_modifiers,0.548186257723598
blgdov1,PE,0.011730922875698666,0.0118,0.0118,resident,0.2774,0.0628,0.0366,365.0,27.74,0.004892174820466024,rare,0.4892174820466024,,peak_abundance_with_occupancy_days_modifiers,0.2774
blbwoo1,PE,0.011730922875698666,0.0118,0.0118,resident,0.3636,0.1121,0.0711,365.0,36.36,0.004892174820466024,rare,0.4892174820466024,,peak_abundance_with_occupancy_days_modifiers,0.3636
purgal2,PE,0.011730922875698666,0.008175,0.0118,prebreeding_migration,0.2284,0.0557,0.0308,112.0,22.84,0.004892174820466024,rare,0.4892174820466024,,peak_abundance_with_occupancy_days_modifiers,0.2284
gycwor1,PE,0.01153323581367303,0.0116,0.0116,resident,0.2244,0.0614,0.0255,365.0,22.439999999999998,0.00480973291223585,rare,0.480973291223585,,peak_abundance_with_occupancy_days_modifiers,0.2244
whtear1,PE,0.011364984451990771,0.011429811240169,0.011429811240169,resident,0.1551308023638544,0.8222911019391469,0.882394379072306,365.0,15.51308023638544,0.0047395666445130685,rare,0.47395666445130685,,peak_abundance_with_occupancy_days_modifiers,0.1551308023638544
goowoo1,PE,0.011335509663745602,0.0114,0.0114,resident,0.0979,0.1675,0.12,365.0,9.790000000000001,0.004727274703084514,rare,0.4727274703084514,,peak_abundance_with_occupancy_days_modifiers,0.0979
heptan,PE,0.011236631925987681,0.0096,0.0113,nonbreeding,0.1843,0.0522,0.0621,140.0,18.43,0.0046860394836487134,rare,0.46860394836487135,,peak_abundance_with_occupancy_days_modifiers,0.1843
chcant2,PE,0.011137744410455924,0.0112,0.0112,resident,0.0314,0.2224,0.2262,365.0,3.1399999999999997,0.004644800186564507,rare,0.4644800186564507,rare,peak_abundance_with_occupancy_days_modifiers,0.0314
stbwoo1,PE,0.011137744410455924,0.0112,0.0112,resident,0.4057,0.2036,0.1776,365.0,40.57,0.004644800186564507,rare,0.4644800186564507,,peak_abundance_with_occupancy_days_modifiers,0.4057
gobwar3,PE,0.011085704030271431,0.0111473781368002,0.0111473781368002,resident,0.0863524100243183,0.7975376543953755,0.7337527937710766,365.0,8.63524100243183,0.004623097662365464,rare,0.4623097662365464,,peak_abundance_with_occupancy_days_modifiers,0.0863524100243183
baffal1,PE,0.010939940038334364,0.011,0.011,resident,0.3964,0.124,0.0705,365.0,39.64,0.004562309356224399,rare,0.4562309356224399,,peak_abundance_with_occupancy_days_modifiers,0.3964
blchaw1,PE,0.010938634485217934,0.0109986800866609,0.0109986800866609,resident,0.1907474638469184,0.0573624002973599,0.0701652390760355,365.0,19.07474638469184,0.004561764898286135,rare,0.4561764898286135,,peak_abundance_with_occupancy_days_modifiers,0.1907474638469184
tuttyr1,PE,0.010742096531902109,0.0108,0.0108,resident,0.0828,0.1036,0.0389,365.0,8.28,0.004479802205609206,rare,0.4479802205609206,,peak_abundance_with_occupancy_days_modifiers,0.0828
yebpin1,PE,0.010742096531902109,0.0108,0.0108,resident,0.0036,0.0029,0.0052,365.0,0.36,0.004479802205609206,very_rare,0.4479802205609206,very_rare,peak_abundance_with_occupancy_days_modifiers,0.0036
grhkit1,PE,0.010742096531902109,0.0108,0.0108,resident,0.325,0.0669,0.1037,365.0,32.5,0.004479802205609206,rare,0.4479802205609206,,peak_abundance_with_occupancy_days_modifiers,0.325
andavo1,PE,0.010684245642631039,0.0107415260125272,0.0107415260125272,resident,0.0615049629719222,0.1809586297172012,0.0311958685355973,365.0,6.15049629719222,0.004455676510910507,rare,0.4455676510910507,,peak_abundance_with_occupancy_days_modifiers,0.0615049629719222
bobher1,PE,0.010544213875671154,0.0106,0.0106,resident,0.1862,0.0975,0.1278,365.0,18.62,0.004397278728259838,rare,0.4397278728259838,,peak_abundance_with_occupancy_days_modifiers,0.1862
y01204,PE,0.010473385612852167,0.008994031826023775,0.0105284234924449,prebreeding_migration,0.1125543256034196,0.0395412178364291,0.0212737048594204,154.0,11.25543256034196,0.004367741048436068,rare,0.4367741048436068,,peak_abundance_with_occupancy_days_modifiers,0.1125543256034196
chisku1,PE,0.010429098949445588,0.0104836715512553,0.0104836715512553,nonbreeding,0.0237205762740504,0.0037993920972644,0.0022136599692282,35.0,2.3720576274050402,0.004349272075287384,rare,0.4349272075287384,rare,peak_abundance_with_occupancy_days_modifiers,0.0237205762740504
houspa,PE,0.010247316451549523,0.0103,0.0103,resident,0.0089,0.0006,0.0002,365.0,0.89,0.0042734628854707085,very_rare,0.42734628854707085,very_rare,peak_abundance_with_occupancy_days_modifiers,0.0089
wessan,PE,0.01014833105181515,0.0054333333333333326,0.0102,nonbreeding,0.0031,0.0132,0.0044,105.0,0.31,0.004232182767503403,very_rare,0.4232182767503403,very_rare,peak_abundance_with_occupancy_days_modifiers,0.0031
brotin1,PE,0.01004933585300144,0.0101,0.0101,resident,0.0994,0.2005,0.1123,365.0,9.94,0.004190898563002608,rare,0.41908985630026085,,peak_abundance_with_occupancy_days_modifiers,0.0994
osprey,PE,0.009455158770755135,0.006025,0.0095,nonbreeding,0.2069,0.0434,0.0261,147.0,20.69,0.003943107473463978,very_rare,0.39431074734639776,,peak_abundance_with_occupancy_days_modifiers,0.2069
linant1,PE,0.009439036786394364,0.0094837249879809,0.0094837249879809,resident,0.0728429638916171,0.4836945957805314,0.4199170552183384,365.0,7.284296389161709,0.00393638408377147,very_rare,0.39363840837714703,,peak_abundance_with_occupancy_days_modifiers,0.0728429638916171
grbhaw1,PE,0.009356094924024954,0.0094,0.0094,resident,0.1434,0.0401,0.0369,365.0,14.34,0.00390179464055841,very_rare,0.390179464055841,,peak_abundance_with_occupancy_days_modifiers,0.1434
lesyel,PE,0.009356094924024954,0.004125,0.0094,prebreeding_migration,0.0226,0.0047,0.0045,105.0,2.26,0.00390179464055841,very_rare,0.390179464055841,rare,peak_abundance_with_occupancy_days_modifiers,0.0226
lstswi1,PE,0.009257021262676763,0.0093,0.0093,resident,0.2912,0.098,0.0739,365.0,29.12,0.003860477714639222,very_rare,0.3860477714639222,,peak_abundance_with_occupancy_days_modifiers,0.2912
trogna1,PE,0.009157937784765629,0.0092,0.0092,resident,0.1781,0.06,0.0093,365.0,17.810000000000002,0.0038191566948953147,very_rare,0.3819156694895315,,peak_abundance_with_occupancy_days_modifiers,0.1781
rebscy1,PE,0.00913662836963852,0.0091784947673865,0.0091784947673865,resident,0.2126448386227328,0.0855928079693457,0.0289247764759405,365.0,21.26448386227328,0.0038102699785449745,very_rare,0.38102699785449745,,peak_abundance_with_occupancy_days_modifiers,0.2126448386227328
sthwoo1,PE,0.009058844488346039,0.0091,0.0091,resident,0.0219,0.0427,0.101,365.0,2.19,0.0037778315805153456,very_rare,0.37778315805153456,rare,peak_abundance_with_occupancy_days_modifiers,0.0219
garkin1,PE,0.009058844488346039,0.0091,0.0091,resident,0.1758,0.0796,0.1354,365.0,17.580000000000002,0.0037778315805153456,very_rare,0.37778315805153456,,peak_abundance_with_occupancy_days_modifiers,0.1758
sumtan,PE,0.008959741371471904,0.006566666666666666,0.009,nonbreeding,0.1165,0.0565,0.0381,98.0,11.65,0.003736502370687642,very_rare,0.3736502370687642,,peak_abundance_with_occupancy_days_modifiers,0.1165
bkbwar,PE,0.008563230660487873,0.007066666666666666,0.0086,nonbreeding,0.0702,0.2237,0.0768,91.0,7.02,0.003571144560660661,very_rare,0.3571144560660661,,peak_abundance_with_occupancy_days_modifiers,0.0702
citwar1,PE,0.008464078412129412,0.0085,0.0085,resident,0.0204,0.4806,0.7002,365.0,2.04,0.003529794861412646,very_rare,0.35297948614126456,rare,peak_abundance_with_occupancy_days_modifiers,0.0204
olsfly,PE,0.008364916331627708,0.005633333333333333,0.0084,nonbreeding,0.249,0.1303,0.2046,98.0,24.9,0.003488441061842421,very_rare,0.3488441061842421,,peak_abundance_with_occupancy_days_modifiers,0.249
pifshe,PE,0.008204917265284392,0.004150514887457498,0.0082386698481804,postbreeding_migration,0.0156349829511475,0.0025018306077617,0.00017040988057493914,35.0,1.56349829511475,0.0034217162685796568,very_rare,0.34217162685796565,rare,peak_abundance_with_occupancy_days_modifiers,0.0156349829511475
lesnig,PE,0.008166562666393417,0.0049,0.0082,prebreeding_migration,0.0429,0.0216,0.018,140.0,4.29,0.003405721158482009,very_rare,0.3405721158482009,rare,peak_abundance_with_occupancy_days_modifiers,0.0429
grytin1,PE,0.008122360046919854,0.0081554359039789,0.0081554359039789,resident,0.280933660831317,0.1544845002936048,0.0507430502309771,365.0,28.0933660831317,0.003387287234375709,very_rare,0.3387287234375709,,peak_abundance_with_occupancy_days_modifiers,0.280933660831317
libher,PE,0.007968169649176874,0.0052250000000000005,0.008,nonbreeding,0.1023,0.0651,0.0161,133.0,10.23,0.003322984844070332,very_rare,0.3322984844070332,,peak_abundance_with_occupancy_days_modifiers,0.1023
tortyr1,PE,0.007892999418034787,0.0079242312548215,0.0079242312548215,resident,0.085622516992304,0.4817029322103161,0.4997259019481794,365.0,8.5622516992304,0.0032916364228132555,very_rare,0.32916364228132555,,peak_abundance_with_occupancy_days_modifiers,0.085622516992304
subfly,PE,0.00786895837869518,0.0071666666666666675,0.0079,postbreeding_migration,0.4202,0.3139,0.4195,84.0,42.02,0.0032816105306851177,very_rare,0.3281610530685118,,peak_abundance_with_occupancy_days_modifiers,0.4202
rudtur,PE,0.007769737264360664,0.005875,0.0078,prebreeding_migration,0.0033,0.0055,0.013,119.0,0.33,0.0032402321120944214,very_rare,0.32402321120944216,very_rare,peak_abundance_with_occupancy_days_modifiers,0.0033
barbec1,PE,0.0077083315469787875,0.0077381172180203,0.0077381172180203,resident,0.0610026959206626,0.3146150670280935,0.4268285234395528,365.0,6.10026959206626,0.003214623938927483,very_rare,0.3214623938927483,,peak_abundance_with_occupancy_days_modifiers,0.0610026959206626
pecsan,PE,0.007670506304219701,0.0037,0.0077,postbreeding_migration,0.0308,0.007,0.0036,126.0,3.08,0.0031988495874835155,very_rare,0.31988495874835154,rare,peak_abundance_with_occupancy_days_modifiers,0.0308
bbwduc,PE,0.007670506304219701,0.004675,0.0077,postbreeding_migration,0.0119,0.003,0.0017,133.0,1.1900000000000002,0.0031988495874835155,very_rare,0.31988495874835154,rare,peak_abundance_with_occupancy_days_modifiers,0.0119
docsee1,PE,0.007670506304219701,0.00435,0.0077,prebreeding_migration,0.065,0.0137,0.0062,105.0,6.5,0.0031988495874835155,very_rare,0.31988495874835154,,peak_abundance_with_occupancy_days_modifiers,0.065
whctan1,PE,0.007668125594303745,0.0076976009614734,0.0076976009614734,resident,0.0650823823944002,0.3271911996867163,0.2134472983042022,365.0,6.50823823944002,0.0031978567543339263,very_rare,0.31978567543339265,,peak_abundance_with_occupancy_days_modifiers,0.0650823823944002
coffal1,PE,0.007571265496318075,0.0076,0.0076,resident,0.3184,0.0681,0.0514,365.0,31.840000000000003,0.0031574629560374313,very_rare,0.3157462956037431,,peak_abundance_with_occupancy_days_modifiers,0.3184
y00678,PE,0.007571265496318075,0.0076,0.0076,resident,0.0538,0.0063,0.0015,365.0,5.38,0.0031574629560374313,very_rare,0.3157462956037431,,peak_abundance_with_occupancy_days_modifiers,0.0538
comnig,PE,0.007571265496318075,0.00625,0.0076,nonbreeding,0.0562,0.0167,0.0021,56.0,5.62,0.0031574629560374313,very_rare,0.3157462956037431,,peak_abundance_with_occupancy_days_modifiers,0.0562
oncbec1,PE,0.007542937105691705,0.0075714567178994,0.0075714567178994,resident,0.0753965685818588,0.0455075944755439,0.0986729597977785,365.0,7.53965685818588,0.003145649099549333,very_rare,0.3145649099549333,,peak_abundance_with_occupancy_days_modifiers,0.0753965685818588
colplo1,PE,0.007472014838700995,0.0075,0.0075,resident,0.0265,0.0969,0.0875,365.0,2.65,0.0031160722169409553,very_rare,0.31160722169409555,rare,peak_abundance_with_occupancy_days_modifiers,0.0265
ampkin1,PE,0.007472014838700995,0.0075,0.0075,resident,0.1885,0.0876,0.0954,365.0,18.85,0.0031160722169409553,very_rare,0.31160722169409555,,peak_abundance_with_occupancy_days_modifiers,0.1885
creowl1,PE,0.0074529388936002815,0.0074807811686203,0.0074807811686203,resident,0.5786561993862682,0.1289399910232689,0.0438524002398684,365.0,57.86561993862682,0.003108116929936938,rare,0.3108116929936938,,peak_abundance_with_occupancy_days_modifiers,0.5786561993862682
yebsee1,PE,0.007372754329413085,0.0074,0.0074,resident,0.0234,0.0105,0.0151,365.0,2.34,0.003074677369378634,very_rare,0.3074677369378634,rare,peak_abundance_with_occupancy_days_modifiers,0.0234
lottyr1,PE,0.007273483966498386,0.0073,0.0073,resident,0.0461,0.0331,0.0569,365.0,4.61,0.0030332784125347693,very_rare,0.30332784125347695,rare,peak_abundance_with_occupancy_days_modifiers,0.0461
pucfai1,PE,0.007243492311096083,0.0072697898585416,0.0072697898585416,resident,0.0539042277946735,0.0014010214897443,0.0017658621233624,0.0,5.39042277946735,0.003020770920759562,very_rare,0.3020770920759562,very_rare,peak_abundance_with_occupancy_days_modifiers,0.0539042277946735
aldfly,PE,0.007174203748000358,0.003533333333333333,0.0072,postbreeding_migration,0.4732,0.0644,0.0104,56.0,47.32,0.0029918753455934195,very_rare,0.29918753455934194,,peak_abundance_with_occupancy_days_modifiers,0.4732
semplo,PE,0.00707491367196188,0.0032,0.0071,nonbreeding,0.0028,0.0125,0.0152,98.0,0.27999999999999997,0.002950468167738402,very_rare,0.2950468167738402,very_rare,peak_abundance_with_occupancy_days_modifiers,0.0028
canwar,PE,0.00707491367196188,0.005933333333333333,0.0071,nonbreeding,0.0924,0.2869,0.2444,112.0,9.24,0.002950468167738402,very_rare,0.2950468167738402,,peak_abundance_with_occupancy_days_modifiers,0.0924
brcfly3,PE,0.006918333482780969,0.006942320436546,0.006942320436546,resident,0.0916774968951967,0.938547074835481,0.9708333021211688,365.0,9.16774968951967,0.0028851691569945687,very_rare,0.28851691569945687,,peak_abundance_with_occupancy_days_modifiers,0.0916774968951967
varfly,PE,0.0068844485249969795,0.00484729671443245,0.0069082008166013,postbreeding_migration,0.2333606036027878,0.0381116097155098,0.0078336001248932,91.0,23.33606036027878,0.0028710380320165997,very_rare,0.28710380320165996,,peak_abundance_with_occupancy_days_modifiers,0.2333606036027878
bawsee1,PE,0.006876303939432157,0.00605,0.0069,nonbreeding,0.0669,0.4582,0.4191,84.0,6.69,0.0028676414760213194,very_rare,0.2867641476021319,,peak_abundance_with_occupancy_days_modifiers,0.0669
leasan,PE,0.006876303939432157,0.004266666666666667,0.0069,nonbreeding,0.0031,0.0042,0.0065,112.0,0.31,0.0028676414760213194,very_rare,0.2867641476021319,very_rare,peak_abundance_with_occupancy_days_modifiers,0.0031
strcuc1,PE,0.006776984279023751,0.0068,0.0068,resident,0.0816,0.0135,0.0097,365.0,8.16,0.0028262219605257625,very_rare,0.28262219605257627,,peak_abundance_with_occupancy_days_modifiers,0.0816
ecuthr1,PE,0.0067073375428058175,0.0067298821077453,0.0067298821077453,resident,0.0186000710404851,0.0129008804552016,0.0087406635484811,365.0,1.86000710404851,0.002797177015565929,very_rare,0.27971770155659287,rare,peak_abundance_with_occupancy_days_modifiers,0.0186000710404851
whthaw1,PE,0.006677654753240569,0.0036750000000000003,0.0067,postbreeding_migration,0.2074,0.6001,0.5008,133.0,20.74,0.00278479833084937,very_rare,0.27847983308493696,,peak_abundance_with_occupancy_days_modifiers,0.2074
bawnig3,PE,0.00665660561523102,0.0066788100557816,0.0066788100557816,resident,0.2410202908752663,0.8854153877312888,0.926648045150668,365.0,24.10202908752663,0.0027760201584878276,very_rare,0.27760201584878275,,peak_abundance_with_occupancy_days_modifiers,0.2410202908752663
whcpet1,PE,0.0065688936585576695,0.0035860841642740443,0.0065905161598818,prebreeding_migration,0.0154670054141689,0.0005891320247385098,2.8182500336697623e-05,35.0,1.54670054141689,0.0027394414314398795,very_rare,0.27394414314398796,rare,peak_abundance_with_occupancy_days_modifiers,0.0154670054141689
guawoo2,PE,0.006556389935071054,0.0065779301090899,0.0065779301090899,resident,0.0947617259427774,0.2189644033371947,0.1297835834876221,365.0,9.47617259427774,0.0027342269737324998,very_rare,0.27342269737325,,peak_abundance_with_occupancy_days_modifiers,0.0947617259427774
whstan1,PE,0.006478966097709122,0.0065,0.0065,resident,0.2145,0.0737,0.0379,365.0,21.45,0.002701938725684232,very_rare,0.2701938725684232,,peak_abundance_with_occupancy_days_modifiers,0.2145
atbtan1,PE,0.006462941254503563,0.0064838711245453,0.0064838711245453,resident,0.040106461683058,0.3152385476102263,0.348973522340361,365.0,4.0106461683058,0.0026952558470000826,very_rare,0.26952558470000826,rare,peak_abundance_with_occupancy_days_modifiers,0.040106461683058
fuwduc,PE,0.006379606964039027,0.002975,0.0064,nonbreeding,0.0041,,,,0.41000000000000003,0.002660502748559955,very_rare,0.26605027485599547,very_rare,peak_abundance_with_occupancy_days_modifiers,0.0041
rosspo1,PE,0.006379606964039027,0.0035750000000000005,0.0064,postbreeding_migration,0.0455,0.0171,0.008,189.0,4.55,0.002660502748559955,very_rare,0.26605027485599547,rare,peak_abundance_with_occupancy_days_modifiers,0.0455
crahaw,PE,0.006379606964039027,0.0064,0.0064,resident,0.2531,0.0406,0.026,365.0,25.31,0.002660502748559955,very_rare,0.26605027485599547,,peak_abundance_with_occupancy_days_modifiers,0.2531
bkbplo,PE,0.006280237957150483,0.00245,0.0063,nonbreeding,0.0022,0.0044,0.0077,112.0,0.22,0.002619062653983778,very_rare,0.2619062653983778,very_rare,peak_abundance_with_occupancy_days_modifiers,0.0022
lobsta1,PE,0.006280237957150483,0.0063,0.0063,resident,0.2158,0.1131,0.1209,365.0,21.58,0.002619062653983778,very_rare,0.2619062653983778,,peak_abundance_with_occupancy_days_modifiers,0.2158
lyhvul1,PE,0.006280237957150483,0.0063,0.0063,resident,0.0377,0.0094,0.007,365.0,3.7699999999999996,0.002619062653983778,very_rare,0.2619062653983778,rare,peak_abundance_with_occupancy_days_modifiers,0.0377
smbela1,PE,0.006180859075081115,0.004125,0.0062,postbreeding_migration,0.5315,0.0922,0.0631,98.0,53.15,0.0025776184411373257,very_rare,0.2577618441137326,,peak_abundance_with_occupancy_days_modifiers,0.5315
olsfly1,PE,0.006180859075081115,0.0062,0.0062,resident,0.0929,0.4184,0.2885,365.0,9.29,0.0025776184411373257,very_rare,0.2577618441137326,,peak_abundance_with_occupancy_days_modifiers,0.0929
litcuc2,PE,0.006109439230774069,0.0061281399188067,0.0061281399188067,resident,0.3304378251754714,0.1366777582021183,0.077307402816623,365.0,33.043782517547136,0.0025478340526708066,very_rare,0.25478340526708065,,peak_abundance_with_occupancy_days_modifiers,0.3304378251754714
whveup1,PE,0.00609640998222924,0.0061150309106042,0.0061150309106042,resident,0.3898519365752433,0.1231097647143085,0.1128778816781682,365.0,38.985193657524334,0.002542400433991694,very_rare,0.2542400433991694,,peak_abundance_with_occupancy_days_modifiers,0.3898519365752433
yelpip3,PE,0.00598920056042837,0.0060071716817412,0.0060071716817412,resident,0.0246207984144347,0.9898639637920468,0.9957806003524712,365.0,2.46207984144347,0.002497690632434855,very_rare,0.24976906324348547,rare,peak_abundance_with_occupancy_days_modifiers,0.0246207984144347
sntkin1,PE,0.005982071677547464,0.0035,0.006,breeding,0.0282,0.3943,0.4718,42.0,2.82,0.002494717657358874,very_rare,0.2494717657358874,rare,peak_abundance_with_occupancy_days_modifiers,0.0282
gohque1,PE,0.005982071677547464,0.006,0.006,resident,0.0373,0.4055,0.4129,365.0,3.73,0.002494717657358874,very_rare,0.2494717657358874,rare,peak_abundance_with_occupancy_days_modifiers,0.0373
twbwar1,PE,0.005982071677547464,0.006,0.006,resident,0.0108,0.0933,0.0769,365.0,1.08,0.002494717657358874,very_rare,0.2494717657358874,rare,peak_abundance_with_occupancy_days_modifiers,0.0108
strwoo,PE,0.005882663158155495,0.0059,0.0059,resident,0.3427,0.226,0.2372,365.0,34.27,0.002453261084788902,very_rare,0.2453261084788902,,peak_abundance_with_occupancy_days_modifiers,0.3427
semsan,PE,0.005783244755727333,0.0034000000000000002,0.0058,nonbreeding,0.0025,0.0218,0.0022,98.0,0.25,0.002411800390672712,very_rare,0.2411800390672712,very_rare,peak_abundance_with_occupancy_days_modifiers,0.0025
torduc1,PE,0.005621219553768878,0.0056370482533715,0.0056370482533715,resident,0.0905037018145633,0.247008858030493,0.2287967010786114,365.0,9.05037018145633,0.0023442306332289334,very_rare,0.23442306332289334,,peak_abundance_with_occupancy_days_modifiers,0.0905037018145633
slaspi1,PE,0.005454163805048488,0.0054690648350231,0.0054690648350231,resident,0.0360262872568297,0.0009962630430510096,0.0006967092626288558,0.0,3.60262872568297,0.0022745629748389265,very_rare,0.22745629748389265,very_rare,peak_abundance_with_occupancy_days_modifiers,0.0360262872568297
goppar1,PE,0.005332990861943333,0.0053472365705296,0.0053472365705296,resident,0.0574138291045354,0.4221662029099071,0.0846655365919792,365.0,5.74138291045354,0.0022240299325998808,very_rare,0.22240299325998808,,peak_abundance_with_occupancy_days_modifiers,0.0574138291045354
moctyr2,PE,0.005305036493749265,0.0053191331165246,0.0053191331165246,resident,0.1002328484304948,0.1360056640107968,0.0381723643280548,365.0,10.023284843049481,0.0022123720555811315,very_rare,0.22123720555811316,,peak_abundance_with_occupancy_days_modifiers,0.1002328484304948
brcvir1,PE,0.005286004429237355,0.0053,0.0053,resident,0.0324,0.1826,0.1754,365.0,3.2399999999999998,0.0022044350682040464,very_rare,0.22044350682040464,rare,peak_abundance_with_occupancy_days_modifiers,0.0324
yebant2,PE,0.005218811791951492,0.0052324535110753,0.0052324535110753,resident,0.1032383018336419,0.7207041204667685,0.7613208531115866,365.0,10.323830183364189,0.0021764135619905716,very_rare,0.21764135619905717,,peak_abundance_with_occupancy_days_modifiers,0.1032383018336419
wispet,PE,0.00519310843053857,0.0052066159900757,0.0052066159900757,nonbreeding,0.0270467803595017,0.0002846750587948227,1.692509379260181e-05,77.0,2.70467803595017,0.0021656944277128973,very_rare,0.21656944277128973,rare,peak_abundance_with_occupancy_days_modifiers,0.0270467803595017
whcswi1,PE,0.00519147539874717,0.0052049744570552,0.0052049744570552,resident,0.1702447327548593,0.3965110360235007,0.0879913876196783,365.0,17.02447327548593,0.002165013400559698,very_rare,0.21650134005596983,,peak_abundance_with_occupancy_days_modifiers,0.1702447327548593
blcwar2,PE,0.005186526687300061,0.0052,0.0052,resident,0.018,0.31,0.3007,365.0,1.7999999999999998,0.0021629496275904574,very_rare,0.21629496275904575,rare,peak_abundance_with_occupancy_days_modifiers,0.018
yeofly1,PE,0.005087039048557106,0.0051,0.0051,resident,0.2101,0.0352,0.0081,365.0,21.01,0.002121460059688336,very_rare,0.21214600596883357,,peak_abundance_with_occupancy_days_modifiers,0.2101
hrshaw,PE,0.004987541511039074,0.005,0.005,resident,0.0276,0.0257,0.0591,365.0,2.76,0.0020799663636762796,very_rare,0.20799663636762797,rare,peak_abundance_with_occupancy_days_modifiers,0.0276
gogwoo1,PE,0.004987541511039074,0.005,0.005,resident,0.2926,0.0743,0.0463,365.0,29.26,0.0020799663636762796,very_rare,0.20799663636762797,,peak_abundance_with_occupancy_days_modifiers,0.2926
bkpwar,PE,0.004987541511039074,0.003766666666666667,0.005,prebreeding_migration,0.1274,0.0632,0.0431,112.0,12.740000000000002,0.0020799663636762796,very_rare,0.20799663636762797,,peak_abundance_with_occupancy_days_modifiers,0.1274
grflan1,PE,0.004752379498552583,0.0047636899641119,0.0047636899641119,resident,0.1225456347435187,0.4426518922900154,0.3584444487036458,365.0,12.25456347435187,0.001981896187236951,very_rare,0.19818961872369512,,peak_abundance_with_occupancy_days_modifiers,0.1225456347435187
marspa1,PE,0.004745950819589294,0.0047572306816775,0.0047572306816775,resident,0.0261742186023022,1.0,1.0,365.0,2.61742186023022,0.001979215219875159,very_rare,0.19792152198751592,rare,peak_abundance_with_occupancy_days_modifiers,0.0261742186023022
piepuf1,PE,0.004733219967976531,0.0047444393478893,0.0047444393478893,resident,0.4801527838706714,0.0826841118812653,0.0183800049862885,365.0,48.01527838706714,0.0019739060423822315,very_rare,0.19739060423822316,,peak_abundance_with_occupancy_days_modifiers,0.4801527838706714
yebela1,PE,0.004688989486131542,0.0047,0.0047,resident,0.0225,0.0051,0.0039,365.0,2.25,0.0019554604987645544,very_rare,0.19554604987645544,rare,peak_abundance_with_occupancy_days_modifiers,0.0225
fabtan1,PE,0.0046260491923849345,0.0046367658768808,0.0046367658768808,resident,0.112622337161902,0.1478593033944722,0.0816574644739735,365.0,11.262233716190199,0.001929212357546529,very_rare,0.19292123575465292,,peak_abundance_with_occupancy_days_modifiers,0.112622337161902
brofly1,PE,0.004489905272852052,0.0045,0.0045,resident,0.199,0.2037,0.1704,365.0,19.900000000000002,0.0018724359332058032,very_rare,0.18724359332058033,,peak_abundance_with_occupancy_days_modifiers,0.199
whltan1,PE,0.004489905272852052,0.0045,0.0045,resident,0.027,0.0121,0.0142,365.0,2.7,0.0018724359332058032,very_rare,0.18724359332058033,rare,peak_abundance_with_occupancy_days_modifiers,0.027
punplo1,PE,0.004453025617520806,0.0044629550693261,0.0044629550693261,resident,0.1254057875250883,0.2912023380658695,0.0161771808979544,365.0,12.54057875250883,0.0018570559223481063,very_rare,0.18570559223481065,,peak_abundance_with_occupancy_days_modifiers,0.1254057875250883
wbwwre1,PE,0.004390348301292895,0.0044,0.0044,resident,0.0908,0.078,0.0377,365.0,9.08,0.0018309174512735364,very_rare,0.18309174512735363,,peak_abundance_with_occupancy_days_modifiers,0.0908
pnbfin1,PE,0.0043865032874780985,0.004396138075549,0.004396138075549,resident,0.0168193770181619,0.0181328209528716,0.0166045862923359,365.0,1.6819377018161898,0.0018293139559673348,very_rare,0.18293139559673346,rare,peak_abundance_with_occupancy_days_modifiers,0.0168193770181619
lanmon1,PE,0.00435600009673181,0.0043655012558272,0.0043655012558272,resident,0.1499091278819589,0.5820123687376967,0.6576680126621904,365.0,14.99091278819589,0.0018165931373843325,very_rare,0.18165931373843325,,peak_abundance_with_occupancy_days_modifiers,0.1499091278819589
moupar2,PE,0.004191204618468071,0.0042,0.0042,resident,0.0068,0.1171,0.1199,365.0,0.6799999999999999,0.0017478680849880779,very_rare,0.1747868084988078,very_rare,peak_abundance_with_occupancy_days_modifiers,0.0068
blteme1,PE,0.004091617903253565,0.0041,0.0041,resident,0.1672,0.0798,0.049,365.0,16.72,0.0017063371989880915,very_rare,0.17063371989880916,,peak_abundance_with_occupancy_days_modifiers,0.1672
scaant1,PE,0.004026818135951547,0.0040349366617194,0.0040349366617194,resident,0.1483520445562462,0.3894779332241661,0.5615097942818484,365.0,14.83520445562462,0.0016793135970663952,very_rare,0.16793135970663953,,peak_abundance_with_occupancy_days_modifiers,0.1483520445562462
greyel,PE,0.003992021269537453,0.0026750000000000003,0.004,nonbreeding,0.009,0.0059,0.0063,168.0,0.8999999999999999,0.0016648021766516613,very_rare,0.16648021766516613,very_rare,peak_abundance_with_occupancy_days_modifiers,0.009
yetori1,PE,0.0038924147153438387,0.0039,0.0039,resident,0.0133,0.0693,0.1475,365.0,1.3299999999999998,0.001623263017154774,very_rare,0.1623263017154774,rare,peak_abundance_with_occupancy_days_modifiers,0.0133
pershe2,PE,0.0038924147153438387,0.0039,0.0039,resident,0.0184,0.9945,0.9892,365.0,1.8399999999999999,0.001623263017154774,very_rare,0.1623263017154774,rare,peak_abundance_with_occupancy_days_modifiers,0.0184
tattin1,PE,0.0038243716274916385,0.0038316938680116,0.0038316938680116,resident,0.0691193486752292,0.0179846728855957,0.0044529123957908,365.0,6.911934867522921,0.001594886845507888,very_rare,0.15948868455078882,,peak_abundance_with_occupancy_days_modifiers,0.0691193486752292
bffgle,PE,0.0038025843504965874,0.0038098233470913,0.0038098233470913,resident,0.1392595767635757,0.2955075100902092,0.06899462479007,365.0,13.92595767635757,0.0015858008452800253,very_rare,0.15858008452800254,,peak_abundance_with_occupancy_days_modifiers,0.1392595767635757
gobfly1,PE,0.00374150327079634,0.0037485114317856,0.0037485114317856,resident,0.0587806839938362,0.0472782677528219,0.0184754220358061,365.0,5.87806839938362,0.0015603280565418673,very_rare,0.15603280565418673,,peak_abundance_with_occupancy_days_modifiers,0.0587806839938362
dafgrt1,PE,0.0036931718376175702,0.0017000000000000001,0.0037,nonbreeding,0.0102,0.0164,0.0156,105.0,1.02,0.0015401722833823486,very_rare,0.15401722833823486,rare,peak_abundance_with_occupancy_days_modifiers,0.0102
orheag1,PE,0.0036931718376175702,0.0037,0.0037,resident,0.2874,0.1236,0.0649,365.0,28.74,0.0015401722833823486,very_rare,0.15401722833823486,,peak_abundance_with_occupancy_days_modifiers,0.2874
scrcac1,PE,0.0036931718376175702,0.0037,0.0037,resident,0.0323,0.2693,0.1195,365.0,3.2300000000000004,0.0015401722833823486,very_rare,0.15401722833823486,rare,peak_abundance_with_occupancy_days_modifiers,0.0323
gagwar2,PE,0.0035935355101301704,0.0036,0.0036,resident,0.007,0.3305,0.34,365.0,0.7000000000000001,0.0014986207074575537,very_rare,0.14986207074575536,very_rare,peak_abundance_with_occupancy_days_modifiers,0.007
bltman1,PE,0.0035935355101301704,0.0036,0.0036,resident,0.099,0.0305,0.0193,365.0,9.9,0.0014986207074575537,very_rare,0.14986207074575536,,peak_abundance_with_occupancy_days_modifiers,0.099
whmtyr1,PE,0.003559650010424166,0.0035659930886689,0.0035659930886689,resident,0.0364543230253962,0.0093176341818961,0.0051057369147982,365.0,3.6454323025396205,0.0014844893564805312,very_rare,0.14844893564805312,rare,peak_abundance_with_occupancy_days_modifiers,0.0364543230253962
relhon1,PE,0.00349388925425578,0.0035,0.0035,resident,0.084,0.026,0.0089,365.0,8.4,0.0014570649910737887,very_rare,0.14570649910737887,,peak_abundance_with_occupancy_days_modifiers,0.084
tinhaw1,PE,0.0034185915867114744,0.0034244416353393,0.0034244416353393,resident,0.6106182016921737,0.1472917513424595,0.1787342042383608,365.0,61.06182016921737,0.0014256634247090869,rare,0.14256634247090869,,peak_abundance_with_occupancy_days_modifiers,0.6106182016921737
whtgre3,PE,0.003294566949430031,0.003175,0.0033,nonbreeding,0.0044,0.0059,0.0053,210.0,0.44,0.0013739411336281234,very_rare,0.13739411336281235,very_rare,peak_abundance_with_occupancy_days_modifiers,0.0044
spobar1,PE,0.003194890896519197,0.0032,0.0032,resident,0.0421,0.4456,0.3851,365.0,4.21,0.0013323729909149931,very_rare,0.1332372990914993,rare,peak_abundance_with_occupancy_days_modifiers,0.0421
lesela1,PE,0.00315417872475519,0.0031591583806675,0.0031591583806675,resident,0.1107961666367697,0.0318724247914587,0.0137192890001101,365.0,11.079616663676969,0.0013153946965641795,very_rare,0.13153946965641794,,peak_abundance_with_occupancy_days_modifiers,0.1107961666367697
plurai1,PE,0.003121645824057908,0.0031265232342452,0.0031265232342452,resident,0.0171730419794573,0.0186222481693693,0.0127375213974725,365.0,1.71730419794573,0.0013018274231863924,very_rare,0.13018274231863924,rare,peak_abundance_with_occupancy_days_modifiers,0.0171730419794573
gryhaw3,PE,0.003095204907302419,0.0031,0.0031,resident,0.1688,0.0428,0.0167,365.0,16.88,0.001290800704440433,very_rare,0.1290800704440433,,peak_abundance_with_occupancy_days_modifiers,0.1688
hobkit,PE,0.003095204907302419,0.0031,0.0031,resident,0.2184,0.0557,0.077,365.0,21.84,0.001290800704440433,very_rare,0.1290800704440433,,peak_abundance_with_occupancy_days_modifiers,0.2184
bbfgle1,PE,0.0030587862715319757,0.0030634691316649,0.0030634691316649,resident,0.0664859762577,0.0985129874054496,0.0221108602460093,365.0,6.64859762577,0.0012756129536726283,very_rare,0.12756129536726282,,peak_abundance_with_occupancy_days_modifiers,0.0664859762577
killde,PE,0.002995508979798479,0.001875,0.003,breeding,0.0105,0.003,0.0011,161.0,1.05,0.001249224273378119,very_rare,0.12492242733781189,rare,peak_abundance_with_occupancy_days_modifiers,0.0105
smbwoo1,PE,0.002995508979798479,0.003,0.003,resident,0.0683,0.2211,0.1296,365.0,6.83,0.001249224273378119,very_rare,0.12492242733781189,,peak_abundance_with_occupancy_days_modifiers,0.0683
solsan,PE,0.002796087302001274,0.002,0.0028,postbreeding_migration,0.0943,0.0366,0.0065,112.0,9.43,0.001166058974184524,very_rare,0.1166058974184524,,peak_abundance_with_occupancy_days_modifiers,0.0943
santer1,PE,0.002796087302001274,0.0014,0.0028,prebreeding_migration,0.0039,0.013,0.0087,70.0,0.38999999999999996,0.001166058974184524,very_rare,0.1166058974184524,very_rare,peak_abundance_with_occupancy_days_modifiers,0.0039
ecgdov1,PE,0.0026963615477426086,0.0027,0.0027,resident,0.0036,0.0941,0.041,365.0,0.36,0.0011244701043994507,very_rare,0.11244701043994507,very_rare,peak_abundance_with_occupancy_days_modifiers,0.0036
shthaw,PE,0.0026963615477426086,0.0027,0.0027,resident,0.2702,0.0713,0.026,365.0,27.02,0.0011244701043994507,very_rare,0.11244701043994507,,peak_abundance_with_occupancy_days_modifiers,0.2702
manrai1,PE,0.0025679860494606786,0.0025712861499018,0.0025712861499018,resident,0.0574091154738118,0.0059570861851345,0.0048128473781854,365.0,5.74091154738118,0.0010709333633507206,very_rare,0.10709333633507206,,peak_abundance_with_occupancy_days_modifiers,0.0574091154738118
blaoys1,PE,0.002496880198587199,0.0025,0.0025,resident,0.0021,0.1283,0.1619,365.0,0.21,0.0010412799203166443,very_rare,0.10412799203166442,very_rare,peak_abundance_with_occupancy_days_modifiers,0.0021
lesvio1,PE,0.002496880198587199,0.0025,0.0025,resident,0.0201,0.2835,0.2088,365.0,2.01,0.0010412799203166443,very_rare,0.10412799203166442,rare,peak_abundance_with_occupancy_days_modifiers,0.0201
pabtin1,PE,0.002496880198587199,0.0025,0.0025,resident,0.0043,0.2021,0.2763,365.0,0.43,0.0010412799203166443,very_rare,0.10412799203166442,very_rare,peak_abundance_with_occupancy_days_modifiers,0.0043
colinc1,PE,0.002496880198587199,0.0025,0.0025,resident,0.0116,0.1875,0.1755,365.0,1.16,0.0010412799203166443,very_rare,0.10412799203166442,rare,peak_abundance_with_occupancy_days_modifiers,0.0116
corpip1,PE,0.0023971245997214934,0.00155,0.0024,nonbreeding,0.0069,0.012,0.0212,14.0,0.69,0.000999678604363726,very_rare,0.09996786043637261,rare,peak_abundance_with_occupancy_days_modifiers,0.0069
varant1,PE,0.0023971245997214934,0.0024,0.0024,resident,0.0213,0.0101,0.0048,365.0,2.13,0.000999678604363726,very_rare,0.09996786043637261,rare,peak_abundance_with_occupancy_days_modifiers,0.0213
lobgna5,PE,0.0023971245997214934,0.0024,0.0024,resident,0.2234,0.0666,0.0053,365.0,22.34,0.000999678604363726,very_rare,0.09996786043637261,,peak_abundance_with_occupancy_days_modifiers,0.2234
rufgle1,PE,0.0023971245997214934,0.0024,0.0024,resident,0.2455,,,,24.55,0.000999678604363726,very_rare,0.09996786043637261,,peak_abundance_with_occupancy_days_modifiers,0.2455
peakit1,PE,0.0023698001910658732,0.0023726103869678,0.0023726103869678,resident,0.0825826289276847,0.0151703083066327,0.0185181333929396,365.0,8.25826289276847,0.0009882834408778782,very_rare,0.09882834408778782,,peak_abundance_with_occupancy_days_modifiers,0.0825826289276847
bncfly,PE,0.0022973590486834897,0.00155,0.0023,postbreeding_migration,0.0701,0.0127,0.0017,133.0,7.01,0.0009580731380325941,very_rare,0.09580731380325941,,peak_abundance_with_occupancy_days_modifiers,0.0701
gocspa1,PE,0.0021975835434872217,0.0022,0.0022,resident,0.2144,0.1385,0.0464,365.0,21.44,0.0009164635204950369,very_rare,0.0916463520495037,,peak_abundance_with_occupancy_days_modifiers,0.2144
scapig2,PE,0.0021975835434872217,0.0022,0.0022,resident,0.0881,0.026,0.0048,365.0,8.81,0.0009164635204950369,very_rare,0.0916463520495037,,peak_abundance_with_occupancy_days_modifiers,0.0881
greher1,PE,0.0021975835434872217,0.0022,0.0022,resident,0.022,0.2605,0.1767,365.0,2.1999999999999997,0.0009164635204950369,very_rare,0.0916463520495037,rare,peak_abundance_with_occupancy_days_modifiers,0.022
wbgtyr1,PE,0.0021975835434872217,0.00205,0.0022,nonbreeding,0.0852,0.578,0.3799,98.0,8.52,0.0009164635204950369,very_rare,0.0916463520495037,,peak_abundance_with_occupancy_days_modifiers,0.0852
perpla1,PE,0.0021975835434872217,0.0022,0.0022,resident,0.0067,1.0,1.0,365.0,0.67,0.0009164635204950369,very_rare,0.0916463520495037,very_rare,peak_abundance_with_occupancy_days_modifiers,0.0067
baceag2,PE,0.0021959713694456023,0.0021983842804779,0.0021983842804779,resident,0.1414159843114364,0.3512033125400529,0.2482517615240366,365.0,14.14159843114364,0.0009157911916990373,very_rare,0.09157911916990373,,peak_abundance_with_occupancy_days_modifiers,0.1414159843114364
wtstyr1,PE,0.0021740826938929127,0.0021764477252869,0.0021764477252869,resident,0.2988900114412992,0.8002263410285778,0.8036082789462339,365.0,29.889001144129917,0.0009066629049881876,very_rare,0.09066629049881876,,peak_abundance_with_occupancy_days_modifiers,0.2988900114412992
olipic1,PE,0.0021350414519835216,0.0021373222759134,0.0021373222759134,resident,0.0399680269584108,0.0009219929581890168,0.0003762014643002996,0.0,3.99680269584108,0.0008903814425105603,very_rare,0.08903814425105602,very_rare,peak_abundance_with_occupancy_days_modifiers,0.0399680269584108
brwhaw,PE,0.002097798082146129,0.0018333333333333333,0.0021,postbreeding_migration,0.0654,0.1079,0.0434,70.0,6.54,0.0008748497509225938,very_rare,0.08748497509225937,,peak_abundance_with_occupancy_days_modifiers,0.0654
whiibi,PE,0.002097798082146129,0.00105,0.0021,nonbreeding,0.0007,0.0014,0.002,0.0,0.06999999999999999,0.0008748497509225938,very_rare,0.08748497509225937,very_rare,peak_abundance_with_occupancy_days_modifiers,0.0007
bulalb2,PE,0.0020343671621324195,0.0020364378909771,0.0020364378909771,nonbreeding,0.0105129173133955,0.001359058366703,0.0004300266748417271,0.0,1.05129173133955,0.0008483970026590748,very_rare,0.08483970026590748,very_rare,peak_abundance_with_occupancy_days_modifiers,0.0105129173133955
zothaw,PE,0.001998002662673056,0.0014500000000000001,0.002,prebreeding_migration,0.3438,0.1165,0.0379,126.0,34.38,0.000833231828486557,very_rare,0.0833231828486557,,peak_abundance_with_occupancy_days_modifiers,0.3438
swafly1,PE,0.0019295459603717677,0.0011462826180341805,0.0019314087320869,prebreeding_migration,0.1366272729519244,0.0206883828244352,0.0057964298006752,91.0,13.66272729519244,0.0008046831662168614,very_rare,0.08046831662168615,,peak_abundance_with_occupancy_days_modifiers,0.1366272729519244
soleag1,PE,0.0018991911909952493,0.0019009957968349,0.0019009957968349,resident,0.1918848879256785,0.3892704179767725,0.4204809381612467,365.0,19.188488792567853,0.0007920242441526543,very_rare,0.07920242441526543,,peak_abundance_with_occupancy_days_modifiers,0.1918848879256785
rercac1,PE,0.0018981972830802527,0.0019,0.0019,resident,0.0658,0.0299,0.0036,365.0,6.58,0.0007916097523579702,very_rare,0.07916097523579702,,peak_abundance_with_occupancy_days_modifiers,0.0658
limpki,PE,0.0018981972830802527,0.0019,0.0019,resident,0.0111,0.0065,0.0032,365.0,1.11,0.0007916097523579702,very_rare,0.07916097523579702,rare,peak_abundance_with_occupancy_days_modifiers,0.0111
whwtan1,PE,0.0018981972830802527,0.0019,0.0019,resident,0.0314,0.2597,0.1362,365.0,3.1399999999999997,0.0007916097523579702,very_rare,0.07916097523579702,rare,peak_abundance_with_occupancy_days_modifiers,0.0314
higmot1,PE,0.0017983819413793735,0.0018,0.0018,resident,0.0203,0.1661,0.0665,365.0,2.03,0.0007499835217076287,very_rare,0.07499835217076287,rare,peak_abundance_with_occupancy_days_modifiers,0.0203
varsee3,PE,0.0017983819413793735,0.0018,0.0018,resident,0.0059,0.0151,0.0071,365.0,0.59,0.0007499835217076287,very_rare,0.07499835217076287,very_rare,peak_abundance_with_occupancy_days_modifiers,0.0059
olcyel1,PE,0.0017833234598715428,0.0017849145268079,0.0017849145268079,resident,0.0440606236069358,0.0023216359221761,0.0008744297637144052,0.0,4.40606236069358,0.0007437036471531679,very_rare,0.0743703647153168,very_rare,peak_abundance_with_occupancy_days_modifiers,0.0440606236069358
rumfly1,PE,0.0016985566355814774,0.0017,0.0017,resident,0.0143,0.0025,0.0011,365.0,1.43,0.00070835313570608,very_rare,0.070835313570608,rare,peak_abundance_with_occupancy_days_modifiers,0.0143
royfly1,PE,0.0016985566355814774,0.0017,0.0017,resident,0.2032,0.0734,0.0345,365.0,20.32,0.00070835313570608,very_rare,0.070835313570608,,peak_abundance_with_occupancy_days_modifiers,0.2032
willet1,PE,0.0016985566355814774,0.000675,0.0017,nonbreeding,0.001,0.0079,0.005,14.0,0.1,0.00070835313570608,very_rare,0.070835313570608,rare,peak_abundance_with_occupancy_days_modifiers,0.001
snakit,PE,0.0016985566355814774,0.0017,0.0017,resident,0.02,0.0116,0.0023,365.0,2.0,0.00070835313570608,very_rare,0.070835313570608,rare,peak_abundance_with_occupancy_days_modifiers,0.02
sbnthr1,PE,0.0015987213636970278,0.0016,0.0016,resident,0.0334,0.5405,0.3702,365.0,3.34,0.0006667185935236227,very_rare,0.06667185935236226,rare,peak_abundance_with_occupancy_days_modifiers,0.0334
sohtyr1,PE,0.0015614155394508475,0.001562635183402,0.001562635183402,resident,0.1015073307278088,0.1232039643631894,0.0308635850929691,365.0,10.15073307278088,0.0006511608564241412,very_rare,0.06511608564241411,,peak_abundance_with_occupancy_days_modifiers,0.1015073307278088
fusfly1,PE,0.001522334389377244,0.0010210640082253162,0.0015234937285998,nonbreeding,0.1233580209238908,0.026349445541255,0.0021308526384329,147.0,12.335802092389079,0.0006348627509493297,very_rare,0.06348627509493297,,peak_abundance_with_occupancy_days_modifiers,0.1233580209238908
strowl1,PE,0.0014492488005862626,0.001450299469128,0.001450299469128,resident,0.305562995148188,0.0537605331928246,0.0113679093771123,365.0,30.556299514818804,0.0006043836930771646,very_rare,0.060438369307716455,,peak_abundance_with_occupancy_days_modifiers,0.305562995148188
bucsap1,PE,0.0014410506567841409,0.0014420894692157,0.0014420894692157,resident,0.2237334902241295,0.1643619899011588,0.0300177553864734,365.0,22.37334902241295,0.0006009648015621948,very_rare,0.06009648015621948,,peak_abundance_with_occupancy_days_modifiers,0.2237334902241295
whtspa1,PE,0.0014036443675328426,0.001404629937364,0.001404629937364,resident,0.1164959128686948,0.1063133945483695,0.0232608040141534,365.0,11.64959128686948,0.0005853651673013994,very_rare,0.058536516730139945,,peak_abundance_with_occupancy_days_modifiers,0.1164959128686948
shtstr1,PE,0.0013853959688619384,0.0013863560731809,0.0013863560731809,resident,0.1533144665450933,0.1353851105756527,0.0143552470006021,365.0,15.331446654509328,0.0005777549939639747,very_rare,0.05777549939639747,,peak_abundance_with_occupancy_days_modifiers,0.1533144665450933
slcsee1,PE,0.0013189684904454184,0.001319838711941,0.001319838711941,resident,0.29069789997936,0.1033030113639695,0.0319913420167385,365.0,29.069789997936002,0.0005500525837837141,very_rare,0.055005258378371405,,peak_abundance_with_occupancy_days_modifiers,0.29069789997936
perfal,PE,0.00129915573162005,0.000925,0.0013,breeding,0.1507,,,,15.07,0.0005417900215900586,very_rare,0.05417900215900586,,peak_abundance_with_occupancy_days_modifiers,0.1507
uplsan,PE,0.00129915573162005,0.0009499999999999999,0.0013,prebreeding_migration,0.0226,0.0067,0.0026,35.0,2.26,0.0005417900215900586,very_rare,0.05417900215900586,rare,peak_abundance_with_occupancy_days_modifiers,0.0226
bubsan,PE,0.00129915573162005,0.0013,0.0013,postbreeding_migration,0.0063,0.0109,0.0151,42.0,0.63,0.0005417900215900586,very_rare,0.05417900215900586,very_rare,peak_abundance_with_occupancy_days_modifiers,0.0063
pibgre,PE,0.00129915573162005,0.000975,0.0013,nonbreeding,0.0038,0.002,0.0037,168.0,0.38,0.0005417900215900586,very_rare,0.05417900215900586,very_rare,peak_abundance_with_occupancy_days_modifiers,0.0038
comter,PE,0.00129915573162005,0.0008333333333333334,0.0013,nonbreeding,0.0025,0.0004,0.0001,28.0,0.25,0.0005417900215900586,very_rare,0.05417900215900586,rare,peak_abundance_with_occupancy_days_modifiers,0.0025
bltfly1,PE,0.0012487986218338346,0.0012495786955173,0.0012495786955173,resident,0.2942776551221335,0.2131742212261513,0.0882194587257172,365.0,29.427765512213348,0.0005207894756706834,very_rare,0.052078947567068344,,peak_abundance_with_occupancy_days_modifiers,0.2942776551221335
dowant1,PE,0.0012073891390015344,0.0012081183267096,0.0012081183267096,resident,0.2001806433596595,0.1154364799337833,0.0703371560453515,365.0,20.01806433596595,0.0005035203800174881,very_rare,0.05035203800174881,,peak_abundance_with_occupancy_days_modifiers,0.2001806433596595
bucmot3,PE,0.0011992805754820971,0.0012,0.0012,resident,0.0051,0.0398,0.0566,365.0,0.51,0.0005001388463819827,very_rare,0.050013884638198274,very_rare,peak_abundance_with_occupancy_days_modifiers,0.0051
pmtspi1,PE,0.0011992805754820971,0.0012,0.0012,resident,0.0122,0.0113,0.0058,365.0,1.22,0.0005001388463819827,very_rare,0.050013884638198274,rare,peak_abundance_with_occupancy_days_modifiers,0.0122
lesgol,PE,0.0011992805754820971,0.000575,0.0012,breeding,0.0103,0.0062,0.0008,98.0,1.03,0.0005001388463819827,very_rare,0.050013884638198274,rare,peak_abundance_with_occupancy_days_modifiers,0.0103
agaher1,PE,0.0011992805754820971,0.0012,0.0012,resident,0.0885,0.2097,0.1582,365.0,8.85,0.0005001388463819827,very_rare,0.050013884638198274,,peak_abundance_with_occupancy_days_modifiers,0.0885
snoplo5,PE,0.0011992805754820971,0.0007749999999999999,0.0012,nonbreeding,0.0031,0.0714,0.0398,112.0,0.31,0.0005001388463819827,very_rare,0.050013884638198274,very_rare,peak_abundance_with_occupancy_days_modifiers,0.0031
orbspa1,PE,0.0011992805754820971,0.0012,0.0012,resident,0.0096,0.0676,0.0464,365.0,0.96,0.0005001388463819827,very_rare,0.050013884638198274,very_rare,peak_abundance_with_occupancy_days_modifiers,0.0096
recfin1,PE,0.0011992805754820971,0.0012,0.0012,resident,0.0032,0.001,0.0007,365.0,0.32,0.0005001388463819827,very_rare,0.050013884638198274,very_rare,peak_abundance_with_occupancy_days_modifiers,0.0032
lifgle1,PE,0.0011492383663022406,0.0011498989937621,0.0011498989937621,resident,0.0802731783360282,0.438568604246343,0.1459682493050726,365.0,8.02731783360282,0.00047926962421554486,very_rare,0.04792696242155449,,peak_abundance_with_occupancy_days_modifiers,0.0802731783360282
yebcuc,PE,0.0010993954433009636,0.0006333333333333334,0.0011,postbreeding_migration,0.1824,0.0361,0.0048,56.0,18.240000000000002,0.0004584835108407622,very_rare,0.04584835108407622,,peak_abundance_with_occupancy_days_modifiers,0.1824
wrlrus1,PE,0.0010993954433009636,0.0010750000000000002,0.0011,breeding,0.0044,0.0029,0.0034,231.0,0.44,0.0004584835108407622,very_rare,0.04584835108407622,very_rare,peak_abundance_with_occupancy_days_modifiers,0.0044
savhaw1,PE,0.0010993954433009636,0.0011,0.0011,resident,0.0073,0.0019,0.0018,365.0,0.73,0.0004584835108407622,very_rare,0.04584835108407622,very_rare,peak_abundance_with_occupancy_days_modifiers,0.0073
purmar,PE,0.0010993954433009636,0.0011,0.0011,postbreeding_migration,0.0015,0.0003,0.0003,7.0,0.15,0.0004584835108407622,very_rare,0.04584835108407622,very_rare,peak_abundance_with_occupancy_days_modifiers,0.0015
whihaw1,PE,0.0010993954433009636,0.0011,0.0011,resident,0.0422,0.0315,0.0165,365.0,4.22,0.0004584835108407622,very_rare,0.04584835108407622,rare,peak_abundance_with_occupancy_days_modifiers,0.0422
lbsfin1,PE,0.0010791335943420462,0.0010797160685029,0.0010797160685029,resident,0.1049440227394595,0.0615229817304789,0.0327789657252253,365.0,10.494402273945951,0.0004500336635147433,very_rare,0.045003366351474325,,peak_abundance_with_occupancy_days_modifiers,0.1049440227394595
masyel5,PE,0.0010147587517705732,0.0005543703626595387,0.0010152737936324,nonbreeding,0.0484001330945268,0.0046267925228377,0.0007531813979404242,63.0,4.84001330945268,0.000423187268969574,very_rare,0.0423187268969574,rare,peak_abundance_with_occupancy_days_modifiers,0.0484001330945268
crbfin1,PE,0.0009995003330835331,0.001,0.001,resident,0.0037,0.1144,0.0878,365.0,0.37,0.00041682401413511066,very_rare,0.04168240141351107,very_rare,peak_abundance_with_occupancy_days_modifiers,0.0037
soater1,PE,0.0009995003330835331,0.00035,0.001,prebreeding_migration,0.0032,0.0362,0.0069,49.0,0.32,0.00041682401413511066,very_rare,0.04168240141351107,very_rare,peak_abundance_with_occupancy_days_modifiers,0.0032
rubant1,PE,0.0009995003330835331,0.001,0.001,resident,0.0266,0.6119,0.3636,365.0,2.6599999999999997,0.00041682401413511066,very_rare,0.04168240141351107,rare,peak_abundance_with_occupancy_days_modifiers,0.0266
goftyr1,PE,0.0009995003330835331,0.001,0.001,resident,0.0072,0.0394,0.0144,365.0,0.72,0.00041682401413511066,very_rare,0.04168240141351107,very_rare,peak_abundance_with_occupancy_days_modifiers,0.0072
olifla2,PE,0.0009342285159275798,0.0009346650433157602,0.0009346650433157602,resident,0.3331254851763525,0.5382768855153668,0.1848579508430833,365.0,33.31254851763525,0.00038960355213399524,very_rare,0.03896035521339952,,peak_abundance_with_occupancy_days_modifiers,0.3331254851763525
milmac,PE,0.0009293872118147616,0.000929819225935271,0.000929819225935271,resident,0.1505288473837987,0.2622938174836147,0.0213706470094152,365.0,15.052884738379872,0.00038758457150222175,very_rare,0.03875845715022218,,peak_abundance_with_occupancy_days_modifiers,0.1505288473837987
rehbar1,PE,0.000899595242836093,0.0009,0.0009,resident,0.0065,0.096,0.068,365.0,0.65,0.0003751603554337701,very_rare,0.03751603554337701,very_rare,peak_abundance_with_occupancy_days_modifiers,0.0065
motowl,PE,0.000899595242836093,0.0009,0.0009,resident,0.1606,0.1355,0.0358,365.0,16.06,0.0003751603554337701,very_rare,0.03751603554337701,,peak_abundance_with_occupancy_days_modifiers,0.1606
stisan,PE,0.000899595242836093,0.0004333333333333333,0.0009,prebreeding_migration,0.0014,0.0013,0.0014,28.0,0.13999999999999999,0.0003751603554337701,very_rare,0.03751603554337701,rare,peak_abundance_with_occupancy_days_modifiers,0.0014
bawhae1,PE,0.000899595242836093,0.0009,0.0009,resident,0.1528,0.1067,0.0742,365.0,15.28,0.0003751603554337701,very_rare,0.03751603554337701,,peak_abundance_with_occupancy_days_modifiers,0.1528
roltyr1,PE,0.0008662020514347175,0.0008665773127745649,0.0008665773127745649,resident,0.1077447811257873,0.5191053479751059,0.3570802969493564,365.0,10.774478112578729,0.0003612343129663845,very_rare,0.036123431296638454,,peak_abundance_with_occupancy_days_modifiers,0.1077447811257873
crrtou1,PE,0.0008504552946277771,0.0008508170342723879,0.0008508170342723879,resident,0.0408560770753061,0.0019409068536073,0.00026802042191764784,0.0,4.08560770753061,0.0003546674053180712,very_rare,0.035466740531807116,very_rare,peak_abundance_with_occupancy_days_modifiers,0.0408560770753061
sporai,PE,0.0008337207911998993,0.0008340684329840872,0.0008340684329840872,resident,0.0165634432577732,0.0131038535063249,0.0416357301919854,365.0,1.6563443257773198,0.00034768857533424305,very_rare,0.034768857533424305,rare,peak_abundance_with_occupancy_days_modifiers,0.0165634432577732
grhowl2,PE,0.0008020134802622912,0.0008023351790700643,0.0008023351790700643,resident,0.1636443129399903,0.0696736730760284,0.0081423932550289,365.0,16.36443129399903,0.00033446559962824906,very_rare,0.033446559962824904,,peak_abundance_with_occupancy_days_modifiers,0.1636443129399903
ccbfin,PE,0.0007996801705643322,0.0008,0.0008,resident,0.0126,0.1151,0.038,365.0,1.26,0.0003334925339049559,very_rare,0.03334925339049559,rare,peak_abundance_with_occupancy_days_modifiers,0.0126
palwar1,PE,0.0007996801705643322,0.0008,0.0008,resident,0.0057,0.151,0.1104,365.0,0.5700000000000001,0.0003334925339049559,very_rare,0.03334925339049559,very_rare,peak_abundance_with_occupancy_days_modifiers,0.0057
brwpar1,PE,0.0007996801705643322,0.0008,0.0008,resident,0.0008,0.0058,0.0075,0.0,0.08,0.0003334925339049559,very_rare,0.03334925339049559,very_rare,peak_abundance_with_occupancy_days_modifiers,0.0008
jabiru,PE,0.0007996801705643322,0.0008,0.0008,resident,0.0382,0.0402,0.0025,365.0,3.82,0.0003334925339049559,very_rare,0.03334925339049559,rare,peak_abundance_with_occupancy_days_modifiers,0.0382
bichaw1,PE,0.0007996801705643322,0.0008,0.0008,resident,0.2046,0.1281,0.0656,365.0,20.46,0.0003334925339049559,very_rare,0.03334925339049559,,peak_abundance_with_occupancy_days_modifiers,0.2046
shshaw,PE,0.0006997551142733419,0.000475,0.0007,postbreeding_migration,0.0808,0.009,0.0071,126.0,8.08,0.0002918205487167264,very_rare,0.02918205487167264,,peak_abundance_with_occupancy_days_modifiers,0.0808
olitan1,PE,0.0006997551142733419,0.0007,0.0007,resident,0.0113,0.3243,0.0944,365.0,1.13,0.0002918205487167264,very_rare,0.02918205487167264,rare,peak_abundance_with_occupancy_days_modifiers,0.0113
father1,PE,0.0006997551142733419,0.0007,0.0007,resident,0.0107,0.0763,0.1948,365.0,1.0699999999999998,0.0002918205487167264,very_rare,0.02918205487167264,rare,peak_abundance_with_occupancy_days_modifiers,0.0107
mcrtyr1,PE,0.0006997551142733419,0.0005,0.0007,nonbreeding,0.0016,0.0025,0.0057,28.0,0.16,0.0002918205487167264,very_rare,0.02918205487167264,rare,peak_abundance_with_occupancy_days_modifiers,0.0016
ruccoq1,PE,0.0006357306246812806,0.0006359327442237846,0.0006359327442237846,resident,0.0228788065459763,0.15996197964658,0.1757859968108188,365.0,2.2878806545976302,0.00026512026271247063,very_rare,0.026512026271247064,rare,peak_abundance_with_occupancy_days_modifiers,0.0228788065459763
goreup1,PE,0.0005998200719676155,0.0006,0.0006,resident,0.027,0.066,0.0343,365.0,2.7,0.0002501443990368907,very_rare,0.02501443990368907,rare,peak_abundance_with_occupancy_days_modifiers,0.027
leagre,PE,0.0005998200719676155,0.0006,0.0006,resident,0.0154,0.0149,0.0048,365.0,1.54,0.0002501443990368907,very_rare,0.02501443990368907,rare,peak_abundance_with_occupancy_days_modifiers,0.0154
rebbla1,PE,0.0005998200719676155,0.0006,0.0006,resident,0.0072,0.0076,0.0016,365.0,0.72,0.0002501443990368907,very_rare,0.02501443990368907,very_rare,peak_abundance_with_occupancy_days_modifiers,0.0072
pabthr1,PE,0.0005998200719676155,0.0006,0.0006,resident,0.006,0.0015,0.0004,365.0,0.6,0.0002501443990368907,very_rare,0.02501443990368907,very_rare,peak_abundance_with_occupancy_days_modifiers,0.006
parjae,PE,0.0005998200719676155,0.0006,0.0006,postbreeding_migration,0.0023,,,,0.22999999999999998,0.0002501443990368907,very_rare,0.02501443990368907,very_rare,peak_abundance_with_occupancy_days_modifiers,0.0023
brnowl,PE,0.0005998200719676155,0.0006,0.0006,resident,0.0518,,,,5.18,0.0002501443990368907,very_rare,0.02501443990368907,,peak_abundance_with_occupancy_days_modifiers,0.0518
sponit2,PE,0.0005998200719676155,0.0006,0.0006,resident,0.0271,0.3821,0.1733,365.0,2.71,0.0002501443990368907,very_rare,0.02501443990368907,rare,peak_abundance_with_occupancy_days_modifiers,0.0271
biccon1,PE,0.0005537770258100134,0.0005539303886154638,0.0005539303886154638,resident,0.0192149828767464,0.0488855534748934,0.0084893376089349,365.0,1.92149828767464,0.00023094295738937523,very_rare,0.023094295738937523,rare,peak_abundance_with_occupancy_days_modifiers,0.0192149828767464
gybfly1,PE,0.000499875041651048,0.0005,0.0005,resident,0.0057,0.4686,0.4859,365.0,0.5700000000000001,0.00020846408403300828,very_rare,0.020846408403300827,very_rare,peak_abundance_with_occupancy_days_modifiers,0.0057
barpar1,PE,0.000499875041651048,0.0005,0.0005,resident,0.0055,0.1496,0.0292,365.0,0.5499999999999999,0.00020846408403300828,very_rare,0.020846408403300827,very_rare,peak_abundance_with_occupancy_days_modifiers,0.0055
cinhar1,PE,0.000499875041651048,0.00025,0.0005,nonbreeding,0.0449,0.0195,0.0079,245.0,4.49,0.00020846408403300828,very_rare,0.020846408403300827,rare,peak_abundance_with_occupancy_days_modifiers,0.0449
yeltyr1,PE,0.000499875041651048,0.0005,0.0005,resident,0.0214,0.0139,0.0038,365.0,2.1399999999999997,0.00020846408403300828,very_rare,0.020846408403300827,rare,peak_abundance_with_occupancy_days_modifiers,0.0214
ycnher,PE,0.000499875041651048,0.000375,0.0005,nonbreeding,0.0014,0.0033,0.0077,63.0,0.13999999999999999,0.00020846408403300828,very_rare,0.020846408403300827,very_rare,peak_abundance_with_occupancy_days_modifiers,0.0014
linsee1,PE,0.000499875041651048,0.00025,0.0005,prebreeding_migration,0.0054,0.0016,0.0023,35.0,0.54,0.00020846408403300828,very_rare,0.020846408403300827,very_rare,peak_abundance_with_occupancy_days_modifiers,0.0054
boboli,PE,0.000499875041651048,0.00025,0.0005,postbreeding_migration,0.0487,0.0188,0.0012,28.0,4.87,0.00020846408403300828,very_rare,0.020846408403300827,rare,peak_abundance_with_occupancy_days_modifiers,0.0487
cibgrt1,PE,0.00045295218267246955,0.0004530547810024912,0.0004530547810024912,nonbreeding,0.0063461766365647,0.00037948567607792047,0.00020578234840546233,0.0,0.63461766365647,0.00018889573194070972,very_rare,0.01888957319407097,very_rare,peak_abundance_with_occupancy_days_modifiers,0.0063461766365647
amgplo,PE,0.0003999200213269354,0.00015000000000000001,0.0004,prebreeding_migration,0.002,0.0027,0.0004,42.0,0.2,0.00016677960287238907,very_rare,0.016677960287238905,very_rare,peak_abundance_with_occupancy_days_modifiers,0.002
bratea1,PE,0.0003999200213269354,0.0004,0.0004,resident,0.0037,0.0012,0.0003,365.0,0.37,0.00016677960287238907,very_rare,0.016677960287238905,very_rare,peak_abundance_with_occupancy_days_modifiers,0.0037
rurant1,PE,0.0003999200213269354,0.0004,0.0004,resident,0.0332,0.6005,0.2863,365.0,3.32,0.00016677960287238907,very_rare,0.016677960287238905,rare,peak_abundance_with_occupancy_days_modifiers,0.0332
greela,PE,0.0003999200213269354,0.00022500000000000002,0.0004,breeding,0.0081,0.0068,0.0011,77.0,0.8099999999999999,0.00016677960287238907,very_rare,0.016677960287238905,very_rare,peak_abundance_with_occupancy_days_modifiers,0.0081
grtgra,PE,0.0003999200213269354,0.000275,0.0004,postbreeding_migration,0.0003,0.0003,0.0002,0.0,0.03,0.00016677960287238907,very_rare,0.016677960287238905,very_rare,peak_abundance_with_occupancy_days_modifiers,0.0003
gregre1,PE,0.0003999200213269354,0.0004,0.0004,resident,0.0003,0.0055,0.0086,0.0,0.03,0.00016677960287238907,very_rare,0.016677960287238905,very_rare,peak_abundance_with_occupancy_days_modifiers,0.0003
bubtan2,PE,0.00037317175803529376,0.00037324139527773937,0.00037324139527773937,resident,0.0241762221834746,0.0039035769828926,0.00011274505134671138,365.0,2.4176222183474603,0.0001556247106654422,very_rare,0.01556247106654422,rare,peak_abundance_with_occupancy_days_modifiers,0.0241762221834746
shbdow,PE,0.00029995500899797546,0.00016666666666666666,0.0003,nonbreeding,0.0004,0.0029,0.0008,0.0,0.04,0.00012509095472209328,very_rare,0.012509095472209329,very_rare,peak_abundance_with_occupancy_days_modifiers,0.0004
surfbi,PE,0.00029995500899797546,0.000175,0.0003,nonbreeding,0.0011,0.0391,0.0158,7.0,0.11,0.00012509095472209328,very_rare,0.012509095472209329,very_rare,peak_abundance_with_occupancy_days_modifiers,0.0011
leabit,PE,0.00029995500899797546,9.999999999999999e-05,0.0003,prebreeding_migration,0.0896,0.0054,0.0007,14.0,8.959999999999999,0.00012509095472209328,very_rare,0.012509095472209329,rare,peak_abundance_with_occupancy_days_modifiers,0.0896
slaant1,PE,0.00029995500899797546,0.0003,0.0003,resident,0.0155,0.2981,0.0841,365.0,1.55,0.00012509095472209328,very_rare,0.012509095472209329,rare,peak_abundance_with_occupancy_days_modifiers,0.0155
gryfin1,PE,0.00029995500899797546,0.00025,0.0003,breeding,0.0002,0.0001,0.0,0.0,0.02,0.00012509095472209328,very_rare,0.012509095472209329,very_rare,peak_abundance_with_occupancy_days_modifiers,0.0002
cerwar,PE,0.00029995500899797546,0.0002,0.0003,nonbreeding,0.0304,0.1582,0.0432,133.0,3.04,0.00012509095472209328,very_rare,0.012509095472209329,rare,peak_abundance_with_occupancy_days_modifiers,0.0304
tabfly1,PE,0.00029995500899797546,0.0003,0.0003,resident,0.0722,0.724,0.3516,365.0,7.22,0.00012509095472209328,very_rare,0.012509095472209329,,peak_abundance_with_occupancy_days_modifiers,0.0722
blcant4,PE,0.00029995500899797546,0.0003,0.0003,resident,0.0077,0.0102,0.0014,365.0,0.77,0.00012509095472209328,very_rare,0.012509095472209329,very_rare,peak_abundance_with_occupancy_days_modifiers,0.0077
crbwoo1,PE,0.00029995500899797546,0.0003,0.0003,resident,0.015,0.2718,0.2867,365.0,1.5,0.00012509095472209328,very_rare,0.012509095472209329,rare,peak_abundance_with_occupancy_days_modifiers,0.015
yebcac1,PE,0.00029995500899797546,0.0003,0.0003,resident,0.0093,0.0272,0.0055,365.0,0.9299999999999999,0.00012509095472209328,very_rare,0.012509095472209329,very_rare,peak_abundance_with_occupancy_days_modifiers,0.0093
bkmtou1,PE,0.00029995500899797546,0.0003,0.0003,resident,0.0083,0.0439,0.0044,365.0,0.83,0.00012509095472209328,very_rare,0.012509095472209329,very_rare,peak_abundance_with_occupancy_days_modifiers,0.0083
unicra1,PE,0.00029995500899797546,0.0003,0.0003,resident,0.0997,0.1525,0.0099,365.0,9.969999999999999,0.00012509095472209328,very_rare,0.012509095472209329,,peak_abundance_with_occupancy_days_modifiers,0.0997
pbgdov1,PE,0.00029995500899797546,0.0003,0.0003,resident,0.0036,0.0014,0.0004,365.0,0.36,0.00012509095472209328,very_rare,0.012509095472209329,very_rare,peak_abundance_with_occupancy_days_modifiers,0.0036
gretho1,PE,0.0002751133625292488,0.0002751512096810427,0.0002751512096810427,resident,0.0034495377466401,0.00021039078040541216,0.00026881955085916417,0.0,0.34495377466401,0.00011473118348833037,very_rare,0.011473118348833038,very_rare,peak_abundance_with_occupancy_days_modifiers,0.0034495377466401
wtgfin1,PE,0.00022543100506963417,0.00022545641654813335,0.00022545641654813335,resident,0.0122133090766418,0.0019224253236469,0.0002323661514944671,365.0,1.22133090766418,9.401203114531828e-05,very_rare,0.009401203114531827,rare,peak_abundance_with_occupancy_days_modifiers,0.0122133090766418
yelpip2,PE,0.00021687679802118469,0.00021690031749418992,0.00021690031749418992,resident,0.0100312109383908,0.0003686433149004802,3.947758664748225e-05,365.0,1.00312109383908,9.04446497231731e-05,very_rare,0.009044464972317309,rare,peak_abundance_with_occupancy_days_modifiers,0.0100312109383908
grbcra1,PE,0.00020758462205916478,0.00020760616923775103,0.00020760616923775103,resident,0.3901733041331557,0.1948929385750605,0.0713544713921305,365.0,39.01733041331557,8.656951136023632e-05,very_rare,0.008656951136023631,,peak_abundance_with_occupancy_days_modifiers,0.3901733041331557
triher,PE,0.00019998000266626675,0.000125,0.0002,postbreeding_migration,0.0007,0.0019,0.0015,0.0,0.06999999999999999,8.339813874893117e-05,very_rare,0.008339813874893118,very_rare,peak_abundance_with_occupancy_days_modifiers,0.0007
tafgna1,PE,0.00019998000266626675,0.0002,0.0002,resident,0.0431,0.4183,0.0242,365.0,4.31,8.339813874893117e-05,very_rare,0.008339813874893118,rare,peak_abundance_with_occupancy_days_modifiers,0.0431
gycthr,PE,0.00019998000266626675,0.0001,0.0002,nonbreeding,0.0282,0.0033,0.0003,7.0,2.82,8.339813874893117e-05,very_rare,0.008339813874893118,very_rare,peak_abundance_with_occupancy_days_modifiers,0.0282
wilplo,PE,0.00019998000266626675,0.000125,0.0002,postbreeding_migration,0.001,0.0117,0.0038,0.0,0.1,8.339813874893117e-05,very_rare,0.008339813874893118,very_rare,peak_abundance_with_occupancy_days_modifiers,0.001
blkflo1,PE,0.00019998000266626675,0.0002,0.0002,resident,0.0027,0.0528,0.0145,365.0,0.27,8.339813874893117e-05,very_rare,0.008339813874893118,very_rare,peak_abundance_with_occupancy_days_modifiers,0.0027
comblh1,PE,0.00019998000266626675,0.0002,0.0002,postbreeding_migration,0.0079,0.0061,0.0039,21.0,0.79,8.339813874893117e-05,very_rare,0.008339813874893118,rare,peak_abundance_with_occupancy_days_modifiers,0.0079
pvttyr1,PE,0.00019998000266626675,0.0002,0.0002,resident,0.0025,0.0007,0.0002,365.0,0.25,8.339813874893117e-05,very_rare,0.008339813874893118,very_rare,peak_abundance_with_occupancy_days_modifiers,0.0025
bkbcuc,PE,0.00019998000266626675,0.0002,0.0002,prebreeding_migration,0.0073,0.0074,0.0207,42.0,0.73,8.339813874893117e-05,very_rare,0.008339813874893118,very_rare,peak_abundance_with_occupancy_days_modifiers,0.0073
cliswa,PE,0.00019998000266626675,0.0001,0.0002,nonbreeding,0.003,0.0013,0.0,28.0,0.3,8.339813874893117e-05,very_rare,0.008339813874893118,rare,peak_abundance_with_occupancy_days_modifiers,0.003
ruthum1,PE,0.00019911105034669068,0.0001838472015269891,0.0001991308742675745,nonbreeding,0.0075049820034727,0.0003962056617793612,7.42089087030001e-05,0.0,0.75049820034727,8.3035757485036e-05,very_rare,0.0083035757485036,very_rare,peak_abundance_with_occupancy_days_modifiers,0.0075049820034727
grcbri1,PE,0.00018402113723307525,0.00018403807016120584,0.00018403807016120584,resident,0.0015151512627384,0.0001247646152781576,0.0001423866839897086,0.0,0.15151512627384,7.674277493291954e-05,very_rare,0.007674277493291954,very_rare,peak_abundance_with_occupancy_days_modifiers,0.0015151512627384
sptnig1,PE,0.000146236673373212,0.0001462473664767666,0.0001462473664767666,resident,0.0313333309148422,0.0033498122710811,0.000943751211144802,365.0,3.13333309148422,6.098542961078642e-05,very_rare,0.006098542961078642,rare,peak_abundance_with_occupancy_days_modifiers,0.0313333309148422
whwcoo1,PE,0.00012162353469168749,9.713643722708405e-05,0.00012163093113364037,breeding,0.0038296500671315,0.0006200177147918512,3.5304467543669276e-06,0.0,0.38296500671315,5.0720953525926696e-05,very_rare,0.00507209535259267,very_rare,peak_abundance_with_occupancy_days_modifiers,0.0038296500671315
rufnig1,PE,0.00010543804331254302,0.00010544360209839926,0.00010544360209839926,resident,0.0140626631027382,0.0010557753078742,0.0002074579286826236,365.0,1.40626631027382,4.397107934972735e-05,very_rare,0.0043971079349727354,rare,peak_abundance_with_occupancy_days_modifiers,0.0140626631027382
brvear1,PE,9.999500033330834e-05,0.0001,0.0001,resident,0.0087,0.345,0.1645,365.0,0.8699999999999999,4.170115411946329e-05,very_rare,0.004170115411946329,very_rare,peak_abundance_with_occupancy_days_modifiers,0.0087
origoo1,PE,9.999500033330834e-05,0.0001,0.0001,resident,0.0012,0.0065,0.0006,365.0,0.12,4.170115411946329e-05,very_rare,0.004170115411946329,very_rare,peak_abundance_with_occupancy_days_modifiers,0.0012
amered,PE,9.999500033330834e-05,5e-05,0.0001,prebreeding_migration,0.0027,0.0008,0.0,14.0,0.27,4.170115411946329e-05,very_rare,0.004170115411946329,rare,peak_abundance_with_occupancy_days_modifiers,0.0027
ocbant1,PE,9.999500033330834e-05,0.0001,0.0001,resident,0.0482,0.797,0.3584,365.0,4.82,4.170115411946329e-05,very_rare,0.004170115411946329,rare,peak_abundance_with_occupancy_days_modifiers,0.0482
barhaw1,PE,9.999500033330834e-05,0.0001,0.0001,resident,0.0062,0.1086,0.0247,365.0,0.62,4.170115411946329e-05,very_rare,0.004170115411946329,very_rare,peak_abundance_with_occupancy_days_modifiers,0.0062
lesgre1,PE,9.999500033330834e-05,0.0001,0.0001,resident,0.0002,0.0007,0.0009,0.0,0.02,4.170115411946329e-05,very_rare,0.004170115411946329,very_rare,peak_abundance_with_occupancy_days_modifiers,0.0002
masduc,PE,9.999500033330834e-05,0.0001,0.0001,resident,0.0004,0.0011,0.0022,0.0,0.04,4.170115411946329e-05,very_rare,0.004170115411946329,very_rare,peak_abundance_with_occupancy_days_modifiers,0.0004
bkfibi1,PE,9.999500033330834e-05,3.3333333333333335e-05,0.0001,nonbreeding,0.0003,0.0009,0.0005,0.0,0.03,4.170115411946329e-05,very_rare,0.004170115411946329,very_rare,peak_abundance_with_occupancy_days_modifiers,0.0003
sbffal1,PE,9.999500033330834e-05,0.0001,0.0001,resident,0.0502,0.0375,0.0037,365.0,5.0200000000000005,4.170115411946329e-05,very_rare,0.004170115411946329,,peak_abundance_with_occupancy_days_modifiers,0.0502
magsto1,PE,9.999500033330834e-05,5e-05,0.0001,breeding,0.0029,0.0013,0.0002,21.0,0.29,4.170115411946329e-05,very_rare,0.004170115411946329,rare,peak_abundance_with_occupancy_days_modifiers,0.0029
boptyr1,PE,9.999500033330834e-05,0.0001,0.0001,resident,0.0472,0.8162,0.1543,365.0,4.72,4.170115411946329e-05,very_rare,0.004170115411946329,rare,peak_abundance_with_occupancy_days_modifiers,0.0472
hudgod,PE,9.999500033330834e-05,5e-05,0.0001,nonbreeding,0.0009,0.01,0.0003,0.0,0.09,4.170115411946329e-05,very_rare,0.004170115411946329,very_rare,peak_abundance_with_occupancy_days_modifiers,0.0009
gybsht1,PE,9.999500033330834e-05,7.500000000000001e-05,0.0001,nonbreeding,0.0095,0.0052,0.0047,63.0,0.95,4.170115411946329e-05,very_rare,0.004170115411946329,very_rare,peak_abundance_with_occupancy_days_modifiers,0.0095
wesant1,PE,9.999500033330834e-05,0.0001,0.0001,resident,0.0002,0.0014,0.0014,0.0,0.02,4.170115411946329e-05,very_rare,0.004170115411946329,very_rare,peak_abundance_with_occupancy_days_modifiers,0.0002
graspa1,PE,9.999500033330834e-05,0.0001,0.0001,resident,0.0006,0.0001,0.0,0.0,0.06,4.170115411946329e-05,very_rare,0.004170115411946329,very_rare,peak_abundance_with_occupancy_days_modifiers,0.0006
whtpla1,PE,9.999500033330834e-05,0.0001,0.0001,breeding,0.0004,0.0004,0.0003,0.0,0.04,4.170115411946329e-05,very_rare,0.004170115411946329,very_rare,peak_abundance_with_occupancy_days_modifiers,0.0004
whrsan,PE,9.999500033330834e-05,0.0001,0.0001,postbreeding_migration,0.0094,0.0038,0.0,49.0,0.9400000000000001,4.170115411946329e-05,very_rare,0.004170115411946329,very_rare,peak_abundance_with_occupancy_days_modifiers,0.0094
styowl1,PE,8.991505064308082e-05,8.99190931224059e-05,8.99190931224059e-05,resident,0.0197590358283152,0.0289160823934154,0.027249283180351,365.0,1.97590358283152,3.7497488594756935e-05,very_rare,0.0037497488594756935,rare,peak_abundance_with_occupancy_days_modifiers,0.0197590358283152
rnwrai1,PE,7.953760382425344e-05,7.954076702332836e-05,7.954076702332836e-05,resident,0.0072596275256865,0.009944314362515,0.0368297382394757,365.0,0.72596275256865,3.316975713098037e-05,very_rare,0.003316975713098037,very_rare,peak_abundance_with_occupancy_days_modifiers,0.0072596275256865
sonwre1,PE,7.52849746187317e-05,7.528780860355175e-05,7.528780860355175e-05,resident,0.0034495377466401,0.0002031524555384226,6.786506346219908e-05,0.0,0.34495377466401,3.139627300351736e-05,very_rare,0.0031396273003517355,very_rare,peak_abundance_with_occupancy_days_modifiers,0.0034495377466401
parpet1,PE,6.81161161764217e-05,6.811843613173832e-05,6.811843613173832e-05,breeding,0.0077466695423578,0.0004742005275480869,8.937906226917862e-07,0.0,0.7746669542357799,2.840662682358885e-05,very_rare,0.002840662682358885,very_rare,peak_abundance_with_occupancy_days_modifiers,0.0077466695423578
maspet3,PE,4.552341457250161e-05,4.55244507788626e-05,4.55244507788626e-05,resident,0.0075210252843209,0.0004300802346404952,6.215723304164437e-07,0.0,0.75210252843209,1.8984738444974016e-05,very_rare,0.0018984738444974016,very_rare,peak_abundance_with_occupancy_days_modifiers,0.0075210252843209
vepcor1,PE,1.978755804973948e-05,1.978775382475757e-05,1.978775382475757e-05,resident,0.0015151512627384,0.00038718351691362994,2.784724617756389e-05,0.0,0.15151512627384,8.252052653958833e-06,very_rare,0.0008252052653958833,very_rare,peak_abundance_with_occupancy_days_modifiers,0.0015151512627384
yebsis1,PE,1.2710504981767404e-05,1.2710585760578096e-05,1.2710585760578096e-05,resident,0.0005038868249420509,0.0002007885140793155,5.455183938780373e-05,0.0,0.05038868249420509,5.300692288756234e-06,very_rare,0.0005300692288756234,very_rare,peak_abundance_with_occupancy_days_modifiers,0.0005038868249420509
yebcra1,PE,4.075806180652318e-06,4.075814486761613e-06,4.075814486761613e-06,resident,0.001635143578009,0.00042327445115412834,0.00023198147551257135,0.0,0.16351435780089998,1.6997431985166727e-06,very_rare,0.00016997431985166727,very_rare,peak_abundance_with_occupancy_days_modifiers,0.001635143578009
flrtan1,PE,7.165032534483598e-07,7.165035101368772e-07,7.165035101368772e-07,resident,9.426315391705958e-07,2.7747556524079768e-08,1.9465863598553807e-08,0.0,9.426315391705957e-05,2.988050652245526e-07,very_rare,2.988050652245526e-05,very_rare,peak_abundance_with_occupancy_days_modifiers,9.426315391705958e-07
sharpb1,PE,2.3528548068709374e-08,2.3528548345505662e-08,2.3528548345505662e-08,resident,2.1573607286232347e-07,9.335276944446417e-08,1.9155773362842813e-07,0.0,2.1573607286232347e-05,9.81216670844958e-09,very_rare,9.812166708449579e-07,very_rare,peak_abundance_with_occupancy_days_modifiers,2.1573607286232347e-07
ocecra1,PE,0.0,0.0,0.0,resident,0.0017,0.0135,0.002,365.0,0.16999999999999998,0.0,very_rare,0.0,very_rare,peak_abundance_with_occupancy_days_modifiers,0.0017
yecspi2,PE,0.0,0.0,0.0,resident,0.0002,0.0001,0.0,0.0,0.02,0.0,very_rare,0.0,very_rare,peak_abundance_with_occupancy_days_modifiers,0.0002
renpha,PE,0.0,0.0,0.0,postbreeding_migration,0.0005,,,,0.05,0.0,very_rare,0.0,very_rare,peak_abundance_with_occupancy_days_modifiers,0.0005
vibhum1,PE,0.0,0.0,0.0,resident,0.0002,0.0063,0.0197,0.0,0.02,0.0,very_rare,0.0,very_rare,peak_abundance_with_occupancy_days_modifiers,0.0002
vihhum1,PE,0.0,0.0,0.0,resident,0.0027,0.0335,0.0134,365.0,0.27,0.0,very_rare,0.0,very_rare,peak_abundance_with_occupancy_days_modifiers,0.0027
mouwar,PE,0.0,0.0,0.0,nonbreeding,0.0001,0.0003,0.0,0.0,0.01,0.0,very_rare,0.0,very_rare,peak_abundance_with_occupancy_days_modifiers,0.0001
ultgro1,PE,0.0,0.0,0.0,resident,0.0002,0.0001,0.0,0.0,0.02,0.0,very_rare,0.0,very_rare,peak_abundance_with_occupancy_days_modifiers,0.0002
sabgul,PE,0.0,0.0,0.0,postbreeding_migration,0.0002,,,,0.02,0.0,very_rare,0.0,very_rare,peak_abundance_with_occupancy_days_modifiers,0.0002
ausneg1,PE,0.0,0.0,0.0,nonbreeding,0.0001,0.0001,0.0,0.0,0.01,0.0,very_rare,0.0,very_rare,peak_abundance_with_occupancy_days_modifiers,0.0001
wantat1,PE,0.0,0.0,0.0,nonbreeding,0.0001,0.0014,0.0,0.0,0.01,0.0,very_rare,0.0,very_rare,peak_abundance_with_occupancy_days_modifiers,0.0001
gartro1,PE,0.0,0.0,0.0,resident,0.0002,0.0005,0.0003,0.0,0.02,0.0,very_rare,0.0,very_rare,peak_abundance_with_occupancy_days_modifiers,0.0002
sheowl,PE,0.0,0.0,0.0,postbreeding_migration,0.0001,,,,0.01,0.0,very_rare,0.0,very_rare,peak_abundance_with_occupancy_days_modifiers,0.0001
acafly,PE,0.0,0.0,0.0,nonbreeding,0.0011,0.003,0.0023,0.0,0.11,0.0,very_rare,0.0,very_rare,peak_abundance_with_occupancy_days_modifiers,0.0011
gloibi,PE,0.0,0.0,0.0,postbreeding_migration,0.0001,,,,0.01,0.0,very_rare,0.0,very_rare,peak_abundance_with_occupancy_days_modifiers,0.0001
btther1,PE,0.0,0.0,0.0,resident,0.0001,0.0006,0.0,0.0,0.01,0.0,very_rare,0.0,very_rare,peak_abundance_with_occupancy_days_modifiers,0.0001
grepuf1,PE,0.0,0.0,0.0,resident,0.0001,0.0062,0.0032,0.0,0.01,0.0,very_rare,0.0,very_rare,peak_abundance_with_occupancy_days_modifiers,0.0001
whthaw,PE,0.0,0.0,0.0,resident,0.0014,0.0003,0.0002,365.0,0.13999999999999999,0.0,very_rare,0.0,very_rare,peak_abundance_with_occupancy_days_modifiers,0.0014
higtin1,PE,0.0,0.0,0.0,resident,0.0052,0.1248,0.0176,365.0,0.52,0.0,very_rare,0.0,very_rare,peak_abundance_with_occupancy_days_modifiers,0.0052
whtsic1,PE,0.0,0.0,0.0,resident,0.002,0.0452,0.019,365.0,0.2,0.0,very_rare,0.0,very_rare,peak_abundance_with_occupancy_days_modifiers,0.002
piwtyr1,PE,0.0,0.0,0.0,resident,0.0016,0.0038,0.0003,365.0,0.16,0.0,very_rare,0.0,very_rare,peak_abundance_with_occupancy_days_modifiers,0.0016
brbscy1,PE,0.0,0.0,0.0,resident,0.0104,0.2927,0.0333,365.0,1.04,0.0,very_rare,0.0,rare,peak_abundance_with_occupancy_days_modifiers,0.0104
surfly1,PE,0.0,0.0,0.0,resident,0.0001,0.0012,0.0017,0.0,0.01,0.0,very_rare,0.0,very_rare,peak_abundance_with_occupancy_days_modifiers,0.0001
wibant1,PE,0.0,0.0,0.0,resident,0.0079,0.0088,0.0003,365.0,0.79,0.0,very_rare,0.0,very_rare,peak_abundance_with_occupancy_days_modifiers,0.0079
wilfly,PE,0.0,0.0,0.0,nonbreeding,0.0002,0.0002,0.0001,0.0,0.02,0.0,very_rare,0.0,very_rare,peak_abundance_with_occupancy_days_modifiers,0.0002
whtkit,PE,0.0,0.0,0.0,resident,0.0001,0.0001,0.0,0.0,0.01,0.0,very_rare,0.0,very_rare,peak_abundance_with_occupancy_days_modifiers,0.0001
thlsch2,PE,0.0,0.0,0.0,resident,0.0001,0.001,0.0003,0.0,0.01,0.0,very_rare,0.0,very_rare,peak_abundance_with_occupancy_days_modifiers,0.0001
whvplu1,PE,0.0,0.0,0.0,resident,0.0002,0.0027,0.0019,0.0,0.02,0.0,very_rare,0.0,very_rare,peak_abundance_with_occupancy_days_modifiers,0.0002
robgro,PE,0.0,0.0,0.0,postbreeding_migration,0.0001,0.0,0.0,0.0,0.01,0.0,very_rare,0.0,very_rare,peak_abundance_with_occupancy_days_modifiers,0.0001
chiswi,PE,0.0,0.0,0.0,postbreeding_migration,0.0003,0.0002,0.0,0.0,0.03,0.0,very_rare,0.0,very_rare,peak_abundance_with_occupancy_days_modifiers,0.0003
pigdov1,PE,0.0,0.0,0.0,resident,0.0003,0.0001,0.0,0.0,0.03,0.0,very_rare,0.0,very_rare,peak_abundance_with_occupancy_days_modifiers,0.0003
lobher,PE,0.0,0.0,0.0,resident,0.0001,0.0004,0.0002,0.0,0.01,0.0,very_rare,0.0,very_rare,peak_abundance_with_occupancy_days_modifiers,0.0001
rusant1,PE,0.0,0.0,0.0,resident,0.0014,0.028,0.0149,365.0,0.13999999999999999,0.0,very_rare,0.0,very_rare,peak_abundance_with_occupancy_days_modifiers,0.0014
blkrai,PE,0.0,0.0,0.0,breeding,0.0003,,,,0.03,0.0,very_rare,0.0,very_rare,peak_abundance_with_occupancy_days_modifiers,0.0003
rivwar1,PE,0.0,0.0,0.0,resident,0.0011,0.0012,0.0005,365.0,0.11,0.0,very_rare,0.0,very_rare,peak_abundance_with_occupancy_days_modifiers,0.0011
rerwoo1,PE,0.0,0.0,0.0,resident,0.0003,0.0017,0.0025,0.0,0.03,0.0,very_rare,0.0,very_rare,peak_abundance_with_occupancy_days_modifiers,0.0003
grhowl,PE,0.0,0.0,0.0,resident,0.0004,0.0001,0.0,0.0,0.04,0.0,very_rare,0.0,very_rare,peak_abundance_with_occupancy_days_modifiers,0.0004
